iter,Upper Crust,Middle Crust,Lower Crust,Mantle,Total
iter_0001,1.057883562350378e+32,7.66521088297599e+26,2.4108386811575015e+24,2.031298141198437e+24,1.0578912719826291e+32
iter_0002,1.0586968324049075e+32,7.70612834055779e+26,2.103761160195824e+24,2.88392240580053e+20,1.0587045595737436e+32
iter_0003,1.0739215646274172e+32,7.661528242015387e+26,2.1273440055744847e+24,2.031298141198437e+24,1.0739292677420807e+32
iter_0004,1.0799537600085563e+32,7.681917078262309e+26,2.212754687660811e+24,7.579539656270625e+21,1.0799614641289769e+32
iter_0005,1.0763988965562018e+32,7.610480371693999e+26,2.2257863494859495e+24,1.0352541969540366e+20,1.0764065292954725e+32
iter_0006,1.0910214435934407e+32,7.74964309226462e+26,2.0737705244444722e+24,1.57136797751952e+20,1.0910292139758096e+32
iter_0007,1.0877793875221557e+32,7.625777774104608e+26,2.0709839462313896e+24,1.970661823948275e+23,1.0877870359804311e+32
iter_0008,1.0717433288765576e+32,7.620474077820587e+26,1.9769821697726305e+24,1.6878340746768493e+21,1.0717509691373355e+32
iter_0009,1.1364704325062692e+32,7.604252480424527e+26,2.327923242412741e+24,9.243341044232467e+20,1.1364780600472253e+32
iter_0010,1.100317016543494e+32,7.588277549303695e+26,2.1468274924642177e+24,3.660363053516056e+20,1.1003246262929786e+32
iter_0011,1.0717864559983905e+32,7.624469925691459e+26,2.0901055114079362e+24,4.436803701231583e+19,1.071794101369815e+32
iter_0012,1.120774115034859e+32,7.60176958987531e+26,2.1345154045995135e+24,4.288910244523867e+20,1.1207817381538917e+32
iter_0013,1.1097725369959916e+32,7.630658034999692e+26,2.3606350742934916e+24,4.436803701231583e+19,1.109780191260821e+32
iter_0014,1.042336098174593e+32,7.734881590351156e+26,2.3296732263143985e+24,9.243341044232467e+20,1.0423438563621591e+32
iter_0015,1.0232816545909613e+32,7.630948242001126e+26,2.1437308796658742e+24,2.2923485789696528e+20,1.0232893069788045e+32
iter_0016,1.0424545229167392e+32,7.758176528402586e+26,2.604100280423205e+24,7.579539656270625e+21,1.0424623072100658e+32
iter_0017,1.0507369737711367e+32,7.630404030625188e+26,2.221551580530792e+24,9.982808327771069e+19,1.0507446263916816e+32
iter_0018,1.0509514742269932e+32,7.616676793371821e+26,2.4424673126745066e+24,1.5528812954310545e+20,1.0509591153300125e+32
iter_0019,1.0673355294816547e+32,7.880775780618206e+26,2.2566318495102163e+24,1.3495277924579403e+20,1.0673434328251033e+32
iter_0020,1.0700535621882187e+32,7.618550170244851e+26,2.3147051802875482e+24,2.2923485789696528e+20,1.070061203887733e+32
iter_0021,1.0814586930980525e+32,7.747385338886306e+26,2.2176508361218337e+24,6.562772141405055e+20,1.0814664626664626e+32
iter_0022,1.1172647271277884e+32,7.557694689967408e+26,2.1262957478436828e+24,1.3040505545203173e+22,1.1172723062158407e+32
iter_0023,1.0474977686146566e+32,7.699590611253732e+26,2.1173923020450166e+24,2.031298141198437e+24,1.0475055096921722e+32
iter_0024,1.0995196567244339e+32,7.625549040577918e+26,2.3081260128470404e+24,1.3040505545203173e+22,1.0995273054851395e+32
iter_0025,1.0833472233712105e+32,7.662974186700895e+26,2.1134349789036448e+24,9.243341044232467e+20,1.0833549074889904e+32
iter_0026,1.044636382197309e+32,7.793787133080418e+26,2.3598863809132727e+24,1.3040505545203173e+22,1.0446441997137109e+32
iter_0027,1.0783193985392412e+32,7.724965507115968e+26,2.4647811535402815e+24,4.436803701231583e+19,1.0783271481530035e+32
iter_0028,1.1177295796482654e+32,7.62808368713317e+26,2.473303631396765e+24,3.0133291804197834e+20,1.117737232468002e+32
iter_0029,1.1104122254317195e+32,7.64756570621688e+26,2.296740559693988e+24,1.3421331196225545e+22,1.1104198960990448e+32
iter_0030,1.0740514303265333e+32,7.62628610217235e+26,2.3217554002621088e+24,1.0722275611309665e+20,1.0740590798312617e+32
iter_0031,1.109726152721733e+32,7.600983158075107e+26,2.1416052968476994e+24,1.970661823948275e+23,1.109733777091606e+32
iter_0032,1.0543023392110576e+32,7.685428191005978e+26,2.0821394760845745e+24,1.3495277924579403e+20,1.0543100454619929e+32
iter_0033,1.091377600682312e+32,7.649566554279867e+26,2.1802556148450835e+24,1.970661823948275e+23,1.0913852740220844e+32
iter_0034,1.067562202259095e+32,7.774147201080883e+26,2.1781991361185112e+24,9.243341044232467e+20,1.0675699981975308e+32
iter_0035,1.0891710369011448e+32,7.671693097493967e+26,2.3733822116437288e+24,1.5528812954310545e+20,1.0891787323296172e+32
iter_0036,1.0591042665963772e+32,7.631805664451672e+26,2.2769269661116398e+24,9.982808327771069e+19,1.0591119211723097e+32
iter_0037,1.0814594989923046e+32,7.665622702911758e+26,2.3985261173806278e+24,1.970661823948275e+23,1.0814671905709305e+32
iter_0038,1.1198856496715616e+32,7.716404437127263e+26,2.330795094583487e+24,1.970661823948275e+23,1.1198933913546116e+32
iter_0039,1.1090972596592342e+32,7.597908267512525e+26,2.116153683213726e+24,8.817962489376882e+22,1.1091048796108347e+32
iter_0040,1.0717452123570201e+32,7.672161360328041e+26,2.0139676791010685e+24,1.0722275611309665e+20,1.0717529046591293e+32
iter_0041,1.0863357331398407e+32,7.72774584210337e+26,2.2181093857953435e+24,1.3040505545203173e+22,1.0863434831971817e+32
iter_0042,1.1042258715811993e+32,7.650418847371477e+26,1.9101400804832967e+24,2.031298141198437e+24,1.1042335614144289e+32
iter_0043,1.1025785199935313e+32,7.653968702224304e+26,2.2250352556403168e+24,3.0133291804197834e+20,1.1025861962155995e+32
iter_0044,1.0557797573012825e+32,7.570938964050053e+26,2.2460934039633904e+24,1.3040505545203173e+22,1.0557873508315857e+32
iter_0045,1.0859898978555306e+32,7.757046124788725e+26,2.3100178866657705e+24,9.982808327771069e+19,1.0859976780028326e+32
iter_0046,1.0950040670351272e+32,7.653871340091083e+26,2.346074072301431e+24,1.5288486087160501e+21,1.0950117443824965e+32
iter_0047,1.0906831454448975e+32,7.732103064067788e+26,2.387290459260047e+24,2.2923485789696528e+20,1.0906909014231586e+32
iter_0048,1.16533640837188e+32,7.718438947997027e+26,2.1477549684449026e+24,1.57136797751952e+20,1.165344148289949e+32
iter_0049,1.0794331213157476e+32,7.718517341780136e+26,2.198264862004136e+24,1.0352541969540366e+20,1.0794408618167732e+32
iter_0050,1.091058065738361e+32,7.640603261663052e+26,2.6773448897162953e+24,1.6878340746768493e+21,1.09106573313195e+32
iter_0051,1.0892813271541121e+32,7.599939751559459e+26,2.2620155248578733e+24,7.487106245828303e+20,1.0892889497215061e+32
iter_0052,1.0717263089566052e+32,7.761209267883844e+26,2.2455057698856462e+24,2.88392240580053e+20,1.0717340926238147e+32
iter_0053,1.096596430828253e+32,7.632132357105357e+26,2.1310174703349508e+24,1.5528812954310545e+20,1.0966040842723377e+32
iter_0054,1.097080872756117e+32,7.555522232728532e+26,2.271635833649891e+24,1.5528812954310545e+20,1.0970884509962609e+32
iter_0055,1.1276370487732896e+32,7.759657225975571e+26,2.1790265338809435e+24,1.0722275611309665e+20,1.127644830221853e+32
iter_0056,1.0286341872328731e+32,7.606867537817238e+26,2.2284969457016522e+24,1.0352541969540366e+20,1.0286418163864157e+32
iter_0057,1.0689373387694952e+32,7.670361463208646e+26,2.2410144002983404e+24,1.970661823948275e+23,1.0689450335117642e+32
iter_0058,1.0077324904360539e+32,7.758744505237088e+26,2.28136914472196e+24,4.436803701231583e+19,1.0077402719946943e+32
iter_0059,1.0703921868991913e+32,7.731135683375724e+26,1.9554711565197825e+24,1.0722275611309665e+20,1.0703999375906584e+32
iter_0060,1.0538594520762452e+32,7.725868397661281e+26,2.322326268141679e+24,2.2923485789696528e+20,1.053867201170198e+32
iter_0061,1.1008806123905459e+32,7.824487480879828e+26,2.294641276341877e+24,1.0352541969540366e+20,1.1008884598254748e+32
iter_0062,1.1135462599684184e+32,7.815186558541544e+26,2.7173190355912655e+24,1.3040505545203173e+22,1.1135541024585723e+32
iter_0063,1.044421456323628e+32,7.64947179901469e+26,2.1080173284954522e+24,3.660363053516056e+20,1.0444291268792607e+32
iter_0064,1.0678928914640354e+32,7.808478280762008e+26,2.6008171986839824e+24,7.487106245828303e+20,1.0679007259579753e+32
iter_0065,1.1174722324531275e+32,7.609411698966767e+26,2.2154150953860763e+24,1.6878340746768493e+21,1.1174798640358557e+32
iter_0066,1.0887965848016388e+32,7.829197294940606e+26,2.1735253576075633e+24,9.243341044232467e+20,1.0888044357434308e+32
iter_0067,1.1547540969109251e+32,7.650622025158416e+26,2.366629050752332e+24,1.6878340746768493e+21,1.1547617712161191e+32
iter_0068,1.072891759401847e+32,7.612870173190399e+26,2.3524185246438724e+24,2.88392240580053e+20,1.0728993957990894e+32
iter_0069,1.0679204920326925e+32,7.712178781219139e+26,2.1964800325716294e+24,4.288910244523867e+20,1.0679282261805629e+32
iter_0070,1.1172218161119284e+32,7.482960541023189e+26,2.0375644669006446e+24,1.970661823948275e+23,1.117229321418776e+32
iter_0071,1.0629364541861345e+32,7.662376737563098e+26,2.419840019384556e+24,7.579539656270625e+21,1.0629441408370676e+32
iter_0072,1.0816676591746438e+32,7.656917153288689e+26,2.343578579318047e+24,7.487106245828303e+20,1.08167533953507e+32
iter_0073,1.1008888672057191e+32,7.760331198549551e+26,2.264466836899514e+24,2.031298141198437e+24,1.1008966704945674e+32
iter_0074,1.080896514375243e+32,7.688136596716999e+26,2.2254699249267317e+24,2.88392240580053e+20,1.080904224769423e+32
iter_0075,1.0901451582342488e+32,7.527231931758535e+26,2.246934282989077e+24,1.5288486087160501e+21,1.090152707950812e+32
iter_0076,1.0847844586647415e+32,7.629728042569077e+26,2.46513001927228e+24,1.6878340746768493e+21,1.0847921130609625e+32
iter_0077,1.1063554486127449e+32,7.542340354190268e+26,2.1203625397756636e+24,1.3040505545203173e+22,1.1063630122871296e+32
iter_0078,1.0649679892882026e+32,7.681402359333368e+26,2.0203801243216152e+24,1.3495277924579403e+20,1.0649756908957128e+32
iter_0079,1.0709591953610712e+32,7.689060897064017e+26,2.612030853024388e+24,3.0133291804197834e+20,1.07096691054529e+32
iter_0080,1.1099118173263405e+32,7.735312003288782e+26,2.3243334620110625e+24,1.3495277924579403e+20,1.109919575883028e+32
iter_0081,1.0879474276169963e+32,7.781017003334676e+26,2.4879268159798653e+24,1.5528812954310545e+20,1.0879552335148208e+32
iter_0082,1.1091921998338262e+32,7.706692669899491e+26,2.2380707599338653e+24,1.0722275611309665e+20,1.1091999289082758e+32
iter_0083,1.0906097790542427e+32,7.589265859315567e+26,2.129429035195588e+24,1.0722275611309665e+20,1.0906173896154645e+32
iter_0084,1.0684441759481889e+32,7.788175416622821e+26,2.243412225141266e+24,8.00473334430532e+20,1.0684519865657324e+32
iter_0085,1.0877666667145339e+32,7.834442058912467e+26,2.206004274079026e+24,3.0133291804197834e+20,1.0877745232196487e+32
iter_0086,1.0371951314589254e+32,7.663463835126432e+26,2.1682833032274365e+24,2.031298141198437e+24,1.0372028369185749e+32
iter_0087,1.099139529262374e+32,7.817642841324175e+26,2.451641174396552e+24,7.487106245828303e+20,1.0991473714291143e+32
iter_0088,1.0967101245051795e+32,7.6267018618557e+26,2.1729123853186502e+24,3.660363053516056e+20,1.0967177729398256e+32
iter_0089,1.1377280309319394e+32,7.602869760610723e+26,2.2063883259725689e+24,8.00473334430532e+20,1.1377356558735879e+32
iter_0090,1.1399170789356534e+32,7.63380996880674e+26,2.313694997455613e+24,1.3495277924579403e+20,1.1399247358839216e+32
iter_0091,1.0785871057922575e+32,7.723403464983388e+26,2.2547375681968458e+24,4.288910244523867e+20,1.0785948517473869e+32
iter_0092,1.0571693417663522e+32,7.721899884411336e+26,2.3885412179658494e+24,1.6878340746768493e+21,1.0571770875685273e+32
iter_0093,1.0927788873004078e+32,7.612528342029178e+26,2.3851456253895915e+24,1.0352541969540366e+20,1.0927865236812415e+32
iter_0094,1.0815129796710345e+32,7.667158160628802e+26,2.3191707475530052e+24,2.031298141198437e+24,1.081520690333884e+32
iter_0095,1.0785091195303703e+32,7.674278219189484e+26,2.2787127241660471e+24,8.817962489376882e+22,1.078516817477513e+32
iter_0096,1.1030789267435533e+32,7.63826091204558e+26,2.2517974851709578e+24,8.817962489376882e+22,1.1030865884042363e+32
iter_0097,1.08738147829002e+32,7.696294652516343e+26,2.1723220308747734e+24,4.436803701231583e+19,1.0873891963083366e+32
iter_0098,1.114753950972047e+32,7.72574381207424e+26,2.1904174929918477e+24,7.487106245828303e+20,1.1147616986275212e+32
iter_0099,1.1157739722749508e+32,7.715533194972036e+26,2.1884223998184734e+24,1.3040505545203173e+22,1.1157817098227748e+32
iter_0100,1.0484753161959397e+32,7.677886771459727e+26,2.1223395973975617e+24,7.579539656270625e+21,1.0484830153819026e+32
iter_0101,1.1335388084091983e+32,7.522138902915185e+26,1.9912579378859856e+24,1.0722275611309665e+20,1.1335463504617529e+32
iter_0102,1.0786611477164606e+32,7.647914680029823e+26,2.1776511132781895e+24,9.243341044232467e+20,1.078668817416895e+32
iter_0103,1.0380705080606243e+32,7.631614703711669e+26,2.4309274311127815e+24,1.3495277924579403e+20,1.0380781639859518e+32
iter_0104,1.0488243043162962e+32,7.727464261942879e+26,2.2205622828098384e+24,1.0352541969540366e+20,1.0488320539872163e+32
iter_0105,1.079184592961257e+32,7.657179573787082e+26,1.966665407575856e+24,4.288910244523867e+20,1.0791922698117739e+32
iter_0106,1.07013885530503e+32,7.70148383177722e+26,2.4713258641677073e+24,7.487106245828303e+20,1.0701465815096076e+32
iter_0107,1.0673439315928355e+32,7.681850432610604e+26,2.3143366039327643e+24,7.487106245828303e+20,1.0673516365941212e+32
iter_0108,1.1481079948986253e+32,7.53212218729184e+26,2.3047428989307847e+24,3.0133291804197834e+20,1.148115550071255e+32
iter_0109,1.1318418380059647e+32,7.559596211773654e+26,2.232360667290082e+24,7.579539656270625e+21,1.1318494200015786e+32
iter_0110,1.0788407353698437e+32,7.750332929369585e+26,2.453132217952947e+24,1.57136797751952e+20,1.0788485102356667e+32
iter_0111,1.0638608178928623e+32,7.652471866531417e+26,2.2279189338751218e+24,8.817962489376882e+22,1.0638684935257144e+32
iter_0112,1.010508101561393e+32,7.612942466049867e+26,2.2347600346010962e+24,1.970661823948275e+23,1.0105157388221213e+32
iter_0113,1.1028183093270647e+32,7.553970698515815e+26,2.0926541228002837e+24,1.57136797751952e+20,1.1028258842258757e+32
iter_0114,1.05580897575114e+32,7.646638506764762e+26,2.2332905687421506e+24,4.288910244523867e+20,1.0558166447268414e+32
iter_0115,1.1079622656218635e+32,7.855165417927158e+26,2.2637951674559756e+24,1.0352541969540366e+20,1.1079701434262684e+32
iter_0116,1.0470955527515273e+32,7.638445118786737e+26,2.279147482288714e+24,6.562772141405055e+20,1.0471032139946838e+32
iter_0117,1.104082903751983e+32,7.844583007492707e+26,2.2003044768959582e+24,4.288910244523867e+20,1.1040907703423243e+32
iter_0118,1.062750599446774e+32,7.799514043641935e+26,2.1731669470692047e+24,8.817962489376882e+22,1.0627584215742833e+32
iter_0119,1.0942423163249416e+32,7.656800245202513e+26,2.2600034222708838e+24,3.660363053516056e+20,1.0942499957288815e+32
iter_0120,1.0788194924339005e+32,7.715215104183037e+26,2.218662507309546e+24,1.5528812954310545e+20,1.0788272298371826e+32
iter_0121,1.0656531992654246e+32,7.603375219847172e+26,2.1337259900050876e+24,4.436803701231583e+19,1.0656608239783481e+32
iter_0122,1.1041567255456929e+32,7.656872210450163e+26,2.4935175993664065e+24,1.5528812954310545e+20,1.1041644073546322e+32
iter_0123,1.0630270275399049e+32,7.626224208759984e+26,2.3634407887519614e+24,1.5528812954310545e+20,1.0630346774000745e+32
iter_0124,1.085172601062835e+32,7.707520650002176e+26,2.2686342609122378e+24,3.697336417692988e+19,1.0851803312701973e+32
iter_0125,1.0389975232408411e+32,7.760743368951309e+26,2.3840226875218715e+24,1.970661823948275e+23,1.0390053097950988e+32
iter_0126,1.0642100398269274e+32,7.696311346453704e+26,2.2921561446388632e+24,7.579539656270625e+21,1.0642177591356307e+32
iter_0127,1.1049075210364315e+32,7.582371224380503e+26,2.3686453414570435e+24,7.579539656270625e+21,1.1049151271699048e+32
iter_0128,1.0797472067690986e+32,7.682049217857191e+26,2.4330149408423623e+24,8.817962489376882e+22,1.079754914030262e+32
iter_0129,1.0783625700488535e+32,7.667820013550648e+26,2.358979739421857e+24,1.0722275611309665e+20,1.0783702614597367e+32
iter_0130,1.0672512218045412e+32,7.651666976920875e+26,2.035547484688748e+24,9.243341044232467e+20,1.0672588938362364e+32
iter_0131,1.08361016464826e+32,7.692249820228886e+26,2.2020492055681658e+24,4.288910244523867e+20,1.083617878922861e+32
iter_0132,1.091014556897906e+32,7.765433534245245e+26,2.2179724454202445e+24,7.487106245828303e+20,1.091022344518652e+32
iter_0133,1.1116104642629853e+32,7.702292796331348e+26,2.1592177018256957e+24,9.243341044232467e+20,1.1116181881572018e+32
iter_0134,1.029089883282307e+32,7.724781694572691e+26,2.541596968842392e+24,4.288910244523867e+20,1.0290976334842603e+32
iter_0135,1.0920988377376453e+32,7.682521263685148e+26,2.4578420032051065e+24,7.579539656270625e+21,1.0921065449131245e+32
iter_0136,1.037606948014452e+32,7.639622288992971e+26,2.3594252274157e+24,2.031298141198437e+24,1.0376146315439746e+32
iter_0137,1.1379542297517349e+32,7.744741448990138e+26,2.3611381571932183e+24,8.817962489376882e+22,1.1379619989863615e+32
iter_0138,1.135829067109741e+32,7.655966302795024e+26,2.3085686120798148e+24,1.970661823948275e+23,1.1358367481323918e+32
iter_0139,1.1105745296399166e+32,7.66536199823277e+26,1.9003147817970077e+24,1.0352541969540366e+20,1.110582214006098e+32
iter_0140,1.1210113235297142e+32,7.612159075173094e+26,2.0834274139316787e+24,1.0722275611309665e+20,1.1210189565241357e+32
iter_0141,1.1066573634048475e+32,7.742676075206969e+26,2.4195334658717417e+24,2.88392240580053e+20,1.1066651302791413e+32
iter_0142,1.1047492491172934e+32,7.743587328047833e+26,2.351322095664518e+24,1.3040505545203173e+22,1.1047570163482473e+32
iter_0143,1.1018409394013217e+32,7.71021490291974e+26,2.2271322558986804e+24,3.0133291804197834e+20,1.1018486718905603e+32
iter_0144,1.0788829857381313e+32,7.627583040852213e+26,2.2651287021446185e+24,8.00473334430532e+20,1.078890635980464e+32
iter_0145,1.0985438572354143e+32,7.608840582160835e+26,2.081563592090943e+24,1.57136797751952e+20,1.0985514868932037e+32
iter_0146,1.0841704667351872e+32,7.654612380007681e+26,2.0600032097072864e+24,8.00473334430532e+20,1.084178141955604e+32
iter_0147,1.0685888033560359e+32,7.630883448899918e+26,2.1838903562577158e+24,1.5528812954310545e+20,1.0685964560799412e+32
iter_0148,1.1130559710684805e+32,7.681200717157629e+26,2.3418323407889163e+24,1.970661823948275e+23,1.113063677658183e+32
iter_0149,1.077384826617343e+32,7.569251737310362e+26,2.2703096947488434e+24,1.3421331196225545e+22,1.0773924187063907e+32
iter_0150,1.0786587578001094e+32,7.58168548662028e+26,2.1733879125420713e+24,9.982808327771069e+19,1.0786663612204735e+32
iter_0151,1.0938550916298934e+32,7.688153262362994e+26,2.084117724874681e+24,2.031298141198437e+24,1.0938628209373144e+32
iter_0152,1.0749452391758106e+32,7.54466029920616e+26,2.1897119137006246e+24,1.6878340746768493e+21,1.0749528057501074e+32
iter_0153,1.0642469930526622e+32,7.610135860082279e+26,2.2387125826327447e+24,8.00473334430532e+20,1.0642546255836529e+32
iter_0154,1.0607625884614777e+32,7.617513836679398e+26,2.1370077108219012e+24,7.487106245828303e+20,1.0607702273528786e+32
iter_0155,1.1264479590872701e+32,7.641941988932041e+26,1.9790483246584054e+24,4.288910244523867e+20,1.1264556208240312e+32
iter_0156,1.0575911123469733e+32,7.766387212084103e+26,2.1095665007376742e+24,9.982808327771069e+19,1.0575988998308487e+32
iter_0157,1.034729340583651e+32,7.787704596754977e+26,2.4100468349809332e+24,8.00473334430532e+20,1.0347371523967207e+32
iter_0158,1.0413660214471812e+32,7.640545460086466e+26,2.3622812265921946e+24,1.3495277924579403e+20,1.0413736856168029e+32
iter_0159,1.095747863500313e+32,7.769611828950648e+26,2.1851558171396684e+24,7.487106245828303e+20,1.0957556549711873e+32
iter_0160,1.1022746384358574e+32,7.555907956905267e+26,2.153788093097673e+24,8.00473334430532e+20,1.1022822158897e+32
iter_0161,1.1172950502938511e+32,7.671940888130421e+26,2.2831316515243297e+24,2.2923485789696528e+20,1.117302745068348e+32
iter_0162,1.0913837987532093e+32,7.508289263278818e+26,2.171758254802328e+24,1.0722275611309665e+20,1.0913913287611273e+32
iter_0163,1.0441458509152013e+32,7.728576120484225e+26,2.3086899114737935e+24,8.817962489376882e+22,1.0441536034600172e+32
iter_0164,1.0756587818379037e+32,7.626085243281541e+26,2.121980838766925e+24,2.2923485789696528e+20,1.0756664291452476e+32
iter_0165,1.11953311683125e+32,7.665845047268514e+26,2.1862795579344e+24,1.0722275611309665e+20,1.119540804540165e+32
iter_0166,1.069586206458059e+32,7.706534749955238e+26,2.3219757777352544e+24,9.243341044232467e+20,1.0695939362218101e+32
iter_0167,1.124960263974796e+32,7.696472449930972e+26,2.1334461112308363e+24,2.031298141198437e+24,1.1249680020946886e+32
iter_0168,1.0937374165585146e+32,7.750399482137091e+26,2.1625718697048363e+24,4.288910244523867e+20,1.0937451885880043e+32
iter_0169,1.0766910634457395e+32,7.738786149398127e+26,2.0352604225297047e+24,7.579539656270625e+21,1.0766988226602886e+32
iter_0170,1.0831091256321943e+32,7.651267403162029e+26,2.182082228357645e+24,6.562772141405055e+20,1.0831167987269827e+32
iter_0171,1.1155349904527039e+32,7.598114255773595e+26,2.351639002222053e+24,1.3040505545203173e+22,1.1155426122137545e+32
iter_0172,1.0823596997164638e+32,7.67390080532232e+26,2.3854793752411672e+24,9.243341044232467e+20,1.0823673974813062e+32
iter_0173,1.0685146691552378e+32,7.727274144855481e+26,2.247191879924961e+24,2.2923485789696528e+20,1.0685224189035938e+32
iter_0174,1.1078059160125059e+32,7.616278823549796e+26,2.5300228883693055e+24,9.982808327771069e+19,1.1078135575925566e+32
iter_0175,1.0782771291659698e+32,7.808033954533854e+26,2.272403867591319e+24,3.660363053516056e+20,1.0782849599276234e+32
iter_0176,1.0868661111825717e+32,7.559001313772395e+26,2.293946186758315e+24,4.288910244523867e+20,1.0868736931276363e+32
iter_0177,1.0686114535475821e+32,7.624839144793359e+26,2.2403522729301908e+24,1.6878340746768493e+21,1.068619100807128e+32
iter_0178,1.0276560479364868e+32,7.805200512721153e+26,2.1001159057165936e+24,3.0133291804197834e+20,1.0276638741411718e+32
iter_0179,1.0737018234588526e+32,7.629418153392148e+26,2.1864288946053368e+24,7.579539656270625e+21,1.0737094748170904e+32
iter_0180,1.0388192126675087e+32,7.683666518460312e+26,2.23476570143002e+24,9.982808327771069e+19,1.0388269186826826e+32
iter_0181,1.0438213581774109e+32,7.633818886255072e+26,2.371121949457744e+24,1.0352541969540366e+20,1.043829015708552e+32
iter_0182,1.0363912488394642e+32,7.626959355833115e+26,2.3141350725120924e+24,2.88392240580053e+20,1.0363988989430548e+32
iter_0183,1.064758080886638e+32,7.844162069296794e+26,2.2328397765056622e+24,9.982808327771069e+19,1.0647659473781036e+32
iter_0184,1.1134179740977988e+32,7.600528421686936e+26,2.204855585070633e+24,1.57136797751952e+20,1.1134255966763477e+32
iter_0185,1.068942843930189e+32,7.666480346531729e+26,2.2910724841874794e+24,1.5528812954310545e+20,1.0689505333228131e+32
iter_0186,1.0433786065298918e+32,7.754227568320453e+26,2.299204685423813e+24,3.697336417692988e+19,1.0433863837498767e+32
iter_0187,1.1559431800845081e+32,7.668085571772254e+26,2.466559189811996e+24,1.3421331196225545e+22,1.1559508729698851e+32
iter_0188,1.1164490711171821e+32,7.731042677444695e+26,2.2799347688698273e+24,1.970661823948275e+23,1.1164568269298691e+32
iter_0189,1.0992025437012673e+32,7.714309442514102e+26,2.526219138458574e+24,1.970661823948275e+23,1.0992102852435632e+32
iter_0190,1.1203614483816537e+32,7.71098480709451e+26,2.1446740270308853e+24,1.57136797751952e+20,1.1203691808147725e+32
iter_0191,1.0856474687253713e+32,7.721972342301977e+26,2.3595823079184364e+24,9.243341044232467e+20,1.08565521430278e+32
iter_0192,1.1082532824514205e+32,7.537402912199225e+26,2.302536381344664e+24,1.3495277924579403e+20,1.108260842881046e+32
iter_0193,1.0889242326010921e+32,7.652087562616018e+26,2.2887900437410942e+24,1.3040505545203173e+22,1.08893190770696e+32
iter_0194,1.0677989868609944e+32,7.67543101201128e+26,2.3077487807240993e+24,3.0133291804197834e+20,1.0678066853725075e+32
iter_0195,1.0414016609286922e+32,7.692416399795576e+26,1.9322224985700857e+24,9.243341044232467e+20,1.0414093726765603e+32
iter_0196,1.0688488370269905e+32,7.461059552958664e+26,2.4584267877461404e+24,9.243341044232467e+20,1.0688563226800547e+32
iter_0197,1.0743984910296801e+32,7.701883506290762e+26,2.3820542249629142e+24,9.982808327771069e+19,1.074406216734727e+32
iter_0198,1.0785122475346939e+32,7.735200309158968e+26,2.348500484156948e+24,8.00473334430532e+20,1.0785200062280128e+32
iter_0199,1.0820643815693573e+32,7.776814638611707e+26,2.2188140065738535e+24,1.5528812954310545e+20,1.0820721805736889e+32
iter_0200,1.0785601446055184e+32,7.842628164517861e+26,1.8728511411380386e+24,1.3421331196225545e+22,1.0785680060964077e+32
iter_0201,1.0482047281870746e+32,7.735921063059755e+26,2.32018814103265e+24,1.970661823948275e+23,1.0482124892806809e+32
iter_0202,1.099216482003837e+32,7.80393045953685e+26,2.418272156848807e+24,2.031298141198437e+24,1.0992243304299994e+32
iter_0203,1.0648073845658875e+32,7.589628391354339e+26,2.1544067689348384e+24,3.660363053516056e+20,1.0648149957420068e+32
iter_0204,1.075690318782296e+32,7.710795160054613e+26,2.3746743476839207e+24,1.0722275611309665e+20,1.0756980533252718e+32
iter_0205,1.0562526974438562e+32,7.642124832122069e+26,2.2939691656076268e+24,1.6878340746768493e+21,1.0562603625252583e+32
iter_0206,1.1381413060911968e+32,7.627986755612065e+26,2.216545726030953e+24,1.3040505545203173e+22,1.1381489563738146e+32
iter_0207,1.062818307700147e+32,7.52768718163521e+26,2.060737761098031e+24,3.0133291804197834e+20,1.0628258559977197e+32
iter_0208,1.0791814353046485e+32,7.584686797480381e+26,2.456647117008266e+24,3.697336417692988e+19,1.079189044558287e+32
iter_0209,1.049716612474575e+32,7.675201431097027e+26,2.2060006330496556e+24,1.57136797751952e+20,1.0497243097375838e+32
iter_0210,1.0447759460028214e+32,7.645490242187398e+26,2.686905397538958e+24,1.0352541969540366e+20,1.0447836183631529e+32
iter_0211,1.0474039166140487e+32,7.699935654525237e+26,2.569979354690594e+24,1.0722275611309665e+20,1.047411642250569e+32
iter_0212,1.1101870296798429e+32,7.814444870718342e+26,2.0734662601688382e+24,1.3495277924579403e+20,1.1101948648607257e+32
iter_0213,1.0820475019120005e+32,7.700063013446301e+26,2.0632383170509356e+24,3.697336417692988e+19,1.0820552226077667e+32
iter_0214,1.0617737143394294e+32,7.707107127182472e+26,2.005699688778583e+24,8.00473334430532e+20,1.0617814415115581e+32
iter_0215,1.0988648396589315e+32,7.71478229134135e+26,2.1353602212986442e+24,2.031298141198437e+24,1.0988725961078064e+32
iter_0216,1.0634182590675532e+32,7.666017439511521e+26,2.380118602261403e+24,3.0133291804197834e+20,1.0634259488891921e+32
iter_0217,1.0731273538523718e+32,7.681415379433791e+26,2.0381163098854766e+24,1.3421331196225545e+22,1.0731350557831278e+32
iter_0218,1.0888075278927929e+32,7.629716091345023e+26,2.1074962752780325e+24,6.562772141405055e+20,1.0888151786904097e+32
iter_0219,1.078959756766318e+32,7.670304058204702e+26,2.1372719591467043e+24,1.5288486087160501e+21,1.0789674484583842e+32
iter_0220,1.0612437264846485e+32,7.737487248043164e+26,2.182223867585562e+24,8.817962489376882e+22,1.0612514866759314e+32
iter_0221,1.0790352586370567e+32,7.662538708274291e+26,2.445367894746039e+24,1.970661823948275e+23,1.0790429476001058e+32
iter_0222,1.1092135846912095e+32,7.659602889209643e+26,2.1903792857983555e+24,4.288910244523867e+20,1.1092212662021804e+32
iter_0223,1.1542573428385842e+32,7.7368303831768e+26,2.143136015717968e+24,4.436803701231583e+19,1.1542651011007711e+32
iter_0224,1.1231720904340635e+32,7.613980387807971e+26,2.3406417605296041e+24,1.0352541969540366e+20,1.1231797278219042e+32
iter_0225,1.0801657819844894e+32,7.665543931163662e+26,2.292896798597128e+24,1.0722275611309665e+20,1.0801734704584607e+32
iter_0226,1.1279954950838375e+32,7.704556090963855e+26,2.3620829568914526e+24,8.00473334430532e+20,1.1280032232687628e+32
iter_0227,1.0665595143448473e+32,7.629474303749495e+26,2.2513554992457976e+24,3.0133291804197834e+20,1.0665671663357194e+32
iter_0228,1.0850041844796717e+32,7.750272495382478e+26,2.2909071728951368e+24,3.660363053516056e+20,1.0850119576648991e+32
iter_0229,1.1032084568069608e+32,7.706962210785065e+26,2.3841437903271544e+24,7.487106245828303e+20,1.1032161876180968e+32
iter_0230,1.0879269001150639e+32,7.609160654692445e+26,2.0961052813461174e+24,1.3040505545203173e+22,1.0879345303671764e+32
iter_0231,1.0397495412911179e+32,7.717814286020037e+26,2.229302465899949e+24,2.88392240580053e+20,1.0397572814013125e+32
iter_0232,1.0802094993182991e+32,7.570184889167782e+26,1.8662567352752773e+24,1.0352541969540366e+20,1.080217088166791e+32
iter_0233,1.091547554989271e+32,7.695676925146276e+26,2.4728824411789577e+24,1.3040505545203173e+22,1.0915552755254255e+32
iter_0234,1.0844614748621158e+32,7.695941796137157e+26,2.3599101513061097e+24,1.3495277924579403e+20,1.0844691944043628e+32
iter_0235,1.1046742577379232e+32,7.603946632518876e+26,2.3705096908655896e+24,7.487106245828303e+20,1.1046818853971397e+32
iter_0236,1.0781303754180116e+32,7.626454641620826e+26,2.498895287599837e+24,8.817962489376882e+22,1.0781380277434023e+32
iter_0237,1.0954052550815963e+32,7.698487461773583e+26,2.1518904320766724e+24,1.0722275611309665e+20,1.0954129750890346e+32
iter_0238,1.0590436275920903e+32,7.468598121034008e+26,2.637978331949528e+24,1.3495277924579403e+20,1.059051122571344e+32
iter_0239,1.096216566947134e+32,7.740311789298517e+26,2.2852864173460814e+24,9.243341044232467e+20,1.0962243301210309e+32
iter_0240,1.048097620100738e+32,7.612644842909814e+26,2.2682539909231526e+24,7.579539656270625e+21,1.048105255503916e+32
iter_0241,1.1004748756500248e+32,7.697916048813658e+26,2.0553537383741137e+24,3.697336417692988e+19,1.1004825941199806e+32
iter_0242,1.1335489339084898e+32,7.83976162379682e+26,2.1857718766927525e+24,2.2923485789696528e+20,1.1335567955301247e+32
iter_0243,1.0516767286198565e+32,7.734019966437292e+26,2.536595405568202e+24,2.031298141198437e+24,1.0516845083187583e+32
iter_0244,1.1494359778211171e+32,7.796925003125917e+26,2.2129822032262682e+24,3.660363053516056e+20,1.1494437968796027e+32
iter_0245,1.0651063933259055e+32,7.663605744793907e+26,2.1627802803015225e+24,2.88392240580053e+20,1.065114078562337e+32
iter_0246,1.0920190173457689e+32,7.78345861762788e+26,2.2485048625723106e+24,3.660363053516056e+20,1.0920268232930955e+32
iter_0247,1.046869622713955e+32,7.755635732806254e+26,2.060675843840377e+24,1.0352541969540366e+20,1.0468773989574815e+32
iter_0248,1.121554245919e+32,7.720016179995853e+26,2.107605977544069e+24,2.88392240580053e+20,1.1215619870141237e+32
iter_0249,1.0732885290830514e+32,7.671671179663845e+26,2.1312667052455655e+24,7.487106245828303e+20,1.0732962220743852e+32
iter_0250,1.117560360465701e+32,7.529353841739233e+26,2.344798786370526e+24,3.697336417692988e+19,1.1175679132679002e+32
iter_0251,1.0743053572384946e+32,7.739159630898717e+26,2.216352085517458e+24,1.3495277924579403e+20,1.0743131185629958e+32
iter_0252,1.0033117977364608e+32,7.657511846014549e+26,2.471000416245614e+24,8.00473334430532e+20,1.0033194799663157e+32
iter_0253,1.0859695310919002e+32,7.747874972315024e+26,2.076339031764533e+24,1.3495277924579403e+20,1.0859772997316123e+32
iter_0254,1.077778649475023e+32,7.749597774283131e+26,2.065823602697323e+24,1.3040505545203173e+22,1.0777864198614382e+32
iter_0255,1.1164034249594704e+32,7.68331617276682e+26,2.209236827364711e+24,9.243341044232467e+20,1.1164111303772548e+32
iter_0256,1.0992937040465954e+32,7.618438011968587e+26,2.077288734415529e+24,1.3495277924579403e+20,1.0993013432588442e+32
iter_0257,1.0643576544236307e+32,7.692663778922621e+26,2.2820792293265164e+24,4.288910244523867e+20,1.0643653699124907e+32
iter_0258,1.0751672336936806e+32,7.598720286609033e+26,2.1899735359956035e+24,1.3421331196225545e+22,1.0751748544479159e+32
iter_0259,1.07149201135297e+32,7.689495969453584e+26,2.2073539354514474e+24,1.3495277924579403e+20,1.0714997229238283e+32
iter_0260,1.0353878356488785e+32,7.708443488272075e+26,2.2121605036977894e+24,3.0133291804197834e+20,1.0353955662169851e+32
iter_0261,1.082359475258268e+32,7.710376956319061e+26,2.1131914483703139e+24,1.57136797751952e+20,1.0823672067687102e+32
iter_0262,1.0579137076102665e+32,7.625623128375109e+26,2.3735870042906175e+24,2.031298141198437e+24,1.0579213772822462e+32
iter_0263,1.0978403399799218e+32,7.64618746436631e+26,2.295232335786848e+24,3.697336417692988e+19,1.0978480091200792e+32
iter_0264,1.0668635313685443e+32,7.687522622706702e+26,2.1082718680242832e+24,3.697336417692988e+19,1.0668712399742554e+32
iter_0265,1.0794053948183086e+32,7.624143442628797e+26,2.2053189991353818e+24,3.697336417692988e+19,1.0794130410153107e+32
iter_0266,1.0954967631971241e+32,7.68811677557981e+26,2.2091326524043967e+24,2.031298141198437e+24,1.0955044937182076e+32
iter_0267,1.0557697954687942e+32,7.788451676426681e+26,2.5632290337985506e+24,1.6878340746768493e+21,1.0557776095696395e+32
iter_0268,1.0645882684294912e+32,7.691675477136542e+26,2.1685010364920782e+24,2.031298141198437e+24,1.06459600210296e+32
iter_0269,1.0952708620668727e+32,7.63950714178125e+26,2.3662559465839843e+24,1.3421331196225545e+22,1.0952785253707874e+32
iter_0270,1.0934727010790996e+32,7.759884497244047e+26,2.206120745317275e+24,2.88392240580053e+20,1.093480483027688e+32
iter_0271,1.0996095693028213e+32,7.763550767244411e+26,2.1863627970045437e+24,1.0352541969540366e+20,1.0996173547182518e+32
iter_0272,1.0821200761546631e+32,7.677400470373216e+26,2.415354836958214e+24,9.982808327771069e+19,1.0821277777096802e+32
iter_0273,1.0405686210394139e+32,7.648953971513455e+26,2.2857435039649973e+24,1.57136797751952e+20,1.0405762928523917e+32
iter_0274,1.0999773360593046e+32,7.7128078048412e+26,2.072688531553686e+24,1.3421331196225545e+22,1.0999850697282082e+32
iter_0275,1.0207922996575425e+32,7.673312650811868e+26,2.3041144244626782e+24,1.3495277924579403e+20,1.020799996012687e+32
iter_0276,1.0778179474789675e+32,7.667997385931783e+26,2.1325715976206975e+24,3.697336417692988e+19,1.077825636802439e+32
iter_0277,1.0900680477958288e+32,7.590494357209351e+26,2.341031489517152e+24,3.697336417692988e+19,1.0900756617008705e+32
iter_0278,1.1202734282357983e+32,7.672611741298281e+26,2.2044294793748884e+24,6.562772141405055e+20,1.1202811228983972e+32
iter_0279,1.1189942694953999e+32,7.629919919920036e+26,2.5271233106787175e+24,1.5288486087160501e+21,1.1190019247018414e+32
iter_0280,1.0514123173077293e+32,7.76558355175958e+26,2.3925112577434821e+24,1.3495277924579403e+20,1.051420106817743e+32
iter_0281,1.0450488767040937e+32,7.582845551972339e+26,2.5536349172947193e+24,4.436803701231583e+19,1.0450564850864385e+32
iter_0282,1.000743776255801e+32,7.709315172037756e+26,2.234051920977919e+24,3.660363053516056e+20,1.0007515079151526e+32
iter_0283,1.1240520215885095e+32,7.535534527760077e+26,2.2660077598288817e+24,4.288910244523867e+20,1.1240595797874037e+32
iter_0284,1.0418231252041817e+32,7.730623946957919e+26,2.243640938230801e+24,6.562772141405055e+20,1.0418308782711008e+32
iter_0285,1.024562808629494e+32,7.676869987510938e+26,2.3555511745673324e+24,7.579539656270625e+21,1.0245705091307885e+32
iter_0286,1.1068184071551469e+32,7.806198278192523e+26,2.3541262014081183e+24,1.3421331196225545e+22,1.1068262370289005e+32
iter_0287,1.0297329822866953e+32,7.718409594490955e+26,2.406269696343905e+24,1.3421331196225545e+22,1.0297407248932e+32
iter_0288,1.1143899045448788e+32,7.517915372827007e+26,2.172469475961128e+24,1.3040505545203173e+22,1.1143974443153513e+32
iter_0289,1.1209767018783528e+32,7.659876239813117e+26,2.268903701102981e+24,7.487106245828303e+20,1.1209843844511166e+32
iter_0290,1.0411017528342581e+32,7.749971897191117e+26,2.4392986221770386e+24,4.436803701231583e+19,1.0411095271995852e+32
iter_0291,1.0359972855315783e+32,7.548158809580713e+26,2.3406857315379791e+24,2.88392240580053e+20,1.0360048571001293e+32
iter_0292,1.0896350960334886e+32,7.652718631286363e+26,2.2082022820749725e+24,4.288910244523867e+20,1.0896427708384316e+32
iter_0293,1.0991282601231102e+32,7.67788535193949e+26,2.387143418084535e+24,1.5288486087160501e+21,1.0991359618951847e+32
iter_0294,1.0301323721625204e+32,7.783155480170014e+26,2.0332284719169288e+24,1.5288486087160501e+21,1.0301401756655738e+32
iter_0295,1.1172839290200851e+32,7.674242767558778e+26,2.3162395451117153e+24,2.2923485789696528e+20,1.1172916264275406e+32
iter_0296,1.0843859693361461e+32,7.62386151501493e+26,2.2608111659960435e+24,7.579539656270625e+21,1.0843936158815683e+32
iter_0297,1.0465283035870719e+32,7.675524121326434e+26,2.2099418440082376e+24,1.0722275611309665e+20,1.0465360012116839e+32
iter_0298,1.0229172683424225e+32,7.77050046936603e+26,2.201237637189327e+24,9.982808327771069e+19,1.0229250608562666e+32
iter_0299,1.0814460675092054e+32,7.644573458103678e+26,2.42503658020645e+24,8.00473334430532e+20,1.0814537363410339e+32
iter_0300,1.0748178190025857e+32,7.656265791441311e+26,1.9828762323605535e+24,1.57136797751952e+20,1.074825495098711e+32
iter_0301,1.0984287529097472e+32,7.664967048856275e+26,2.2740347501041988e+24,1.3040505545203173e+22,1.0984364407475485e+32
iter_0302,1.109038022913894e+32,7.670643384372655e+26,2.1771344108103277e+24,8.817962489376882e+22,1.1090457162104187e+32
iter_0303,1.0629686698947863e+32,7.68499403916432e+26,2.265600115734015e+24,4.436803701231583e+19,1.0629763775452704e+32
iter_0304,1.0909283382549309e+32,7.614914251907156e+26,2.1177217927203593e+24,4.436803701231583e+19,1.0909359743468444e+32
iter_0305,1.0871369013112413e+32,7.577705636922694e+26,2.1961019448596845e+24,2.031298141198437e+24,1.087144521290879e+32
iter_0306,1.0508341110497681e+32,7.652824190101242e+26,2.2911648931781882e+24,4.288910244523867e+20,1.050841786789896e+32
iter_0307,1.116956019068225e+32,7.676076698153392e+26,2.2158919303673977e+24,3.660363053516056e+20,1.1169637173075027e+32
iter_0308,1.0990543553483699e+32,7.789687411567578e+26,2.2381828554485688e+24,1.970661823948275e+23,1.099062169388272e+32
iter_0309,1.063002625665739e+32,7.652578066370789e+26,1.9172868839372706e+24,6.562772141405055e+20,1.063010297423237e+32
iter_0310,1.0672296052012467e+32,7.69750358431502e+26,2.2528445194334048e+24,2.031298141198437e+24,1.0672373455462576e+32
iter_0311,1.0509182818763254e+32,7.69258368164984e+26,2.3700154474681362e+24,7.487106245828303e+20,1.0509259981676486e+32
iter_0312,1.1081317950310663e+32,7.500300268951678e+26,2.0784589808670442e+24,8.817962489376882e+22,1.1081393169977212e+32
iter_0313,1.1216926412225174e+32,7.738403109573848e+26,2.0056240372792862e+24,9.243341044232467e+20,1.1217003996911106e+32
iter_0314,1.1063184187798727e+32,7.694033942593156e+26,2.403949776893357e+24,4.436803701231583e+19,1.1063261368537569e+32
iter_0315,1.0762313083069282e+32,7.653340198074976e+26,2.101233897753605e+24,1.3040505545203173e+22,1.0762389827898703e+32
iter_0316,1.1095413576970495e+32,7.712821591282497e+26,2.3245822109835277e+24,1.3495277924579403e+20,1.1095490937658123e+32
iter_0317,1.0891552056780459e+32,7.75450287569208e+26,2.398229221367689e+24,1.6878340746768493e+21,1.0891629841800923e+32
iter_0318,1.0991001882107332e+32,7.718131928222784e+26,2.1436835839848872e+24,4.288910244523867e+20,1.0991079277837862e+32
iter_0319,1.0743698721189951e+32,7.813155834034201e+26,2.2926159628480606e+24,4.436803701231583e+19,1.0743777082014325e+32
iter_0320,1.055785570011626e+32,7.6294307652815e+26,2.4238388159140125e+24,1.6878340746768493e+21,1.0557932236976579e+32
iter_0321,1.0319895822936704e+32,7.592806930764937e+26,2.3163499840165507e+24,4.436803701231583e+19,1.0319971982645445e+32
iter_0322,1.1247476544677375e+32,7.667216357569556e+26,2.0609344562496368e+24,1.0722275611309665e+20,1.1247553422945118e+32
iter_0323,1.071910417034278e+32,7.569362411158359e+26,2.491201602427412e+24,8.817962489376882e+22,1.0719180121905013e+32
iter_0324,1.089142675049332e+32,7.589160454439471e+26,2.3059467694767082e+24,1.5528812954310545e+20,1.089150287270807e+32
iter_0325,1.0845597971072435e+32,7.644853132702474e+26,2.1358285881566277e+24,1.3040505545203173e+22,1.0845674634490671e+32
iter_0326,1.082919265356344e+32,7.661674624645799e+26,2.3134331400708109e+24,8.817962489376882e+22,1.0829269510470962e+32
iter_0327,1.0223756299617396e+32,7.554741001669244e+26,2.1584467129667297e+24,2.031298141198437e+24,1.0223832266001899e+32
iter_0328,1.0886110366527921e+32,7.660094186750889e+26,2.1790069184053957e+24,1.3495277924579403e+20,1.0886187185383976e+32
iter_0329,1.0758365475764635e+32,7.672716763078353e+26,2.2770446940191188e+24,1.3040505545203173e+22,1.0758442431940784e+32
iter_0330,1.1354052251709316e+32,7.757768951855166e+26,2.3620296191769183e+24,1.57136797751952e+20,1.1354130065617509e+32
iter_0331,1.0692193658703955e+32,7.680331402015931e+26,2.4189248435988665e+24,1.5288486087160501e+21,1.0692270704063344e+32
iter_0332,1.1154629773574118e+32,7.604783044671421e+26,1.8936291333773283e+24,1.5528812954310545e+20,1.1154706010783005e+32
iter_0333,1.0613058395964119e+32,7.72349858943989e+26,2.5378773941867305e+24,3.660363053516056e+20,1.0613135884774356e+32
iter_0334,1.0905083790402938e+32,7.73134602420672e+26,2.1979838753206933e+24,3.697336417692988e+19,1.0905161323665263e+32
iter_0335,1.0952362852805188e+32,7.721654702963825e+26,2.2384811199319372e+24,8.817962489376882e+22,1.0952440302018291e+32
iter_0336,1.0706701492028614e+32,7.797742178455435e+26,2.2321261255863627e+24,1.970661823948275e+23,1.070677971236963e+32
iter_0337,1.0668994896407928e+32,7.760203085281117e+26,2.3222115818839045e+24,1.6878340746768493e+21,1.0669072730828722e+32
iter_0338,1.0683022362316866e+32,7.624897616214704e+26,2.43602230750755e+24,1.57136797751952e+20,1.0683098854910974e+32
iter_0339,1.0909198628553251e+32,7.724855397140905e+26,2.3823005855738177e+24,9.243341044232467e+20,1.0909276115429714e+32
iter_0340,1.0636257836107254e+32,7.701827996441002e+26,2.306157441223855e+24,3.0133291804197834e+20,1.0636335085033095e+32
iter_0341,1.0810859844231946e+32,7.788030277748835e+26,2.497536034468473e+24,4.288910244523867e+20,1.0810937974331216e+32
iter_0342,1.0883400786227095e+32,7.626417257665472e+26,2.1538402140491095e+24,1.6878340746768493e+21,1.0883477265952477e+32
iter_0343,1.079737060457759e+32,7.725822293502787e+26,2.496323642995434e+24,4.436803701231583e+19,1.0797448112437327e+32
iter_0344,1.0535576897004508e+32,7.73406780383362e+26,2.208337802627797e+24,9.243341044232467e+20,1.053565445860876e+32
iter_0345,1.0992410066416881e+32,7.561335916128198e+26,2.1018540858764774e+24,1.3495277924579403e+20,1.0992485889974946e+32
iter_0346,1.082895924782066e+32,7.595302998918106e+26,2.2543245248603844e+24,1.57136797751952e+20,1.0829035426298817e+32
iter_0347,1.0754578706050555e+32,7.569249334461981e+26,2.0971185400062445e+24,7.579539656270625e+21,1.0754654609013707e+32
iter_0348,1.104837576289965e+32,7.595740604054799e+26,2.2945988238404358e+24,1.3495277924579403e+20,1.1048451949779067e+32
iter_0349,1.0782812269894513e+32,7.639623973152873e+26,2.1088005958331823e+24,2.88392240580053e+20,1.0782888877043143e+32
iter_0350,1.0594740327661777e+32,7.808295566092249e+26,2.390988390977702e+24,6.562772141405055e+20,1.0594818649781905e+32
iter_0351,1.0864301583380271e+32,7.606954517148097e+26,2.199772110314326e+24,9.982808327771069e+19,1.0864377872912637e+32
iter_0352,1.1155717655218903e+32,7.716966972236467e+26,2.3882721618366117e+24,6.562772141405055e+20,1.115579506378147e+32
iter_0353,1.0758812597657404e+32,7.714628819557768e+26,2.3715860988995427e+24,6.562772141405055e+20,1.0758889981169839e+32
iter_0354,1.0480936717509641e+32,7.590364799734756e+26,2.1093915420165842e+24,8.817962489376882e+22,1.0481012840914755e+32
iter_0355,1.0177215456197597e+32,7.707899616494813e+26,2.262295236596529e+24,4.288910244523867e+20,1.0177292761466174e+32
iter_0356,1.098111152851578e+32,7.614337389718552e+26,2.2880582839563304e+24,8.00473334430532e+20,1.0981187900775553e+32
iter_0357,1.1041297026955012e+32,7.634638468052391e+26,2.020389206123642e+24,4.436803701231583e+19,1.1041373575383051e+32
iter_0358,1.0562258702071076e+32,7.676273645807149e+26,2.3273141918637117e+24,3.660363053516056e+20,1.0562335697575556e+32
iter_0359,1.1250165734054873e+32,7.725093357539243e+26,2.1638593828909496e+24,7.487106245828303e+20,1.1250243201449258e+32
iter_0360,1.0688082216240689e+32,7.675661395408157e+26,2.3621476027048883e+24,2.031298141198437e+24,1.0688159412199217e+32
iter_0361,1.1104774574267852e+32,7.730975307021482e+26,2.3176714392215237e+24,2.2923485789696528e+20,1.110485211581099e+32
iter_0362,1.0882226188062655e+32,7.67155272949174e+26,2.2110182151839482e+24,1.3040505545203173e+22,1.0882303125995822e+32
iter_0363,1.0292846989094846e+32,7.744303528498479e+26,2.3073190829603964e+24,1.0722275611309665e+20,1.0292924662872762e+32
iter_0364,1.1280662097564282e+32,7.616063148103982e+26,2.236074867977729e+24,2.031298141198437e+24,1.1280738684933063e+32
iter_0365,1.0383410378344097e+32,7.671196782591961e+26,2.191829745306081e+24,2.88392240580053e+20,1.0383487309523735e+32
iter_0366,1.077851804748966e+32,7.635244266375073e+26,2.3016141742643878e+24,3.660363053516056e+20,1.0778594630130345e+32
iter_0367,1.0793764584630784e+32,7.575143036750874e+26,2.583327352038763e+24,1.5528812954310545e+20,1.0793840594409415e+32
iter_0368,1.1096738258197985e+32,7.654822394847277e+26,2.144351448441266e+24,1.3495277924579403e+20,1.1096815020870574e+32
iter_0369,1.0269434115324849e+32,7.77748792935197e+26,2.069659635252741e+24,2.031298141198437e+24,1.026951230029992e+32
iter_0370,1.0856555597989743e+32,7.713753158741463e+26,2.449853530282853e+24,3.697336417692988e+19,1.0856632980510382e+32
iter_0371,1.0424439223083226e+32,7.6852062177219e+26,2.244335888069047e+24,1.3421331196225545e+22,1.0424516300921127e+32
iter_0372,1.1348981020680344e+32,7.479570164192822e+26,2.2153503625418865e+24,1.3495277924579403e+20,1.1349056037930517e+32
iter_0373,1.080322762997984e+32,7.578283719259523e+26,2.2803499945282673e+24,1.3040505545203173e+22,1.0803303642156081e+32
iter_0374,1.1113329041560087e+32,7.665342557509098e+26,2.1125436832368322e+24,2.2923485789696528e+20,1.1113405906262954e+32
iter_0375,1.0944437926330284e+32,7.71314976146349e+26,2.2662699077883874e+24,1.0722275611309665e+20,1.0944515284465613e+32
iter_0376,1.0818598667453755e+32,7.711539969465998e+26,2.4836038605666507e+24,9.243341044232467e+20,1.081867603130627e+32
iter_0377,1.095379122797904e+32,7.606204652511153e+26,2.6039813899872064e+24,1.57136797751952e+20,1.0953867550439419e+32
iter_0378,1.1075010839755165e+32,7.65423548068108e+26,1.9919275280418972e+24,1.0722275611309665e+20,1.1075087581313447e+32
iter_0379,1.0466550395607212e+32,7.689465184107126e+26,1.9809412473710626e+24,2.031298141198437e+24,1.0466627691482991e+32
iter_0380,1.1104198150225667e+32,7.69491861409656e+26,2.2592224514596882e+24,4.436803701231583e+19,1.110427532533849e+32
iter_0381,1.0338558123623902e+32,7.760721938784038e+26,2.4589491773603435e+24,1.0352541969540366e+20,1.0338635976748562e+32
iter_0382,1.0593009475277258e+32,7.650105749075494e+26,2.1908894656691964e+24,8.817962489376882e+22,1.0593086204241656e+32
iter_0383,1.0679342305396278e+32,7.623907765849717e+26,2.0859135252192065e+24,2.2923485789696528e+20,1.0679418753088212e+32
iter_0384,1.036549853577878e+32,7.797143619520052e+26,2.3746970693081817e+24,1.970661823948275e+23,1.0365576764391301e+32
iter_0385,1.0887570676117468e+32,7.731149820268388e+26,2.1806684364833775e+24,1.0352541969540366e+20,1.0887648205692866e+32
iter_0386,1.113734948966144e+32,7.682797674116197e+26,2.2997522316458805e+24,4.288910244523867e+20,1.1137426547656294e+32
iter_0387,1.1281178809962357e+32,7.78904251691744e+26,2.3559943277180707e+24,3.660363053516056e+20,1.1281256936023561e+32
iter_0388,1.047694215442681e+32,7.634123889165337e+26,2.2532105999318428e+24,1.6878340746768493e+21,1.0477018721155544e+32
iter_0389,1.0274610064280373e+32,7.558524589240746e+26,2.451867261194898e+24,7.579539656270625e+21,1.0274685895470945e+32
iter_0390,1.051181115510063e+32,7.74046906937453e+26,2.0081344882895595e+24,8.817962489376882e+22,1.0511888769422734e+32
iter_0391,1.1260217332779034e+32,7.703760901543618e+26,2.2532733888162848e+24,2.88392240580053e+20,1.1260294595744229e+32
iter_0392,1.1114025271156468e+32,7.649346740818312e+26,2.144867291807714e+24,9.982808327771069e+19,1.111410197912059e+32
iter_0393,1.1043114946024208e+32,7.626481656324426e+26,2.2866718186992661e+24,1.970661823948275e+23,1.1043191459214572e+32
iter_0394,1.0742148658121728e+32,7.717750873148983e+26,2.221722939353961e+24,7.579539656270625e+21,1.0742226058560707e+32
iter_0395,1.07218111050736e+32,7.689719200594343e+26,2.1920515807426078e+24,1.970661823948275e+23,1.0721888241177383e+32
iter_0396,1.094396133767847e+32,7.673863022242531e+26,2.0308207462480126e+24,1.6878340746768493e+21,1.0944038279559554e+32
iter_0397,1.091831041299615e+32,7.755960595437687e+26,2.1866305924131995e+24,3.0133291804197834e+20,1.0918388191295298e+32
iter_0398,1.0546863357361851e+32,7.671859689203709e+26,2.1149630667552784e+24,4.288910244523867e+20,1.0546940287497939e+32
iter_0399,1.1187968565269888e+32,7.651717245242836e+26,2.24334463215217e+24,8.00473334430532e+20,1.118804530685685e+32
iter_0400,1.0956860173521283e+32,7.768543804811411e+26,2.2051644791320272e+24,4.436803701231583e+19,1.0956938079480217e+32
iter_0401,1.0703452830789046e+32,7.759772166245849e+26,2.2893344245481623e+24,1.0352541969540366e+20,1.0703530657454502e+32
iter_0402,1.107921810748781e+32,7.681251592533246e+26,2.240185987010767e+24,3.0133291804197834e+20,1.1079295144052468e+32
iter_0403,1.1130439843350205e+32,7.664231782354884e+26,2.0519198574395808e+24,7.487106245828303e+20,1.1130516690934886e+32
iter_0404,1.117917938846849e+32,7.678632428888252e+26,2.3023864509376293e+24,2.031298141198437e+24,1.1179256608161236e+32
iter_0405,1.0429624434544568e+32,7.777829921162606e+26,2.1297558385886924e+24,2.2923485789696528e+20,1.0429702425842285e+32
iter_0406,1.1307911132388706e+32,7.701943514469508e+26,2.1715043878061386e+24,1.57136797751952e+20,1.1307988368990003e+32
iter_0407,1.0952181301076397e+32,7.588777805982811e+26,2.281246236761136e+24,4.288910244523867e+20,1.095225741702197e+32
iter_0408,1.0780485278612238e+32,7.756729380290846e+26,2.255227918545313e+24,8.00473334430532e+20,1.078056307150888e+32
iter_0409,1.0476676485806305e+32,7.63225724371476e+26,2.170619166714255e+24,1.3040505545203173e+22,1.0476753026744709e+32
iter_0410,1.1269638798117838e+32,7.663064696024651e+26,2.2466184749122664e+24,1.0722275611309665e+20,1.1269715653437369e+32
iter_0411,1.0594026248169862e+32,7.592502290529976e+26,2.0836146498923484e+24,1.970661823948275e+23,1.0594102401260851e+32
iter_0412,1.0917797719038015e+32,7.547486858093945e+26,2.2411448201524212e+24,1.57136797751952e+20,1.0917873418036793e+32
iter_0413,1.0643878158494023e+32,7.789085373042382e+26,2.2195022266908818e+24,1.3040505545203173e+22,1.0643956272602027e+32
iter_0414,1.0513990071802656e+32,7.61430042020432e+26,2.258899322104808e+24,1.3040505545203173e+22,1.0514066442000841e+32
iter_0415,1.0931312976892112e+32,7.690575193815579e+26,2.1500150790803707e+24,1.5288486087160501e+21,1.0931390097798442e+32
iter_0416,1.0781673117012632e+32,7.554135930325288e+26,1.9994944511910012e+24,6.562772141405055e+20,1.078174885838701e+32
iter_0417,1.0840160704647266e+32,7.683430602528124e+26,2.5956373602126093e+24,6.562772141405055e+20,1.0840237798582655e+32
iter_0418,1.0645289848312502e+32,7.630400949742906e+26,1.923776165345813e+24,9.243341044232467e+20,1.0645366344792051e+32
iter_0419,1.1227055764085707e+32,7.491823749793706e+26,2.1204395336238436e+24,9.982808327771069e+19,1.1227130894377142e+32
iter_0420,1.075622568594084e+32,7.769667278144185e+26,2.0763201805186943e+24,1.5288486087160501e+21,1.0756303590398524e+32
iter_0421,1.0703685028880532e+32,7.686653028820727e+26,2.3600016442878302e+24,1.3421331196225545e+22,1.0703762132753119e+32
iter_0422,1.0926957622749781e+32,7.551112909668731e+26,2.2679739320680366e+24,7.579539656270625e+21,1.0927033361434224e+32
iter_0423,1.0883097679690161e+32,7.553297867829657e+26,2.1389263504860254e+24,8.00473334430532e+20,1.0883173426641522e+32
iter_0424,1.1220660032999271e+32,7.671915259108821e+26,2.3001288233901443e+24,8.00473334430532e+20,1.1220736982244792e+32
iter_0425,1.0746661997344485e+32,7.625709704170128e+26,2.373915194531152e+24,6.562772141405055e+20,1.0746738491898673e+32
iter_0426,1.0464092854207372e+32,7.615361772257951e+26,2.1612169428523993e+24,1.0722275611309665e+20,1.0464169223957512e+32
iter_0427,1.1350497711769121e+32,7.656282155109896e+26,2.1617776493610573e+24,1.970661823948275e+23,1.1350574510475056e+32
iter_0428,1.1490293787110057e+32,7.621704393395663e+26,2.5584194550080204e+24,1.3421331196225545e+22,1.149037026133807e+32
iter_0429,1.0588497521028531e+32,7.717588831240744e+26,2.2776385897980342e+24,1.57136797751952e+20,1.0588574924696416e+32
iter_0430,1.0505590406039433e+32,7.640166950680097e+26,2.3993259169027e+24,9.243341044232467e+20,1.0505667047733966e+32
iter_0431,1.0794815249675567e+32,7.699056851352461e+26,2.113986013244517e+24,1.0352541969540366e+20,1.0794892451653033e+32
iter_0432,1.1047390330726865e+32,7.708767075967094e+26,2.311648953142452e+24,6.562772141405055e+20,1.1047467649628148e+32
iter_0433,1.1017330489944535e+32,7.735593265281702e+26,2.0595295727228918e+24,1.3421331196225545e+22,1.101740805317228e+32
iter_0434,1.0607621473635881e+32,7.693386027557542e+26,2.0884913296284717e+24,3.0133291804197834e+20,1.0607698616375423e+32
iter_0435,1.1062537031996006e+32,7.632059531768985e+26,2.12234893414601e+24,9.243341044232467e+20,1.106261356491865e+32
iter_0436,1.079298107401618e+32,7.599770824484141e+26,2.3096724330083502e+24,8.817962489376882e+22,1.079305731150963e+32
iter_0437,1.0862073967069856e+32,7.725196393200957e+26,1.9723618066552534e+24,7.487106245828303e+20,1.086215141634484e+32
iter_0438,1.0732301726870924e+32,7.733829892664664e+26,2.3907785874009467e+24,9.243341044232467e+20,1.0732379304340144e+32
iter_0439,1.0845533822103231e+32,7.711212681648481e+26,2.3560189885894057e+24,1.970661823948275e+23,1.0845611189538565e+32
iter_0440,1.0630363020770647e+32,7.640500146132041e+26,2.135784044379433e+24,1.970661823948275e+23,1.0630439659057131e+32
iter_0441,1.099801266903189e+32,7.631058214005895e+26,2.242582207395478e+24,1.0352541969540366e+20,1.0998089203882604e+32
iter_0442,1.0724132634810734e+32,7.779509945339502e+26,2.2866334930501512e+24,2.88392240580053e+20,1.0724210658602376e+32
iter_0443,1.1011070931661984e+32,7.570094673091836e+26,2.3991448356724266e+24,1.3495277924579403e+20,1.1011146872536693e+32
iter_0444,1.0706460617083955e+32,7.692728391603612e+26,2.0874415787884398e+24,1.6878340746768493e+21,1.0706537753280813e+32
iter_0445,1.0966195053560114e+32,7.611943909762976e+26,2.0577163385964424e+24,1.970661823948275e+23,1.0966271398477465e+32
iter_0446,1.0823170373055517e+32,7.717762482463791e+26,2.321975201209541e+24,2.88392240580053e+20,1.0823247782906702e+32
iter_0447,1.0672201244453856e+32,7.514482348761505e+26,2.1974608400915587e+24,6.562772141405055e+20,1.0672276609089057e+32
iter_0448,1.1202207165062692e+32,7.772860023631998e+26,2.1859319965541014e+24,1.0722275611309665e+20,1.120228511226685e+32
iter_0449,1.1081905039232837e+32,7.758180929768045e+26,2.2968911071041274e+24,2.2923485789696528e+20,1.1081982850754169e+32
iter_0450,1.0374273607761079e+32,7.740552357835182e+26,2.112147401099635e+24,8.00473334430532e+20,1.0374351224579445e+32
iter_0451,1.0907283369353857e+32,7.484139126416068e+26,2.426961869492243e+24,1.5288486087160501e+21,1.0907358453594192e+32
iter_0452,1.1023026560248063e+32,7.71406635249862e+26,2.3156808753766106e+24,3.0133291804197834e+20,1.1023103932509808e+32
iter_0453,1.101883827171535e+32,7.785836068808814e+26,2.1554408903214706e+24,1.0722275611309665e+20,1.1018916345630849e+32
iter_0454,1.020407460733347e+32,7.673918969653724e+26,2.1925357690010533e+24,1.5288486087160501e+21,1.0204151565929629e+32
iter_0455,1.0853756544984766e+32,7.695231043477075e+26,2.1288139622164482e+24,3.697336417692988e+19,1.0853833710180293e+32
iter_0456,1.096827145104156e+32,7.739213665674398e+26,2.2638002702633686e+24,1.5288486087160501e+21,1.096834906971113e+32
iter_0457,1.078877729058855e+32,7.591864826878607e+26,2.322334359393548e+24,1.57136797751952e+20,1.078885344148597e+32
iter_0458,1.1256012021450242e+32,7.674999993990314e+26,2.1708814371271356e+24,9.982808327771069e+19,1.125608898854831e+32
iter_0459,1.0730683231802776e+32,7.64971965166124e+26,2.1389105851333254e+24,1.0352541969540366e+20,1.0730759942900704e+32
iter_0460,1.0812806653048252e+32,7.642742040079972e+26,2.1481633057549026e+24,1.5528812954310545e+20,1.0812883295300512e+32
iter_0461,1.114432520462217e+32,7.693343233565928e+26,2.290965320689937e+24,2.2923485789696528e+20,1.114440236717396e+32
iter_0462,1.0518267588556503e+32,7.595613895016676e+26,2.2810810868511887e+24,1.6878340746768493e+21,1.0518343772972345e+32
iter_0463,1.0221031050464648e+32,7.520250399087311e+26,2.3016872240077703e+24,1.3421331196225545e+22,1.0221106484479495e+32
iter_0464,1.101981566760098e+32,7.805277869330951e+26,2.3750457761885452e+24,1.57136797751952e+20,1.1019893957899964e+32
iter_0465,1.1036363704097627e+32,7.522529616771535e+26,2.2556094990287257e+24,1.57136797751952e+20,1.103643915497046e+32
iter_0466,1.121011127444006e+32,7.720028162265343e+26,2.351404955703334e+24,2.88392240580053e+20,1.1210188709891018e+32
iter_0467,1.1302608709906463e+32,7.476404777876703e+26,2.3366801479140734e+24,1.3495277924579403e+20,1.1302683707635751e+32
iter_0468,1.0969470484738284e+32,7.671779672491646e+26,2.298011703107267e+24,1.3495277924579403e+20,1.0969547432349673e+32
iter_0469,1.1033603711325267e+32,7.638656286160714e+26,2.498521697623257e+24,1.5528812954310545e+20,1.1033680347755826e+32
iter_0470,1.0836098894571767e+32,7.664359579963339e+26,2.0942954250841682e+24,1.5528812954310545e+20,1.0836175747612636e+32
iter_0471,1.0616043289633834e+32,7.638210911496705e+26,2.3080698811500714e+24,1.0722275611309665e+20,1.0616119902560658e+32
iter_0472,1.0723039125435846e+32,7.656345385895631e+26,2.640118416693524e+24,6.562772141405055e+20,1.0723115952967176e+32
iter_0473,1.0783353174682778e+32,7.667474919036255e+26,2.493172445299295e+24,1.970661823948275e+23,1.0783430118455832e+32
iter_0474,1.1068205331869806e+32,7.559622864690806e+26,2.307642434925274e+24,4.436803701231583e+19,1.1068281158867132e+32
iter_0475,1.1201203224755246e+32,7.627981261544137e+26,2.1392881866830166e+24,8.00473334430532e+20,1.1201279718576727e+32
iter_0476,1.0974720454810948e+32,7.561784415508264e+26,2.2426098393451352e+24,7.579539656270625e+21,1.0974796297674041e+32
iter_0477,1.1136719147674186e+32,7.59389376528985e+26,2.520234691993171e+24,1.3495277924579403e+20,1.1136795338648802e+32
iter_0478,1.0686772700405055e+32,7.573180678287925e+26,2.2564765887290129e+24,6.562772141405055e+20,1.0686848657925124e+32
iter_0479,1.0903932534952544e+32,7.750012577469513e+26,2.1342434063309455e+24,1.5528812954310545e+20,1.0904010248518187e+32
iter_0480,1.110407947902728e+32,7.715534179964253e+26,2.2321491065449933e+24,1.3421331196225545e+22,1.1104156858926125e+32
iter_0481,1.1113113396195567e+32,7.741429871163058e+26,1.959777393071623e+24,7.487106245828303e+20,1.1113191006546888e+32
iter_0482,1.0879236639289706e+32,7.687490601899226e+26,2.039204648907267e+24,3.697336417692988e+19,1.0879313718119886e+32
iter_0483,1.0583050472019846e+32,7.688212438624237e+26,2.2398456103980205e+24,6.562772141405055e+20,1.0583127578194421e+32
iter_0484,1.0887528547358406e+32,7.588908569310614e+26,2.3126371513560255e+24,1.0352541969540366e+20,1.0887604667718167e+32
iter_0485,1.0469942883126523e+32,7.633190239703143e+26,2.2904295385559519e+24,1.6878340746768493e+21,1.0470019444240656e+32
iter_0486,1.0686937906546248e+32,7.769361226719282e+26,2.3461586368026858e+24,8.00473334430532e+20,1.0687015834854427e+32
iter_0487,1.0826463781361055e+32,7.677227103898182e+26,2.1548986750475364e+24,7.487106245828303e+20,1.0826540769196832e+32
iter_0488,1.0595528059392647e+32,7.749410869175249e+26,2.3151392719903413e+24,1.5528812954310545e+20,1.0595605785030794e+32
iter_0489,1.0651147764722049e+32,7.630303464001497e+26,2.1065757695080887e+24,1.970661823948275e+23,1.0651224298120884e+32
iter_0490,1.1035349176930427e+32,7.58691945485767e+26,2.1829262839903098e+24,6.562772141405055e+20,1.1035425264483232e+32
iter_0491,1.0892227987560251e+32,7.653409771971229e+26,2.383924063223235e+24,7.579539656270625e+21,1.0892304760808331e+32
iter_0492,1.1078915048045817e+32,7.628167668531679e+26,2.2527780466970577e+24,4.288910244523867e+20,1.1078991555043196e+32
iter_0493,1.076842280605965e+32,7.767337523775205e+26,2.3612475376575757e+24,4.436803701231583e+19,1.0768500715564079e+32
iter_0494,1.0758322475946239e+32,7.574105996369876e+26,2.3887336564771985e+24,7.579539656270625e+21,1.0758398456637522e+32
iter_0495,1.0412037950779863e+32,7.801169868575914e+26,2.0550106627143146e+24,1.0352541969540366e+20,1.0412116167989969e+32
iter_0496,1.0256197488003008e+32,7.849848780854607e+26,2.144044815295217e+24,6.562772141405055e+20,1.0256276200960927e+32
iter_0497,1.1218477222762438e+32,7.72553498319964e+26,2.191448740862481e+24,2.88392240580053e+20,1.1218554697285982e+32
iter_0498,1.0734367130121758e+32,7.766182541311605e+26,2.0526042301516719e+24,2.2923485789696528e+20,1.0734444997230518e+32
iter_0499,1.053202163902823e+32,7.659041151763734e+26,2.3214581746582247e+24,2.88392240580053e+20,1.0532098461614404e+32
iter_0500,1.1134117152624e+32,7.659937833821707e+26,2.4772873699347664e+24,3.0133291804197834e+20,1.1134193999761208e+32
iter_0501,1.0712494398010445e+32,7.602718405782613e+26,1.759650869643287e+24,8.817962489376882e+22,1.0712570609977552e+32
iter_0502,1.0544640289598398e+32,7.722625351293124e+26,2.4834816895873877e+24,7.579539656270625e+21,1.0544717764958035e+32
iter_0503,1.0899056485621669e+32,7.759661745750277e+26,2.0657610674230266e+24,1.0352541969540366e+20,1.0899134288825585e+32
iter_0504,1.0698003995713123e+32,7.800939030549386e+26,2.295064211107018e+24,8.817962489376882e+22,1.0698082243427812e+32
iter_0505,1.1039907694001663e+32,7.759975359505907e+26,2.554943054893733e+24,1.970661823948275e+23,1.1039985568956182e+32
iter_0506,1.0660497807084806e+32,7.721979335656269e+26,2.019824062333867e+24,7.579539656270625e+21,1.0660575229618524e+32
iter_0507,1.0544237255189151e+32,7.69949331462408e+26,2.2553408104860263e+24,2.031298141198437e+24,1.0544314678786192e+32
iter_0508,1.0948820179787831e+32,7.582891974213227e+26,2.504506296630174e+24,1.3421331196225545e+22,1.0948896260500337e+32
iter_0509,1.0954905111795141e+32,7.737126655852237e+26,2.452184253704839e+24,1.5528812954310545e+20,1.0954982728295654e+32
iter_0510,1.0953858820646324e+32,7.652533758951654e+26,2.101277859628082e+24,1.5528812954310545e+20,1.0953935556127229e+32
iter_0511,1.0600965496632497e+32,7.594789661071618e+26,2.104736839863422e+24,1.57136797751952e+20,1.0601041655018507e+32
iter_0512,1.0975105527662162e+32,7.56871512007691e+26,2.3048273793256358e+24,1.6878340746768493e+21,1.0975181445464885e+32
iter_0513,1.0734175057804008e+32,7.604954773583537e+26,2.2904757575644767e+24,3.697336417692988e+19,1.0734251336403015e+32
iter_0514,1.0857689693582287e+32,7.643351342283475e+26,2.441172345703186e+24,4.288910244523867e+20,1.0857766371255834e+32
iter_0515,1.1045600536039e+32,7.734250625200324e+26,2.2018617953463733e+24,3.0133291804197834e+20,1.1045678098761564e+32
iter_0516,1.093021214752604e+32,7.649295097112302e+26,2.2338033583770716e+24,2.2923485789696528e+20,1.093028886388027e+32
iter_0517,1.0604035956599794e+32,7.714720897529174e+26,2.3465497529933042e+24,1.0352541969540366e+20,1.0604113338474097e+32
iter_0518,1.1053244182537789e+32,7.796345453291068e+26,2.08119259781205e+24,9.243341044232467e+20,1.1053322354204016e+32
iter_0519,1.1149970849812915e+32,7.691957757474708e+26,2.2582449907055007e+24,2.88392240580053e+20,1.1150047995243828e+32
iter_0520,1.0885289170697316e+32,7.758265993595185e+26,2.189146041037719e+24,3.697336417692988e+19,1.0885366972275552e+32
iter_0521,1.0878123975797149e+32,7.519671116793222e+26,2.118229185531305e+24,3.660363053516056e+20,1.0878199384367839e+32
iter_0522,1.023563612132759e+32,7.704015140488697e+26,2.484220782224536e+24,2.88392240580053e+20,1.0235713409929912e+32
iter_0523,1.0784220859016343e+32,7.682723981905059e+26,2.2769200024457524e+24,2.031298141198437e+24,1.0784298117077977e+32
iter_0524,1.0732489153838797e+32,7.600517255769261e+26,2.275605767644157e+24,1.0722275611309665e+20,1.0732565386582653e+32
iter_0525,1.03095084977804e+32,7.695742664136978e+26,1.9441950547896319e+24,2.88392240580053e+20,1.0309585649655388e+32
iter_0526,1.0532762657373445e+32,7.572081221911286e+26,2.2261451340947806e+24,6.562772141405055e+20,1.0532838600865805e+32
iter_0527,1.0549045585185165e+32,7.705851016512454e+26,2.1047109005565943e+24,3.697336417692988e+19,1.0549122854170116e+32
iter_0528,1.108236187057197e+32,7.626735404695815e+26,1.8494192720710759e+24,3.697336417692988e+19,1.108243832287164e+32
iter_0529,1.0808073453070368e+32,7.630137650948684e+26,2.351294364188528e+24,1.57136797751952e+20,1.0808149989592028e+32
iter_0530,1.0723701932713018e+32,7.573085892971072e+26,2.4475419702899454e+24,1.5528812954310545e+20,1.0723777908341672e+32
iter_0531,1.0800799599987483e+32,7.63685623740793e+26,2.3685537680834506e+24,3.660363053516056e+20,1.0800876205441837e+32
iter_0532,1.0795555205643714e+32,7.781056470309684e+26,2.4175095888037095e+24,1.970661823948275e+23,1.0795633277665994e+32
iter_0533,1.0895958939079246e+32,7.697257297490854e+26,2.263245011580265e+24,9.982808327771069e+19,1.0896036137986706e+32
iter_0534,1.0432999918559965e+32,7.673284345349721e+26,2.2331249396860814e+24,4.436803701231583e+19,1.043307687472035e+32
iter_0535,1.0993666850962942e+32,7.793610314839767e+26,2.43541052334868e+24,9.243341044232467e+20,1.0993745030699576e+32
iter_0536,1.0682071150295486e+32,7.769566813274043e+26,2.630295394540385e+24,1.5288486087160501e+21,1.0682149109146042e+32
iter_0537,1.1060952467473679e+32,7.642393827279747e+26,2.1593489533500856e+24,6.562772141405055e+20,1.1061029107412474e+32
iter_0538,1.1315530063251544e+32,7.59816168462295e+26,2.3123689077872348e+24,6.562772141405055e+20,1.1315606276170908e+32
iter_0539,1.0739412525405867e+32,7.595044485956989e+26,2.2169005675820184e+24,3.660363053516056e+20,1.0739488697577387e+32
iter_0540,1.061889646899972e+32,7.780072965944245e+26,2.513450432156161e+24,9.982808327771069e+19,1.0618974521084406e+32
iter_0541,1.1048222718271531e+32,7.796043229163202e+26,2.3513655264143651e+24,3.660363053516056e+20,1.1048300913876978e+32
iter_0542,1.1038386887443997e+32,7.557633600753496e+26,1.9781715543582174e+24,8.00473334430532e+20,1.1038462661677206e+32
iter_0543,1.044380397129496e+32,7.691737434600396e+26,2.0733581425674915e+24,1.0722275611309665e+20,1.0443881096015841e+32
iter_0544,1.099569075048743e+32,7.641537478190046e+26,2.199423655847859e+24,1.5528812954310545e+20,1.0995767385820105e+32
iter_0545,1.1090170904783321e+32,7.629691690755278e+26,2.1154384946217454e+24,4.288910244523867e+20,1.1090247413286966e+32
iter_0546,1.0683354060791324e+32,7.746213259963964e+26,2.131747036013148e+24,2.031298141198437e+24,1.068343193922844e+32
iter_0547,1.0832051449312156e+32,7.710570363554674e+26,1.9381546668186752e+24,3.0133291804197834e+20,1.083212874886139e+32
iter_0548,1.0556691677389723e+32,7.694582462180864e+26,2.1213444487904452e+24,1.0352541969540366e+20,1.0556768835359144e+32
iter_0549,1.097926511948384e+32,7.680568810183171e+26,2.257370228032113e+24,1.0722275611309665e+20,1.0979342150919686e+32
iter_0550,1.1167514126730416e+32,7.71373536179728e+26,2.2002199083739035e+24,1.3495277924579403e+20,1.116759148411952e+32
iter_0551,1.0665687476544723e+32,7.59378883364123e+26,2.3467065772460488e+24,3.660363053516056e+20,1.0665763649140321e+32
iter_0552,1.1299406869439778e+32,7.657293193197734e+26,2.0833542850012972e+24,8.817962489376882e+22,1.12994836595251e+32
iter_0553,1.065217312502774e+32,7.782774393047284e+26,2.2548747994615312e+24,1.57136797751952e+20,1.0652251178274865e+32
iter_0554,1.0755345785053064e+32,7.736354415966645e+26,2.3259090162377807e+24,4.288910244523867e+20,1.0755423381231014e+32
iter_0555,1.0764977455703493e+32,7.703554088624893e+26,2.2083548273986815e+24,3.0133291804197834e+20,1.0765054712109995e+32
iter_0556,1.0930652498511167e+32,7.642469512372288e+26,2.409537258470618e+24,2.031298141198437e+24,1.093072936728983e+32
iter_0557,1.087126585328472e+32,7.54523310997453e+26,2.270664742860238e+24,8.817962489376882e+22,1.0871341541500256e+32
iter_0558,1.088449203259096e+32,7.540026405425089e+26,2.4611194513993246e+24,2.031298141198437e+24,1.0884567882096773e+32
iter_0559,1.0970693750015421e+32,7.565070217073411e+26,2.2228703637323394e+24,1.5288486087160501e+21,1.0970769623157514e+32
iter_0560,1.0699304599854517e+32,7.530709779169533e+26,2.403613488892931e+24,1.5288486087160501e+21,1.0699380147466542e+32
iter_0561,1.0644805647410024e+32,7.736280389020832e+26,2.2393805662768836e+24,9.982808327771069e+19,1.0644883234161953e+32
iter_0562,1.0374701244895263e+32,7.65648023290818e+26,2.2443569019779285e+24,7.579539656270625e+21,1.0374778034891236e+32
iter_0563,1.0611498195626486e+32,7.625418790986095e+26,1.8922595968441928e+24,2.88392240580053e+20,1.0611574639069195e+32
iter_0564,1.0851093425115323e+32,7.575146633935731e+26,2.1195401416569876e+24,2.88392240580053e+20,1.0851169388564516e+32
iter_0565,1.118081750216641e+32,7.746248701232904e+26,2.1726063447604707e+24,8.817962489376882e+22,1.1180895190732018e+32
iter_0566,1.1120126288065147e+32,7.60543523267277e+26,2.0350033439300357e+24,7.579539656270625e+21,1.1120202546675761e+32
iter_0567,1.0970736904071971e+32,7.623584794748866e+26,1.8405207786502118e+24,4.436803701231583e+19,1.0970813323976434e+32
iter_0568,1.0997708537630977e+32,7.528583220847345e+26,2.1950314792066374e+24,2.2923485789696528e+20,1.0997784042989256e+32
iter_0569,1.117070040557422e+32,7.65558017252143e+26,2.3345844406564797e+24,2.88392240580053e+20,1.117077719486323e+32
iter_0570,1.0406874006045894e+32,7.5977829799862e+26,2.1513576348902997e+24,3.0133291804197834e+20,1.040695019904159e+32
iter_0571,1.0996310154413941e+32,7.712561036612388e+26,2.3738265052621757e+24,2.2923485789696528e+20,1.099638751742988e+32
iter_0572,1.0981939145110874e+32,7.697614798536771e+26,2.228224713865578e+24,1.3421331196225545e+22,1.0982016345423464e+32
iter_0573,1.0587421471474784e+32,7.849814582150037e+26,2.113707241904571e+24,1.5528812954310545e+20,1.0587500181006858e+32
iter_0574,1.0977968278598012e+32,7.544303979384529e+26,2.4226851078591523e+24,6.562772141405055e+20,1.0978043963971943e+32
iter_0575,1.0578531967762882e+32,7.538277246963812e+26,2.1114733967505887e+24,3.697336417692988e+19,1.0578607561686388e+32
iter_0576,1.1388882809239209e+32,7.671134621948781e+26,2.183327609195871e+24,2.031298141198437e+24,1.1388959942048002e+32
iter_0577,1.0806904376840244e+32,7.615055480120259e+26,2.450297879927458e+24,7.579539656270625e+21,1.0806980773182786e+32
iter_0578,1.0910082541658151e+32,7.695425966564891e+26,2.2493398253573258e+24,4.288910244523867e+20,1.0910159720894688e+32
iter_0579,1.0395614633262602e+32,7.6827737039073e+26,2.3864099131658683e+24,1.0722275611309665e+20,1.0395691699651355e+32
iter_0580,1.0658841611074349e+32,7.738702904844086e+26,2.320095458170647e+24,2.88392240580053e+20,1.0658919230141782e+32
iter_0581,1.0618409130447102e+32,7.575726937745455e+26,2.1430259071776865e+24,1.3040505545203173e+22,1.061848510332312e+32
iter_0582,1.0740752720813185e+32,7.758848365345801e+26,2.435590410872539e+24,1.3040505545203173e+22,1.074083055415993e+32
iter_0583,1.1011168663515078e+32,7.746639904893776e+26,2.146632891047824e+24,1.3495277924579403e+20,1.101124634459091e+32
iter_0584,1.1051905814963571e+32,7.584169898130864e+26,2.273737954675862e+24,1.5528812954310545e+20,1.1051981884051876e+32
iter_0585,1.0585837394649072e+32,7.526419186083862e+26,2.3421832619328983e+24,7.487106245828303e+20,1.058591289313413e+32
iter_0586,1.0808155842923692e+32,7.580969641721485e+26,2.277715674470856e+24,1.5528812954310545e+20,1.0808231880407205e+32
iter_0587,1.0918554817748238e+32,7.74922989180239e+26,2.167295728674374e+24,1.970661823948275e+23,1.0918632546483348e+32
iter_0588,1.1041831562462917e+32,7.82596514094555e+26,2.1888015738245492e+24,1.3421331196225545e+22,1.1041910042336618e+32
iter_0589,1.105077640939165e+32,7.613466540141966e+26,2.2566221882623346e+24,1.6878340746768493e+21,1.1050852769888054e+32
iter_0590,1.0759036648261463e+32,7.697681540655254e+26,2.1331567012727374e+24,8.00473334430532e+20,1.0759113838472586e+32
iter_0591,1.1172772387547757e+32,7.57425977135269e+26,2.246234621118927e+24,9.243341044232467e+20,1.1172848354861366e+32
iter_0592,1.0772075582734399e+32,7.698498091242618e+26,2.394698675586824e+24,7.487106245828303e+20,1.077215280726005e+32
iter_0593,1.0865567304243023e+32,7.651996911157012e+26,2.1164249107531527e+24,7.487106245828303e+20,1.0865644035929498e+32
iter_0594,1.0610232264974179e+32,7.791757334941319e+26,2.108517615459322e+24,2.88392240580053e+20,1.0610310393428129e+32
iter_0595,1.105835427079071e+32,7.699706380002692e+26,2.1683451203568957e+24,4.436803701231583e+19,1.105843148469346e+32
iter_0596,1.0582428814723062e+32,7.698280767814287e+26,2.118053586297146e+24,1.5528812954310545e+20,1.0582506009351627e+32
iter_0597,1.075357938275951e+32,7.560244169572959e+26,2.2962226316882332e+24,6.562772141405055e+20,1.0753655214889098e+32
iter_0598,1.0802540183241928e+32,7.576741816258823e+26,2.2049311756187392e+24,1.5288486087160501e+21,1.0802616171306092e+32
iter_0599,1.086240603225666e+32,7.84522851825036e+26,2.4068261027734725e+24,2.2923485789696528e+20,1.0862484725247376e+32
iter_0600,1.084906717591938e+32,7.661673107332234e+26,2.1831034088423664e+24,3.660363053516056e+20,1.0849144010997398e+32
iter_0601,1.017992104256414e+32,7.551113417481266e+26,2.3085106108940132e+24,2.2923485789696528e+20,1.0179996784572299e+32
iter_0602,1.0380164289046872e+32,7.694239761458144e+26,2.2224286055012556e+24,3.0133291804197834e+20,1.038024145371748e+32
iter_0603,1.1004992838855636e+32,7.721628774734946e+26,2.1278277961740088e+24,6.562772141405055e+20,1.1005070267991793e+32
iter_0604,1.0941570168679206e+32,7.687016867940401e+26,2.2243327180282226e+24,3.660363053516056e+20,1.094164726131776e+32
iter_0605,1.0492673872786928e+32,7.617489483995097e+26,2.4959053249352505e+24,6.562772141405055e+20,1.0492750297337929e+32
iter_0606,1.0699015531639004e+32,7.610832594385646e+26,2.2257251542673124e+24,4.436803701231583e+19,1.06990918625419e+32
iter_0607,1.0592356074487595e+32,7.638545307840771e+26,2.3588831378545634e+24,9.243341044232467e+20,1.0592432695921422e+32
iter_0608,1.066168418961175e+32,7.698167298103162e+26,2.2309678880196156e+24,2.2923485789696528e+20,1.0661761394404444e+32
iter_0609,1.077977152680055e+32,7.591588349554015e+26,2.082425906909038e+24,6.562772141405055e+20,1.0779847650992264e+32
iter_0610,1.0811113916493113e+32,7.546136372528608e+26,2.196640586497126e+24,3.697336417692988e+19,1.0811189597524594e+32
iter_0611,1.0134717301949961e+32,7.701212318816804e+26,2.242153647583897e+24,1.3040505545203173e+22,1.0134794539592563e+32
iter_0612,1.0743140810151607e+32,7.681623516324584e+26,2.152791037649006e+24,1.57136797751952e+20,1.074321784168159e+32
iter_0613,1.0707511480802356e+32,7.672550309735685e+26,2.528705477768968e+24,1.5528812954310545e+20,1.0707588459191528e+32
iter_0614,1.1194359811795413e+32,7.652258997135282e+26,2.3151491585780304e+24,1.6878340746768493e+21,1.1194436566069084e+32
iter_0615,1.0797959892136077e+32,7.693262480978446e+26,2.0540440784244976e+24,2.88392240580053e+20,1.0798037030194132e+32
iter_0616,1.0532654309824872e+32,7.607692043615576e+26,2.006442373955167e+24,2.88392240580053e+20,1.0532730587418384e+32
iter_0617,1.0263565141335704e+32,7.7408995421059e+26,2.516293510818457e+24,3.0133291804197834e+20,1.026364280199061e+32
iter_0618,1.1017916275413493e+32,7.688130145466963e+26,2.2174644201634551e+24,9.982808327771069e+19,1.1017993378471374e+32
iter_0619,1.104177129260481e+32,7.692723261948209e+26,2.0778107800620063e+24,7.487106245828303e+20,1.1041848427693377e+32
iter_0620,1.1222156056041107e+32,7.698057341937371e+26,2.3197845621749043e+24,7.579539656270625e+21,1.1222233269350939e+32
iter_0621,1.0735899895681895e+32,7.686030856451103e+26,2.4015433012031798e+24,1.3495277924579403e+20,1.0735976996158283e+32
iter_0622,1.093570272257064e+32,7.731676255079843e+26,2.2538837067023187e+24,2.031298141198437e+24,1.0935780467851376e+32
iter_0623,1.0194056308716151e+32,7.575902686747168e+26,2.013310227262941e+24,6.562772141405055e+20,1.0194132269139671e+32
iter_0624,1.0994292167754826e+32,7.64310936010283e+26,2.109106675241541e+24,7.487106245828303e+20,1.0994368809833968e+32
iter_0625,1.0760155053375602e+32,7.643686167948475e+26,2.3327357037768404e+24,8.817962489376882e+22,1.0760231732328812e+32
iter_0626,1.063978000935968e+32,7.736351032085551e+26,2.308554140681947e+24,2.031298141198437e+24,1.0639857806855228e+32
iter_0627,1.0860244247745573e+32,7.682688340908016e+26,2.3671108705393177e+24,3.0133291804197834e+20,1.0860321311370202e+32
iter_0628,1.1266401101590741e+32,7.577994221594656e+26,2.347391296552049e+24,6.562772141405055e+20,1.1266477116337714e+32
iter_0629,1.0515920728519483e+32,7.691330400694194e+26,1.9890644534896113e+24,1.3421331196225545e+22,1.051599784207207e+32
iter_0630,1.1032628229839413e+32,7.657864762961136e+26,2.1622934885539366e+24,1.5528812954310545e+20,1.1032705024731921e+32
iter_0631,1.0528066582479981e+32,7.590209178449277e+26,2.1239742497135394e+24,4.288910244523867e+20,1.052814269701208e+32
iter_0632,1.0636201873922197e+32,7.74667793091317e+26,2.1637605000193227e+24,1.970661823948275e+23,1.0636279576784174e+32
iter_0633,1.073393098658425e+32,7.663507506795775e+26,2.1008158000080625e+24,2.88392240580053e+20,1.0734007831769737e+32
iter_0634,1.0841833009421735e+32,7.659060867339196e+26,2.2616412968324935e+24,2.88392240580053e+20,1.0841909826223378e+32
iter_0635,1.1109807132297645e+32,7.57655866598473e+26,2.2507203843739449e+24,1.6878340746768493e+21,1.1109883123125128e+32
iter_0636,1.0424248918874558e+32,7.74924836866969e+26,2.1689991155936382e+24,3.697336417692988e+19,1.0424326628261853e+32
iter_0637,1.1030525593004954e+32,7.629313662435311e+26,2.3345804122751994e+24,1.0352541969540366e+20,1.1030602119609972e+32
iter_0638,1.0712444408164875e+32,7.67631046329618e+26,2.2800070595257263e+24,1.6878340746768493e+21,1.0712521399438999e+32
iter_0639,1.1159439922440927e+32,7.732237141587429e+26,2.1156038815676855e+24,9.982808327771069e+19,1.1159517456382714e+32
iter_0640,1.101983018731344e+32,7.631847643590646e+26,2.6712606252850814e+24,1.57136797751952e+20,1.1019906772931653e+32
iter_0641,1.0997857469047973e+32,7.539417263212696e+26,2.0465912594967558e+24,1.6878340746768493e+21,1.0997933068048515e+32
iter_0642,1.0602298944055604e+32,7.659798582744331e+26,2.0023481641454752e+24,1.6878340746768493e+21,1.0602375742445033e+32
iter_0643,1.1002058845150841e+32,7.75325191993811e+26,2.2698342761777079e+24,1.0722275611309665e+20,1.100213660466419e+32
iter_0644,1.0733589904369602e+32,7.565363450027745e+26,2.3592215070015933e+24,4.436803701231583e+19,1.073366579393069e+32
iter_0645,1.0912866780613858e+32,7.625538384502633e+26,2.3574522537255212e+24,7.579539656270625e+21,1.0912943272500883e+32
iter_0646,1.1245310559727034e+32,7.742219710183017e+26,2.4478829044921064e+24,3.0133291804197834e+20,1.124538822674256e+32
iter_0647,1.0827910280626057e+32,7.691146255804881e+26,2.6285355124067806e+24,3.0133291804197834e+20,1.0827987454972298e+32
iter_0648,1.084151855967687e+32,7.57603658848625e+26,2.1208489188420134e+24,1.57136797751952e+20,1.0841594532143362e+32
iter_0649,1.1322710256356382e+32,7.566019158328534e+26,2.348475131171473e+24,1.3040505545203173e+22,1.1322786152699528e+32
iter_0650,1.0575807454685102e+32,7.732290921020946e+26,2.2386410221485542e+24,4.436803701231583e+19,1.057588500146285e+32
iter_0651,1.07231499331752e+32,7.701444382150815e+26,2.3284313507872276e+24,2.2923485789696528e+20,1.0723227180485081e+32
iter_0652,1.069960061496416e+32,7.692768495462216e+26,2.2510586278260233e+24,1.0352541969540366e+20,1.069967776776533e+32
iter_0653,1.106850356802732e+32,7.688474073968446e+26,2.1702657967179267e+24,7.579539656270625e+21,1.1068580670552594e+32
iter_0654,1.0737357958281422e+32,7.711093046024305e+26,2.54369676754619e+24,1.5528812954310545e+20,1.0737435323597088e+32
iter_0655,1.0518265500613348e+32,7.642041189187308e+26,2.2499897512536541e+24,8.817962489376882e+22,1.0518342154842177e+32
iter_0656,1.1288013814767182e+32,7.69538027605588e+26,2.333188530788402e+24,3.660363053516056e+20,1.1288091001925399e+32
iter_0657,1.095118201632548e+32,7.689123935728398e+26,2.359430989709312e+24,1.5288486087160501e+21,1.0951259143660819e+32
iter_0658,1.0994026247786645e+32,7.514153954558529e+26,2.2841172090694582e+24,1.3040505545203173e+22,1.0994101619041962e+32
iter_0659,1.0959032027931676e+32,7.757101540527656e+26,2.0752995655232268e+24,6.562772141405055e+20,1.0959109806542665e+32
iter_0660,1.1075537116814482e+32,7.681951623608201e+26,2.443865918700132e+24,1.3040505545203173e+22,1.107561418202136e+32
iter_0661,1.0719389954273299e+32,7.705821860966574e+26,2.418212796936052e+24,1.5528812954310545e+20,1.0719467254328717e+32
iter_0662,1.0648545198726266e+32,7.691701861300853e+26,2.329535213517356e+24,1.6878340746768493e+21,1.0648622348867186e+32
iter_0663,1.059690254131059e+32,7.679143665127171e+26,2.055230164127758e+24,1.5528812954310545e+20,1.0596979538285786e+32
iter_0664,1.0826838039022269e+32,7.601849741370201e+26,2.118924504341079e+24,3.660363053516056e+20,1.0826914269448737e+32
iter_0665,1.058474075111171e+32,7.68886465556906e+26,2.2702659698590996e+24,1.3495277924579403e+20,1.0584817866798358e+32
iter_0666,1.0348310320544462e+32,7.722695287354021e+26,2.2495596295761818e+24,2.031298141198437e+24,1.0348387975583113e+32
iter_0667,1.0884684513971993e+32,7.803778682111605e+26,2.313013829556605e+24,3.697336417692988e+19,1.0884762783063893e+32
iter_0668,1.1206900131319084e+32,7.656764108230494e+26,2.2469778383759985e+24,1.57136797751952e+20,1.1206976923673665e+32
iter_0669,1.033055992371512e+32,7.642162216251276e+26,2.328263226732743e+24,3.0133291804197834e+20,1.0330636578193737e+32
iter_0670,1.1013329755750343e+32,7.761639517810439e+26,2.3900591414335085e+24,1.5528812954310545e+20,1.1013407611166963e+32
iter_0671,1.0605911704285022e+32,7.736373578651119e+26,1.952882213332609e+24,9.982808327771069e+19,1.0605989263319014e+32
iter_0672,1.0576535321754013e+32,7.683738273644984e+26,2.1904351404482087e+24,1.3495277924579403e+20,1.0576612378193758e+32
iter_0673,1.0689556870659524e+32,7.649885844516025e+26,2.3512849090896992e+24,2.2923485789696528e+20,1.0689633604669384e+32
iter_0674,1.0746440481312915e+32,7.702409559219384e+26,1.9819688468587204e+24,3.697336417692988e+19,1.0746517703609089e+32
iter_0675,1.1022009350796067e+32,7.532125066057177e+26,2.3890765810083137e+24,2.2923485789696528e+20,1.1022084910977308e+32
iter_0676,1.1003584896518036e+32,7.578515957787962e+26,2.1317034165321868e+24,6.562772141405055e+20,1.1003660894913584e+32
iter_0677,1.0658924033940422e+32,7.789806541052996e+26,1.9571042121910602e+24,1.5528812954310545e+20,1.0659002127731782e+32
iter_0678,1.1358688518495327e+32,7.614005360196424e+26,2.2945031327113205e+24,4.436803701231583e+19,1.1358764888003679e+32
iter_0679,1.0827349490255792e+32,7.774958017976805e+26,2.4111370273915947e+24,1.57136797751952e+20,1.0827427480965387e+32
iter_0680,1.0708535913121435e+32,7.694638765130413e+26,2.2039090178670276e+24,7.487106245828303e+20,1.070861307997486e+32
iter_0681,1.069158579981288e+32,7.546373616848552e+26,1.9470879393790306e+24,1.6878340746768493e+21,1.0691661458426627e+32
iter_0682,1.0484602290122575e+32,7.798274396082751e+26,2.0944436000721832e+24,3.697336417692988e+19,1.048468048231459e+32
iter_0683,1.0876671641774564e+32,7.625801953707268e+26,2.3659235981899904e+24,8.00473334430532e+20,1.0876748136466509e+32
iter_0684,1.0798181849882353e+32,7.59811011441955e+26,2.3030352619847305e+24,9.243341044232467e+20,1.0798258061379457e+32
iter_0685,1.0566294274845761e+32,7.647138438036799e+26,2.312214356956647e+24,8.817962489376882e+22,1.0566370986269539e+32
iter_0686,1.045596215247413e+32,7.560103726326482e+26,2.048159652810037e+24,4.436803701231583e+19,1.0456037958331795e+32
iter_0687,1.1066030891114199e+32,7.638175164142934e+26,2.140054592080632e+24,8.817962489376882e+22,1.1066107495689261e+32
iter_0688,1.0506772530683048e+32,7.727124744587294e+26,2.3109471639990133e+24,3.0133291804197834e+20,1.0506850033055344e+32
iter_0689,1.1126789959932723e+32,7.67645429614747e+26,2.3308398189240237e+24,2.2923485789696528e+20,1.112686695758259e+32
iter_0690,1.089934051701053e+32,7.676748721626674e+26,2.3374872790198633e+24,1.0722275611309665e+20,1.0899417518257196e+32
iter_0691,1.0699739241966151e+32,7.630111904005218e+26,2.343456170467784e+24,2.2923485789696528e+20,1.0699815777453731e+32
iter_0692,1.0972543596729389e+32,7.681403055648761e+26,2.1705002787175845e+24,1.3495277924579403e+20,1.0972620627823467e+32
iter_0693,1.0152830370247187e+32,7.67229096400495e+26,2.2529354617555304e+24,2.2923485789696528e+20,1.0152907318473296e+32
iter_0694,1.0782826705307408e+32,7.647124138729995e+26,2.3084313190460713e+24,2.2923485789696528e+20,1.078290340741485e+32
iter_0695,1.06637390146842e+32,7.840986437199516e+26,2.3900339532059127e+24,9.243341044232467e+20,1.0663817663644402e+32
iter_0696,1.110323445294768e+32,7.641440591487456e+26,2.3293125404529585e+24,4.288910244523867e+20,1.1103311100327738e+32
iter_0697,1.141735324640656e+32,7.669611913443585e+26,2.113437749485983e+24,3.660363053516056e+20,1.1417430153906074e+32
iter_0698,1.0618768256561198e+32,7.614283142975389e+26,2.243398454484302e+24,1.3421331196225545e+22,1.0618844625074608e+32
iter_0699,1.055194024870861e+32,7.735286074639968e+26,2.2863528862785572e+24,1.0722275611309665e+20,1.0552017830215369e+32
iter_0700,1.0190662995763282e+32,7.636180404975507e+26,2.403518064908941e+24,7.579539656270625e+21,1.0190739598677093e+32
iter_0701,1.0441531309050642e+32,7.639071913484483e+26,2.1012438323196637e+24,1.5288486087160501e+21,1.0441607910047045e+32
iter_0702,1.0792690521647783e+32,7.592518849102994e+26,2.2670435461358724e+24,1.3421331196225545e+22,1.0792766674882762e+32
iter_0703,1.0393012728973403e+32,7.657316440816524e+26,2.1543333490764835e+24,4.288910244523867e+20,1.0393089517614034e+32
iter_0704,1.1195994108608952e+32,7.66135151472395e+26,2.3238403173868872e+24,7.487106245828303e+20,1.1196070954583002e+32
iter_0705,1.0895640893726215e+32,7.694972237925669e+26,2.1823759251576388e+24,1.3040505545203173e+22,1.0895718062990236e+32
iter_0706,1.1212745760583714e+32,7.702091324007148e+26,2.2058098099045422e+24,6.562772141405055e+20,1.1212823002143562e+32
iter_0707,1.0645343053772484e+32,7.725598929477488e+26,1.9762453859571683e+24,3.0133291804197834e+20,1.064542050741645e+32
iter_0708,1.0689745629481876e+32,7.58663184693812e+26,2.1547290825177725e+24,1.57136797751952e+20,1.0689821711288967e+32
iter_0709,1.0964641343293326e+32,7.733705378660471e+26,2.4966987194805047e+24,1.5288486087160501e+21,1.0964718930169869e+32
iter_0710,1.0437133731227132e+32,7.65253223034317e+26,2.3395591288687515e+24,3.697336417692988e+19,1.0437210490509045e+32
iter_0711,1.0816649278269042e+32,7.795142397850875e+26,2.045635243221553e+24,9.982808327771069e+19,1.0816727434266528e+32
iter_0712,1.11259834735155e+32,7.700949120041595e+26,2.337774185930988e+24,8.00473334430532e+20,1.1126060716864166e+32
iter_0713,1.0695334932227762e+32,7.70216949645155e+26,2.4422461813383796e+24,1.3421331196225545e+22,1.069541219948948e+32
iter_0714,1.0785878144653894e+32,7.705656409917432e+26,2.3925133004785686e+24,3.697336417692988e+19,1.0785955440473021e+32
iter_0715,1.0685197626705863e+32,7.654552211755122e+26,2.1531243692833936e+24,1.6878340746768493e+21,1.06852743877092e+32
iter_0716,1.0568640860885826e+32,7.556556955518566e+26,2.1984587148950219e+24,9.982808327771069e+19,1.0568716646311237e+32
iter_0717,1.1099927090077945e+32,7.766012987571629e+26,2.3448625207701201e+24,1.6878340746768493e+21,1.1100004984862857e+32
iter_0718,1.065778631945883e+32,7.603690443113782e+26,2.148070603915054e+24,4.288910244523867e+20,1.065786257121321e+32
iter_0719,1.0718632616313317e+32,7.759893697420868e+26,2.3501626147423094e+24,8.817962489376882e+22,1.0718710459084515e+32
iter_0720,1.0630412669926391e+32,7.690411777895024e+26,2.337889223536881e+24,1.57136797751952e+20,1.0630489807848805e+32
iter_0721,1.0930285602218897e+32,7.661027544914289e+26,2.3935407244900212e+24,3.660363053516056e+20,1.0930362451885021e+32
iter_0722,1.1374987823861729e+32,7.723827762283545e+26,2.2972834596763668e+24,7.579539656270625e+21,1.1375065292625653e+32
iter_0723,1.074469771907347e+32,7.723149747257084e+26,2.1449730376660935e+24,8.817962489376882e+22,1.0744775173886208e+32
iter_0724,1.135714236290132e+32,7.626858868532498e+26,2.319204108051608e+24,2.031298141198437e+24,1.1357219066540229e+32
iter_0725,1.0931997116256872e+32,7.583802192282205e+26,2.151664300968798e+24,3.0133291804197834e+20,1.0932073169475357e+32
iter_0726,1.110789596489003e+32,7.696326986132283e+26,2.2648876368002853e+24,3.660363053516056e+20,1.1107973154685257e+32
iter_0727,1.0787230172983777e+32,7.761746729662482e+26,2.273613992691289e+24,8.00473334430532e+20,1.078730801789252e+32
iter_0728,1.0428748718454743e+32,7.609862326557836e+26,2.1886865197504927e+24,9.982808327771069e+19,1.0428825035956644e+32
iter_0729,1.1364817183428316e+32,7.647867541627511e+26,2.1739482971009036e+24,9.982808327771069e+19,1.1364893879508547e+32
iter_0730,1.1051596880225831e+32,7.761624472148047e+26,2.2662942013475308e+24,4.436803701231583e+19,1.1051674723104409e+32
iter_0731,1.1263504038394551e+32,7.685856962452448e+26,2.2396184081599167e+24,1.3421331196225545e+22,1.126358112226815e+32
iter_0732,1.0335435809931845e+32,7.812556241137162e+26,2.3855543236591295e+24,1.970661823948275e+23,1.0335514193756308e+32
iter_0733,1.0688188911627193e+32,7.635525241181954e+26,2.4731038061844115e+24,1.3040505545203173e+22,1.0688265515494034e+32
iter_0734,1.1081737148438553e+32,7.774049339159449e+26,2.2438686922126275e+24,3.697336417692988e+19,1.1081815113322511e+32
iter_0735,1.0828444570514397e+32,7.690719220001387e+26,2.2100400612833638e+24,2.2923485789696528e+20,1.0828521698733527e+32
iter_0736,1.0935489225421828e+32,7.565129433041256e+26,2.2720010178874008e+24,9.982808327771069e+19,1.0935565103926243e+32
iter_0737,1.0493253194100657e+32,7.675221457282253e+26,2.2679621586273286e+24,1.970661823948275e+23,1.0493330192818064e+32
iter_0738,1.0801297682010201e+32,7.670859724860602e+26,2.183736282208974e+24,1.57136797751952e+20,1.0801374608996792e+32
iter_0739,1.1329458444599653e+32,7.634718760171277e+26,2.285281872538844e+24,1.0722275611309665e+20,1.1329535020326164e+32
iter_0740,1.100729472466252e+32,7.698395350412608e+26,2.350383608971683e+24,1.5528812954310545e+20,1.1007371943669912e+32
iter_0741,1.1257757656283856e+32,7.67420334463997e+26,2.4650259236968044e+24,1.5288486087160501e+21,1.1257834644972779e+32
iter_0742,1.0461342409879199e+32,7.592409950994328e+26,2.097796724795917e+24,1.970661823948275e+23,1.0461418563465e+32
iter_0743,1.108592728738805e+32,7.663106777576776e+26,1.9497233064178043e+24,1.5528812954310545e+20,1.1086004113443684e+32
iter_0744,1.0938688858274079e+32,7.662417540955781e+26,2.3507649334539395e+24,2.88392240580053e+20,1.093876571755482e+32
iter_0745,1.0937335877560794e+32,7.661308925845813e+26,2.2386164874736292e+24,1.0352541969540366e+20,1.0937412714522053e+32
iter_0746,1.1020419922310797e+32,7.670938559333436e+26,2.192433799118475e+24,7.579539656270625e+21,1.1020496851697724e+32
iter_0747,1.096939314675299e+32,7.653297630714763e+26,2.0857353519318718e+24,7.579539656270625e+21,1.0969469889060788e+32
iter_0748,1.083130486719699e+32,7.773428466643322e+26,2.03539146041327e+24,1.6878340746768493e+21,1.0831382805189587e+32
iter_0749,1.1281629053054544e+32,7.753082990381224e+26,2.0726912607711714e+24,1.970661823948275e+23,1.1281706810860193e+32
iter_0750,1.0763404615076274e+32,7.775624306597806e+26,2.0571597394498647e+24,1.5288486087160501e+21,1.0763482577188198e+32
iter_0751,1.0749391851639996e+32,7.712665874490109e+26,2.0614875000521825e+24,3.697336417692988e+19,1.0749469184451186e+32
iter_0752,1.1149453827097848e+32,7.586535206210115e+26,2.2290733103654347e+24,2.031298141198437e+24,1.1149530118487055e+32
iter_0753,1.0831501839816255e+32,7.696138407166033e+26,2.5416043036835856e+24,1.0352541969540366e+20,1.083157905537111e+32
iter_0754,1.09974936147625e+32,7.749803366854375e+26,2.5191111890411943e+24,1.5528812954310545e+20,1.0997571364722815e+32
iter_0755,1.055152605981922e+32,7.634830092998099e+26,2.122849851004006e+24,2.031298141198437e+24,1.0551602823534948e+32
iter_0756,1.0580872088486245e+32,7.638463407606936e+26,2.355117094889361e+24,6.562772141405055e+20,1.0580948708697658e+32
iter_0757,1.073987419412728e+32,7.74178416878743e+26,2.3235544269984327e+24,9.982808327771069e+19,1.0739951844334393e+32
iter_0758,1.1517183962386694e+32,7.75696785921147e+26,2.164987361003599e+24,3.697336417692988e+19,1.1517261748567719e+32
iter_0759,1.081386350232426e+32,7.739015844601758e+26,2.1884728342519372e+24,1.5288486087160501e+21,1.0813941111482873e+32
iter_0760,1.0530901255428491e+32,7.642659409991133e+26,2.1505044728408252e+24,2.88392240580053e+20,1.0530977897101878e+32
iter_0761,1.0182805914741383e+32,7.656051961879201e+26,2.3576605117549579e+24,1.3040505545203173e+22,1.0182882712331102e+32
iter_0762,1.0623149834474318e+32,7.738172160583724e+26,2.1900124310524794e+24,1.3040505545203173e+22,1.0623227436501216e+32
iter_0763,1.101686308317941e+32,7.71824124710809e+26,2.1401282502924814e+24,1.3040505545203173e+22,1.1016940480908756e+32
iter_0764,1.0514841884242431e+32,7.6798481929083e+26,2.2875664451956726e+24,1.970661823948275e+23,1.0514918931187624e+32
iter_0765,1.0738205764346332e+32,7.598185242666699e+26,2.0142092350861292e+24,3.0133291804197834e+20,1.0738281947649815e+32
iter_0766,1.063357401265867e+32,7.764853811352558e+26,2.445744538292466e+24,2.2923485789696528e+20,1.0633651905794161e+32
iter_0767,1.043961770056624e+32,7.644374140981732e+26,2.2307806160154217e+24,1.3040505545203173e+22,1.043969436868976e+32
iter_0768,1.0799437058666897e+32,7.706478475395606e+26,2.3598682684110726e+24,2.88392240580053e+20,1.0799514359467316e+32
iter_0769,1.0812343689583286e+32,7.722850384130276e+26,2.4000055603955342e+24,1.5528812954310545e+20,1.0812421158103212e+32
iter_0770,1.0823039554656825e+32,7.56469262595699e+26,2.0852605366017306e+24,4.288910244523867e+20,1.0823115410152028e+32
iter_0771,1.0309280375190304e+32,7.714864955522382e+26,2.127279741260572e+24,3.0133291804197834e+20,1.0309357736597964e+32
iter_0772,1.087178437807684e+32,7.722469313885772e+26,2.1107472893161708e+24,1.5288486087160501e+21,1.0871861813997592e+32
iter_0773,1.0896356060988041e+32,7.732516196820713e+26,2.468365625842002e+24,7.487106245828303e+20,1.0896433633061444e+32
iter_0774,1.0986169506329952e+32,7.665340308157654e+26,2.3072029387540607e+24,8.00473334430532e+20,1.0986246390533375e+32
iter_0775,1.0740394680059662e+32,7.593503898605947e+26,2.3409813984989075e+24,7.579539656270625e+21,1.074047084995474e+32
iter_0776,1.0963283876582935e+32,7.623082194623872e+26,2.2842633726106017e+24,6.562772141405055e+20,1.0963360335896847e+32
iter_0777,1.1119969780460878e+32,7.675860908775773e+26,2.491636078684448e+24,3.697336417692988e+19,1.112004678823727e+32
iter_0778,1.0546586937081391e+32,7.687807070823323e+26,2.1124320694449048e+24,1.3421331196225545e+22,1.0546664027737441e+32
iter_0779,1.0581248527171898e+32,7.558380429159296e+26,2.2572489628501658e+24,1.970661823948275e+23,1.0581324356407707e+32
iter_0780,1.0727999226703604e+32,7.781508221248501e+26,2.289039318645083e+24,4.288910244523867e+20,1.0728077270732638e+32
iter_0781,1.0853836871691345e+32,7.650711964919916e+26,2.005685631692633e+24,1.0352541969540366e+20,1.0853913579389909e+32
iter_0782,1.0763821436799674e+32,7.687986059389062e+26,2.0181696244125206e+24,2.031298141198437e+24,1.0763898721607044e+32
iter_0783,1.113019947048135e+32,7.652147498944998e+26,2.1339077367744926e+24,8.00473334430532e+20,1.113027620542716e+32
iter_0784,1.1184260961794415e+32,7.721444484168894e+26,2.4635803682106515e+24,1.57136797751952e+20,1.1184338422613006e+32
iter_0785,1.1039103324475548e+32,7.594798099004662e+26,2.280311837320881e+24,2.88392240580053e+20,1.103917950051656e+32
iter_0786,1.1374532648755145e+32,7.713382159060737e+26,2.0271637597975307e+24,9.243341044232467e+20,1.1374609985385546e+32
iter_0787,1.1274663120208848e+32,7.731459935507695e+26,2.2733666287386428e+24,7.487106245828303e+20,1.1274740662219738e+32
iter_0788,1.1048782493877703e+32,7.806862047670697e+26,2.3322418696001918e+24,8.817962489376882e+22,1.1048860804540328e+32
iter_0789,1.0922611456688848e+32,7.609452807358968e+26,1.9538440087652463e+24,1.970661823948275e+23,1.0922687766307942e+32
iter_0790,1.038265671775848e+32,7.556494884796697e+26,1.9607238528248023e+24,1.5528812954310545e+20,1.0382732478795241e+32
iter_0791,1.085958843841902e+32,7.676493711398012e+26,2.0870595232555259e+24,6.562772141405055e+20,1.0859665412127714e+32
iter_0792,1.0725050166925892e+32,7.670703203247938e+26,2.222911903806095e+24,7.579539656270625e+21,1.072512709700707e+32
iter_0793,1.08743550597211e+32,7.616350427391847e+26,2.175691515584563e+24,9.982808327771069e+19,1.087443144080451e+32
iter_0794,1.1125310468565978e+32,7.661718098799585e+26,2.2190368532897295e+24,1.3421331196225545e+22,1.1125387308992784e+32
iter_0795,1.0768619890065336e+32,7.747048698041551e+26,2.408618430665549e+24,4.288910244523867e+20,1.0768697601457048e+32
iter_0796,1.1071237270002586e+32,7.7150211634659e+26,2.0558036141773227e+24,1.3495277924579403e+20,1.1071314625808077e+32
iter_0797,1.0683246149621146e+32,7.73661611598506e+26,2.2718543730013812e+24,1.3421331196225545e+22,1.0683323744309877e+32
iter_0798,1.1101013285812726e+32,7.813179506162948e+26,2.2848643528265582e+24,1.3421331196225545e+22,1.1101091647436357e+32
iter_0799,1.1249194522156972e+32,7.656083992610663e+26,2.474613639405091e+24,4.288910244523867e+20,1.124927133050115e+32
iter_0800,1.0512158875398901e+32,7.550955727381058e+26,2.3250220443964602e+24,1.57136797751952e+20,1.0512234617474092e+32
iter_0801,1.1151032062506484e+32,7.787765580576346e+26,2.3302574362926444e+24,4.436803701231583e+19,1.115111017319247e+32
iter_0802,1.122986454543171e+32,7.572850419322073e+26,2.146401396409341e+24,3.697336417692988e+19,1.122994048857974e+32
iter_0803,1.0312448418080158e+32,7.706026068984415e+26,2.3336870503546701e+24,7.579539656270625e+21,1.0312525712467508e+32
iter_0804,1.1397011130117712e+32,7.582219019421244e+26,2.2548121105044245e+24,2.88392240580053e+20,1.1397087177817957e+32
iter_0805,1.109854941032337e+32,7.761077690630374e+26,2.3354245307700516e+24,1.3421331196225545e+22,1.1098627255984863e+32
iter_0806,1.0939889320944027e+32,7.577774268535578e+26,2.1840986305359157e+24,9.243341044232467e+20,1.093996531718901e+32
iter_0807,1.0688263953599991e+32,7.506149461600952e+26,2.465392808945507e+24,9.243341044232467e+20,1.0688339261726322e+32
iter_0808,1.059261464572988e+32,7.6729350644172e+26,2.130129726610624e+24,2.031298141198437e+24,1.059269179122331e+32
iter_0809,1.0723168206314422e+32,7.622622930215822e+26,2.3854705225299437e+24,9.982808327771069e+19,1.072324467110076e+32
iter_0810,1.127620799194098e+32,7.678617581880099e+26,2.1414179543339355e+24,1.3495277924579403e+20,1.1276284992272088e+32
iter_0811,1.1011162639372375e+32,7.722985858033783e+26,2.293725990773627e+24,1.3495277924579403e+20,1.1011240098617048e+32
iter_0812,1.1026386375286954e+32,7.700321515026308e+26,2.3651125371961606e+24,1.0352541969540366e+20,1.1026463615023711e+32
iter_0813,1.1171970050462043e+32,7.70092759179328e+26,2.144380172561359e+24,7.487106245828303e+20,1.117204727425085e+32
iter_0814,1.096878497621979e+32,7.507760781992601e+26,2.3037158482346726e+24,3.660363053516056e+20,1.09688602842358e+32
iter_0815,1.073326284022165e+32,7.682677369056409e+26,2.483486057276645e+24,6.562772141405055e+20,1.0733339915409573e+32
iter_0816,1.1251526133682236e+32,7.47940443032145e+26,2.2853690239157644e+24,1.970661823948275e+23,1.1251601175970062e+32
iter_0817,1.1153733252014027e+32,7.739167058970295e+26,2.2377469694133003e+24,6.562772141405055e+20,1.115381086752494e+32
iter_0818,1.0769291086985846e+32,7.676102365619192e+26,2.2057937075986345e+24,1.5528812954310545e+20,1.07693680686044e+32
iter_0819,1.0841008013032258e+32,7.594833867225494e+26,2.2008806963471147e+24,7.487106245828303e+20,1.0841084181533871e+32
iter_0820,1.063314386324901e+32,7.720778367665415e+26,2.1520721670980192e+24,1.5528812954310545e+20,1.0633221286255433e+32
iter_0821,1.0564631097782638e+32,7.729159981287108e+26,2.418014084832432e+24,1.5528812954310545e+20,1.0564708631199388e+32
iter_0822,1.1126469620493425e+32,7.810430859637135e+26,2.0841081879379235e+24,1.0352541969540366e+20,1.1126547933223193e+32
iter_0823,1.1410038011199934e+32,7.77929477149521e+26,2.3093904537483e+24,1.3040505545203173e+22,1.1410116036390744e+32
iter_0824,1.0762000538228736e+32,7.626895363808029e+26,2.1309969574120802e+24,1.970661823948275e+23,1.0762077039988689e+32
iter_0825,1.0929379611156625e+32,7.721434346659028e+26,2.1042365664392664e+24,3.660363053516056e+20,1.0929457035960352e+32
iter_0826,1.09711510225867e+32,7.784326488931317e+26,2.504380445024504e+24,1.0722275611309665e+20,1.0971229116300357e+32
iter_0827,1.0767439052908262e+32,7.786263528745456e+26,2.3914943031906995e+24,2.88392240580053e+20,1.076751715472182e+32
iter_0828,1.0948888788879401e+32,7.73247439703641e+26,2.4171135793916966e+24,2.2923485789696528e+20,1.0948966355357653e+32
iter_0829,1.1118882888887137e+32,7.501608294915316e+26,2.0837561817413218e+24,1.0352541969540366e+20,1.1118958113356059e+32
iter_0830,1.065684083716022e+32,7.615858177916207e+26,1.9418493852697966e+24,9.982808327771069e+19,1.065691718993692e+32
iter_0831,1.071409831260364e+32,7.731539086661268e+26,2.1507148767751317e+24,1.57136797751952e+20,1.071417584308171e+32
iter_0832,1.0360213002445895e+32,7.52644728104412e+26,2.3131305849436195e+24,1.0722275611309665e+20,1.0360288498242486e+32
iter_0833,1.0376058026325528e+32,7.738367290972494e+26,2.27868776439412e+24,8.00473334430532e+20,1.037613563794726e+32
iter_0834,1.1299698430661402e+32,7.761301508430389e+26,2.435263586142093e+24,7.579539656270625e+21,1.1299776287960799e+32
iter_0835,1.113771688822945e+32,7.8361083274779e+26,2.1764742516482255e+24,1.0722275611309665e+20,1.113779546697087e+32
iter_0836,1.1117569036219844e+32,7.718905370058302e+26,2.1159625109832764e+24,3.660363053516056e+20,1.11176464369064e+32
iter_0837,1.0932063161365945e+32,7.619920598257599e+26,2.0962632161683663e+24,1.0352541969540366e+20,1.0932139570208601e+32
iter_0838,1.0711049650124645e+32,7.758113405236165e+26,2.299966601973508e+24,3.0133291804197834e+20,1.071112746128549e+32
iter_0839,1.0796193714435608e+32,7.632119487543751e+26,2.3094070090929774e+24,7.487106245828303e+20,1.0796270266646056e+32
iter_0840,1.0643355279109565e+32,7.678169146658828e+26,2.123477537832389e+24,9.982808327771069e+19,1.064343227315877e+32
iter_0841,1.0878874885981304e+32,7.706924459246559e+26,2.2219654718667675e+24,8.00473334430532e+20,1.087895217750249e+32
iter_0842,1.0919017150369824e+32,7.609278762060168e+26,2.411300392920246e+24,9.982808327771069e+19,1.0919093484297468e+32
iter_0843,1.0836675699657385e+32,7.661526169590556e+26,2.4496586122973744e+24,3.0133291804197834e+20,1.0836752559915075e+32
iter_0844,1.0319531285972165e+32,7.842560311424618e+26,2.17120393198002e+24,2.88392240580053e+20,1.0319609928724512e+32
iter_0845,1.087246309351469e+32,7.785685931281792e+26,2.33345269384645e+24,7.487106245828303e+20,1.0872541183794143e+32
iter_0846,1.0602794712841579e+32,7.541249901646197e+26,2.0075719723780526e+24,9.243341044232467e+20,1.0602870326190225e+32
iter_0847,1.1224215952287096e+32,7.708495530394753e+26,2.1971124893184182e+24,1.57136797751952e+20,1.1224293256969363e+32
iter_0848,1.0617106472110708e+32,7.817667220821044e+26,2.2993459166274617e+24,8.817962489376882e+22,1.061718488753547e+32
iter_0849,1.1435992252723315e+32,7.650525149205258e+26,2.2705180170551226e+24,2.88392240580053e+20,1.1436068985055448e+32
iter_0850,1.1125777742909121e+32,7.716363315132742e+26,2.328796252637126e+24,9.982808327771069e+19,1.1125855139431881e+32
iter_0851,1.1199181405839156e+32,7.66718558690162e+26,2.263457734354431e+24,7.579539656270625e+21,1.1199258304798752e+32
iter_0852,1.12116256361812e+32,7.634490498742949e+26,2.0449370347707844e+24,7.579539656270625e+21,1.1211702186337844e+32
iter_0853,1.0575031023570664e+32,7.736954347564681e+26,2.25509715627377e+24,3.0133291804197834e+20,1.0575108618653988e+32
iter_0854,1.1357344358026073e+32,7.843157280745998e+26,2.1865987859051653e+24,3.0133291804197834e+20,1.1357423008288892e+32
iter_0855,1.0809515152631676e+32,7.708198939636298e+26,2.144256610030028e+24,7.579539656270625e+21,1.0809592449804688e+32
iter_0856,1.0504774297404266e+32,7.655664703378437e+26,2.1076320267852323e+24,8.817962489376882e+22,1.0504851073632465e+32
iter_0857,1.0444231451178255e+32,7.65977124937197e+26,2.1612708623623003e+24,1.3040505545203173e+22,1.0444308266321885e+32
iter_0858,1.040187566454565e+32,7.608134781574657e+26,2.0740699994923268e+24,3.697336417692988e+19,1.0401951953304162e+32
iter_0859,1.112183903207836e+32,7.664815881681135e+26,2.3116783642061514e+24,1.5288486087160501e+21,1.1121915911557898e+32
iter_0860,1.0576862936197145e+32,7.593768844802585e+26,2.355131100522967e+24,6.562772141405055e+20,1.0576939109464332e+32
iter_0861,1.0846216418423101e+32,7.632218908554765e+26,2.269518675269425e+24,1.57136797751952e+20,1.0846292967579767e+32
iter_0862,1.1276485625530129e+32,7.801275186229203e+26,2.2339530600629945e+24,1.57136797751952e+20,1.1276563861693011e+32
iter_0863,1.0878652343692173e+32,7.684910592844844e+26,2.3902000038082208e+24,3.697336417692988e+19,1.0878729431821799e+32
iter_0864,1.095139305501013e+32,7.679302366119701e+26,2.1502113402645984e+24,4.436803701231583e+19,1.0951470063059363e+32
iter_0865,1.1335145318880225e+32,7.50968128387444e+26,2.0149881470435233e+24,7.487106245828303e+20,1.133522061726675e+32
iter_0866,1.0418254082798074e+32,7.73186095065733e+26,2.3600678334375944e+24,1.6878340746768493e+21,1.0418331637583147e+32
iter_0867,1.0825887273003288e+32,7.625288036741383e+26,1.7858551415775446e+24,2.88392240580053e+20,1.0825963704498009e+32
iter_0868,1.0689411415448218e+32,7.689362592382999e+26,2.0392484922604317e+24,4.436803701231583e+19,1.0689488513003427e+32
iter_0869,1.0925603749566813e+32,7.65255987329744e+26,2.302313639362815e+24,1.0722275611309665e+20,1.0925680505407632e+32
iter_0870,1.0519997073750176e+32,7.544237170563985e+26,2.3091927217926192e+24,1.0352541969540366e+20,1.0520072747051506e+32
iter_0871,1.1072870629687538e+32,7.776314525261439e+26,2.386744396995834e+24,9.243341044232467e+20,1.1072948631599663e+32
iter_0872,1.0690200286293986e+32,7.682519435895284e+26,2.1898293399177003e+24,8.00473334430532e+20,1.0690277330551326e+32
iter_0873,1.112738744988758e+32,7.632692766318389e+26,2.1913015783629043e+24,1.57136797751952e+20,1.1127463995961113e+32
iter_0874,1.0613915371096888e+32,7.643043200310197e+26,2.1950154421562428e+24,1.3421331196225545e+22,1.061399202237257e+32
iter_0875,1.0985077597286666e+32,7.684121452574269e+26,2.3070699331319116e+24,1.5528812954310545e+20,1.0985154669223713e+32
iter_0876,1.0570212755516155e+32,7.578348163822317e+26,2.2717899572453847e+24,7.579539656270625e+21,1.0570288766934744e+32
iter_0877,1.0945936256687657e+32,7.685473050682684e+26,2.1637650586037348e+24,1.970661823948275e+23,1.0946013347501287e+32
iter_0878,1.0358064519792607e+32,7.72337254844692e+26,2.0419294423214454e+24,3.660363053516056e+20,1.0358141957747639e+32
iter_0879,1.0712019459056298e+32,7.579870318005273e+26,1.8675819594134893e+24,1.3421331196225545e+22,1.0712095445859809e+32
iter_0880,1.1036843381481812e+32,7.683731276061909e+26,2.1724215238462723e+24,8.00473334430532e+20,1.1036920436116773e+32
iter_0881,1.0913473202473402e+32,7.662593905914565e+26,1.9477971405286706e+24,1.3495277924579403e+20,1.091355002320567e+32
iter_0882,1.0826219001659098e+32,7.700051505257654e+26,2.2809663307273267e+24,9.243341044232467e+20,1.0826296230363218e+32
iter_0883,1.1272853915888991e+32,7.661003169394745e+26,2.279119545493708e+24,1.5528812954310545e+20,1.1272930753848169e+32
iter_0884,1.0537598167486512e+32,7.642911821179951e+26,2.1324930269446528e+24,3.697336417692988e+19,1.0537674809857722e+32
iter_0885,1.05698130990654e+32,7.700349828222605e+26,2.3453835485034392e+24,1.5288486087160501e+21,1.0569890337254923e+32
iter_0886,1.081549973078255e+32,7.699533694484632e+26,2.444333332609306e+24,2.2923485789696528e+20,1.081557697057575e+32
iter_0887,1.1342655550501122e+32,7.782362364409652e+26,2.2542173099267125e+24,1.0352541969540366e+20,1.134273359955685e+32
iter_0888,1.0778392573632029e+32,7.575474186203392e+26,2.1618885061745908e+24,7.579539656270625e+21,1.0778468545320696e+32
iter_0889,1.09201233628399e+32,7.64814917272641e+26,2.3015712161513167e+24,7.487106245828303e+20,1.0920200074563622e+32
iter_0890,1.0752887911935325e+32,7.681735207621034e+26,2.2781597673382277e+24,2.88392240580053e+20,1.0752964957132216e+32
iter_0891,1.0791243543918624e+32,7.64289828340575e+26,2.0980398314929657e+24,4.436803701231583e+19,1.0791320182709878e+32
iter_0892,1.0444783773097214e+32,7.61178142280156e+26,2.2586695163342948e+24,8.00473334430532e+20,1.044486011685844e+32
iter_0893,1.123715046578956e+32,7.662631697057964e+26,2.256717321274282e+24,4.288910244523867e+20,1.1237227317821151e+32
iter_0894,1.1018332106013714e+32,7.500800425642309e+26,2.2359694321506813e+24,1.3040505545203173e+22,1.1018407338918962e+32
iter_0895,1.0915697996013675e+32,7.49725042031083e+26,2.2777602381711852e+24,2.2923485789696528e+20,1.0915773196316825e+32
iter_0896,1.0719196859436732e+32,7.696282734073275e+26,2.261032623481476e+24,9.243341044232467e+20,1.071927404845977e+32
iter_0897,1.0285740767190861e+32,7.753476679042288e+26,2.135415015404261e+24,9.982808327771069e+19,1.0285818515509137e+32
iter_0898,1.0579005520931059e+32,7.739888918970804e+26,2.0379670003954055e+24,1.970661823948275e+23,1.0579083143323566e+32
iter_0899,1.0827414140782798e+32,7.549941751517288e+26,2.003545210238446e+24,1.3040505545203173e+22,1.0827489841858884e+32
iter_0900,1.078044042788079e+32,7.874603473216229e+26,2.222490213780628e+24,2.031298141198437e+24,1.0780519599294357e+32
iter_0901,1.1335490332518946e+32,7.606235850305952e+26,2.128174533416103e+24,2.88392240580053e+20,1.1335566607723742e+32
iter_0902,1.0825873744284203e+32,7.649484701469174e+26,2.3645821877408782e+24,8.817962489376882e+22,1.0825950484407396e+32
iter_0903,1.0483307096182498e+32,7.745252728971964e+26,2.3930484894349985e+24,6.562772141405055e+20,1.0483384788080265e+32
iter_0904,1.0988314065464499e+32,7.697300080188806e+26,1.9719192082402078e+24,9.982808327771069e+19,1.0988391235667204e+32
iter_0905,1.1665290949812022e+32,7.541622577420206e+26,2.515502243877599e+24,2.031298141198437e+24,1.1665366820717832e+32
iter_0906,1.088853982707141e+32,7.777626274424298e+26,2.2406222234224762e+24,3.697336417692988e+19,1.0888617827400073e+32
iter_0907,1.1061839454607238e+32,7.698962510243731e+26,2.0527246781808384e+24,3.660363053516056e+20,1.1061916649541412e+32
iter_0908,1.0740621770449365e+32,7.56805279247835e+26,2.242362431219641e+24,2.2923485789696528e+20,1.0740697675236456e+32
iter_0909,1.0470284728885263e+32,7.605564417898389e+26,2.4486403924425856e+24,8.00473334430532e+20,1.0470361029473528e+32
iter_0910,1.020995730181556e+32,7.704949320363368e+26,2.2542810615680032e+24,8.817962489376882e+22,1.0210034585554832e+32
iter_0911,1.0887291502348132e+32,7.649436645598698e+26,2.1043111443948375e+24,3.660363053516056e+20,1.0887368207182306e+32
iter_0912,1.0510571236726184e+32,7.68851985223218e+26,2.517635014652369e+24,1.57136797751952e+20,1.0510648373703921e+32
iter_0913,1.0812375133126336e+32,7.805106885588839e+26,2.1252281757996443e+24,3.660363053516056e+20,1.0812453396754613e+32
iter_0914,1.0878656719915669e+32,7.700955447843038e+26,2.202389537255312e+24,4.436803701231583e+19,1.0878733949713538e+32
iter_0915,1.1057467051009342e+32,7.644487190518193e+26,1.956577497621932e+24,3.660363053516056e+20,1.10575436915756e+32
iter_0916,1.0823509351919773e+32,7.698865389494559e+26,2.442601078420285e+24,1.970661823948275e+23,1.0823586604540396e+32
iter_0917,1.1202850104442764e+32,7.766204154838863e+26,2.0866335297335638e+24,1.57136797751952e+20,1.1202927975163378e+32
iter_0918,1.092698493747025e+32,7.707624549992421e+26,2.300973027125942e+24,3.660363053516056e+20,1.0927062243849657e+32
iter_0919,1.0744249790899294e+32,7.707746737692458e+26,2.211112050523623e+24,2.2923485789696528e+20,1.0744327089500799e+32
iter_0920,1.1324803041383258e+32,7.796072590712747e+26,2.2695273730444e+24,9.982808327771069e+19,1.1324881229071885e+32
iter_0921,1.0948437834462823e+32,7.624083916669556e+26,2.1464390325772423e+24,1.6878340746768493e+21,1.0948514290114678e+32
iter_0922,1.1268662138733453e+32,7.660322859064829e+26,2.259503204620025e+24,9.982808327771069e+19,1.1268738967922348e+32
iter_0923,1.049164305765924e+32,7.767559932266828e+26,2.2869891543946843e+24,1.57136797751952e+20,1.0491720961973194e+32
iter_0924,1.1565526707497599e+32,7.766530982664669e+26,2.3504887254209952e+24,1.970661823948275e+23,1.1565604627562916e+32
iter_0925,1.0623798497054519e+32,7.816967453063974e+26,2.342726103050493e+24,3.660363053516056e+20,1.0623876901038264e+32
iter_0926,1.0771674265056457e+32,7.579511516635299e+26,2.0679956242198298e+24,1.0722275611309665e+20,1.0771750266981909e+32
iter_0927,1.1614505020079443e+32,7.794675285034617e+26,2.219767020219077e+24,3.697336417692988e+19,1.1614583188812693e+32
iter_0928,1.1094010104800894e+32,7.607230759991126e+26,2.180239945513199e+24,1.5288486087160501e+21,1.1094086395285372e+32
iter_0929,1.0854528331066772e+32,7.651616546003089e+26,2.1710069039173264e+24,1.5528812954310545e+20,1.0854605064348452e+32
iter_0930,1.0950912581840073e+32,7.57495761834692e+26,2.221344313683454e+24,9.982808327771069e+19,1.095098855356067e+32
iter_0931,1.0773734821703023e+32,7.625988639473291e+26,1.9330719497992832e+24,2.2923485789696528e+20,1.0773811274919535e+32
iter_0932,1.10257596154624e+32,7.671524302927266e+26,2.2937632927009965e+24,1.970661823948275e+23,1.1025836579788376e+32
iter_0933,1.06563812042871e+32,7.655972428559899e+26,2.3855934268811077e+24,4.288910244523867e+20,1.0656458002613615e+32
iter_0934,1.1290654271182603e+32,7.581886238110623e+26,2.3557796850572385e+24,1.5528812954310545e+20,1.129073032563848e+32
iter_0935,1.054924258306253e+32,7.539485223538301e+26,2.2676613612592068e+24,9.982808327771069e+19,1.0549318204690886e+32
iter_0936,1.1029830941372766e+32,7.665585932178804e+26,2.2936200633497773e+24,1.970661823948275e+23,1.1029907846300713e+32
iter_0937,1.0837434500605443e+32,7.661161038921443e+26,2.2886999730306243e+24,4.288910244523867e+20,1.0837511341128718e+32
iter_0938,1.0967883152201493e+32,7.778002379085102e+26,2.246496748200824e+24,1.0352541969540366e+20,1.0967961156885312e+32
iter_0939,1.104097719952643e+32,7.583850798696168e+26,2.012669150543756e+24,1.0722275611309665e+20,1.1041053239312055e+32
iter_0940,1.0766238985249332e+32,7.696970082700447e+26,2.0668923092693968e+24,8.817962489376882e+22,1.0766316170457352e+32
iter_0941,1.0844737961133673e+32,7.70467252778415e+26,2.439677883601695e+24,1.5528812954310545e+20,1.0844815251842268e+32
iter_0942,1.0600766115892302e+32,7.803469185004949e+26,2.2222094339755737e+24,1.57136797751952e+20,1.060084437282081e+32
iter_0943,1.0784053761666328e+32,7.791965907802288e+26,2.3694304213328874e+24,2.2923485789696528e+20,1.0784131918291372e+32
iter_0944,1.0271071097202697e+32,7.666490024165939e+26,2.2866725755137612e+24,1.57136797751952e+20,1.027114799078591e+32
iter_0945,1.1321774495355908e+32,7.598674646279198e+26,2.3947468831049603e+24,1.5288486087160501e+21,1.1321850721729944e+32
iter_0946,1.0734704921871194e+32,7.586629912712328e+26,2.2329477818333894e+24,9.982808327771069e+19,1.0734781011475083e+32
iter_0947,1.0694315452269095e+32,7.750468254608394e+26,2.204859779276765e+24,2.031298141198437e+24,1.0694393380567433e+32
iter_0948,1.076792209560768e+32,7.722972676800474e+26,2.4020355818063033e+24,3.0133291804197834e+20,1.0767999565568138e+32
iter_0949,1.08623766386828e+32,7.74794662190349e+26,2.3189838470062726e+24,8.00473334430532e+20,1.0862454350127451e+32
iter_0950,1.0219439584546175e+32,7.547143144885236e+26,2.2250402679305702e+24,1.3495277924579403e+20,1.0219515278495146e+32
iter_0951,1.0738116914977256e+32,7.619734945169905e+26,2.320756432147519e+24,6.562772141405055e+20,1.0738193344467978e+32
iter_0952,1.0861298766643413e+32,7.675364441498121e+26,2.3518450226719732e+24,1.5288486087160501e+21,1.0861375755625216e+32
iter_0953,1.1036344173989967e+32,7.705763262362162e+26,2.2346621036871866e+24,7.487106245828303e+20,1.1036421455163673e+32
iter_0954,1.1280129953427654e+32,7.636199311989052e+26,1.919026353511225e+24,1.970661823948275e+23,1.1280206527030028e+32
iter_0955,1.0467600329957127e+32,7.68079000972244e+26,2.1746418694617268e+24,1.3040505545203173e+22,1.0467677356625462e+32
iter_0956,1.0689367257245139e+32,7.601061370819688e+26,2.0664492609073536e+24,8.00473334430532e+20,1.0689443474583819e+32
iter_0957,1.0427121894052992e+32,7.765673449728031e+26,2.368182792233393e+24,1.3495277924579403e+20,1.0427199787619263e+32
iter_0958,1.1482949221434449e+32,7.710758959226137e+26,2.400447552906561e+24,1.3495277924579403e+20,1.148302656908229e+32
iter_0959,1.1373069935064336e+32,7.68849075268241e+26,2.193490011999953e+24,4.436803701231583e+19,1.1373147039325301e+32
iter_0960,1.095334550782378e+32,7.63051635882073e+26,2.2490832626754982e+24,7.487106245828303e+20,1.0953422037970566e+32
iter_0961,1.0486882747638142e+32,7.71581630554831e+26,2.3578746817609234e+24,4.436803701231583e+19,1.0486960141593102e+32
iter_0962,1.0589240070236633e+32,7.66344701679865e+26,2.1791712409737165e+24,1.3421331196225545e+22,1.0589316923966058e+32
iter_0963,1.0773090358103757e+32,7.621673997618644e+26,2.1415953104931582e+24,1.970661823948275e+23,1.0773166808709883e+32
iter_0964,1.0977605210704016e+32,7.697301430895748e+26,2.1124432542567687e+24,3.0133291804197834e+20,1.0977682394992783e+32
iter_0965,1.0920993663859114e+32,7.77423202037108e+26,2.2893272873397035e+24,1.970661823948275e+23,1.0921071654818665e+32
iter_0966,1.1571488121222716e+32,7.705355793367304e+26,2.484137985037735e+24,9.243341044232467e+20,1.1571565423286882e+32
iter_0967,1.119692044117429e+32,7.679464413708107e+26,2.140211680704334e+24,6.562772141405055e+20,1.1196997449905222e+32
iter_0968,1.114588577911552e+32,7.747480853832232e+26,2.56554797898012e+24,1.0352541969540366e+20,1.114596351048921e+32
iter_0969,1.096758823749927e+32,7.802252779542665e+26,2.1795443008588196e+24,1.3495277924579403e+20,1.096766647799499e+32
iter_0970,1.0180450843327137e+32,7.658969074841964e+26,2.4123742184639454e+24,7.579539656270625e+21,1.0180527675013262e+32
iter_0971,1.0948177554699672e+32,7.684221649544144e+26,2.1834561551285507e+24,8.817962489376882e+22,1.0948254624079744e+32
iter_0972,1.1136049443154223e+32,7.637925519453507e+26,2.576945017420259e+24,9.243341044232467e+20,1.1136126080196353e+32
iter_0973,1.0595567568943866e+32,7.740657524720188e+26,2.323997507891806e+24,2.88392240580053e+20,1.0595645207947702e+32
iter_0974,1.0847118566406121e+32,7.798275889082398e+26,2.4327696029289703e+24,1.0722275611309665e+20,1.0847196792452694e+32
iter_0975,1.0792833780390785e+32,7.730445509244927e+26,2.0707827913925948e+24,1.3040505545203173e+22,1.0792911293228207e+32
iter_0976,1.0551734971016387e+32,7.743502092902543e+26,2.0690046609526436e+24,2.031298141198437e+24,1.0551812816067597e+32
iter_0977,1.0452332276141407e+32,7.742915398551733e+26,2.3284560140082408e+24,1.6878340746768493e+21,1.0452409938309778e+32
iter_0978,1.1113961190668507e+32,7.726315405287326e+26,2.3034825472368634e+24,1.0722275611309665e+20,1.1114038684181536e+32
iter_0979,1.0481095558160245e+32,7.73086906504899e+26,2.1177600711989168e+24,8.00473334430532e+20,1.048117307870695e+32
iter_0980,1.0875142451276297e+32,7.822921310312144e+26,2.2150176716261475e+24,2.2923485789696528e+20,1.0875220902014092e+32
iter_0981,1.0844355776953943e+32,7.533172121762608e+26,2.1857190340621489e+24,1.5288486087160501e+21,1.0844431327399948e+32
iter_0982,1.095820477942415e+32,7.475576872135122e+26,2.1880547440003503e+24,2.2923485789696528e+20,1.095827975402127e+32
iter_0983,1.1167090856204413e+32,7.751684096927155e+26,2.1396593162795275e+24,2.031298141198437e+24,1.1167168790141127e+32
iter_0984,1.0734954826075285e+32,7.659688104172559e+26,2.0890923469382785e+24,3.697336417692988e+19,1.0735031631869257e+32
iter_0985,1.085092000900128e+32,7.665836634114277e+26,2.305553687820956e+24,2.031298141198437e+24,1.0850997101052803e+32
iter_0986,1.1425077013289827e+32,7.808309279934826e+26,2.232677363629121e+24,3.697336417692988e+19,1.142515531965406e+32
iter_0987,1.0447553610337848e+32,7.719685353099465e+26,2.299297915348712e+24,1.0352541969540366e+20,1.0447631037131522e+32
iter_0988,1.1030937869843268e+32,7.631539770940437e+26,2.1373893166167835e+24,2.031298141198437e+24,1.1031014602109723e+32
iter_0989,1.1010928298239672e+32,7.629640319931304e+26,2.390535683271526e+24,9.982808327771069e+19,1.1011004833706423e+32
iter_0990,1.064918534431479e+32,7.643371836215871e+26,2.235783980988678e+24,9.243341044232467e+20,1.0649262001703986e+32
iter_0991,1.0785629423520694e+32,7.583717544506406e+26,2.2622845544849345e+24,1.57136797751952e+20,1.0785705486940308e+32
iter_0992,1.0445716271130555e+32,7.599173306270721e+26,2.2220777786999302e+24,1.3495277924579403e+20,1.0445792485084891e+32
iter_0993,1.0759340739454158e+32,7.724084764733105e+26,2.14844940184591e+24,2.031298141198437e+24,1.075941839827656e+32
iter_0994,1.1089129598389678e+32,7.797190286475079e+26,2.2342150737067452e+24,3.697336417692988e+19,1.1089207793717747e+32
iter_0995,1.0886808232886398e+32,7.733820260272879e+26,2.1879352786100427e+24,3.660363053516056e+20,1.088688578991913e+32
iter_0996,1.0634436775188932e+32,7.738212791794665e+26,2.2155677752415168e+24,1.5288486087160501e+21,1.0634514379026512e+32
iter_0997,1.1382155365475423e+32,7.772334488962004e+26,2.3881144479466014e+24,1.0352541969540366e+20,1.138223332764211e+32
iter_0998,1.1090944243590722e+32,7.734817261234869e+26,2.33517359891995e+24,7.579539656270625e+21,1.1091021826038647e+32
iter_0999,1.0713291824080303e+32,7.643154107409638e+26,2.2572249655429232e+24,1.5528812954310545e+20,1.07133684813594e+32
iter_1000,1.050403440618843e+32,7.550780653404367e+26,2.2959570157439613e+24,4.436803701231583e+19,1.0504110143595102e+32
