iter,Upper Crust,Middle Crust,Lower Crust,Mantle,Total
iter_0001,5.789570601038564e+31,1.029731088621875e+31,1.570811142895976e+30,1.051692433400563e+30,7.081552047290093e+31
iter_0002,5.5866289132657155e+31,1.136149212917647e+31,2.618508951729748e+30,1.0334997501394956e+30,7.0879789963702875e+31
iter_0003,5.777460703583201e+31,1.0804043151886145e+31,2.007447464546822e+30,6.351190903309155e+29,7.12212167425959e+31
iter_0004,5.854888442083149e+31,1.1727208203950352e+31,1.9007406555326864e+30,1.744019120219354e+30,7.392085240053387e+31
iter_0005,5.737118957314083e+31,1.0396138611901282e+31,2.43148548281243e+30,2.1496630092346608e+30,7.234847667708921e+31
iter_0006,5.710560288343566e+31,1.1387183583587533e+31,1.9714627147998824e+30,7.819115493882097e+29,7.124616073121128e+31
iter_0007,5.9107446252390415e+31,1.1314866325434066e+31,2.490593332749013e+30,1.1365969606744596e+30,7.404950287124795e+31
iter_0008,5.780459717159115e+31,9.535411053746948e+30,2.2221706667558892e+30,1.604902047896852e+30,7.116708093999084e+31
iter_0009,5.456811393341394e+31,1.1942984391709206e+31,1.8695214808041137e+30,1.6257775653775118e+30,7.000639737130477e+31
iter_0010,5.7220653446009055e+31,1.1227208783432305e+31,1.2315743267475759e+30,1.1314488798620519e+30,7.081088543605099e+31
iter_0011,5.44683815516645e+31,1.241499081450226e+31,1.9952635728753463e+30,1.352415055598534e+30,7.023105099464065e+31
iter_0012,5.726265292570511e+31,1.1490574692672028e+31,1.8130987633340597e+30,9.313713302086016e+29,7.14976977119198e+31
iter_0013,5.812092205978596e+31,9.876630727803466e+30,2.4900657631401494e+30,1.3113137809636936e+30,7.1798932331693265e+31
iter_0014,5.308497287438659e+31,9.537076876722864e+30,1.9335300850832008e+30,1.8977233001639458e+30,6.64533031363566e+31
iter_0015,5.406370357871065e+31,1.0991006062599678e+31,2.62046612427604e+30,1.0588593669511858e+30,6.873403513253755e+31
iter_0016,6.177442099882214e+31,1.1964416585587331e+31,2.0033125513113113e+30,2.7773731684271665e+30,7.851952330414795e+31
iter_0017,6.1079065148907075e+31,1.1256979269111452e+31,1.78167808390726e+30,2.7262018032995014e+29,7.439034268225573e+31
iter_0018,5.784053599273594e+31,1.3342799790681963e+31,1.9046037485034756e+30,1.5275872027167862e+30,7.461552673463817e+31
iter_0019,5.691713433823018e+31,1.2021794561303729e+31,1.9817991776946912e+30,1.0048423633164904e+30,7.192557044054509e+31
iter_0020,5.705084977865781e+31,1.1295246569257266e+31,1.7776435981584527e+30,1.3573035672237683e+30,7.14810435132973e+31
iter_0021,5.504970633104565e+31,1.053443036843858e+31,1.4755722241459355e+30,1.470559454660847e+30,6.853026837829101e+31
iter_0022,5.607113144063824e+31,1.0292629371746163e+31,2.1181293308395143e+30,7.217802218114411e+29,6.920367036503537e+31
iter_0023,5.614944383236135e+31,1.0519188319086135e+31,1.8337815947201198e+30,1.423007251013436e+30,6.9925420997181045e+31
iter_0024,5.833672428739734e+31,1.1267734726822578e+31,2.1874675316635075e+30,2.493504793531742e+29,7.204127702523659e+31
iter_0025,5.205275519888638e+31,1.0706637208613099e+31,1.789737718972718e+30,7.382775202958768e+29,6.528740764676809e+31
iter_0026,5.698967906278215e+31,9.994439152621722e+30,1.8026107303878963e+30,1.889474673283633e+30,7.06762036190754e+31
iter_0027,5.619968534160111e+31,9.792707331584762e+30,2.5322015146934144e+30,1.2322991385615414e+30,6.975689332644083e+31
iter_0028,5.5742284598047325e+31,1.2801006118680205e+31,1.6216364848360917e+30,1.1521000853037176e+30,7.131702728686734e+31
iter_0029,5.624321193270877e+31,1.1282845480713734e+31,2.3518896441864224e+30,1.298777052163504e+30,7.117672410977243e+31
iter_0030,5.275304827498653e+31,1.1992171595423318e+31,1.550458880216945e+30,1.628240527530003e+30,6.792391927815678e+31
iter_0031,5.534745159069813e+31,9.887931025775957e+30,2.575670176240155e+30,9.882658462846271e+29,6.879931863899887e+31
iter_0032,5.880738719837966e+31,1.0291823440408778e+31,3.4297850677442264e+30,9.414782221087607e+29,7.3470473928641425e+31
iter_0033,5.813625112799505e+31,1.2304567811488632e+31,2.0406579884004656e+30,5.1625411205617605e+29,7.299773103994032e+31
iter_0034,5.5669073217960435e+31,1.1601296435499575e+31,1.6411734680360645e+30,1.3573279100145632e+30,7.026887103151063e+31
iter_0035,5.691012501852771e+31,1.0938817882825443e+31,2.3609694811389765e+30,1.811094020612756e+30,7.202100640310489e+31
iter_0036,5.780502690906429e+31,1.0595307095578237e+31,2.1587710900416258e+30,1.5442319386589295e+30,7.210333703334308e+31
iter_0037,5.379860997281572e+31,1.022095882654043e+31,1.57515551377614e+30,4.9896455739018716e+29,6.609368887052247e+31
iter_0038,6.181021681360233e+31,1.0675087212674763e+31,1.9181877153100132e+30,1.3388197829061196e+30,7.574231152449322e+31
iter_0039,5.701945028919312e+31,1.2090572637706723e+31,1.3152022968843084e+30,7.337929478862352e+29,7.1159018171670375e+31
iter_0040,6.118889544694193e+31,1.2660331208353472e+31,2.17347432324207e+30,1.1828463641822243e+30,7.72055473427197e+31
iter_0041,5.809988934938055e+31,1.0936963030797226e+31,2.3080876905834424e+30,1.814402874990781e+30,7.3159342945751995e+31
iter_0042,5.819298171708688e+31,1.2050821390857093e+31,1.6319361964814037e+30,1.0498758784004816e+30,7.292561518282586e+31
iter_0043,5.3114967237414625e+31,1.1343560876415335e+31,1.2479640088613765e+30,1.5375289197581938e+30,6.724402104244952e+31
iter_0044,5.367635579301972e+31,1.0870979224913995e+31,2.3070801978644382e+30,2.0573170393769728e+30,6.891173225517514e+31
iter_0045,5.282580983420027e+31,9.678737970598139e+30,2.3830588302694663e+30,1.2672263306795203e+30,6.615483296574741e+31
iter_0046,5.372741924293758e+31,1.075726909064809e+31,2.551906270162489e+30,1.1868699699658717e+30,6.822346457371404e+31
iter_0047,5.4322428259683055e+31,1.261906544590932e+31,2.1600523479351164e+30,1.1513586184010873e+30,7.025290467192858e+31
iter_0048,5.856678113115924e+31,1.223820946990381e+31,2.6578775526018865e+30,8.092563727032997e+29,7.427212452636822e+31
iter_0049,5.454559785840994e+31,1.1123248094750793e+31,1.2088331604580156e+30,1.6877440266508618e+30,6.8565423140269605e+31
iter_0050,5.285636104021287e+31,1.1952248458874722e+31,2.2143088539824896e+30,1.2759927577183957e+30,6.829891111078847e+31
iter_0051,5.911204314359114e+31,1.1600083430725264e+31,2.4003313862010814e+30,1.6241370514528778e+30,7.473659501197036e+31
iter_0052,5.985542794582227e+31,1.0447244589642735e+31,2.641128286594775e+30,1.1610575549482293e+30,7.410485837700801e+31
iter_0053,5.461750145690607e+31,1.0879575979660544e+31,1.9170250825310482e+30,4.9541200844911466e+29,6.790951452754677e+31
iter_0054,6.16361848470617e+31,1.0628933072058975e+31,1.8798250880077692e+30,1.6955622981782217e+30,7.584050530530666e+31
iter_0055,5.423050734982899e+31,1.1628725450267634e+31,2.0173228391105823e+30,5.13697881653786e+29,6.839025352086098e+31
iter_0056,5.897791421995645e+31,1.0478639897941823e+31,2.3447513063446934e+30,9.402324683815322e+29,7.27415378926245e+31
iter_0057,5.837840960629283e+31,1.189099465960997e+31,2.131078439369046e+30,3.456758046647258e+29,7.274615850993656e+31
iter_0058,5.303114765145567e+31,1.2911363661359877e+31,2.0105260397964269e+30,1.4608334448250272e+30,6.941387079743701e+31
iter_0059,5.7737956291361995e+31,1.063688443092489e+31,2.1974589944306002e+30,7.306830310756346e+29,7.130298274779313e+31
iter_0060,5.742457233500061e+31,1.0240128718835815e+31,2.1931218300901686e+30,4.990632866425292e+29,7.035688617056913e+31
iter_0061,5.51737700914281e+31,1.0981884763274548e+31,2.7534913586938687e+30,9.771694709015868e+29,6.98863156842981e+31
iter_0062,5.845573526125453e+31,1.2359869093292362e+31,2.2720135123641436e+30,1.2513834325790499e+30,7.433900129949008e+31
iter_0063,5.913163081929954e+31,1.1050080707228742e+31,1.5770930426710806e+30,3.96092508576585e+29,7.215489707777595e+31
iter_0064,6.09399286119395e+31,1.041408472759853e+31,1.9047971896534737e+30,1.3715403425145368e+30,7.463035087170603e+31
iter_0065,5.71339256104435e+31,1.1629718594330665e+31,2.2350342838095975e+30,8.766057309603087e+29,7.187528421954407e+31
iter_0066,5.185726055949065e+31,1.0141473093666135e+31,2.2482170261516248e+30,1.218861802055746e+30,6.546581248136416e+31
iter_0067,6.189459611893092e+31,1.1210485021743088e+31,2.1857280263552144e+30,1.0037398832745683e+30,7.629454905030378e+31
iter_0068,5.72387176926278e+31,1.1413167896221974e+31,1.7005402905055863e+30,9.905953954072963e+29,7.134302127476265e+31
iter_0069,5.679722227450234e+31,1.2831398111146362e+31,2.1866964676219496e+30,1.7054957360295006e+30,7.352081258930015e+31
iter_0070,5.792695153433947e+31,1.100425193002897e+31,2.1655474061075572e+30,9.071725717159646e+29,7.200392344219197e+31
iter_0071,5.215122802993698e+31,1.1182496649449448e+31,2.4206467391046918e+30,7.6784015913602e+29,6.652221157762714e+31
iter_0072,5.667434296963137e+31,1.0572566817716591e+31,2.0435597862844872e+30,8.739095776461738e+29,7.0164379151278635e+31
iter_0073,6.02119075931552e+31,1.2396768329895025e+31,1.3840150344037394e+30,1.3353953118503142e+30,7.532808626930429e+31
iter_0074,5.984121223019048e+31,1.158213794232873e+31,3.2452428509897453e+30,5.716937459424824e+29,7.5240286769451435e+31
iter_0075,6.132676717651414e+31,1.1432003946841086e+31,1.5619833668898234e+30,9.237490869809471e+29,7.5244503577226e+31
iter_0076,5.790365883183763e+31,9.984253395990183e+30,2.559250405102332e+30,7.852791306366338e+29,7.123244176356677e+31
iter_0077,6.205228914511064e+31,1.0136937236952024e+31,2.2082820733050856e+30,1.9655525819715092e+29,7.45940637135649e+31
iter_0078,5.661775402147596e+31,1.0801778031213259e+31,1.946623929680765e+30,1.3110123650460482e+30,7.067716834741603e+31
iter_0079,5.614846862301046e+31,1.1775044652629645e+31,2.597089635665166e+30,1.5153452660824236e+30,7.20359481773877e+31
iter_0080,5.20864819141688e+31,1.0914707018725915e+31,2.1147339102410933e+30,2.7298184540366928e+29,6.538890468853948e+31
iter_0081,5.781939466247369e+31,1.1383508533672348e+31,2.1083404372473794e+30,9.962374667289484e+29,7.230748110012237e+31
iter_0082,5.470180233422807e+31,1.102224258727585e+31,2.330535333051516e+30,1.6703949916675467e+30,6.972497524622299e+31
iter_0083,5.3242409919952515e+31,1.0742078859158643e+31,2.3832178375264369e+30,8.727477332503081e+29,6.72404543498879e+31
iter_0084,6.025783506007809e+31,1.1863264483737792e+31,1.8873980250712295e+30,6.1029050827370154e+29,7.4618788077160825e+31
iter_0085,5.479764523504169e+31,1.2418941227784484e+31,2.3554711697322908e+30,2.0207344651833607e+30,7.159279209774183e+31
iter_0086,5.564222846946229e+31,1.0920979415666683e+31,2.238602703201207e+30,2.008226209974784e+30,7.081003679830496e+31
iter_0087,5.417341328412562e+31,9.792135515783535e+30,2.1390329229576846e+30,5.3913885453956004e+29,6.66437205774064e+31
iter_0088,5.653813791538772e+31,1.0998002885566677e+31,1.4579282718715713e+30,1.4858797038874062e+30,7.047994877671339e+31
iter_0089,5.352583862067517e+31,1.109433972757666e+31,1.732926541371997e+30,1.6152456990662084e+30,6.7968350588690035e+31
iter_0090,5.144738637331943e+31,1.0405279937145193e+31,2.3920910116137237e+30,1.612450517613412e+30,6.585720783969176e+31
iter_0091,6.124442236602233e+31,1.0651966938800432e+31,2.2966881030232763e+30,6.0402949400933734e+29,7.479710690185537e+31
iter_0092,5.387188491486633e+31,1.267927635328195e+31,1.8154340603198515e+30,1.0596778530216405e+30,6.942627318148977e+31
iter_0093,5.433856854044337e+31,1.1624427773842747e+31,1.370549528242178e+30,1.3120018299903695e+30,6.864554767251866e+31
iter_0094,5.849826665704705e+31,1.1882185271855857e+31,2.253455583970279e+30,1.301876394602765e+30,7.393578390747595e+31
iter_0095,5.787055661768337e+31,1.2313214421469824e+31,1.78776531750648e+30,1.13904450847437e+30,7.311058086513404e+31
iter_0096,5.649763259057093e+31,1.1649717488893662e+31,2.2350716454578775e+30,3.0926725819449118e+29,7.069168898311695e+31
iter_0097,5.451353937588648e+31,1.0517425962711292e+31,1.8341811635088315e+30,1.993290724472646e+30,6.885843722657926e+31
iter_0098,5.618989462131569e+31,1.2102551866062114e+31,2.4479429823395913e+30,1.1331406959790515e+30,7.187353016569644e+31
iter_0099,5.721402110364969e+31,1.3156426219506372e+31,1.8163890613589573e+30,6.2896502092247516e+29,7.2815801405437495e+31
iter_0100,5.843994430778889e+31,9.763577561635193e+30,2.433219111531064e+30,4.13075705884045e+29,7.1049816686839195e+31
iter_0101,5.150447403209646e+31,1.0848508168763067e+31,2.9095565006407413e+30,1.7754877793505425e+30,6.7038026480850805e+31
iter_0102,5.858076625481429e+31,9.557917286075992e+30,2.892422162598452e+30,6.795062417208561e+29,7.171061194520959e+31
iter_0103,5.657431316319926e+31,9.723153366407438e+30,3.068756886524474e+30,8.640750171914475e+29,7.023029843332262e+31
iter_0104,5.777693469790584e+31,1.3234002923729977e+31,2.2649559242050568e+30,9.294526860832921e+29,7.420534623192417e+31
iter_0105,5.906893396416709e+31,1.0498715825909709e+31,1.7349541662412407e+30,5.4811705379698805e+29,7.185072101011503e+31
iter_0106,5.237634021921311e+31,1.0664689248238478e+31,2.294146612807013e+30,1.2280924691903865e+30,6.656326854944898e+31
iter_0107,5.746194509065326e+31,1.1427226663778745e+31,1.6986617301136947e+30,9.073466092744197e+29,7.149518009382012e+31
iter_0108,5.854285354546485e+31,9.928827338144954e+30,1.2437599919653334e+30,1.507632740047921e+30,7.122307361562306e+31
iter_0109,6.0546170026435595e+31,1.1032851210338139e+31,2.3899178973702765e+30,1.4738636134838657e+30,7.544280274762787e+31
iter_0110,5.533646832277344e+31,1.2351874652379624e+31,1.98812670294088e+30,4.2040896100427024e+29,7.009687863909821e+31
iter_0111,5.596066754269688e+31,1.224282750945133e+31,2.3354059594616317e+30,1.3037495990120854e+30,7.184265061062192e+31
iter_0112,5.374404424278117e+31,1.2044690401566157e+31,2.626586499972923e+30,4.034334228283645e+29,6.8818754567148605e+31
iter_0113,5.302649446134884e+31,1.0056282884310273e+31,2.2535789395717636e+30,9.441137529060821e+29,6.628047003813696e+31
iter_0114,6.029176176210242e+31,1.0810501876453261e+31,2.083003466925076e+30,1.1540528299907945e+30,7.433931993547155e+31
iter_0115,6.030284104060486e+31,1.1001611912710833e+31,1.941133458525742e+30,1.327845357460258e+30,7.457343176930169e+31
iter_0116,5.887445043340819e+31,1.0501511508499588e+31,2.2295131877196028e+30,1.0431192225265876e+30,7.2648594352153965e+31
iter_0117,6.124509702500483e+31,1.2790718671540635e+31,2.813435344321037e+30,9.644886087227596e+29,7.781373964958927e+31
iter_0118,5.699756110392175e+31,1.1845469306528422e+31,2.1214584076222155e+30,6.071613509021141e+29,7.1571650168974495e+31
iter_0119,6.039221381513049e+31,1.1312242037972855e+31,2.2902474273485556e+30,7.567487855443821e+29,7.475145206599628e+31
iter_0120,5.80233880087511e+31,1.0740198146483895e+31,2.1897005129056797e+30,1.3116455426286265e+30,7.226493221076931e+31
iter_0121,5.882806682874752e+31,1.2114646613612896e+31,1.810419655882944e+30,1.442499998553614e+30,7.419563309679697e+31
iter_0122,5.880398205067105e+31,1.2764121922990511e+31,2.1026247437790687e+30,1.0331675500148567e+30,7.470389626745549e+31
iter_0123,5.659811860989127e+31,1.159870195674304e+31,1.8356210909135858e+30,9.432808267832675e+29,7.097572248433117e+31
iter_0124,5.65478582647791e+31,9.879349095078619e+30,2.0979696070629034e+30,9.196181479632244e+29,6.944479511488385e+31
iter_0125,6.087841944655573e+31,1.045155965542754e+31,2.248264161040094e+30,1.2240501208452779e+30,7.480229338386864e+31
iter_0126,5.732530652871521e+31,1.2512397409715994e+31,1.6061064366375737e+30,8.344599121418808e+29,7.227827028721066e+31
iter_0127,6.061379927025565e+31,1.1198402224895651e+31,2.132419495978869e+30,1.4391822301246206e+30,7.538380322125478e+31
iter_0128,5.832158397207803e+31,1.0244489173297e+31,2.0438493270714873e+30,1.712211286764205e+30,7.232213375921071e+31
iter_0129,5.547388791076785e+31,1.053108324842126e+31,2.124305765113124e+30,1.2806289528880327e+30,6.940990587719028e+31
iter_0130,5.510186785192006e+31,1.0937225273413725e+31,1.7290637798811618e+30,1.5323788921225825e+30,6.930053579733753e+31
iter_0131,5.968374653175478e+31,1.0617087126350337e+31,2.5094620956410975e+30,2.6281065762541826e+29,7.307310641137163e+31
iter_0132,5.594984163303094e+31,1.2605709528796811e+31,1.65537366640192e+30,1.892474751161599e+30,7.2103399579391265e+31
iter_0133,5.653843294390593e+31,1.1244300443364627e+31,2.5134511561141967e+30,9.795172626355181e+29,7.127570180602027e+31
iter_0134,5.861329920931565e+31,1.12829409557602e+31,2.0398700492032683e+30,1.213136071364576e+30,7.314924628564369e+31
iter_0135,5.491586042241868e+31,1.1608209885058517e+31,2.5604842364454234e+30,1.1587217495724954e+30,7.0243276293495095e+31
iter_0136,5.920518396497449e+31,1.2866256806314895e+31,2.4586828302285885e+30,9.470872903286463e+29,7.5477210891846635e+31
iter_0137,5.995383658876755e+31,1.0813117621835146e+31,2.586697516272695e+30,1.4671673510609946e+30,7.4820819077936395e+31
iter_0138,5.527011782609478e+31,1.0242906456146497e+31,1.9750224018067495e+30,2.158645565912756e+29,6.77039112406393e+31
iter_0139,5.703049193455758e+31,9.945683321289079e+30,2.610188408640581e+30,9.885562543625568e+29,7.05749199188498e+31
iter_0140,5.544761462406815e+31,1.194741257364687e+31,2.0658375344407465e+30,2.2253126632772164e+30,7.168617739543297e+31
iter_0141,5.607165370657725e+31,1.1546387859309976e+31,1.6045380368338087e+30,7.898581223636889e+29,7.001243772508473e+31
iter_0142,5.457422910008766e+31,1.0206322339302802e+31,2.713764862592921e+30,8.896706269690506e+29,6.838398692895243e+31
iter_0143,5.788884919372057e+31,9.928040336547372e+30,1.6503940632983168e+30,1.8415573076523542e+30,7.130884090121861e+31
iter_0144,5.651553766136203e+31,1.244820779240943e+31,2.3740616863877673e+30,1.5236765279268504e+30,7.286148366808608e+31
iter_0145,5.241893916458797e+31,1.0340434375162244e+31,2.1881354193095638e+30,1.426033455859883e+30,6.637354241491966e+31
iter_0146,5.868459414331584e+31,1.062552851125881e+31,2.012847913961172e+30,1.1928021236445847e+30,7.2515772692180405e+31
iter_0147,5.588119419826842e+31,1.116742626973108e+31,2.757745436299552e+30,5.139344277019758e+29,7.032030033200103e+31
iter_0148,5.715151927662847e+31,1.147327760694781e+31,1.876821522594015e+30,7.869781394569144e+29,7.12885965456272e+31
iter_0149,5.419170779465684e+31,1.1608697045772343e+31,1.9022801605628716e+30,3.2298335838632255e+30,7.093251858485528e+31
iter_0150,5.841663545842498e+31,1.0187005092358366e+31,1.9156854198087564e+30,7.33389028202238e+29,7.125271499879435e+31
iter_0151,5.598106665446653e+31,1.098161046777195e+31,2.4654781405618464e+30,2.3909320875797524e+29,6.966724847155829e+31
iter_0152,5.5626405129218325e+31,1.1700618292625468e+31,3.403552066181509e+30,3.8643474763889955e+29,7.11170102356642e+31
iter_0153,6.144538080526576e+31,1.2127829121851501e+31,2.5734006991374677e+30,4.379927232755651e+29,7.65846033495303e+31
iter_0154,5.902923505667817e+31,1.0937808332066713e+31,2.152843510557823e+30,1.2630540668582802e+30,7.338294096616099e+31
iter_0155,5.7500020598516255e+31,1.2571334128895523e+31,1.3434230915829034e+30,1.3598185369747905e+30,7.277459635596948e+31
iter_0156,5.804321312796282e+31,1.0811969782136417e+31,1.7016824579251446e+30,8.629668642255397e+29,7.141983223224992e+31
iter_0157,5.612442423109053e+31,1.1107376672999562e+31,1.9768357247858174e+30,9.850544154731188e+29,7.019369104434903e+31
iter_0158,5.921382074216052e+31,1.0625711470361492e+31,1.9430094853123683e+30,1.333338975141185e+30,7.311588067297557e+31
iter_0159,6.043681683734251e+31,1.0080244797323906e+31,2.3208919912516175e+30,1.1697148917868236e+30,7.400766851770486e+31
iter_0160,5.534227229065489e+31,1.0435276125154322e+31,1.6698241284113204e+30,1.1376216120809983e+30,6.858499415630152e+31
iter_0161,5.720901621148425e+31,1.1234578371882202e+31,2.602753273141641e+30,1.0278097996706744e+30,7.207415765617877e+31
iter_0162,5.63934624753044e+31,1.2936716603765758e+31,2.0342064806412637e+30,1.3640392264716736e+30,7.2728424786183095e+31
iter_0163,5.890799243204646e+31,9.768752051729505e+30,1.36687951711797e+30,7.81719244242493e+29,7.082534324513642e+31
iter_0164,5.734258972908752e+31,1.0689402059254653e+31,2.4768103483020505e+30,2.1853678081951863e+30,7.269416994483939e+31
iter_0165,5.650732973972675e+31,1.179634129797486e+31,2.30922794564029e+30,1.280765027871065e+30,7.189366401121296e+31
iter_0166,5.68896237807273e+31,1.128376632040856e+31,1.652979664181195e+30,1.2935432634959418e+30,7.111991302881299e+31
iter_0167,5.39136499206243e+31,1.0268298006428293e+31,2.1813674342445418e+30,2.527282592506845e+30,6.8890597953803985e+31
iter_0168,5.50385087281481e+31,1.1719434797791839e+31,2.2724741844485764e+30,1.6983069798929608e+30,7.072872469028147e+31
iter_0169,6.025714453458611e+31,1.1228789383926886e+31,1.5962583529400803e+30,1.3025062810046894e+30,7.438469855245777e+31
iter_0170,5.814170874307228e+31,1.0102877428919797e+31,2.706216835236526e+30,9.942414507655972e+29,7.194504445799421e+31
iter_0171,5.75165522071696e+31,1.064355707344299e+31,2.1787026834335338e+30,1.3202543982534832e+30,7.165906636229961e+31
iter_0172,5.891821841313608e+31,1.3041137901697083e+31,1.7674746244658827e+30,8.29412112654123e+29,7.455624305195317e+31
iter_0173,5.867402115407803e+31,9.657928465778652e+30,1.5574805890762012e+30,2.090599650483396e+30,7.198002985941628e+31
iter_0174,5.569729232272199e+31,1.2310660948151315e+31,1.125630123949073e+30,1.6679200982267292e+30,7.080150349304911e+31
iter_0175,5.632276479370615e+31,1.027664914860023e+31,2.715257020073704e+30,1.3885055862259224e+30,7.070317654860601e+31
iter_0176,5.9282903000203215e+31,9.94240035768074e+30,2.3035345091409434e+30,6.0699038615677e+29,7.213582825318167e+31
iter_0177,5.667384114715695e+31,1.0986452344912307e+31,1.804335012680423e+30,1.442559469261502e+30,7.090718797401118e+31
iter_0178,5.83872654396105e+31,1.218080681437214e+31,2.1971155249216408e+30,9.825182082341072e+29,7.374770598713838e+31
iter_0179,5.768839209807438e+31,1.0853535245077998e+31,1.7400755804849213e+30,1.6187529277558637e+30,7.190075585139316e+31
iter_0180,5.855036932054392e+31,1.1502756369567793e+31,2.8856249721785653e+30,1.17957295976465e+30,7.411832362205492e+31
iter_0181,5.899328481327797e+31,1.1760597843809732e+31,1.2022302315674794e+30,1.3039934353631424e+30,7.326010632401831e+31
iter_0182,6.143107188911237e+31,1.3236172722734734e+31,2.945062345348556e+30,1.656209956485838e+30,7.92685169136815e+31
iter_0183,5.170396343769564e+31,1.1414807072875399e+31,2.3484018207688287e+30,5.5409486616731855e+29,6.6021267197507195e+31
iter_0184,5.562959210798109e+31,1.1634368764603344e+31,2.1030013106787812e+30,2.052777690656859e+30,7.141973987392007e+31
iter_0185,5.795762768196488e+31,1.0721813747503847e+31,1.4767678625724915e+30,1.3599088635474164e+30,7.151611815558864e+31
iter_0186,5.203244351879379e+31,9.765051687478914e+30,1.8499799275360564e+30,2.1821094714533777e+29,6.386568608095409e+31
iter_0187,5.48416773325479e+31,1.0546263569279993e+31,1.8887483618908054e+30,8.538269468994428e+29,6.813051621061815e+31
iter_0188,5.560821271620057e+31,1.093668586661761e+31,2.650329599047249e+30,1.9609244892273588e+30,7.11561526710928e+31
iter_0189,6.021023566666409e+31,1.1905041532969114e+31,1.9111656644998416e+30,1.9884650129422436e+30,7.6014907877075285e+31
iter_0190,5.260642795825748e+31,1.1989912014682401e+31,2.105716935439534e+30,4.8463333187348994e+29,6.71866902402529e+31
iter_0191,5.966745021720326e+31,1.0645836777587906e+31,2.5058701181020427e+30,1.232136555582396e+30,7.405129366847561e+31
iter_0192,5.883422488749426e+31,1.3114924458707055e+31,2.3570063753639187e+30,5.648629757331852e+29,7.487101869729842e+31
iter_0193,5.487804655199128e+31,1.2305729257154162e+31,3.1963446716079334e+30,1.1798468813977618e+30,7.155996736215114e+31
iter_0194,5.584861791786969e+31,1.1068481772568762e+31,1.6403848566139963e+30,1.0171673416598832e+30,6.957465188871233e+31
iter_0195,5.247773204057034e+31,1.0938504931962118e+31,2.6386181069386824e+30,1.8282607869694422e+30,6.7883115866440585e+31
iter_0196,5.878634072716973e+31,1.1502031350426248e+31,2.1842331928490668e+30,2.538549864792236e+28,7.2497990769092965e+31
iter_0197,5.644011513486976e+31,1.1179390665903035e+31,2.5145924869018055e+30,1.5846379552356853e+30,7.171873624291027e+31
iter_0198,5.784100905848812e+31,1.1121135098030983e+31,1.9132898721881487e+30,1.699220169466501e+30,7.257465419817375e+31
iter_0199,5.855697502531668e+31,9.730193230779554e+30,2.3072009598147632e+30,4.3736816482033685e+29,7.103173738073135e+31
iter_0200,5.795518589230567e+31,1.2359735905162644e+31,1.9556690842975436e+30,1.477959227473658e+30,7.37485501092395e+31
iter_0201,5.775156761698571e+31,1.1164861184033927e+31,2.2924131218668084e+30,1.5419436149528596e+30,7.275078553783931e+31
iter_0202,5.744774250343789e+31,1.096074309483168e+31,1.899370777780337e+30,5.429033790435491e+29,7.085075975509346e+31
iter_0203,5.670398886739072e+31,1.0899766816313088e+31,2.510118431533394e+30,6.560835759080276e+29,7.076995769114523e+31
iter_0204,5.50910608339271e+31,1.17096824908314e+31,1.6233399003410648e+30,9.061352135344154e+29,6.9330218438633975e+31
iter_0205,5.464105846965413e+31,1.1150544252772513e+31,2.7454717654449347e+30,1.7887531977359332e+30,7.032582768560752e+31
iter_0206,5.787364633312668e+31,1.144150677433965e+31,1.6683655326703724e+30,1.1291530627529191e+30,7.211267170288963e+31
iter_0207,5.771619691450969e+31,1.1210616315984494e+31,2.071204362347833e+30,1.3308758420280864e+30,7.232889343487012e+31
iter_0208,5.518501488744866e+31,1.0132981062957174e+31,2.988295079652236e+30,1.6407817179385151e+30,6.994707274799658e+31
iter_0209,5.592936377045785e+31,1.1161467059687672e+31,2.591939141522526e+30,1.5102021622478215e+30,7.119297213391586e+31
iter_0210,5.433025129893755e+31,1.1641591866306738e+31,2.0737983240870278e+30,1.0249418816431656e+30,6.907058337097448e+31
iter_0211,5.5004396701242535e+31,1.312817966997746e+31,2.4877837179948645e+30,2.4610291125831806e+29,7.086646300047318e+31
iter_0212,5.734582412822372e+31,1.125221765024944e+31,2.5306227794862536e+30,1.486185075963337e+30,7.261484963392275e+31
iter_0213,5.973429992827985e+31,1.1901374496561866e+31,2.5546018713032857e+30,1.1529154185460985e+30,7.53431917146911e+31
iter_0214,5.81719396428114e+31,1.1015616547592372e+31,3.189226886731777e+30,1.3162153599835206e+30,7.369299843711906e+31
iter_0215,5.935372099945597e+31,1.0709482858070676e+31,2.3540070130935114e+30,6.886529477902085e+29,7.310586381841037e+31
iter_0216,5.350934248498291e+31,1.0107445944189191e+31,2.3358785177263235e+30,1.0720036384506395e+30,6.702467058534907e+31
iter_0217,5.46763315037326e+31,1.191666960306462e+31,1.9747824258527106e+30,1.123304994107448e+30,6.969108852675738e+31
iter_0218,5.701165842472394e+31,1.2207812521299848e+31,2.4440959362067798e+30,1.3634443551564463e+30,7.302701123738701e+31
iter_0219,5.8877380123697435e+31,1.1100831878022098e+31,2.003587977582404e+30,1.5500981819887496e+30,7.3531898161290675e+31
iter_0220,5.695039284905261e+31,1.1775239003553251e+31,2.3748681668049912e+30,9.314215533708106e+29,7.203192157278166e+31
iter_0221,5.654855272573324e+31,1.033783350467332e+31,2.880415905748454e+30,7.744622173853275e+29,7.054126435354034e+31
iter_0222,5.393266359812497e+31,1.1394332921069891e+31,1.5938871153551175e+30,1.4117312768999936e+30,6.833261491144997e+31
iter_0223,5.40445632964368e+31,1.2807649734777351e+31,1.841759011391842e+30,6.896546995560926e+29,6.938362674216208e+31
iter_0224,5.770344361272495e+31,1.1572699979356376e+31,2.2435778366259717e+30,1.5760340246316786e+30,7.309575545333898e+31
iter_0225,5.273744313664641e+31,1.2953177882967851e+31,2.404538158663296e+30,1.2842582574147516e+30,6.93794174356923e+31
iter_0226,5.851588666727012e+31,1.0775416216707269e+31,2.717656144157518e+30,1.2875966197537362e+30,7.329655564788863e+31
iter_0227,5.597918294608757e+31,1.0972433083254045e+31,2.4655793974491928e+30,1.9755952333844372e+30,7.139279066017525e+31
iter_0228,5.791513980787402e+31,1.0697640544833333e+31,2.994343350867608e+30,1.6739459046038516e+30,7.328106960817882e+31
iter_0229,5.449026890194875e+31,1.0255834047082348e+31,1.2238508610994188e+30,4.819427043707164e+29,6.645189651450124e+31
iter_0230,5.258055013441083e+31,9.807114418231671e+30,1.9992728087092568e+30,9.745406677657699e+29,6.536147802911751e+31
iter_0231,5.326003089560646e+31,1.2498083508645706e+31,1.6035413569160885e+30,1.2984449049884052e+30,6.866010066615667e+31
iter_0232,5.471840950090865e+31,1.1324929505496655e+31,2.391213535660519e+30,1.985649263003016e+30,7.042020180506885e+31
iter_0233,5.68759722851579e+31,1.2034002772333092e+31,1.602603517530178e+30,1.8763043708979577e+30,7.238888294591913e+31
iter_0234,5.741989605873113e+31,1.1788507159892342e+31,1.3483471725307422e+30,1.0210703709602682e+30,7.157782076211448e+31
iter_0235,5.8615305906380625e+31,1.0468306695772517e+31,2.0075029851218463e+30,5.191565636811722e+29,7.161027215095616e+31
iter_0236,5.629449887764668e+31,1.235056486973592e+31,2.125745287747469e+30,8.917059910564981e+29,7.166251502618657e+31
iter_0237,5.706687613456879e+31,1.05905444012649e+31,1.8425286049378883e+30,6.834053640284224e+29,7.01833545048e+31
iter_0238,6.012635518456571e+31,9.424718553417506e+30,2.4293769280293534e+30,1.024589566091329e+30,7.300504023210389e+31
iter_0239,5.831160067609685e+31,1.1263214347151742e+31,2.0653470649397077e+30,4.2766702556908096e+29,7.206782911375739e+31
iter_0240,5.6986227295404655e+31,1.0920043026878727e+31,2.4657404780516913e+30,1.7348874483477686e+30,7.2106898248682835e+31
iter_0241,5.719019609291652e+31,1.1210615370173133e+31,2.641552105108179e+30,9.121197885887112e+29,7.195448335678654e+31
iter_0242,5.517742007294672e+31,1.138254500390928e+31,3.003886386443986e+30,2.165884534755004e+30,7.172973599805499e+31
iter_0243,6.014675227764726e+31,1.0733533306858327e+31,2.033337147747913e+30,9.587558122294919e+29,7.387237854448299e+31
iter_0244,5.622694368527039e+31,1.0619115593480475e+31,1.9343829837232103e+30,7.74534403351168e+29,6.9554976665825245e+31
iter_0245,5.786125058413278e+31,1.0261602385117418e+31,1.5312407968067227e+30,1.8502323875435017e+30,7.150432615360043e+31
iter_0246,5.744955725890675e+31,1.0177581838298863e+31,2.3412919847110828e+30,1.1130634269793275e+30,7.108149450889602e+31
iter_0247,5.484665207576737e+31,1.1441970313314478e+31,2.0528028309580104e+30,1.451933906515314e+30,6.979335912655517e+31
iter_0248,5.771608481325708e+31,9.867550132755931e+30,1.629880186374016e+30,7.06351931591066e+29,6.991986706397809e+31
iter_0249,5.435220692265761e+31,1.1638870505431924e+31,1.6815284731074275e+30,8.419002874297658e+29,6.851450618862672e+31
iter_0250,5.5970424292877755e+31,1.1065743346552542e+31,2.567120124777064e+30,1.5538917348048334e+30,7.115717949901219e+31
iter_0251,5.479027889836712e+31,1.2170936942555962e+31,2.81232300941104e+30,1.0269615385954101e+30,7.080050038892953e+31
iter_0252,5.820674463421632e+31,1.2142231104128854e+31,2.5050755391565618e+30,1.1462655009048078e+30,7.400031677840655e+31
iter_0253,5.2247855538552875e+31,1.2511330374940864e+31,2.93737291478135e+30,2.6849304470983785e+30,7.038148927537347e+31
iter_0254,5.584316478995244e+31,1.0953110038599638e+31,1.9441438344591644e+30,2.1279134340912137e+30,7.086833209710246e+31
iter_0255,5.393791705185154e+31,1.039447724093922e+31,2.0282032330868273e+30,1.2737025467097858e+30,6.7634300072587375e+31
iter_0256,5.575714845532686e+31,9.684921335821063e+30,1.5488019950241565e+30,1.554092602570012e+30,6.854496438874208e+31
iter_0257,5.344241896805555e+31,9.769539190231612e+30,1.9631264082040133e+30,1.7116684825543236e+30,6.688675304904549e+31
iter_0258,5.659483046707073e+31,1.129589734414782e+31,1.4261528326111847e+30,1.1368302771031202e+30,7.045371092093287e+31
iter_0259,5.88511006836413e+31,1.1615678080018333e+31,2.795956873122489e+30,6.058656372975213e+29,7.386860127407965e+31
iter_0260,5.60747055319775e+31,1.154469579966909e+31,1.4890530041935641e+30,9.541791260005977e+29,7.006263346184076e+31
iter_0261,5.281029152715439e+31,1.1283329329913692e+31,1.7433000127519105e+30,1.0418039525104101e+30,6.687872482233039e+31
iter_0262,5.245466151645204e+31,1.1100764002715269e+31,2.7109523303836325e+30,1.3508416989258775e+30,6.7617219548476805e+31
iter_0263,5.743694619380662e+31,1.2227540314406034e+31,1.992520020117034e+30,6.376701448276089e+29,7.229467667315729e+31
iter_0264,5.47393273205984e+31,1.185348390872021e+31,2.1431157256336917e+30,1.6765966432145647e+30,7.041252359816688e+31
iter_0265,5.8632371142395115e+31,1.0800670389500281e+31,1.9074561813263986e+30,7.547376587343317e+29,7.209523537195612e+31
iter_0266,5.752093240038139e+31,1.1830036153006171e+31,1.699877396683845e+30,1.4510829381241479e+30,7.250192888819555e+31
iter_0267,5.750978238801318e+31,1.1491792797990758e+31,1.3955569446886818e+30,1.4145724940365685e+30,7.181170462472919e+31
iter_0268,5.910420759370283e+31,1.1838973700046517e+31,3.095153101952657e+30,1.6127972080173857e+30,7.565113160371939e+31
iter_0269,5.489167361162331e+31,1.1140423586762383e+31,1.6940999175610814e+30,9.969953270795047e+29,6.872319244302628e+31
iter_0270,6.195066503404199e+31,1.1940727974595054e+31,1.6003431179086523e+30,1.3024186452130266e+30,7.679415477175872e+31
iter_0271,5.505704568197558e+31,1.202376283559327e+31,2.388811125530198e+30,2.064119207278972e+30,7.153373885037801e+31
iter_0272,5.688809720939767e+31,1.1316284155645684e+31,1.7089843991961233e+30,1.2280636231017769e+30,7.114142938734125e+31
iter_0273,5.563337172745335e+31,1.1125245875689036e+31,2.545588383085522e+30,7.703156349859365e+29,7.007452162121384e+31
iter_0274,5.215447640620661e+31,1.0613884791510956e+31,1.1657229609229672e+30,1.8081184540964938e+30,6.5742202612737035e+31
iter_0275,6.120579968748203e+31,1.0861002292533625e+31,2.604653838178188e+30,9.031693176476609e+29,7.557462513584149e+31
iter_0276,6.0881316299224e+31,1.1705104457905826e+31,2.0536060295764103e+30,1.5146501813806002e+30,7.615467696808684e+31
iter_0277,5.818561743062245e+31,1.017415163389245e+31,2.1866168130213338e+30,1.0652414978207667e+30,7.161162737535701e+31
iter_0278,5.58002996556291e+31,1.0437370430085942e+31,2.0017495889531987e+30,2.1447521018697125e+30,7.038417177653796e+31
iter_0279,5.703245852152804e+31,1.063481055351613e+31,2.519101585562099e+30,2.148467043753514e+30,7.233483770435978e+31
iter_0280,5.204314201216729e+31,1.0991827545667849e+31,1.8718610441871723e+30,8.140451684347366e+29,6.572087577045704e+31
iter_0281,5.761091757656562e+31,1.0535939798822422e+31,3.090232704641368e+30,9.703726195932518e+29,7.220746269962268e+31
iter_0282,5.536604048638224e+31,9.547564306482359e+30,1.4270841147660163e+30,1.0259697902507095e+30,6.736665869788131e+31
iter_0283,5.869321040322664e+31,1.0910279054721673e+31,1.839871083860828e+30,1.3102662177007667e+30,7.27536267595099e+31
iter_0284,5.425054549141683e+31,1.1634948463322382e+31,1.8487245609343817e+30,1.1534604167778262e+30,6.888767893245143e+31
iter_0285,5.727846451817979e+31,1.1040655165498786e+31,1.8455573295800525e+30,1.142470366226772e+30,7.1307147379485395e+31
iter_0286,5.652459344731463e+31,1.078666365550471e+31,1.2769099339847047e+30,1.3148382839817357e+30,6.990300532078578e+31
iter_0287,5.280922294939404e+31,1.0088660899281159e+31,2.4588035784733693e+30,1.2116330434221184e+30,6.656832047057069e+31
iter_0288,5.485899471924681e+31,1.2079756239127213e+31,1.5534158932773257e+30,1.723475204369468e+30,7.021564205602081e+31
iter_0289,5.870841893417133e+31,1.0156345329314535e+31,1.7174291573713204e+30,8.104602180885544e+29,7.139265363894574e+31
iter_0290,5.748468475279377e+31,1.1813713263089493e+31,2.148578492277353e+30,6.492489408234571e+29,7.209622544898407e+31
iter_0291,5.740353500655665e+31,1.1470253512991148e+31,2.6598508975668534e+30,2.3447156183512957e+30,7.387835503546594e+31
iter_0292,5.576150255550531e+31,1.0644694641668172e+31,1.8930900940641937e+30,4.984526510550169e+29,6.87977399422927e+31
iter_0293,5.736631975076652e+31,1.0472973637392091e+31,1.7952775809071807e+30,1.3655891282741667e+30,7.100016009733996e+31
iter_0294,5.499937561393094e+31,1.0427649950431706e+31,3.0494833985188653e+30,1.711029729466084e+30,7.0187538692347585e+31
iter_0295,5.990052799673004e+31,1.1360989324935314e+31,1.871268834281327e+30,1.0351173545117864e+30,7.416790351045846e+31
iter_0296,5.454515950167434e+31,1.1821886524389626e+31,1.868318609695703e+30,2.020108142117257e+30,7.025547277787693e+31
iter_0297,5.6861004175461895e+31,1.054460200323966e+31,2.1039128187675685e+30,8.64303005395765e+29,7.037382200286488e+31
iter_0298,5.586408880637668e+31,1.0760023399081641e+31,1.9378430967433506e+30,1.4054245816194764e+30,6.996737988382115e+31
iter_0299,5.700646794441006e+31,1.0987400393474298e+31,2.1544735818084054e+30,8.203178911331249e+29,7.096865981082589e+31
iter_0300,5.145827790129673e+31,1.159498573276151e+31,2.0173738587881915e+30,3.2616629124256536e+29,6.5396803784089e+31
iter_0301,5.572007377345376e+31,1.119915781762067e+31,3.013773503446054e+30,1.2706642115769148e+30,7.120366930609739e+31
iter_0302,5.43486632579637e+31,1.2849070658883212e+31,2.0327494004414347e+30,1.1012017992196084e+30,7.033168511650795e+31
iter_0303,5.274795839057954e+31,1.1274023738947807e+31,2.8580738529468136e+30,7.297866819534706e+29,6.760984266442763e+31
iter_0304,5.69997266779281e+31,1.161718769689712e+31,2.592680209619209e+30,3.42472353830496e+30,7.463431812274939e+31
iter_0305,5.7987576494914455e+31,1.2142795166889808e+31,2.5138065159288954e+30,1.759997693363654e+30,7.440417587109682e+31
iter_0306,5.41909283545315e+31,1.1304019683736043e+31,2.1613674952684246e+30,1.1177290210072688e+30,6.877404455454325e+31
iter_0307,5.917076440609188e+31,1.1243818070198347e+31,2.1089634434312474e+30,1.9127914402985032e+30,7.443633736001998e+31
iter_0308,5.449736281019014e+31,1.09482148932097e+31,2.4597766280896643e+30,1.1216971229123395e+30,6.902705145440185e+31
iter_0309,5.763921283029402e+31,1.0990648313977746e+31,1.5373888327631813e+30,2.4203012821048028e+30,7.258755125913976e+31
iter_0310,5.477239738486447e+31,1.1248743864429184e+31,1.688712884119459e+30,1.7287668639507643e+30,6.943862099736389e+31
iter_0311,6.180023787435068e+31,9.668808765892795e+30,1.1170733876087584e+30,1.001633882987321e+30,7.358775391083955e+31
iter_0312,5.932423651844006e+31,1.04410624708664e+31,1.501069193695453e+30,1.2117603498774345e+30,7.247812853287935e+31
iter_0313,5.351903007857647e+31,1.1764608029909753e+31,1.7426523906073996e+30,1.0928853120491842e+30,6.81191758111428e+31
iter_0314,5.743519483609464e+31,9.853018748079572e+30,2.3687644992218942e+30,1.7695556082820838e+30,7.142653369167818e+31
iter_0315,5.650704428481281e+31,1.195658128646802e+31,2.6454435039242884e+30,7.27264568602971e+29,7.183633364380808e+31
iter_0316,6.452049709662333e+31,1.1579100279745815e+31,2.4324082533586958e+30,9.201814968031967e+29,7.945218712653104e+31
iter_0317,5.92434814653662e+31,1.1686692104178307e+31,1.8333076530344271e+30,1.3426860730123635e+30,7.410616729559129e+31
iter_0318,5.319557099850949e+31,1.136374857535271e+31,1.8551340477278345e+30,1.9954362917540704e+30,6.840988991334409e+31
iter_0319,6.086113585580264e+31,1.1091102258461443e+31,2.947407780424697e+30,1.4669331287306792e+30,7.6366579023419455e+31
iter_0320,5.589521629230624e+31,1.2310933774407688e+31,1.832520212319741e+30,1.1742072372964402e+30,7.12128775163301e+31
iter_0321,5.375463367049709e+31,1.0131104105031764e+31,1.8577334668390777e+30,1.555806485639988e+30,6.7299277728007915e+31
iter_0322,5.381252656143831e+31,1.065499959543773e+31,2.1200393290329825e+30,3.8359193322895434e+29,6.697115741913798e+31
iter_0323,5.73606055729787e+31,1.1884204497821955e+31,2.249060799151451e+30,1.3585597951444897e+30,7.285243066509659e+31
iter_0324,5.993070200407333e+31,1.059009174711293e+31,1.8025777519385667e+30,1.7576501175661658e+30,7.4081021620690975e+31
iter_0325,5.559686778950261e+31,1.136911073855029e+31,3.2969588308666903e+30,1.2697146115237633e+30,7.153265197044335e+31
iter_0326,6.064767212645342e+31,1.0249114616493455e+31,1.934490956516758e+30,8.108631455010995e+29,7.364214084496473e+31
iter_0327,5.785384341594429e+31,9.707663973715216e+30,2.4948674023615664e+30,1.794952002910686e+30,7.185132679493176e+31
iter_0328,5.656833933655794e+31,1.240739099171575e+31,2.3659361114882813e+30,8.519241412227284e+29,7.2193590580984695e+31
iter_0329,5.815777039104508e+31,1.1685217947960958e+31,1.3619034589362062e+30,1.6861988757865525e+30,7.289109067372879e+31
iter_0330,5.586115700483599e+31,9.706562481256585e+30,1.6664744582565158e+30,1.0276696639678658e+30,6.826186360831696e+31
iter_0331,5.8890610039500325e+31,1.0579667221039083e+31,2.646883027221048e+30,3.6627523360010356e+29,7.248343552136057e+31
iter_0332,5.792259616301886e+31,1.1214998209920584e+31,1.2858289585411717e+30,1.3329307389834286e+30,7.175635407046404e+31
iter_0333,5.909015411754354e+31,1.0849260197878358e+31,2.3887078053617743e+30,1.0748364836734508e+30,7.3402958604457135e+31
iter_0334,5.77696024084817e+31,1.1492965767108287e+31,3.1078653248090253e+30,1.3004568939965153e+30,7.367089039439553e+31
iter_0335,5.890218424861066e+31,1.1320866887420206e+31,2.9713900361883476e+30,1.0162268376746626e+30,7.421066800989387e+31
iter_0336,5.724827000123082e+31,1.1109855348517512e+31,1.607546044119716e+30,1.6185197679167095e+30,7.1584191161784765e+31
iter_0337,5.656685272871872e+31,1.2040063892598435e+31,1.7544954044367295e+30,9.013457131703298e+29,7.126275773892421e+31
iter_0338,5.702982791624658e+31,1.209427776500782e+31,1.6758709687541034e+30,5.012126156105832e+29,7.13011892656191e+31
iter_0339,6.078675141806649e+31,9.020252550702489e+30,2.2029586737230248e+30,4.104912311670099e+29,7.242045387365902e+31
iter_0340,5.581000624288194e+31,9.371990062675675e+30,2.1287635714311934e+30,1.65325531667479e+30,6.896401519366359e+31
iter_0341,5.467975326354869e+31,1.1415633726930968e+31,2.524957270304351e+30,1.0097353069789715e+30,6.963007956776299e+31
iter_0342,5.893677770766588e+31,1.1797682449511866e+31,2.108541443574796e+30,1.1246643145387179e+30,7.396766591529126e+31
iter_0343,5.698001439739699e+31,1.0582582514385249e+31,2.05802137836223e+30,6.33982257084158e+29,7.025460054722862e+31
iter_0344,5.958851270374235e+31,1.2101934630282993e+31,2.600970739523676e+30,8.942449195948696e+29,7.51856629931439e+31
iter_0345,6.013931353296216e+31,1.1832734999330565e+31,2.2183823324733451e+30,1.9456863264754076e+30,7.613611719124149e+31
iter_0346,5.545403954318599e+31,1.1240921812131343e+31,1.7742963493098878e+30,9.378546492280382e+29,6.9407112353855255e+31
iter_0347,5.781903714747946e+31,1.0950681693731252e+31,1.663586699925981e+30,1.1362524014704884e+30,7.156955794260717e+31
iter_0348,5.762460626074969e+31,1.1145385011397081e+31,2.086033744325206e+30,1.8907863474042112e+30,7.27468113638762e+31
iter_0349,5.571862923451625e+31,1.0920861210557422e+31,2.3442375135636663e+30,1.658413775692752e+30,7.064214173433008e+31
iter_0350,6.008874494503253e+31,1.1528785187559288e+31,2.2484195618333713e+30,9.870555177694219e+29,7.48530052121946e+31
iter_0351,5.975924893944898e+31,1.0668045329142187e+31,1.980393914431941e+30,9.163260091832284e+29,7.332401419220634e+31
iter_0352,5.622346060303903e+31,1.1941915521102446e+31,1.9032147458538095e+30,8.423272880189334e+29,7.091091815801422e+31
iter_0353,5.6701153217477755e+31,1.1282500427427096e+31,2.0950448676703326e+30,6.0293533307377345e+29,7.068163384564896e+31
iter_0354,5.99060602242924e+31,1.1737164128426718e+31,1.1716556572543671e+30,1.1440628212127198e+30,7.39589428311862e+31
iter_0355,5.89156443897916e+31,1.2000953672668574e+31,1.5188493211976737e+30,1.0976274622820972e+30,7.353307484593994e+31
iter_0356,5.876459641484233e+31,1.035420760180592e+31,3.145199164874006e+30,1.57413758881837e+30,7.383814077034063e+31
iter_0357,5.172972393263104e+31,1.2763086760974742e+31,2.5081854034443885e+30,9.676435781212584e+29,6.796863967517143e+31
iter_0358,5.208907018626394e+31,1.0371761939943136e+31,2.8621017167575847e+30,9.200506120603076e+29,6.624298445502498e+31
iter_0359,5.66062483948368e+31,1.0719037136352213e+31,1.7910611792856103e+30,1.976310488021014e+30,7.109265719849562e+31
iter_0360,5.395564985606338e+31,1.0458928310224215e+31,1.6610018505157835e+30,9.358385999073095e+29,6.7011418616710685e+31
iter_0361,5.6424680917158985e+31,1.0893960724101997e+31,2.4556233971531303e+30,6.1991253029548205e+29,7.03941775687096e+31
iter_0362,5.324789563767764e+31,1.0660328681737892e+31,2.0933316679041553e+30,2.3664367178753396e+30,6.836799270519503e+31
iter_0363,5.759730390782331e+31,1.1024460993045985e+31,2.570162024657811e+30,7.380098391053561e+29,7.192993676463245e+31
iter_0364,5.186565126133553e+31,9.764355030310822e+30,2.0399477176952614e+30,1.1086177752391925e+30,6.47785717845808e+31
iter_0365,5.649766181208357e+31,1.189198122159628e+31,2.6253504280474816e+30,1.6398001927855036e+30,7.265479365451283e+31
iter_0366,5.944118730401373e+31,9.763470987041359e+30,1.4004301166430734e+30,1.4042527366906944e+30,7.200934114438887e+31
iter_0367,5.921198697422655e+31,9.308224469902264e+30,1.7736397047253324e+30,2.666315753192867e+30,7.296016690204702e+31
iter_0368,5.792500719671222e+31,1.2309493391822884e+31,2.1650918040569773e+30,1.6428889405809513e+30,7.4042481333173035e+31
iter_0369,5.454348943195996e+31,1.130980000263852e+31,2.825908113456897e+30,1.0852464270194833e+30,6.976444397507485e+31
iter_0370,5.841898499352614e+31,1.143145998133123e+31,1.2726805351134897e+30,2.9689333616213333e+29,7.142001884613299e+31
iter_0371,5.558473663916022e+31,1.1680726151128888e+31,1.8250901736272645e+30,6.510443519596776e+29,6.974159731587605e+31
iter_0372,5.7439320024867385e+31,1.0304949516348855e+31,1.613796050489937e+30,9.516037992015163e+29,7.030966939090769e+31
iter_0373,5.4031492189877265e+31,1.0838396100553041e+31,1.984941912513166e+30,9.498917036523776e+29,6.7804721906595845e+31
iter_0374,5.7686455414276245e+31,1.135937136192915e+31,1.3049940253365805e+30,1.9569003499242554e+30,7.230772115146623e+31
iter_0375,5.826334139483998e+31,1.043818315100303e+31,1.990588308223133e+30,5.4169679131355825e+29,7.12338096453797e+31
iter_0376,5.687501976037777e+31,9.79128761870873e+30,2.623344006475693e+30,1.8650483593353824e+29,6.947615622149573e+31
iter_0377,5.822261213763337e+31,1.1284261607887505e+31,2.954618978450596e+30,9.146554425828416e+29,7.337614816655431e+31
iter_0378,5.368286077921878e+31,1.020425879510892e+31,2.435838378207892e+30,1.4483126373114497e+30,6.777127058984704e+31
iter_0379,5.8326581088045735e+31,1.2062597220777177e+31,9.699067505077235e+29,1.8933934315290374e+30,7.3252478490859665e+31
iter_0380,5.631314849828663e+31,1.0343451975312348e+31,3.1825686192806554e+30,4.436488535697137e+29,7.028281794644934e+31
iter_0381,5.80969301377134e+31,1.2679749899916376e+31,1.6688635514730797e+30,4.796017815999014e+29,7.292514537070276e+31
iter_0382,5.891727035659897e+31,9.468595631430384e+30,2.308674699603306e+30,1.5875856301794595e+30,7.228212631781212e+31
iter_0383,5.940824516392698e+31,1.132044802939661e+31,1.9351906907353627e+30,4.255652994774085e+29,7.3089449183536355e+31
iter_0384,5.787085786923202e+31,1.2487220723193843e+31,2.0734646834650599e+30,1.3620134652839398e+30,7.3793556741174875e+31
iter_0385,5.395738228180021e+31,1.2980544722212278e+31,2.4854777947275665e+30,1.8257319029209372e+30,7.1249136701660995e+31
iter_0386,5.919204788180308e+31,1.1704081912864826e+31,1.7243485426204654e+30,1.3874653183470488e+30,7.400794365563544e+31
iter_0387,5.583671523682261e+31,1.0048452322031498e+31,2.1492884312596673e+30,1.029270472800131e+30,6.906372646291391e+31
iter_0388,6.036040488290838e+31,1.009136428423643e+31,2.3975037902462558e+30,1.1699819997748354e+30,7.40192549571659e+31
iter_0389,5.5584258129787865e+31,1.1311798300774618e+31,2.454231729140947e+30,3.697002089739565e+29,6.9719988368677385e+31
iter_0390,5.610638146367709e+31,1.0804324000034694e+31,2.635198692129072e+30,1.4570413565352457e+30,7.100294551237611e+31
iter_0391,5.655097051033361e+31,9.95450188831416e+30,2.2917801651470656e+30,1.3628475183567743e+30,7.0160100082151615e+31
iter_0392,5.648322739715598e+31,1.1813509418855934e+31,2.8919835315335593e+30,1.0267377577891054e+30,7.221545810533457e+31
iter_0393,5.605051258679049e+31,9.939980126428507e+30,1.4849172500757212e+30,8.770509406993898e+29,6.835246090399411e+31
iter_0394,5.358172166345662e+31,1.0224495926483979e+31,1.6798362242162236e+30,9.269099214481954e+29,6.641296373560502e+31
iter_0395,5.388946401235832e+31,1.1467094955414648e+31,2.3459707418028727e+30,1.485385601056322e+30,6.918791531063217e+31
iter_0396,5.484479196510864e+31,1.038651746691376e+31,2.392394711928666e+30,1.1430104970899141e+30,6.876671464104099e+31
iter_0397,5.166298012130155e+31,1.0220274147341626e+31,2.0642261805096935e+30,5.106146526033479e+29,6.445809510175621e+31
iter_0398,5.3590981954747785e+31,1.223582427715447e+31,2.1195997514138333e+30,7.98839214322311e+29,6.87452451976384e+31
iter_0399,5.898377508833778e+31,9.907575759324659e+30,2.244342439930465e+30,1.1036740268193352e+30,7.223936731441223e+31
iter_0400,5.977462866347448e+31,1.2539050837761018e+31,1.7397074638522932e+30,7.736118440950843e+29,7.482699880918288e+31
iter_0401,5.813671487240282e+31,1.3404953979052325e+31,1.6176231841755363e+30,1.2649305967533007e+30,7.442422263238398e+31
iter_0402,5.737291528539091e+31,1.0176150627142086e+31,2.3508502363664836e+30,1.5350830214902324e+30,7.143499917038972e+31
iter_0403,5.699862139976636e+31,1.032914519741866e+31,2.2154121555546148e+30,9.200510359483753e+29,7.046322978868802e+31
iter_0404,5.781698779520403e+31,1.0705137610243017e+31,2.1551768600523188e+30,8.544958695323779e+29,7.153179813503174e+31
iter_0405,5.686337369905219e+31,1.1024451748761936e+31,2.004050808902426e+30,1.642690994165348e+30,7.153456725088189e+31
iter_0406,5.686880620900293e+31,9.429597592984032e+30,2.0370114591556934e+30,7.101332332584956e+29,6.904554849440115e+31
iter_0407,6.0239429490430345e+31,1.0239222777755274e+31,1.8542135286890635e+30,1.9911531606146934e+30,7.432401895748938e+31
iter_0408,5.434514950222129e+31,1.0135219100710302e+31,1.7623655354304552e+30,8.935582370488776e+29,6.713629237541093e+31
iter_0409,5.593021602864564e+31,1.1905120711249545e+31,1.9080623758325692e+30,1.4986378983711116e+30,7.124203701409886e+31
iter_0410,5.847456101113775e+31,1.137198330145356e+31,1.623961900724752e+30,1.386849586234099e+30,7.285735579955015e+31
iter_0411,5.5882190173664155e+31,1.1810643145031141e+31,1.995904374374709e+30,1.7425839497507254e+30,7.143132164282072e+31
iter_0412,5.827678991305522e+31,1.0579195648476958e+31,2.2101166332104553e+30,3.204764125368099e+30,7.4270866320110735e+31
iter_0413,5.439016994070879e+31,1.0354261287830499e+31,2.5280222712008496e+30,8.31975848615104e+29,6.810442934835525e+31
iter_0414,5.822046081889193e+31,1.2538734684136386e+31,2.0318858793082518e+30,7.399880455983426e+29,7.3531069427934915e+31
iter_0415,5.802815257905914e+31,1.2261799794647682e+31,2.2229910789955884e+30,7.1095843288803e+29,7.322390188559046e+31
iter_0416,5.576339386594438e+31,1.144215833456458e+31,2.0673732930070752e+30,1.1030960184603312e+30,7.037602151197636e+31
iter_0417,5.681800417446719e+31,1.353857515873368e+31,2.854423593018787e+30,3.92503124155851e+29,7.36035060503755e+31
iter_0418,5.397824178208351e+31,1.0409382938947942e+31,1.5579048087464885e+30,1.1127990199476785e+30,6.705832854972562e+31
iter_0419,5.978534638132889e+31,1.1375732530943428e+31,1.5652292160481235e+30,6.3447831894528e+29,7.336078644726572e+31
iter_0420,5.570175594293486e+31,1.1878570972970554e+31,1.848037701944914e+30,5.342780143892217e+29,6.996264263223955e+31
iter_0421,5.5469421867399165e+31,1.1690182926692586e+31,1.6748591671865975e+30,7.72342849408686e+29,6.960680681068703e+31
iter_0422,6.2642901188257955e+31,1.0690740776236515e+31,2.5054830598891652e+30,1.716400668939533e+30,7.755552569332317e+31
iter_0423,5.612852530666563e+31,1.31331799114411e+31,1.6745012586287186e+30,1.2575273019437319e+30,7.219373377867919e+31
iter_0424,5.861478060422311e+31,1.141198720726185e+31,2.0217763846048868e+30,1.151508568593616e+30,7.320005276468346e+31
iter_0425,5.936402298408426e+31,1.1786740833198733e+31,1.199182266145217e+30,4.270588178852207e+29,7.277700490131342e+31
iter_0426,5.8259298641975955e+31,1.0227685102807466e+31,1.7057874127279098e+30,1.298174972898488e+30,7.149094613040983e+31
iter_0427,5.5193239186787875e+31,1.167978974090365e+31,2.543343351864814e+30,1.2503137256592316e+30,7.066668600521557e+31
iter_0428,5.798330200164525e+31,1.1497734412864127e+31,1.9129314559476137e+30,3.376898174932513e+29,7.173165768795024e+31
iter_0429,5.715131624093456e+31,1.1903027737723398e+31,2.439498735890929e+30,1.3205809999055192e+30,7.281442371445441e+31
iter_0430,5.654582834496917e+31,1.106888048496444e+31,2.3894023660036724e+30,6.148395560651097e+29,7.061895075200238e+31
iter_0431,5.831791037529957e+31,1.1170065508659074e+31,2.168645012736201e+30,1.1759703162515826e+30,7.283259121294643e+31
iter_0432,5.453470519493683e+31,1.2015443776929438e+31,1.6078807564902862e+30,6.487926222464719e+29,6.880682235060303e+31
iter_0433,5.837719125937083e+31,1.0418015980853478e+31,2.3193074133442572e+30,1.1978195237814826e+30,7.231233417735004e+31
iter_0434,5.751468509653138e+31,1.086261159740181e+31,3.1122767800390177e+30,1.7165401392698385e+30,7.320611361324204e+31
iter_0435,5.9485489302415825e+31,1.0956519539856926e+31,2.5683594475318914e+30,5.953013065686443e+29,7.360566959637329e+31
iter_0436,5.953913097421498e+31,1.2426697171845167e+31,1.9540463909760932e+30,2.0916536282591528e+30,7.6011528165295405e+31
iter_0437,5.65037854199936e+31,9.349280510938824e+30,2.312686408228382e+30,1.1036036219178382e+30,6.9269355961078645e+31
iter_0438,5.326473046170298e+31,1.171262931618413e+31,1.9854165840991727e+30,8.748473086552743e+29,6.783762367064155e+31
iter_0439,5.638805285133114e+31,1.1127932559676222e+31,1.9535338609320043e+30,7.887847389906792e+29,7.025830401093004e+31
iter_0440,5.428208255255769e+31,1.2817333541718925e+31,2.322544801405581e+30,1.630782368162153e+30,7.105274326384435e+31
iter_0441,5.386255072894829e+31,1.0274192048577824e+31,2.128046166302833e+30,6.390403536265756e+29,6.690382929745553e+31
iter_0442,5.994393965500862e+31,1.2156358573234269e+31,1.9236021642495865e+30,1.670034330697377e+30,7.569393472318985e+31
iter_0443,5.576243041075726e+31,1.260381427902153e+31,2.7418719934389593e+30,1.1363704424089401e+30,7.22444871256267e+31
iter_0444,4.988049383693798e+31,1.2100767764510765e+31,1.5370976430113198e+30,9.542063944838726e+29,6.447256563894394e+31
iter_0445,5.224840692146576e+31,1.1682932332659513e+31,2.0582433490368064e+30,2.0304697310068957e+30,6.802005233416898e+31
iter_0446,6.065912903114096e+31,1.1227258925928436e+31,2.1341135428726112e+30,5.85922942624477e+29,7.460642444256649e+31
iter_0447,5.457509459867552e+31,1.2104791231271784e+31,1.828893488749976e+30,1.2420779174342001e+30,6.975085723613148e+31
iter_0448,5.600663830151687e+31,1.156126176404072e+31,2.0580933299130773e+30,1.3578640334668716e+30,7.098385742893754e+31
iter_0449,5.578012511758687e+31,1.0600039431492132e+31,2.681646685789706e+30,3.494455979071606e+29,6.941125683277587e+31
iter_0450,5.890380593287096e+31,9.043091930408581e+30,2.8141349262350267e+30,9.68992655067792e+29,7.173002544458236e+31
iter_0451,6.233412796582104e+31,1.2336333517358448e+31,2.2502720738846417e+30,1.2629822045228867e+30,7.8183715761587015e+31
iter_0452,5.427708023660821e+31,1.110140526054906e+31,1.6545602457699218e+30,8.559910352568312e+29,6.788903677818402e+31
iter_0453,5.489942150723137e+31,9.698285153361396e+30,3.381897815535365e+30,1.7820230065394356e+29,6.815780677678208e+31
iter_0454,5.694070467570145e+31,1.099110406386904e+31,2.2373439887849048e+30,1.370995699408841e+30,7.154014842776424e+31
iter_0455,5.440751791908266e+31,1.0788553048653288e+31,1.9626449321818782e+30,1.3258813525903496e+30,6.848459725250818e+31
iter_0456,6.317221842251923e+31,1.1399149584536678e+31,1.4995907499310183e+30,1.2393362346004801e+30,7.7310294991587405e+31
iter_0457,5.808930117303256e+31,1.1584899090792484e+31,2.1695951795365506e+30,1.441055808884943e+30,7.328485125224654e+31
iter_0458,5.688588488445701e+31,1.1948973717769125e+31,2.0676255163770602e+30,2.086982708045351e+30,7.298946682664855e+31
iter_0459,5.555926904358939e+31,1.0240131268394156e+31,1.565893671281114e+30,1.667034007352131e+30,6.903232799061679e+31
iter_0460,5.649785991212976e+31,1.102640796222534e+31,2.4514357875135344e+30,1.767255521890739e+30,7.174295918375938e+31
iter_0461,5.864229302953858e+31,1.0758284281273868e+31,2.3937772744936602e+30,1.4258624129669596e+30,7.322021699827307e+31
iter_0462,6.389940966256549e+31,1.1208567629932815e+31,2.3741648164723568e+30,1.7921133879153043e+30,7.927425549688597e+31
iter_0463,5.586931954949438e+31,1.1507713797772422e+31,2.963893676348363e+30,2.269250569372754e+30,7.261017759298792e+31
iter_0464,5.896927371775319e+31,1.2463899998880724e+31,3.015262135191105e+30,8.225376329798374e+29,7.527097348480486e+31
iter_0465,5.74985064299805e+31,1.2246987754820378e+31,3.290848858936402e+30,7.56397855376949e+29,7.379274089911422e+31
iter_0466,5.347473818780663e+31,1.2388416854911469e+31,2.3991417899359645e+30,8.5429782445464e+29,6.91165946571087e+31
iter_0467,5.907906903516479e+31,1.0087831681483608e+31,2.563758712013069e+30,1.3476302787129942e+30,7.307828970737446e+31
iter_0468,5.515466760514524e+31,1.152761472375006e+31,3.4481854558653703e+30,7.02132554670618e+29,7.083260033943129e+31
iter_0469,5.840887312862764e+31,1.1071194832624476e+31,2.3157903098389303e+30,4.1361972779452515e+29,7.220947799888558e+31
iter_0470,5.786637245865133e+31,1.2566419732208022e+31,1.8322485840871915e+30,1.2988884853649246e+30,7.3563929260311475e+31
iter_0471,5.55970589277928e+31,1.0359663301911746e+31,1.9895496747663172e+30,1.1005783097058818e+30,6.904685021417674e+31
iter_0472,5.971753139248697e+31,1.20723780059114e+31,2.2776293946388622e+30,1.0184242104400118e+30,7.508596300347724e+31
iter_0473,5.659827819889429e+31,1.0452327886441708e+31,1.6084421364616286e+30,1.4118802107695785e+30,7.007092843256721e+31
iter_0474,6.217155105773131e+31,1.202093951716236e+31,1.638784824504223e+30,3.415737051338839e+30,7.924701245073672e+31
iter_0475,5.787436951004997e+31,1.0842169008748845e+31,3.373471980822252e+30,8.35911131836257e+29,7.292592163145732e+31
iter_0476,5.284593016449227e+31,1.1820294978293236e+31,1.9232591458861648e+30,1.599436416013622e+30,6.818892070468529e+31
iter_0477,5.010728002349154e+31,1.2321303409935445e+31,1.653802293626655e+30,1.206626742927587e+30,6.528901246998123e+31
iter_0478,6.014994982855456e+31,1.214089888791848e+31,2.6783940470993945e+30,9.366698979760548e+29,7.59059126615485e+31
iter_0479,5.742764183025354e+31,1.0129460604168786e+31,1.9960159215539684e+30,7.917970234260051e+29,7.034491537940231e+31
iter_0480,5.546107422391491e+31,9.540766378097325e+30,1.5999476357876725e+30,6.93211413199022e+29,6.729499965099894e+31
iter_0481,5.535951812873699e+31,1.0260555274159196e+31,1.9702827991203863e+30,2.506525755613382e+30,7.009688195762996e+31
iter_0482,5.99655112082511e+31,1.2026208590333222e+31,2.0438142272632922e+30,1.5414397832110283e+30,7.557697380905864e+31
iter_0483,5.703168730694879e+31,1.0650834848333537e+31,3.092194371262528e+30,9.01383428504617e+29,7.167609995504946e+31
iter_0484,5.575273124827843e+31,1.2677855926350385e+31,1.5752177681193795e+30,1.0145118776397032e+30,7.102031682038791e+31
iter_0485,5.658507608610867e+31,1.2194566935101615e+31,1.7115128961814745e+30,1.680451199041604e+30,7.217160711643336e+31
iter_0486,5.835683863699365e+31,1.1930487717692547e+31,2.4557549298597307e+30,1.0853515793545877e+30,7.382843286390051e+31
iter_0487,6.064360141042109e+31,1.1685747755827484e+31,2.3077752006752433e+30,1.912802554903721e+30,7.654992692182753e+31
iter_0488,5.4557444554968855e+31,1.034984761867059e+31,1.6991149887210818e+30,1.1373732386966459e+30,6.774378040105718e+31
iter_0489,5.83814192457662e+31,1.0736073937389154e+31,1.0801625874394677e+30,5.1041352449202276e+29,7.070806929508685e+31
iter_0490,6.3405957155491e+31,9.691452021713678e+30,1.751482791336813e+30,8.759787259373742e+29,7.572487069447887e+31
iter_0491,5.831924807377449e+31,1.118614485532786e+31,1.8849903522297545e+30,1.1673208140064167e+30,7.255770409533852e+31
iter_0492,5.5272017706057505e+31,1.0836796860291764e+31,1.2096698161720905e+30,4.235559465116276e+29,6.774204032903297e+31
iter_0493,5.907117993913101e+31,1.2514515143459562e+31,1.7948914833665216e+30,1.0315806648407586e+30,7.441216723079785e+31
iter_0494,5.549535323268636e+31,1.203235085311673e+31,2.589737528907211e+30,5.30256511915534e+29,7.0647698126625835e+31
iter_0495,5.746715150326687e+31,1.0231011874573204e+31,2.4060715365110823e+30,1.2896206308298761e+30,7.139385554518103e+31
iter_0496,5.563322440302791e+31,1.1509244224592063e+31,1.8132910144882407e+30,4.037538391649336e+29,6.935951348127315e+31
iter_0497,5.549747368594162e+31,1.0135237432910842e+31,1.7268590101196032e+30,6.395646969922746e+29,6.799913482596435e+31
iter_0498,5.338717743062256e+31,1.1168625289396456e+31,2.1420471002454798e+30,1.6756956085075708e+30,6.837354542877206e+31
iter_0499,5.555623776016722e+31,1.224669025159928e+31,2.4567072743358525e+30,2.457021126248913e+30,7.271665641235126e+31
iter_0500,5.497878016907733e+31,1.0990072563853816e+31,1.986721233785673e+30,1.484182852497677e+30,6.943975681921451e+31
iter_0501,5.535859461629552e+31,1.1690864633644278e+31,1.8168737130863958e+30,1.7133588181258922e+30,7.0579691781152085e+31
iter_0502,5.461654873878597e+31,1.112479675797574e+31,2.409307065032602e+30,1.4223265134875227e+30,6.957297907528185e+31
iter_0503,5.735560023906315e+31,1.0410965112121069e+31,2.1722929367603604e+30,1.2338831528228432e+30,7.117274144076742e+31
iter_0504,5.995763210174952e+31,1.2264673316881876e+31,1.2628815858981266e+30,1.0103900868270607e+30,7.449557709135657e+31
iter_0505,5.755325640256582e+31,1.0699236754605383e+31,1.7385489632836128e+30,1.2698643831678876e+30,7.12609065036227e+31
iter_0506,5.464596902609931e+31,1.2545494804863096e+31,2.1863098537899335e+30,2.0811632253818339e+30,7.145893691013417e+31
iter_0507,6.199323825017669e+31,1.123042427180643e+31,1.8671462953209824e+30,7.612902180180463e+29,7.585209903532215e+31
iter_0508,5.735149209126989e+31,1.1824453898548142e+31,1.984547824240209e+30,1.8089241221282566e+30,7.29694179361865e+31
iter_0509,6.203975461621081e+31,1.1842511383986036e+31,1.9867709591960118e+30,1.1656790300979692e+30,7.703471598949083e+31
iter_0510,5.621171945466048e+31,1.1269088895925879e+31,1.8496005557856436e+30,9.114812116723104e+29,7.02418901180443e+31
iter_0511,6.229861143601145e+31,1.1382539990256807e+31,1.9996976234931334e+30,7.20784511256654e+29,7.640163356101804e+31
iter_0512,5.660969330563205e+31,1.2154681079676638e+31,2.801423639798178e+30,1.9151812543330042e+30,7.348097927943986e+31
iter_0513,5.313503001409753e+31,1.2074293695625116e+31,2.438258176594073e+30,8.864529889993615e+29,6.853403487531608e+31
iter_0514,6.035608452453587e+31,1.001067453065651e+31,2.889540503521825e+30,3.317537328521184e+29,7.358805329156631e+31
iter_0515,5.792585086157134e+31,1.0870385067944842e+31,1.577605950899771e+30,5.292284308360237e+29,7.090307031125197e+31
iter_0516,5.403731528857927e+31,1.2407749625264893e+31,2.2987853040307723e+30,6.491519202000018e+29,6.9393002138074945e+31
iter_0517,5.534983210888321e+31,1.175340301210624e+31,2.620429015942024e+30,1.9693448038075597e+30,7.169300894073903e+31
iter_0518,5.599607961383237e+31,1.0886799762175042e+31,1.9587096671054715e+30,1.2587205043512056e+30,7.010030954746409e+31
iter_0519,6.049864868261881e+31,1.0161441068377225e+31,1.6202234953601478e+30,1.4122136263629305e+30,7.369252687271911e+31
iter_0520,5.319635162617861e+31,1.1990603612242265e+31,1.9543775668011648e+30,1.6189825369092412e+30,6.8760315342131275e+31
iter_0521,6.06330207965732e+31,1.2618183406899892e+31,2.5321512336187675e+30,1.3164182199175984e+30,7.709977365700947e+31
iter_0522,5.020085594443306e+31,1.1829294532513597e+31,1.854492445742274e+30,9.399262896684505e+29,6.482456921235738e+31
iter_0523,5.877500211900515e+31,1.2122489932584857e+31,1.9320696800778702e+30,1.2480692640225883e+30,7.407763099569045e+31
iter_0524,5.536565278844898e+31,1.0918749357718387e+31,1.605522198357861e+30,1.1639760102728702e+30,6.905390035479809e+31
iter_0525,5.538588620396955e+31,1.2301145946662484e+31,2.1746405717649536e+30,8.677771335753436e+29,7.072944985597233e+31
iter_0526,5.773465862517778e+31,1.0562301060114588e+31,1.849894640986659e+30,9.774857639400216e+29,7.112434009021906e+31
iter_0527,5.7832933392373075e+31,1.0697663911766018e+31,1.978523510426622e+30,1.2641153245220253e+30,7.177323613908774e+31
iter_0528,5.484990256416488e+31,9.362630753130278e+30,1.894500518440657e+30,2.2002140275521242e+30,6.830724786328792e+31
iter_0529,5.780787358148124e+31,1.116324024259379e+31,2.6873579997080303e+30,8.574570337614302e+29,7.251592885754449e+31
iter_0530,5.733362069236405e+31,1.008449593138035e+31,1.8988685710151906e+30,7.112844999700667e+29,7.002826969472967e+31
iter_0531,5.6591469262305105e+31,1.002680478852683e+31,2.4079133076887164e+30,9.093553584926312e+29,6.993554271701328e+31
iter_0532,5.979989301051595e+31,1.1082498664060045e+31,2.5071150761501572e+30,7.90353140305879e+29,7.417985989103203e+31
iter_0533,5.494711981292716e+31,1.1541120309244974e+31,2.0316580998553067e+30,2.6779049188020906e+30,7.119780314082954e+31
iter_0534,5.950539389604336e+31,1.0234747577779848e+31,1.7451751778192967e+30,1.198974683832654e+30,7.268429133547517e+31
iter_0535,6.03057284440817e+31,1.11550866214302e+31,2.018626930170702e+30,1.288094706254296e+30,7.476753670193689e+31
iter_0536,5.658691827612757e+31,1.2031456392980179e+31,2.605004071022771e+30,1.1495747160792456e+30,7.237295345620977e+31
iter_0537,5.981743904374705e+31,1.159343066976504e+31,2.3955493405551126e+30,4.020935073447964e+29,7.4208512561412e+31
iter_0538,5.363379206176182e+31,1.066974914360914e+31,1.975252633111594e+30,1.6587939660456527e+30,6.793758780452821e+31
iter_0539,5.486124476336484e+31,1.081697587389533e+31,2.0679064996244772e+30,1.1745159225455364e+30,6.892064305943017e+31
iter_0540,6.031110375901622e+31,1.1996593073587399e+31,1.4733853116425004e+30,1.0268275796887192e+30,7.480790972393484e+31
iter_0541,5.528243207646135e+31,1.178557332134856e+31,1.9134497279727124e+30,1.0390707643086722e+30,7.00205258900913e+31
iter_0542,5.65754602340195e+31,1.1578160227177882e+31,1.8559873527197804e+30,1.0698849319233826e+30,7.107949274584054e+31
iter_0543,5.383628829473664e+31,1.022450123569921e+31,1.961143803821533e+30,3.362401140019735e+29,6.635817344825935e+31
iter_0544,5.587242137157922e+31,1.3068750205011372e+31,1.6958922171230636e+30,1.1669852239732457e+29,7.075376231611097e+31
iter_0545,5.996881866920157e+31,1.0020834997271964e+31,2.0281068405931553e+30,1.1227116732948972e+30,7.314047218036159e+31
iter_0546,5.490839265875901e+31,1.1321604677864537e+31,1.8936280007567697e+30,1.7032755181645878e+30,6.982690085554491e+31
iter_0547,5.893144619830608e+31,1.3391489997663616e+31,1.8424414086261744e+30,7.020711059773905e+29,7.486744871057325e+31
iter_0548,5.579997288219265e+31,1.1494589809585044e+31,2.316584589568278e+30,1.6800019366410985e+30,7.129114921798707e+31
iter_0549,5.4735763530386125e+31,1.1529304736913119e+31,2.030499736101635e+30,1.3729655165934343e+30,6.966853351999431e+31
iter_0550,5.694707755965427e+31,1.092178047557171e+31,2.8912010298312553e+30,1.134437218292422e+30,7.1894496283349665e+31
iter_0551,5.402089395586455e+31,1.0683375316480437e+31,2.7902666374808674e+30,2.121456481763222e+30,6.961599239158907e+31
iter_0552,6.018343105866493e+31,1.2169857813417434e+31,1.6921409310413668e+30,1.527867860152037e+30,7.557329766327577e+31
iter_0553,6.027609240937829e+31,1.0970153463082402e+31,2.3600927500108635e+30,1.5572865898729027e+30,7.516362521234444e+31
iter_0554,5.592422169320825e+31,1.1452738986348173e+31,2.630145011323663e+30,1.5974240575746258e+30,7.160452974845472e+31
iter_0555,6.016523634114912e+31,1.2762323935144924e+31,2.1367611333162958e+30,1.5624382794670206e+30,7.662675968907735e+31
iter_0556,5.294348909969351e+31,1.064391187214417e+31,2.2743706420773254e+30,7.409452242300572e+29,6.660271683814506e+31
iter_0557,5.725670440099909e+31,1.0363708382855853e+31,1.2579427125385234e+30,9.602205712039065e+29,6.983857606759737e+31
iter_0558,6.003119407442347e+31,1.0894693720159663e+31,2.295094297052081e+30,8.89614498684701e+29,7.411059659031991e+31
iter_0559,5.653146237198957e+31,1.1711738952574708e+31,2.2653836720049997e+30,1.0385100815986622e+30,7.154709507816793e+31
iter_0560,5.585534996926053e+31,1.1909872550706814e+31,2.2659572923790767e+30,9.522374144342265e+29,7.098341722678065e+31
iter_0561,5.628635977769143e+31,1.1241106081307073e+31,1.9977136176961118e+30,1.6530253326526444e+30,7.117820480934726e+31
iter_0562,5.895605741171339e+31,1.099926542927328e+31,2.5454529425904393e+30,1.5026878931172353e+30,7.400346367669434e+31
iter_0563,5.920228622706396e+31,1.0021896835104717e+31,1.6726918295756748e+30,1.4419573476543304e+30,7.233883223939869e+31
iter_0564,5.6575375871320395e+31,1.1246911114415242e+31,1.9857738553618832e+30,5.851532090467908e+29,7.039321405014431e+31
iter_0565,5.723345608407846e+31,1.1480211489531292e+31,2.120075109970205e+30,1.5188175837156912e+30,7.235256026729565e+31
iter_0566,5.510782173498298e+31,1.0305963014502904e+31,1.7113120462822586e+30,2.393390944651817e+30,6.951848774041997e+31
iter_0567,5.41844227948532e+31,1.0192716871373574e+31,2.736603707235047e+30,1.774981183966708e+30,6.888872455742854e+31
iter_0568,5.860906084718871e+31,1.130971659555092e+31,1.1633383664443752e+30,1.1082543974094846e+30,7.219037020659348e+31
iter_0569,5.428872276237726e+31,1.031400186486872e+31,1.5995102450311788e+30,4.944449368876574e+29,6.6696679809164825e+31
iter_0570,5.989796046096383e+31,1.1005899851621184e+31,2.5131560997788376e+30,1.7125420859380832e+30,7.512955849830195e+31
iter_0571,5.783026930850035e+31,9.202182257035477e+30,1.4524795463056415e+30,2.312646187808443e+30,7.0797577299649905e+31
iter_0572,5.731425750157822e+31,1.1026756848670845e+31,1.9248178486425028e+30,9.318559730753518e+29,7.119768817196691e+31
iter_0573,5.554966720649464e+31,1.2288861453068994e+31,2.5739247665680546e+30,4.037253622968491e+29,7.081617878842853e+31
iter_0574,5.898354102541018e+31,1.0487025320360425e+31,2.8919199791628667e+30,2.330310931016335e+30,7.469279725594982e+31
iter_0575,5.444000477430331e+31,1.1260999542520364e+31,2.0992366838884867e+30,6.526576364298765e+29,6.845289863714205e+31
iter_0576,5.635388687924707e+31,1.063618521267136e+31,1.7049836316476115e+30,3.479852342549889e+29,6.904304095782104e+31
iter_0577,5.54401896279262e+31,1.0162740918639302e+31,1.9428167331942567e+30,7.248384693134734e+29,6.827058574907324e+31
iter_0578,5.3733630853517905e+31,1.1727287710914406e+31,2.4511821242319023e+30,1.4631782990023967e+30,6.937527898766661e+31
iter_0579,5.80019322038372e+31,1.0739441864015219e+31,2.4710804516929804e+30,9.470307959141664e+29,7.215948531545958e+31
iter_0580,5.393115362772462e+31,1.1468055641192325e+31,1.742740067678817e+30,9.829051866444756e+29,6.8124854523240235e+31
iter_0581,5.7903615201262045e+31,1.317259437600567e+31,2.151215446757755e+30,1.1742750979179362e+30,7.44017001219434e+31
iter_0582,5.594978585923381e+31,1.137512260696203e+31,2.3523801309207459e+30,6.338067264464921e+29,7.031109532356308e+31
iter_0583,5.629728035320763e+31,1.1429482305167583e+31,1.724579336186413e+30,9.179355349804409e+29,7.036927752954207e+31
iter_0584,5.557487088677401e+31,1.1580132435131902e+31,2.3921250377539923e+30,1.4926849453139295e+30,7.1039813304973845e+31
iter_0585,5.676962126030269e+31,1.1514558307127149e+31,1.721211065354433e+30,1.384323629406728e+30,7.1389714262191e+31
iter_0586,5.576146553914244e+31,1.0280659469259729e+31,1.4161387845864233e+30,2.1287564278830824e+30,6.958702022087167e+31
iter_0587,6.016798976421778e+31,1.2576819782294691e+31,1.4799466210632748e+30,1.4473028435476003e+30,7.567205901112333e+31
iter_0588,5.732407473516647e+31,1.0056455140297403e+31,3.0438645340352687e+30,1.4537135846832428e+30,7.187810799418239e+31
iter_0589,5.696534513268552e+31,1.0048585755987237e+31,1.8733605849911599e+30,1.497085977915658e+30,7.038437745157957e+31
iter_0590,5.360563988876956e+31,1.099425293087463e+31,3.0217122344973364e+30,1.0239486597198532e+30,6.864555371386137e+31
iter_0591,5.540131159586802e+31,1.1061782956776337e+31,1.781627714037201e+30,1.1491868549194919e+30,6.939390912160105e+31
iter_0592,5.941339784212946e+31,1.103170224628154e+31,1.632886270511055e+30,8.601421449373764e+29,7.293812850385943e+31
iter_0593,5.487914980620647e+31,9.937039531518948e+30,2.1331635224170425e+30,1.5782304311290835e+30,6.852758329127155e+31
iter_0594,5.9769889227156275e+31,1.026836022708987e+31,2.0518552180872004e+30,5.611696290558184e+29,7.265127430138917e+31
iter_0595,5.572904925915056e+31,9.090926537784167e+30,2.5744199919373825e+30,2.2193548777907234e+30,6.961375066666282e+31
iter_0596,5.789637396269966e+31,1.2693315879861095e+31,2.1433559766732743e+30,1.5272022370367194e+30,7.4260248056270755e+31
iter_0597,5.491922125416389e+31,1.0339850252717705e+31,2.4397050298720222e+30,1.4356600984842e+30,6.913443663523782e+31
iter_0598,5.422425551467067e+31,1.1890006566490597e+31,1.4318776403307862e+30,1.7504295051940846e+30,6.929656922668614e+31
iter_0599,5.922782885203222e+31,1.0972342904617515e+31,2.4793281403211975e+30,8.218704304966427e+29,7.350137032746757e+31
iter_0600,5.919018036469814e+31,1.1724194469714245e+31,2.4543351241021828e+30,1.9264321188079003e+30,7.5295142077322475e+31
iter_0601,5.590527524873228e+31,1.1319978425830715e+31,2.3585414837924207e+30,1.4133678355819638e+30,7.099716299393739e+31
iter_0602,5.808509584872918e+31,1.1448422036091993e+31,2.5064599270633248e+30,3.0969930240964715e+29,7.234967711429414e+31
iter_0603,5.776507389346639e+31,1.145002950763294e+31,2.1706314112745923e+30,1.109287986919922e+30,7.249502279929385e+31
iter_0604,5.674431687156068e+31,1.0857946453999864e+31,1.9494219690158952e+30,1.2729027492063365e+30,7.082458804378279e+31
iter_0605,6.000845436431394e+31,1.121381380145785e+31,2.1115280295547166e+30,1.1329671217819924e+30,7.4466763317108505e+31
iter_0606,5.284961445406363e+31,9.421399663438641e+30,2.1337794812349574e+30,1.2541770045317231e+30,6.565897060326894e+31
iter_0607,5.343752952544074e+31,1.1248434935431705e+31,1.7229104476674322e+30,3.697690572118033e+29,6.677864396575168e+31
iter_0608,5.904383539804099e+31,1.0080477637701003e+31,2.297356085880608e+30,1.056390624385287e+30,7.247805974600789e+31
iter_0609,5.862541475706686e+31,1.0841778852659793e+31,2.940870319237244e+30,6.374529524333213e+29,7.304551688139723e+31
iter_0610,5.753326917730184e+31,1.0415883635920025e+31,2.221837610759647e+30,7.386083482356121e+29,7.090959877221712e+31
iter_0611,5.825147050911518e+31,9.231071489411157e+30,1.645127076457758e+30,7.98806312065429e+29,6.992647538704954e+31
iter_0612,5.811518576222748e+31,1.0796496453093926e+31,2.4905731493265973e+30,6.338016762721069e+29,7.203605704092012e+31
iter_0613,5.6855155671666865e+31,1.0387477836518517e+31,1.40332081725867e+30,9.1408650422721e+29,6.956004082967125e+31
iter_0614,5.931304722353099e+31,1.2072650039060698e+31,9.719522222205252e+29,5.304188145184846e+29,7.28880682993307e+31
iter_0615,5.7208322226129795e+31,1.1450176933398095e+31,2.4217878983744976e+30,2.0497206854992455e+30,7.313000774340163e+31
iter_0616,5.3580993671772575e+31,1.0507793861442164e+31,1.5018636134006324e+30,1.1415032976561606e+30,6.673215444427154e+31
iter_0617,5.892391894898712e+31,1.1962135247227117e+31,2.4248231684956746e+30,7.985457902484617e+29,7.410942315495839e+31
iter_0618,5.515201896388451e+31,1.0790727807770073e+31,2.164613752326595e+30,1.1581705143652249e+30,6.92655310383464e+31
iter_0619,5.852719249519874e+31,1.0441831123370295e+31,2.438511368184563e+30,1.1430963416840887e+30,7.25506313284377e+31
iter_0620,5.841273635394044e+31,1.213022619255166e+31,1.970298627321364e+30,8.667448948748847e+29,7.338000606868835e+31
iter_0621,5.5448837196459165e+31,1.1783540326268425e+31,2.101162050277756e+30,3.6990610198469914e+29,6.970344567499005e+31
iter_0622,5.981314138234777e+31,1.2940891149182907e+31,1.9752742127522806e+30,1.1444182710285781e+30,7.587372501531154e+31
iter_0623,5.138765453810299e+31,1.2807971425837657e+31,2.538111118066792e+30,2.5301230046190143e+30,6.9263860086626455e+31
iter_0624,5.933241923143432e+31,9.100464096399455e+30,1.8921741554732247e+30,5.3565040045811056e+29,7.086070788376511e+31
iter_0625,5.858158060607727e+31,1.2419969803756594e+31,1.123202924381725e+30,6.45817919796315e+29,7.27705712540119e+31
iter_0626,6.181115470572948e+31,1.1924778409982404e+31,2.3650895889057873e+30,1.6310612596898446e+30,7.773208396430752e+31
iter_0627,5.75637999350349e+31,9.393162701217164e+30,1.6343897687014274e+30,1.1196294554085847e+30,6.971098186036209e+31
iter_0628,5.882080436606846e+31,1.0829156614248375e+31,2.0243640426737408e+30,8.290577200593809e+29,7.2503382743049955e+31
iter_0629,6.376804333112815e+31,1.179988559364225e+31,1.8368589175419452e+30,1.1120073176829915e+30,7.851679515999536e+31
iter_0630,5.42211308724602e+31,1.0601758384447897e+31,2.537101238866058e+30,1.438859859673045e+30,6.87988503554472e+31
iter_0631,6.024095566373548e+31,1.0207165267572445e+31,1.8052201085865045e+30,1.5145652520171225e+30,7.376790629191156e+31
iter_0632,5.814660635762352e+31,1.0670200940256772e+31,1.2401437603754551e+30,8.23734637330004e+29,7.088068569558575e+31
iter_0633,5.736816959980084e+31,1.0658997180537332e+31,2.2351376353217846e+30,9.699115634000078e+29,7.123221597905996e+31
iter_0634,6.04004114805569e+31,9.661485032552162e+30,3.0783144778886306e+30,2.044266356243131e+30,7.518447734724081e+31
iter_0635,5.701802208091214e+31,1.2529855532648127e+31,1.8593430525468307e+30,7.108721070008536e+29,7.211809277310796e+31
iter_0636,6.049734789675045e+31,1.1417453467304009e+31,2.697458182633075e+30,5.985004933174947e+29,7.521076004000503e+31
iter_0637,6.015390537740152e+31,1.0545606418920765e+31,1.8264847179563332e+30,1.5832261828510015e+30,7.410922269712961e+31
iter_0638,5.491025461413704e+31,1.1038028853849615e+31,2.0769475270467795e+30,1.2243477351429671e+30,6.924957873017639e+31
iter_0639,5.873303662069226e+31,1.2774117585515932e+31,2.139717590545642e+30,1.6611229842919744e+30,7.53079947810458e+31
iter_0640,5.553368391271357e+31,1.0573591648184458e+31,3.018589661977366e+30,1.2253103883420935e+30,7.035117561121748e+31
iter_0641,5.531188835934598e+31,1.0312774165009392e+31,1.3635498618171242e+30,3.368426872009021e+29,6.73250550733734e+31
iter_0642,5.815455179391724e+31,1.2835914444801182e+31,1.974485403733582e+30,1.0432301855709604e+30,7.400818182802296e+31
iter_0643,5.34945567503134e+31,1.2393818688671152e+31,1.8598421775460597e+30,5.471323692069275e+29,6.829534998573754e+31
iter_0644,5.986825607347924e+31,1.0826501609276144e+31,1.9752036784363847e+30,9.197906079017015e+29,7.358975196909347e+31
iter_0645,5.227543029783619e+31,1.0520219801850588e+31,2.1700068902388287e+30,3.5289873917719474e+29,6.53185557291028e+31
iter_0646,5.377340000475362e+31,1.3256377723755296e+31,2.4586268665794798e+30,7.062913412448078e+29,7.019469593633319e+31
iter_0647,5.309429971831749e+31,1.0724600676594672e+31,1.7947861070716068e+30,1.4665237826822698e+30,6.708021028466604e+31
iter_0648,5.617003145135694e+31,1.2701349102699775e+31,2.0995749857024547e+30,8.050875783570294e+29,7.177604311811619e+31
iter_0649,5.457801422156895e+31,1.1376276691065462e+31,1.900212928559447e+30,1.8884518922328388e+30,6.974295573342671e+31
iter_0650,5.867333307445549e+31,1.0628463304193457e+31,2.406916786394149e+30,5.2269820580958364e+29,7.223141137085267e+31
iter_0651,5.886505743747258e+31,1.313613574938419e+31,2.746769839289873e+30,4.9084946897492545e+29,7.523881249512156e+31
iter_0652,5.199586987181386e+31,1.0249323833431541e+31,2.4387332579002303e+30,1.0275780553152787e+30,6.571150501846091e+31
iter_0653,5.446180552565949e+31,1.116143764420907e+31,2.0268791560256304e+30,3.99008021258286e+29,6.8049130347152475e+31
iter_0654,5.933191363737881e+31,1.1570323805169997e+31,1.9188997002791546e+30,6.806890489244427e+29,7.35018261917524e+31
iter_0655,5.428017387169594e+31,1.0787251202037215e+31,2.1270996332295996e+30,2.076213855911619e+30,6.927073856287437e+31
iter_0656,5.643994057833726e+31,1.0796346923345253e+31,2.4275881212460318e+30,1.5283733946256017e+30,7.119224901755413e+31
iter_0657,5.875464568030521e+31,1.222301412354608e+31,2.053047965636676e+30,1.9935785321340155e+30,7.5024286301621985e+31
iter_0658,5.411362281552408e+31,1.0742981383722583e+31,2.3893878259496353e+30,6.943793717670243e+29,6.794037139696332e+31
iter_0659,5.730853695667151e+31,1.3385127457888436e+31,1.8781645904430952e+30,1.6203658096651116e+30,7.419219481466815e+31
iter_0660,5.832997899050091e+31,1.0629761642718556e+31,1.6272596836273953e+30,1.0487341793228908e+30,7.1635734496169755e+31
iter_0661,5.901804102749112e+31,1.148968104796721e+31,2.567240828572909e+30,3.6652033297546906e+29,7.344148323700671e+31
iter_0662,5.543429597481721e+31,1.0501941259615422e+31,2.0374531891079557e+30,1.1915517650137112e+30,6.9165242188554285e+31
iter_0663,5.749275634212535e+31,1.0140207906971057e+31,2.11349491794018e+30,2.920042153212638e+30,7.266650132024923e+31
iter_0664,5.915268198059291e+31,1.1456595215463204e+31,2.585211153519034e+30,1.9830873390488885e+30,7.517757568862403e+31
iter_0665,5.882338815038535e+31,9.860764753004535e+30,2.296560438023541e+30,1.4530321226662326e+30,7.243374546407967e+31
iter_0666,5.841713210614992e+31,1.1994421310363544e+31,2.407728450167894e+30,5.367268136163174e+29,7.335600868029769e+31
iter_0667,5.688168116792821e+31,1.0707301086760594e+31,2.0378292674267582e+30,2.040701912598892e+30,7.166751343471444e+31
iter_0668,5.722852058198929e+31,1.1525440912856132e+31,2.6307181683488184e+30,1.567698001176768e+30,7.2952377664371e+31
iter_0669,5.888793752085341e+31,1.1457811999552735e+31,2.0313125137460713e+30,4.555373720811925e+29,7.283259940623341e+31
iter_0670,5.839495047159472e+31,1.2921169893116472e+31,2.0326423962531466e+30,4.440165416524289e+29,7.379277930261675e+31
iter_0671,5.56117633144382e+31,1.0586999748041982e+31,1.5028930210165236e+30,1.8583888948165203e+30,6.9560044978313225e+31
iter_0672,5.7119362533111525e+31,1.0620817938790045e+31,2.636032207990788e+30,2.061350315359384e+30,7.243756299525174e+31
iter_0673,6.21313643321177e+31,1.156950057748485e+31,2.5937997686305113e+30,1.003587676543816e+30,7.7298252354776865e+31
iter_0674,5.492551784763878e+31,1.2010687762589976e+31,1.9714981607527802e+30,1.7085067197936714e+30,7.061621049077521e+31
iter_0675,5.633725628496098e+31,1.14107680860225e+31,2.2003333416926944e+30,1.0600907493847687e+30,7.100844846206095e+31
iter_0676,5.4475924918445485e+31,1.098620264946607e+31,2.4518490723173134e+30,8.400116312149366e+29,6.875398827144379e+31
iter_0677,5.69197923390547e+31,1.107556870367388e+31,2.3100531032477592e+30,5.8098467518919265e+29,7.088639882116553e+31
iter_0678,5.805533073898643e+31,1.2048158860674968e+31,1.837461690772676e+30,1.7850587500345717e+30,7.372601004046865e+31
iter_0679,5.734921409083438e+31,1.0417658412432814e+31,1.7183944160889178e+30,1.1995051844504729e+30,7.068477210380658e+31
iter_0680,5.707970575204885e+31,1.0952851331622738e+31,2.2125851600363328e+30,1.2351184626288547e+30,7.148026070633677e+31
iter_0681,6.003764835144607e+31,9.966696752699929e+30,1.641067091744511e+30,9.840669858315482e+29,7.262947918172206e+31
iter_0682,5.538141339604781e+31,1.1788407101991093e+31,2.0943984943241142e+30,2.6117691199128934e+30,7.187598811227591e+31
iter_0683,5.546251938090908e+31,1.0787394358152955e+31,1.8607822901482305e+30,1.4561656597161977e+30,6.956686168892646e+31
iter_0684,6.000105251884646e+31,1.0217067175097567e+31,2.118692558079045e+30,1.0743495297515953e+30,7.341116178177466e+31
iter_0685,6.140452798849974e+31,9.752975613436324e+30,1.6440704799259193e+30,1.7342815863689804e+30,7.4535855668230965e+31
iter_0686,5.683828232588489e+31,1.0290275083962465e+31,1.563669831450846e+30,9.035303315616371e+29,6.9595757572859845e+31
iter_0687,5.6737608129232585e+31,1.0490075321991098e+31,1.7358940484187618e+30,1.1809421062394528e+30,7.01445196058819e+31
iter_0688,5.564805735772076e+31,1.0185832194755662e+31,1.5486965764037048e+30,1.0919718256712752e+30,6.847455795455141e+31
iter_0689,5.640215130813547e+31,1.1255694391826042e+31,2.4669693549228187e+30,1.8372065450830666e+30,7.196202159996741e+31
iter_0690,6.060100348327043e+31,1.251764669521302e+31,1.2418148369673589e+30,8.219418856539941e+29,7.518240690110481e+31
iter_0691,5.6891189295459955e+31,1.0192085092756006e+31,1.5336222655169134e+30,1.4756160833563298e+30,7.009251273708922e+31
iter_0692,5.552331361350067e+31,1.1403115611183977e+31,2.7178023181475906e+30,3.785270520265804e+29,7.002275859485883e+31
iter_0693,5.684106439120367e+31,1.2806567381470172e+31,1.9699773394671245e+30,7.378766938141008e+29,7.235548580595506e+31
iter_0694,6.069042734145553e+31,1.1349727329289042e+31,1.986589818613265e+30,2.745772501003263e+30,7.67725169903611e+31
iter_0695,5.635447407770765e+31,1.3572415918070566e+31,2.366796072357381e+30,1.9858430767570082e+30,7.427952914489261e+31
iter_0696,5.903039886676986e+31,1.1032627560040622e+31,2.050898882042345e+30,1.7436059207408872e+30,7.385753122959371e+31
iter_0697,5.606355444609315e+31,1.1056074447379388e+31,2.3582491685074933e+30,2.152182305030064e+30,7.16300603670101e+31
iter_0698,5.745933316638905e+31,1.149906428438136e+31,1.8753716720356383e+30,1.2922300961814448e+30,7.212599921898749e+31
iter_0699,5.715825660195408e+31,1.0859800099215038e+31,2.583548609293299e+30,1.700694807233035e+30,7.230230011769545e+31
iter_0700,5.653016129799866e+31,1.0800899055030278e+31,2.366770548525135e+30,7.323964137622846e+29,7.043022731531635e+31
iter_0701,5.295958941547397e+31,1.073260022431897e+31,2.1183366669003408e+30,8.621309893746402e+29,6.667265729606792e+31
iter_0702,5.592439823563459e+31,1.1385930464816965e+31,2.0354595689082237e+30,7.52396065249289e+29,7.009818433460906e+31
iter_0703,5.4456820770682155e+31,1.1205294564621382e+31,2.5482793077547484e+30,9.694403403762859e+29,6.917983498343458e+31
iter_0704,5.495604734864833e+31,1.1413164316168922e+31,2.874440633464379e+30,1.238354899877921e+30,7.048200719815954e+31
iter_0705,5.771770550960905e+31,1.0727946294673658e+31,2.0307222391504934e+30,1.1204738169399896e+30,7.159684786037319e+31
iter_0706,5.55759469318069e+31,1.0354693283026918e+31,1.817621240947789e+30,1.6979262140212836e+30,6.944618766980289e+31
iter_0707,5.717441848947443e+31,9.68140633810218e+30,2.13028859206322e+30,1.294364538145995e+30,7.028047795778582e+31
iter_0708,6.006166693385589e+31,1.2044519170184125e+31,2.3626397785975385e+30,1.0875574641025843e+30,7.555638334674013e+31
iter_0709,5.478491702066266e+31,1.1079328214396295e+31,1.6486718919841394e+30,8.478156500217333e+29,6.836073277706484e+31
iter_0710,5.907054958001451e+31,1.0802560084902341e+31,1.9168940438765875e+30,1.128755440957786e+30,7.291875914975121e+31
iter_0711,5.457328894179252e+31,1.1740608564660112e+31,2.111299264259048e+30,1.0865660651495596e+30,6.951176283586123e+31
iter_0712,5.946566877577328e+31,1.1090641837827627e+31,2.0220509564424886e+30,2.822585250250672e+30,7.540094682029406e+31
iter_0713,5.654685285109617e+31,1.1990550165492104e+31,1.967517917067484e+30,1.083192178603006e+30,7.158811311225877e+31
iter_0714,5.422426855061359e+31,1.2833564982112079e+31,2.195944808062733e+30,1.6680967382713105e+30,7.092187507905971e+31
iter_0715,5.0019315829427185e+31,1.1923957122610813e+31,2.8618334080848695e+30,9.187314293308954e+29,6.572383778945375e+31
iter_0716,5.924180117334258e+31,1.0903566888494247e+31,2.314014809001696e+30,1.3645206205806225e+30,7.382390349141915e+31
iter_0717,5.438030756138585e+31,1.1264528464286732e+31,1.81294006796275e+30,1.8805580931279283e+30,6.933833418676326e+31
iter_0718,5.612572380285951e+31,1.2150941787955295e+31,2.08854067327541e+30,6.173500157556698e+29,7.098255627984589e+31
iter_0719,5.773162014945961e+31,1.33481901758719e+31,2.120235015866012e+30,1.227000261582228e+30,7.442704560277975e+31
iter_0720,5.952356313253363e+31,1.072759314025715e+31,2.675481036126696e+30,8.639971298218186e+29,7.379063443873929e+31
iter_0721,5.637533319098461e+31,1.2298358473171455e+31,2.244459027542424e+30,1.341226060299431e+30,7.225937675199792e+31
iter_0722,6.063812991691999e+31,1.0651737397485356e+31,1.3065568632317254e+30,1.1906679337853932e+30,7.378709211142245e+31
iter_0723,6.083518056835728e+31,1.1581164916937558e+31,2.1498951035927222e+30,9.07963513494783e+29,7.547420410238234e+31
iter_0724,5.759698746890105e+31,1.2240060443845257e+31,2.2192680540387243e+30,1.11048955432913e+30,7.3166805521114155e+31
iter_0725,5.484754723348115e+31,1.2282660439869564e+31,2.3907230021536244e+30,1.0401020845722142e+30,7.0561032760076555e+31
iter_0726,5.813550842917277e+31,1.0487052216421314e+31,1.6430594083025504e+30,1.2619640469732456e+30,7.152758410086988e+31
iter_0727,5.734551966790414e+31,1.2755060659611409e+31,2.1604794547156615e+30,7.611931560048509e+29,7.302225293823606e+31
iter_0728,5.774040967274014e+31,1.1314564678329294e+31,3.7066457161058175e+30,9.201917972791724e+29,7.368181186445441e+31
iter_0729,6.002607408466057e+31,1.2972029493231101e+31,3.524715065954112e+30,1.9753487691230513e+30,7.8498167412968835e+31
iter_0730,5.479228178352714e+31,1.2704568541804683e+31,2.570065029382926e+30,9.833415764094206e+29,7.105025693112416e+31
iter_0731,5.6569922891566175e+31,1.2326835507106535e+31,1.895831489921025e+30,1.739627662824549e+30,7.253221755141829e+31
iter_0732,5.8916502355404785e+31,1.1978836211472153e+31,1.7127904404001047e+30,9.425140487737362e+29,7.355064305605078e+31
iter_0733,5.578903402200835e+31,1.1667254762788228e+31,1.6817656585848962e+30,1.0390289356470192e+30,7.01770833790285e+31
iter_0734,5.290961948634615e+31,1.0124059072629532e+31,2.429991789073838e+30,1.1346638107319597e+30,6.659833415878148e+31
iter_0735,5.459342626648799e+31,1.1394370518330076e+31,2.8430708226842206e+30,9.173846341821103e+29,6.974825224168439e+31
iter_0736,6.0708349780055415e+31,1.103863052919774e+31,1.7891262388184474e+30,1.5895317528797811e+30,7.512563830095139e+31
iter_0737,5.631066025670636e+31,1.171525423580025e+31,2.0693752431152402e+30,6.349679966051509e+29,7.0730257732226995e+31
iter_0738,5.942898381231269e+31,1.1982925307509008e+31,2.3406309030189268e+30,9.558405661730961e+29,7.470838058901372e+31
iter_0739,5.753672436486989e+31,1.0547424587576218e+31,2.0582728578469924e+30,1.5713965176468456e+30,7.171381832793994e+31
iter_0740,5.941818994122514e+31,1.1418393191731916e+31,1.576167474505664e+30,1.3438147621888214e+30,7.375656536965155e+31
iter_0741,5.570781471274611e+31,1.0324871316309446e+31,2.4127657261484335e+30,1.2973614952722945e+30,6.974281325047628e+31
iter_0742,5.459194005154214e+31,1.043077647251828e+31,1.8112075233273408e+30,2.2759120641934048e+30,6.9109836111581175e+31
iter_0743,6.148518133313041e+31,1.251599371056296e+31,2.0115923969894616e+30,1.1171947198989507e+30,7.712996216058178e+31
iter_0744,5.5962018327472425e+31,1.137509876271586e+31,1.6115531014251395e+30,8.880922882444365e+29,6.983676247985786e+31
iter_0745,5.479946733896269e+31,1.1381839306208397e+31,2.57010679844671e+30,4.552774294044434e+29,6.920669087302224e+31
iter_0746,5.373325911392571e+31,1.1478767033438145e+31,2.032383424760597e+30,1.4639183408872737e+30,6.870832791301173e+31
iter_0747,5.832011536480993e+31,9.819624909406766e+30,1.9080761746003916e+30,1.1253865766710358e+30,7.117320302548813e+31
iter_0748,6.055090473258635e+31,1.0761070723853905e+31,1.324211023081169e+30,1.6804303691181485e+30,7.431661684863957e+31
iter_0749,5.211520621554526e+31,1.07437520761812e+31,1.66074639566856e+30,1.334999291394647e+30,6.585470397878967e+31
iter_0750,5.65853039308657e+31,1.0649869091956577e+31,2.236992231571842e+30,1.5170676237683475e+30,7.098923287816247e+31
iter_0751,5.297579441900237e+31,1.0367986395531152e+31,2.9813181228949703e+30,6.769900788145627e+29,6.700208901624305e+31
iter_0752,6.2514733588415435e+31,1.1816166119347892e+31,2.2222180921594164e+30,9.587914671985019e+29,7.751190926712124e+31
iter_0753,5.487589544573973e+31,1.1362924145863254e+31,1.859724934764014e+30,1.1430904149938038e+30,6.924163494136081e+31
iter_0754,5.966599993829199e+31,1.074784159709086e+31,1.9075785105228164e+30,1.419127380826684e+30,7.374054742673236e+31
iter_0755,5.947086371424311e+31,1.0990253248765111e+31,2.931820860176032e+30,7.433186623306899e+29,7.4136256485514945e+31
iter_0756,5.785445215929399e+31,1.1297238989826234e+31,1.9524785081319084e+30,1.302406819173353e+30,7.240657647642548e+31
iter_0757,5.659978688823097e+31,9.899457195072003e+30,1.518091105950515e+30,1.6862419076342824e+30,6.970357709688776e+31
iter_0758,5.931046047450752e+31,1.1561141764116393e+31,2.0482063993060402e+30,3.2818156382424836e+30,7.620162427617244e+31
iter_0759,5.9858000926104555e+31,1.0046672336008627e+31,1.3846347434812298e+30,1.2685318639930234e+30,7.255783986958743e+31
iter_0760,5.265458464089716e+31,9.626170149956978e+30,1.7879361851024662e+30,5.675205626675306e+29,6.463621153862413e+31
iter_0761,5.872606683528636e+31,1.1211196362628951e+31,1.561067293495794e+30,1.2940025033001536e+30,7.2792332994711265e+31
iter_0762,5.635700495465476e+31,1.2515093732002087e+31,2.1501300010985307e+30,1.851627342508739e+30,7.287385603026411e+31
iter_0763,5.493862364384412e+31,1.0013945163511029e+31,2.5360601187724325e+30,1.3551712476443913e+30,6.884380017377198e+31
iter_0764,5.96150017876019e+31,1.1737353114511645e+31,1.8989419877114623e+30,8.002452649870407e+29,7.405154215481205e+31
iter_0765,5.537048801309247e+31,9.834204973163569e+30,2.536246614673584e+30,1.1679691593007986e+30,6.8908908760230435e+31
iter_0766,5.514298515738541e+31,1.2227969718823467e+31,2.0872130802040313e+30,1.043169949940741e+30,7.050133790635364e+31
iter_0767,5.803629713544666e+31,1.3372246070894626e+31,3.416025170376764e+30,1.2000441661443516e+30,7.60246125428624e+31
iter_0768,5.757465200588741e+31,1.1306683145189415e+31,2.219273346170432e+30,1.635421139491434e+30,7.27360296367387e+31
iter_0769,5.709481778813971e+31,1.0628014694975378e+31,3.0592913750771476e+30,1.0358399002900079e+30,7.181796375848225e+31
iter_0770,5.484774468438348e+31,1.0471598622978892e+31,2.612446501043996e+30,8.388416280501589e+29,6.877063143645652e+31
iter_0771,5.641541648644582e+31,1.1306123959784415e+31,1.6941688015139007e+30,1.1154586815428891e+30,7.0531167929287025e+31
iter_0772,5.618354776844369e+31,1.0676460244069496e+31,1.7739816187785235e+30,1.0020683426836875e+30,6.96360579739754e+31
iter_0773,5.424142533152643e+31,1.122588173488338e+31,2.1783294999027113e+30,6.509182361274614e+29,6.829655480243998e+31
iter_0774,5.735231551546303e+31,1.1745187647979796e+31,2.5546459612575184e+30,1.4970186696675637e+30,7.31491677943679e+31
iter_0775,5.482553602706439e+31,1.0697683392888203e+31,1.0930137076641466e+30,1.1272615828224158e+30,6.774349471043915e+31
iter_0776,5.347540709300417e+31,1.116701425544858e+31,2.1396649345852749e+30,4.41502390265505e+29,6.722358867330353e+31
iter_0777,5.192187103603647e+31,1.0435688638909758e+31,1.8667353359426e+30,1.1699713357793775e+30,6.5394266346668205e+31
iter_0778,6.1410966980404905e+31,1.1232640961462236e+31,2.3776657755243594e+30,2.0373202008571498e+30,7.705859391824865e+31
iter_0779,5.685438151178138e+31,1.1211269452708275e+31,1.6587116399772202e+30,1.7006223739903856e+30,7.142498497845726e+31
iter_0780,5.424790102779663e+31,1.0463260786552826e+31,2.0223361020974024e+30,1.2370745316681396e+30,6.797057244811499e+31
iter_0781,5.686968839343198e+31,1.2446787030716726e+31,2.837939953730286e+30,1.3405384977030935e+30,7.349495387558209e+31
iter_0782,5.523736173085105e+31,1.121368731527484e+31,2.2144243734082781e+30,6.2740471067609925e+29,6.929287813021026e+31
iter_0783,5.927766630808577e+31,1.2029255580799802e+31,1.9889494860488724e+30,2.0173577823574195e+30,7.531322915729188e+31
iter_0784,5.526360174610846e+31,1.0152963282413024e+31,2.942077112325134e+30,1.3885970280741492e+30,6.974723916892077e+31
iter_0785,5.783784278731338e+31,1.1800835093953227e+31,1.706698033135154e+30,1.2507796352613356e+30,7.259615554966311e+31
iter_0786,5.890211928174069e+31,1.0538553538998183e+31,2.1547713241160532e+30,7.652444231679593e+29,7.236068856802288e+31
iter_0787,5.7105142116165145e+31,1.1572221392364644e+31,1.636453267100937e+30,2.9923655911624195e+29,7.061305333474697e+31
iter_0788,5.847287719227784e+31,1.166562985026758e+31,2.0457063568421126e+30,1.1692859488692298e+30,7.335349934825677e+31
iter_0789,6.345630196664008e+31,1.0917945457025304e+31,2.647867462378938e+30,1.2710769457917137e+30,7.829319183183603e+31
iter_0790,5.185791739038565e+31,1.3265109603199028e+31,2.982726713674549e+30,7.578209087679518e+29,6.886357461602718e+31
iter_0791,5.823431218975331e+31,1.1928188009046145e+31,2.2667883028526885e+30,7.112191012461057e+29,7.314050760289825e+31
iter_0792,6.213598344661895e+31,1.1866269597341504e+31,2.12050650678831e+30,9.003385807167124e+29,7.702309813146547e+31
iter_0793,6.057586781841912e+31,9.933241728915594e+30,2.0971034165496296e+30,4.568094125237883e+29,7.306302237640813e+31
iter_0794,5.7628522775878265e+31,1.0573221645455363e+31,1.771976706152591e+30,1.1342483024769413e+30,7.110796942996315e+31
iter_0795,5.772546911897908e+31,1.09425855077906e+31,3.242234596649113e+30,5.334012675246449e+29,7.244369049094343e+31
iter_0796,5.292296540646282e+31,1.1028363165580618e+31,1.9476284183002835e+30,1.2102469254938331e+30,6.710920391583755e+31
iter_0797,6.086269393802896e+31,1.0816575006374147e+31,1.3821459024498956e+30,2.507945927068959e+30,7.556936077392196e+31
iter_0798,5.929437040058846e+31,1.0969820440752488e+31,2.3762130123109077e+30,1.513605145487318e+30,7.415400899913916e+31
iter_0799,5.236732984881436e+31,1.1444674827828559e+31,1.7291054791091275e+30,1.4287370309014566e+30,6.696984718665351e+31
iter_0800,5.9244128797539435e+31,1.1982343994124945e+31,2.4327263906834308e+30,2.5451526668076083e+29,7.3913714449028575e+31
iter_0801,5.846941441671161e+31,1.164417481124977e+31,1.8365869150093824e+30,1.8435443924759723e+30,7.3793720535446735e+31
iter_0802,6.166000343457333e+31,1.0149862963129795e+31,2.7379033644695816e+30,4.359204189328979e+29,7.498369018110559e+31
iter_0803,5.786959272893299e+31,1.066447916359991e+31,2.489258028098339e+30,2.499421204843012e+29,7.127327204111554e+31
iter_0804,5.243154332338429e+31,1.1925817694131668e+31,1.9628912554434877e+30,7.383030957980263e+29,6.705855536875748e+31
iter_0805,5.870735595951825e+31,1.1646180414086077e+31,2.407934922038676e+30,1.7443749268245462e+30,7.450584622246755e+31
iter_0806,5.962747156471473e+31,1.0566693531443104e+31,2.0467025798315326e+30,1.6135222577483414e+30,7.38543899337377e+31
iter_0807,5.430427329935144e+31,1.0635115195917868e+31,1.770524140846176e+30,1.0875376752480947e+30,6.779745031136358e+31
iter_0808,5.994854105564267e+31,1.217226149463367e+31,2.6371349129995167e+30,1.1149523795251903e+30,7.587288984280105e+31
iter_0809,5.794968542768437e+31,1.0716672170517714e+31,1.6489931423574088e+30,1.1926490460958492e+30,7.150799978665534e+31
iter_0810,5.335903876011958e+31,1.0434476174999688e+31,2.2749399196078512e+30,1.4405697302707963e+30,6.75090245849979e+31
iter_0811,5.860527639361371e+31,1.0621171241440337e+31,1.8206173415397685e+30,3.662989853948373e+29,7.141336396198866e+31
iter_0812,5.7901978510845465e+31,9.710325839230917e+30,2.114008685269494e+30,7.796926877122184e+29,7.050600572305809e+31
iter_0813,5.470462124937763e+31,1.2124838801689203e+31,2.0435291279599324e+30,1.8222135341396376e+30,7.069520271316641e+31
iter_0814,5.8819795854055545e+31,1.0861534294507984e+31,2.1062762689499626e+30,7.291849674550333e+29,7.2516791384968525e+31
iter_0815,5.508970368246304e+31,1.1421818604398273e+31,1.473531136916086e+30,8.012851829835666e+29,6.878633860676096e+31
iter_0816,5.601825830199625e+31,1.0897479041555032e+31,1.9536262595641695e+30,2.593140975903657e+30,7.146250457901911e+31
iter_0817,6.030734366035344e+31,1.148721136131456e+31,1.4792832194585413e+30,1.7659620561516367e+30,7.503980029727818e+31
iter_0818,5.465089762943858e+31,1.1909112498146594e+31,2.1240126361700347e+30,1.3143032163606065e+30,6.999832598011582e+31
iter_0819,6.006342722518891e+31,1.0862845273945734e+31,2.397474775450049e+30,2.296012074345162e+29,7.35533484820192e+31
iter_0820,5.895275531249489e+31,1.1492438875163594e+31,2.4975874155725994e+30,1.3995174550789947e+30,7.434229905831008e+31
iter_0821,5.487485866379622e+31,1.047104402423416e+31,2.0294920640430922e+30,9.984930593336604e+29,6.837388781140713e+31
iter_0822,5.956905545096682e+31,1.1907711721808533e+31,3.1437775545816893e+30,6.76155398045512e+29,7.529670012540255e+31
iter_0823,6.017613765630909e+31,1.1432400084333612e+31,1.454908472253266e+30,9.70334561613154e+29,7.403378077450912e+31
iter_0824,5.361010688560335e+31,1.1003941659462767e+31,2.604864971662884e+30,1.3660221064112848e+30,6.858493562314028e+31
iter_0825,5.365004672676551e+31,1.1663266963681387e+31,1.4238600393721266e+30,2.2590555031425395e+30,6.899622923296155e+31
iter_0826,6.0636810122979905e+31,9.801066045962497e+30,1.732367360189207e+30,1.5375652649526443e+30,7.370780879408426e+31
iter_0827,5.285791687894513e+31,1.0859251387410612e+31,1.8337109748104912e+30,1.859621542936018e+30,6.741050078410225e+31
iter_0828,5.319732012724415e+31,9.802420242515936e+30,2.5345861813004908e+30,4.369432151043133e+29,6.597126976616489e+31
iter_0829,5.799481482955565e+31,1.0341520619142124e+31,1.9978233269717691e+30,1.7121451134709258e+30,7.204630388914047e+31
iter_0830,5.449425081705047e+31,1.0950744524954105e+31,2.0180696047006075e+30,1.5788148662658892e+30,6.904187981297107e+31
iter_0831,5.073475691674515e+31,1.1679062370988354e+31,2.188293614342113e+30,1.8060031217287736e+30,6.640811602380438e+31
iter_0832,5.68638831075741e+31,1.2924531612230213e+31,2.2210394416103526e+30,1.304304719533281e+30,7.3313758880947955e+31
iter_0833,5.927750970715929e+31,1.031047457800025e+31,1.8146589369861975e+30,8.073874446285542e+29,7.221003066677429e+31
iter_0834,5.635920728776323e+31,1.1128098347445595e+31,2.0112345406316638e+30,1.079424514632957e+30,7.057796469047346e+31
iter_0835,5.989195144212137e+31,1.2069298398313915e+31,1.7801796084145657e+30,6.823449255966857e+29,7.442377437444653e+31
iter_0836,5.509461259043057e+31,1.2040369410543223e+31,2.658995383321735e+30,1.019315145069593e+30,7.0813292529365115e+31
iter_0837,6.245006296763537e+31,1.1233926558282575e+31,1.93130730274194e+30,2.2848544950912635e+30,7.790015132375115e+31
iter_0838,5.581458041792129e+31,1.2398080323743907e+31,1.9320538886867477e+30,7.289647458302662e+29,7.087367937618222e+31
iter_0839,5.5071546186140995e+31,1.0849355626230754e+31,2.8459712937620377e+30,4.095556786428942e+29,6.917642878477669e+31
iter_0840,5.3750500083120275e+31,1.1467951996449843e+31,2.3507834743938401e+30,1.3219189644508058e+30,6.8891154518414765e+31
iter_0841,5.482331792401907e+31,1.1308281886371444e+31,2.391929634701053e+30,1.737418482614258e+30,7.026094792770582e+31
iter_0842,5.655249957372342e+31,1.2735413105249007e+31,2.2861656841657132e+30,7.457837099267407e+29,7.2319862073064885e+31
iter_0843,5.718688710109264e+31,1.2229401954032203e+31,1.5013169572448057e+30,1.6373740056005703e+30,7.255498001797021e+31
iter_0844,6.070444742056425e+31,1.196530476213901e+31,2.8791455121311533e+30,1.0857006153684378e+30,7.663459831020285e+31
iter_0845,5.865729170530343e+31,1.1684359506628383e+31,2.0771862875023588e+30,1.5540125704825435e+30,7.397285006991672e+31
iter_0846,5.691308095730383e+31,1.1749300409186558e+31,1.9604104662068176e+30,1.538809094423355e+30,7.216160092712057e+31
iter_0847,5.550158693635696e+31,1.1411594208673142e+31,2.2103674350115497e+30,1.5183921171550346e+30,7.064194069719668e+31
iter_0848,5.809050799442298e+31,1.065173617995347e+31,2.116914676117935e+30,6.2975498962694934e+29,7.148891384012133e+31
iter_0849,5.2193378148983045e+31,1.0487189523156592e+31,2.6228999259174024e+30,1.1036036763533383e+30,6.640707127441037e+31
iter_0850,5.199887137880414e+31,1.2417304121899328e+31,1.7278468180377473e+30,9.665061227553684e+29,6.7110528441496575e+31
iter_0851,5.426573588656656e+31,9.468165655943263e+30,1.9751719557035573e+30,1.746144910270279e+30,6.745521840848367e+31
iter_0852,5.527067635742725e+31,1.0350747208137203e+31,1.8399409803537896e+30,5.376271964626577e+29,6.799899174238089e+31
iter_0853,6.262110844122523e+31,1.2293106933455772e+31,1.6319942672498507e+30,1.2797080061698945e+30,7.782591764810075e+31
iter_0854,5.541490597039184e+31,9.962897445819897e+30,2.3720398975710015e+30,4.843452337021275e+29,6.823418854748486e+31
iter_0855,5.855060603952332e+31,1.0240531409049872e+31,2.1520498426671442e+30,1.7607155137625092e+30,7.270390280500285e+31
iter_0856,5.889206206152962e+31,1.2640039409767316e+31,2.08028870020187e+30,1.7375501792117438e+30,7.5349940350710545e+31
iter_0857,5.659448628365578e+31,1.1060381028138132e+31,1.7739038644726602e+30,1.4514465444632267e+30,7.08802177207298e+31
iter_0858,5.520173974321476e+31,1.165576124114545e+31,2.4842102302255381e+30,1.0390799367753785e+30,7.038079115136112e+31
iter_0859,5.733997524573472e+31,1.159196930150035e+31,2.2549906185399723e+30,5.135297857206909e+29,7.170046495149573e+31
iter_0860,5.929715440464528e+31,1.1591168410631054e+31,3.1753535693704717e+30,5.412460829565595e+29,7.460492246760337e+31
iter_0861,5.797910015352575e+31,1.0944893527998793e+31,2.670380938154728e+30,1.6670214924553416e+30,7.326139611213462e+31
iter_0862,5.408917369656012e+31,1.111721421114336e+31,2.6561900137092887e+30,5.9700114979116445e+29,6.845957907120395e+31
iter_0863,5.834415031141079e+31,1.320068895763137e+31,2.3015753425005134e+30,1.1552603670370828e+30,7.500167497857976e+31
iter_0864,5.466792150480946e+31,1.1198942893990453e+31,2.1935764210282907e+30,6.743706562659972e+29,6.87348114760942e+31
iter_0865,5.487130336955486e+31,1.1332303360301386e+31,3.2150080299444455e+30,1.3630417455237615e+30,7.078165650532445e+31
iter_0866,5.600281535485181e+31,1.184135876683644e+31,1.9197168006839953e+30,1.6700478232940114e+30,7.1433938745666255e+31
iter_0867,5.679226733082199e+31,1.0624131505162056e+31,2.5643589676129595e+30,1.65628475303744e+30,7.163704255663445e+31
iter_0868,5.786904257150752e+31,1.1004105351683246e+31,2.659620257601054e+30,1.759928588044646e+30,7.329269676883648e+31
iter_0869,5.89023966765564e+31,1.0089350223699895e+31,2.796033248786462e+30,1.6456599150584912e+30,7.343344006410123e+31
iter_0870,5.609369123568566e+31,1.1772490926533042e+31,2.6398113179397917e+30,8.91899765642306e+29,7.13978932458008e+31
iter_0871,5.636389061117404e+31,1.1105402711212596e+31,1.704187229284224e+30,1.5750809831078488e+30,7.074856153477872e+31
iter_0872,5.494937336205016e+31,1.0346141618191663e+31,2.737496757530029e+30,4.370697568642764e+29,6.847008149463614e+31
iter_0873,5.668960063058615e+31,8.82742858215671e+30,2.3729711491819239e+30,4.908975113377846e+29,6.8380897873262575e+31
iter_0874,5.885030203409779e+31,1.1189182914511138e+31,2.295677840039859e+30,1.4126072926626567e+30,7.374777008131144e+31
iter_0875,5.66220446775332e+31,1.090301609190803e+31,2.013853315503835e+30,2.643229513585439e+30,7.218214359853051e+31
iter_0876,6.196654209941412e+31,1.2428549852008594e+31,2.4715117808143695e+30,1.5091851281051335e+30,7.837578886034222e+31
iter_0877,5.775133952022924e+31,1.0239023365025341e+31,1.7935876616196318e+30,1.2830793766261813e+30,7.106702992350039e+31
iter_0878,5.778024096441143e+31,1.1612675077805962e+31,2.4816872477906442e+30,1.616511180965356e+30,7.34911144709734e+31
iter_0879,5.76974997089131e+31,1.2538675696671996e+31,1.4844259009784933e+30,9.616470104434783e+29,7.268224831700706e+31
iter_0880,5.823620549242162e+31,1.1080893640062122e+31,1.8564706489748622e+30,1.4573796312433625e+30,7.263094941270196e+31
iter_0881,5.535312158882725e+31,9.496113167795027e+30,3.129890974447365e+30,1.1058278447775628e+30,6.90849535758472e+31
iter_0882,5.545158679095128e+31,1.17682437068968e+31,2.1635547665450082e+30,1.5966972493422115e+30,7.098008251373531e+31
iter_0883,5.749290113148446e+31,1.025937983448669e+31,2.054341830959371e+30,2.3272927246427828e+30,7.21339155215733e+31
iter_0884,5.76114959910784e+31,1.0747835779942177e+31,2.2760175132648804e+30,1.3778643385162164e+30,7.201321362280166e+31
iter_0885,5.92031284537514e+31,1.050785636417592e+31,1.7855044781506687e+30,1.5915779844386723e+30,7.308806728051666e+31
iter_0886,5.908597012326281e+31,1.1900684543057778e+31,1.9973982441288768e+30,2.3569902909905528e+30,7.5341043201440015e+31
iter_0887,5.997702559295067e+31,1.087589643239657e+31,1.6901118466588142e+30,1.1987706965673128e+30,7.374180456857336e+31
iter_0888,6.116198494923476e+31,1.0189872604652121e+31,2.0374123014777518e+30,9.319285579371721e+29,7.432119841330181e+31
iter_0889,5.513808086810834e+31,1.0253436162517386e+31,2.842233601957209e+30,1.6457178526843306e+30,6.987946848526727e+31
iter_0890,5.482027376154786e+31,1.0969858601998445e+31,1.6691032908266232e+30,9.889763111129015e+29,6.844821196548583e+31
iter_0891,5.7810855758404615e+31,1.1607203625555448e+31,1.8490618035202994e+30,6.974301335507874e+29,7.196455132103114e+31
iter_0892,5.726198568579984e+31,1.1145960720175884e+31,1.8708571841372214e+30,1.1171778183891674e+30,7.139598140850212e+31
iter_0893,5.754357737860653e+31,1.1358691720013996e+31,2.16948653100864e+30,2.56202491505256e+30,7.363378054468173e+31
iter_0894,5.130729677057916e+31,1.1781524530941905e+31,2.3540472738387157e+30,6.064314344727607e+29,6.6049300009832545e+31
iter_0895,5.611151109033644e+31,1.1471776763970195e+31,2.3668452349946055e+30,9.524890550279517e+29,7.0902622144329185e+31
iter_0896,5.87171838870025e+31,1.1158533255325297e+31,2.3378555817000847e+30,1.917981792544635e+30,7.413155451657252e+31
iter_0897,5.357854451527891e+31,1.0848544081392402e+31,2.208655251685145e+30,1.417893744129975e+30,6.805363759248643e+31
iter_0898,5.996738508296627e+31,1.0841685452570214e+31,1.8980872640907583e+30,8.165871910910444e+29,7.35237449907183e+31
iter_0899,5.909762863418702e+31,1.0473929691684929e+31,2.6121897405351886e+30,1.395630219161036e+30,7.357937828556816e+31
iter_0900,5.315743273094612e+31,1.192965433170588e+31,2.2803486947500442e+30,1.5477738122928888e+30,6.891520956969495e+31
iter_0901,5.332179235362492e+31,1.1799389193388956e+31,1.9179845795220342e+30,1.4994865448761612e+30,6.853865267141207e+31
iter_0902,5.95336690305557e+31,1.1544730581921528e+31,2.4292710380695923e+30,1.238894202611582e+30,7.474656485315841e+31
iter_0903,5.588206725831285e+31,1.2199880524133406e+31,1.2729488771896392e+30,1.348949947769194e+30,7.070384660740509e+31
iter_0904,5.86921732311444e+31,1.1776177071554437e+31,1.5285330766206687e+30,2.1496989672336215e+30,7.414658234655314e+31
iter_0905,5.455872047625546e+31,1.078914188755288e+31,1.8728056118768447e+30,8.921611164860036e+29,6.81128290921712e+31
iter_0906,5.8277495509551595e+31,1.1105996106887799e+31,2.0416459210228094e+30,7.938635623566234e+29,7.221900109981883e+31
iter_0907,5.689939621914737e+31,1.1344713854294257e+31,1.782396480440749e+30,5.952390639361175e+29,7.062174561781849e+31
iter_0908,5.626515476211442e+31,1.1471653454043614e+31,1.6437763412200727e+30,1.0764159097383081e+30,7.04570004671164e+31
iter_0909,5.721001657577644e+31,1.1910468096082191e+31,1.6590508509230696e+30,1.1529094784541611e+30,7.193244500123586e+31
iter_0910,5.449390593469396e+31,1.1020318155725494e+31,1.711101827134952e+30,1.3293135122730814e+30,6.855463942982748e+31
iter_0911,5.827047145287464e+31,1.0288369879713829e+31,1.876174313044978e+30,1.9713660028820807e+30,7.240638164851553e+31
iter_0912,5.758199438816665e+31,1.3409086869971827e+31,1.8808729045396643e+30,1.3113610437814855e+30,7.418331520645963e+31
iter_0913,5.418810598817388e+31,1.1575632754225895e+31,3.2135934216567844e+30,1.470118082797308e+30,7.0447450246853875e+31
iter_0914,5.648837687683214e+31,1.1013904563441422e+31,2.965843731634414e+30,4.43726560836522e+29,7.091185173274449e+31
iter_0915,5.56553077786311e+31,1.0452988301102744e+31,1.8682563839306746e+30,1.838073277963633e+30,6.981462574162814e+31
iter_0916,5.566454082264822e+31,1.1464372023271995e+31,2.863940522665397e+30,1.5324218729147933e+30,7.152527524150041e+31
iter_0917,5.63437971884153e+31,1.191096125130741e+31,1.5333739860180854e+30,1.8804110705491863e+30,7.166854349628999e+31
iter_0918,6.13021497702415e+31,1.0720424022493062e+31,2.206559900530034e+30,1.0500168342420263e+30,7.527915052750661e+31
iter_0919,5.786156588187921e+31,1.0134504823274179e+31,1.6795026170842987e+30,9.679560571862862e+29,7.064352937942397e+31
iter_0920,5.640363815321164e+31,9.967235714837434e+30,1.7664601802961277e+30,5.693592963568547e+29,6.870669334470206e+31
iter_0921,6.045398911934938e+31,1.1126854365148235e+31,2.6427612347639424e+30,1.437560767400641e+30,7.56611654866622e+31
iter_0922,5.96553333902154e+31,1.130005486280767e+31,1.762971443861734e+30,9.989480711114403e+29,7.371730776799625e+31
iter_0923,5.111500957766602e+31,1.0540353517243756e+31,2.437228059172448e+30,1.7022061142391302e+30,6.579479726832134e+31
iter_0924,5.6279263028307915e+31,1.2123170980040331e+31,2.3885766452289723e+30,1.9196590732907582e+30,7.271066972686799e+31
iter_0925,5.648856259729635e+31,1.1875338301198985e+31,2.4806768445287287e+30,1.093513482801472e+30,7.193809122582553e+31
iter_0926,5.793536769930372e+31,1.1123572704218498e+31,2.1454263903487705e+30,1.4525431302883116e+30,7.265690992415929e+31
iter_0927,5.518913795844514e+31,1.3303543340374103e+31,2.697669024894668e+30,1.270523545368404e+30,7.246087386908232e+31
iter_0928,5.843128907941518e+31,1.2320854217499612e+31,1.755464728066845e+30,1.326170491389084e+29,7.264022507412054e+31
iter_0929,5.175148945179753e+31,1.1507047961910747e+31,1.5597045415951617e+30,6.811851104078238e+29,6.549942706571126e+31
iter_0930,5.767761932612986e+31,1.051013351551203e+31,1.772210742653957e+30,1.9509315855615515e+30,7.191089516985741e+31
iter_0931,5.730263991305688e+31,1.1383360357982887e+31,3.1997809170297434e+30,7.217286199312947e+29,7.260750980800081e+31
iter_0932,5.798063582876818e+31,1.0878273961981909e+31,2.2892865916054815e+30,1.7272782238994116e+30,7.287547460625499e+31
iter_0933,5.3241836515691245e+31,1.0016713634386087e+31,2.8936063594414927e+30,6.541578838943128e+29,6.680631439341314e+31
iter_0934,5.841210026243541e+31,1.1325738331727082e+31,1.9779426111291756e+30,3.769333337282437e+29,7.209271453901991e+31
iter_0935,5.853834883346221e+31,1.068617813979319e+31,2.715621876670252e+30,1.3256516485507557e+30,7.326580049847641e+31
iter_0936,5.684246012740448e+31,1.2431470963511208e+31,2.690784332905441e+30,1.6593508642733734e+30,7.36240662880945e+31
iter_0937,6.038268764827548e+31,1.1253631996430907e+31,1.5976435608445074e+30,9.791888183357862e+29,7.421315202388668e+31
iter_0938,6.037006202834246e+31,1.395949795875201e+31,2.319281663329338e+30,9.393664113430622e+29,7.758820806176688e+31
iter_0939,6.030322051809678e+31,1.0158626136733982e+31,3.5739540141469246e+30,1.1127780063706878e+30,7.514857867534837e+31
iter_0940,5.2494583349499125e+31,1.0327277404681089e+31,1.41959411081218e+30,1.4745287165908146e+30,6.571598358158321e+31
iter_0941,6.098301985171108e+31,1.0405638495573478e+31,2.5234947153864486e+30,9.822720032146799e+29,7.48944250658857e+31
iter_0942,5.387650694824933e+31,9.616678995203368e+30,1.9479282223467887e+30,1.6311110455816327e+30,6.707222521138111e+31
iter_0943,5.753187924071898e+31,1.1191508323277628e+31,1.3616586155725716e+30,1.9014976203957673e+30,7.198654379996494e+31
iter_0944,5.565427781902677e+31,1.1230842752013536e+31,2.2160415217046057e+30,1.8211102465796273e+30,7.092227233932453e+31
iter_0945,5.52819790320486e+31,1.0303146527510778e+31,1.7480437207819086e+30,1.530579207179271e+30,6.8863748487520555e+31
iter_0946,5.964462653885915e+31,1.2198815952297617e+31,1.4376047177714432e+30,1.0562596438221239e+30,7.433730685275034e+31
iter_0947,5.565322601088208e+31,1.1182145820756928e+31,1.462810562999809e+30,1.9111501096643895e+30,7.02093325043032e+31
iter_0948,5.5875733289381395e+31,1.0951172648797108e+31,1.8557953644872195e+30,8.872441953089033e+29,6.956994549797462e+31
iter_0949,5.507951448718767e+31,1.241643900864188e+31,3.1074025485822816e+30,3.926631219824345e+28,7.0642622356610065e+31
iter_0950,5.153895671130242e+31,1.0691416554174442e+31,2.3929959059241856e+30,7.765250393889437e+29,6.539989421078998e+31
iter_0951,6.038906136652664e+31,1.2309885291573333e+31,2.4313107356841368e+30,1.2101847603939071e+30,7.634044215417802e+31
iter_0952,5.826663030475786e+31,1.1391534111942706e+31,2.6727081413445924e+30,1.414693110787401e+30,7.374556566883257e+31
iter_0953,5.694917641283943e+31,1.0174019892238325e+31,2.2233815667421232e+30,1.2011823083895168e+30,7.054776018020939e+31
iter_0954,5.700053406357952e+31,1.298310826632888e+31,1.6080528534725748e+30,1.5340057336545383e+30,7.312570091703551e+31
iter_0955,5.57440263702155e+31,9.799372697898713e+30,2.0545504850747788e+30,1.0902015485246894e+30,6.868815110171368e+31
iter_0956,5.502259501374247e+31,1.0432560475763104e+31,2.330540405071685e+30,1.1951637318628789e+30,6.898085962644013e+31
iter_0957,5.688379348658412e+31,1.1367575601087945e+31,2.4328502177512905e+30,1.353456114786501e+30,7.2037675420209855e+31
iter_0958,5.415264272926847e+31,1.1235438535172177e+31,2.2643371696500778e+30,1.2684243215147706e+30,6.892084275560549e+31
iter_0959,6.305129700719349e+31,1.0114815947997879e+31,1.9635108512641482e+30,1.5909691346240004e+30,7.672059294107952e+31
iter_0960,5.84986852646126e+31,1.1770116479455528e+31,1.4137645673653803e+30,2.8557388550280514e+29,7.196814019693632e+31
iter_0961,5.471523568424613e+31,1.1528944555651554e+31,9.020112338691718e+29,7.506571710174729e+29,6.789684864478433e+31
iter_0962,5.540351987535009e+31,1.1042895216488365e+31,1.7838857818593232e+30,6.292093651660257e+29,6.88595102388638e+31
iter_0963,5.8074206797199515e+31,1.1576599385719329e+31,2.0637612067530896e+30,8.281505250876459e+29,7.254271791475958e+31
iter_0964,5.875831492887248e+31,1.0145887567999299e+31,1.8156346768457567e+30,1.7384786431057657e+30,7.24583158168233e+31
iter_0965,5.777820244951847e+31,1.000000655197108e+31,1.561415780493982e+30,5.405484040616104e+29,6.988017318604513e+31
iter_0966,5.9709966812922e+31,1.098359133269531e+31,2.1156347376897532e+30,1.0205892695351941e+30,7.382978215284226e+31
iter_0967,5.716539453799248e+31,1.1519206699412163e+31,1.8465273431894092e+30,9.545728926082499e+29,7.148570147320229e+31
iter_0968,5.8274919643609e+31,1.1749302386196498e+31,1.9230319550426572e+30,1.0463679886730795e+30,7.299362197352124e+31
iter_0969,5.543437287160792e+31,1.1998314901607882e+31,1.9029682918101547e+30,1.1702212318886247e+30,7.050587729691458e+31
iter_0970,5.419018143122778e+31,1.1013043288250295e+31,1.9094292879733465e+30,1.4407682272761978e+30,6.855342223472762e+31
iter_0971,5.401593483028335e+31,1.1066433492863873e+31,2.0597852018382237e+30,2.1785620209493333e+30,6.932071554593477e+31
iter_0972,6.091192745486326e+31,1.213578152817625e+31,7.762300733575851e+29,8.63431244183876e+29,7.468737030058097e+31
iter_0973,5.297590596890994e+31,1.0720902966802333e+31,3.1591131393267434e+30,1.4668003435599462e+30,6.832272241859897e+31
iter_0974,5.771091463551801e+31,1.1348505494613141e+31,2.2473929657647007e+30,1.9897192143120164e+30,7.3296532310207875e+31
iter_0975,5.523580854759861e+31,1.3247979860714566e+31,2.07308518860212e+30,4.687569496665325e+29,7.102563054658182e+31
iter_0976,5.781835040434782e+31,1.2115313240554936e+31,2.1409277101054932e+30,7.220770569982943e+29,7.279666841200655e+31
iter_0977,5.335181626674413e+31,1.2575669501739914e+31,2.3820588517729358e+30,7.967884691790817e+29,6.910633308943607e+31
iter_0978,5.6062317761789595e+31,1.3183282931365092e+31,2.038007849862986e+30,8.878585505080637e+29,7.217146709352574e+31
iter_0979,6.087911816234511e+31,1.3072577377242586e+31,3.4893048646730817e+30,7.883911543346673e+29,7.822939155859543e+31
iter_0980,5.910621628659156e+31,1.1799294993749475e+31,2.27752130978404e+30,1.5679097597541593e+30,7.475094234987924e+31
iter_0981,5.720874946381649e+31,1.1468324412960897e+31,1.7827887323894242e+30,1.80905138223192e+30,7.226891399139874e+31
iter_0982,5.847412234294199e+31,1.2231091472413419e+31,3.0624276400483416e+30,1.1272584172634437e+30,7.489489987266719e+31
iter_0983,5.656719410780307e+31,9.934470426624506e+30,2.1762651438831035e+30,1.5075814659708363e+30,7.018551114428152e+31
iter_0984,5.813786552098031e+31,1.2025200570652933e+31,2.7012995273535204e+30,1.0033924289947287e+30,7.38677580479815e+31
iter_0985,5.576390918395096e+31,1.1737896052546439e+31,1.892030568492869e+30,1.3901365491148083e+30,7.078397235410508e+31
iter_0986,5.3854734707230185e+31,9.997357916863748e+30,1.9250958583393745e+30,1.263791725503282e+30,6.704098020793658e+31
iter_0987,5.7367826958789415e+31,1.0129770683366804e+31,1.3734794631551838e+30,5.718703403236115e+29,6.944294744563502e+31
iter_0988,5.545708407097039e+31,1.1133921156721801e+31,1.963248482373254e+30,1.4284303809047764e+30,6.998268409097022e+31
iter_0989,5.669236165875607e+31,1.070606094085358e+31,1.3919414994071716e+30,1.2272837134234222e+30,7.001764781244024e+31
iter_0990,5.3924154558057375e+31,1.1199352441916539e+31,2.1494251156357895e+30,1.7524847329192247e+30,6.902541684852893e+31
iter_0991,5.726156442064772e+31,1.0796077926299708e+31,2.4634525364454287e+30,1.2318153219300578e+30,7.175291020532291e+31
iter_0992,5.402392607445739e+31,1.176806525679506e+31,1.7296017157028688e+30,1.9362341827733954e+30,6.9457827229728705e+31
iter_0993,5.485020111199387e+31,1.219548202892849e+31,1.666166096023722e+30,1.0186383159098583e+30,6.973048755285593e+31
iter_0994,5.56279327467056e+31,1.071116898775001e+31,2.1478313875466586e+30,1.0026015811886035e+29,6.858719328012112e+31
iter_0995,5.478666044674527e+31,1.083182587643058e+31,2.2242061356795314e+30,1.2420855255936078e+30,6.908477798444899e+31
iter_0996,5.548769540073334e+31,1.2340531641469819e+31,2.848571609057226e+30,9.772351379700364e+29,7.165403378923043e+31
iter_0997,5.925292158040188e+31,1.3132659447905196e+31,3.1171024601774437e+30,7.734393024640102e+29,7.627612279094854e+31
iter_0998,5.487269427640855e+31,1.0170712117010015e+31,1.9933053454965782e+30,1.0167853088093473e+30,6.80534970477245e+31
iter_0999,5.635622128829205e+31,1.1820584717950178e+31,1.7774728375947535e+30,6.436744458431999e+29,7.059795328968019e+31
iter_1000,5.841961376826584e+31,1.523835424328474e+31,2.4341416882543793e+30,6.623465567708212e+29,7.675445625657577e+31
