iter,Upper Crust,Middle Crust,Lower Crust,Mantle,Total
iter_0001,4.310524542412595e+31,2.4082877253143903e+30,1.7286874519408465e+29,5.398111169831763e+20,4.568640189517424e+31
iter_0002,4.185730036016323e+31,2.7674030960848006e+30,2.1844863003789977e+29,1.4974212491656592e+22,4.484315210126015e+31
iter_0003,4.368210539054312e+31,2.680746115920289e+30,2.2481057127039128e+29,8.448413714428482e+20,4.658766207857864e+31
iter_0004,4.3588876693796605e+31,2.667691029019713e+30,2.6036990614870024e+29,1.6079346346905035e+25,4.651695370831136e+31
iter_0005,4.198329671584541e+31,2.8791217981717333e+30,3.5313146614736e+29,3.6973364176929885e+22,4.521555001713787e+31
iter_0006,4.367147586450363e+31,2.839840717690097e+30,7.071691654453832e+28,1.1461742894848263e+22,4.658203351020002e+31
iter_0007,4.422425478183951e+31,2.6129556218806937e+30,6.484481167503286e+29,2.0312981411984374e+24,4.748566055176867e+31
iter_0008,4.421917164620479e+31,2.516199503002754e+30,2.3513032781027132e+29,1.3040505545203173e+22,4.697050149005831e+31
iter_0009,4.143174091234809e+31,2.5249359930863872e+30,2.1468540722296078e+29,5.2317310310355776e+20,4.417136231318062e+31
iter_0010,4.259498940711087e+31,2.5288918413022823e+30,1.140594446769042e+29,2.033535029731145e+22,4.52379407134254e+31
iter_0011,4.193807924994347e+31,3.0864782434457915e+30,3.224576858654818e+29,3.1687578087467646e+26,4.534733205503562e+31
iter_0012,4.3317600129474255e+31,2.7515002020441557e+30,1.4665541724742054e+29,4.851829714117628e+24,4.621576060059556e+31
iter_0013,4.394944556311691e+31,2.51486792661502e+30,2.5852083019085892e+29,7.504036349284913e+27,4.673033835627208e+31
iter_0014,3.993912038191473e+31,2.180441197689135e+30,2.6232017150017865e+29,1.081470902175199e+21,4.238188175218551e+31
iter_0015,4.132931010887202e+31,2.080022603342966e+30,2.8103918197435685e+29,1.0352541969540362e+22,4.369037190454189e+31
iter_0016,4.694430284341379e+31,3.043592299758779e+30,2.041937148861255e+29,1.6079346346905035e+25,5.019210493740504e+31
iter_0017,4.653555998455823e+31,2.770116252132491e+30,1.795350629434249e+29,3.882203238577639e+22,4.948521133845617e+31
iter_0018,4.317347595737033e+31,2.874960346262607e+30,3.666375038175255e+29,2.218401850615794e+22,4.641507382963448e+31
iter_0019,4.348199117891576e+31,2.923643961476505e+30,2.8986640635780484e+29,2.292348578969653e+20,4.6695501546979305e+31
iter_0020,4.267674986581825e+31,2.804643593409458e+30,2.923648176144112e+29,2.033535029731145e+22,4.5773758297177465e+31
iter_0021,4.141765650427769e+31,2.814998405175941e+30,1.771054767005167e+29,7.579539656270626e+21,4.440976039373368e+31
iter_0022,4.293485543401383e+31,2.3360392404290944e+30,3.1504239493380847e+29,3.697336417692988e+19,4.55859370694137e+31
iter_0023,4.24744246156097e+31,2.2736712670945407e+30,3.492734579066257e+29,4.566210475850841e+20,4.509736934106748e+31
iter_0024,4.4589931380321755e+31,2.800382926241687e+30,3.296757198955098e+29,9.243341044232469e+20,4.771999002738329e+31
iter_0025,3.9836894346545136e+31,2.642791812047186e+30,3.0608926352603794e+29,5.2317310310355776e+20,4.278577542264153e+31
iter_0026,4.350363404063987e+31,1.9538925498439104e+30,2.15484708210103e+29,3.697336417692988e+19,4.567301129873086e+31
iter_0027,4.211268455390985e+31,2.66796050214274e+30,2.726428734350354e+29,2.421755353588908e+20,4.50532879297298e+31
iter_0028,4.259202588337962e+31,2.743690074102202e+30,8.320694405051071e+28,1.3495277924579407e+20,4.541892290166729e+31
iter_0029,4.294632490722394e+31,2.540561343043603e+30,2.2647449432409635e+29,2.66762822536549e+21,4.571336074725926e+31
iter_0030,3.9971047937656676e+31,3.3981283691065777e+30,1.5455303771008069e+29,1.0722275611309665e+20,4.352372934458056e+31
iter_0031,4.260363645785257e+31,2.556469876796467e+30,3.540195398884181e+29,1.5528812954310548e+20,4.551412587469274e+31
iter_0032,4.4195139910776485e+31,2.4169896248802546e+30,7.188421750901003e+29,1.0352541969540368e+20,4.733097171085037e+31
iter_0033,4.387376414167439e+31,2.4105087330397768e+30,3.18995425881259e+29,2.0312981411984374e+24,4.660327033189357e+31
iter_0034,4.188980662351779e+31,2.3522795189184925e+30,2.978304797790383e+29,3.061394553849793e+21,4.453991662527672e+31
iter_0035,4.322990563321002e+31,2.708237197752447e+30,4.654571362484288e+29,2.5881354923850926e+22,4.640359999309226e+31
iter_0036,4.440210389652213e+31,2.695084727903025e+30,1.8875639543294138e+29,5.176270984770186e+22,4.728594507162081e+31
iter_0037,4.058406841999357e+31,1.7786485959340662e+30,1.2906141072888937e+29,2.0312981411984374e+24,4.249178045795468e+31
iter_0038,4.648240721830668e+31,2.7918561350369504e+30,3.353567782936211e+29,1.5528812954310548e+20,4.960962013179254e+31
iter_0039,4.344120991472634e+31,2.782902684859928e+30,1.9670484861070314e+29,2.8839224058005304e+20,4.642081744848536e+31
iter_0040,4.666300585042999e+31,2.917144023289547e+30,1.354277399714921e+29,1.9706618239482752e+23,4.97155778107572e+31
iter_0041,4.38464229710891e+31,2.3748680252138546e+30,4.220804233182443e+29,4.436803701231584e+19,4.664337141966556e+31
iter_0042,4.4434522694087875e+31,2.8772421733570225e+30,1.5517773851978435e+29,3.1057625908621096e+20,4.746694260627525e+31
iter_0043,3.9706365660347295e+31,2.581040463675305e+30,8.401361716317173e+28,8.817962489376884e+22,4.23714198293654e+31
iter_0044,4.060653198862017e+31,3.090493177438606e+30,1.9654362728201894e+29,3.697336417692988e+19,4.389356879337776e+31
iter_0045,3.9582288179021627e+31,2.5622862637829627e+30,3.5398755683355955e+29,5.176270984770186e+22,4.249856205140086e+31
iter_0046,3.9994947695438927e+31,2.6543380081455694e+30,5.100436530577922e+29,2.1259684401734687e+20,4.315932935685488e+31
iter_0047,4.134604595338485e+31,3.1011263628027047e+30,4.4172310780323816e+29,1.0352541969540362e+22,4.488889543434334e+31
iter_0048,4.384816104554307e+31,2.7969676507021957e+30,5.7138557507589916e+29,1.1461742894848263e+22,4.72165142827829e+31
iter_0049,4.088148076363023e+31,2.802197943538603e+30,1.308808671030683e+29,9.428207865117118e+21,4.381455958370011e+31
iter_0050,4.065071164267668e+31,3.371391523431367e+30,2.6965828761500592e+29,6.562772141405055e+20,4.429176145437933e+31
iter_0051,4.414589750767421e+31,3.050479022178971e+30,2.024683517526768e+29,4.2889102445238675e+20,4.739884488203475e+31
iter_0052,4.453992169325416e+31,2.7099896557490634e+30,5.637433475026662e+29,1.7007747521387738e+22,4.7813654713513635e+31
iter_0053,4.152951244684013e+31,2.7186148660007057e+30,3.6720766437809984e+29,2.218401850615794e+22,4.461533499940295e+31
iter_0054,4.627489308066035e+31,2.748748680954673e+30,2.237294708914314e+29,8.448413714428482e+20,4.9247371233351285e+31
iter_0055,4.162779845254061e+31,3.448923565293727e+30,3.027530000006418e+29,3.013329180419784e+20,4.537947501813632e+31
iter_0056,4.413487178615778e+31,2.4310515695892434e+30,3.651017157737084e+29,9.428207865117118e+21,4.6931025080948945e+31
iter_0057,4.460976098285168e+31,2.886982604151494e+30,2.919958537228748e+29,1.5528812954310548e+20,4.778873944088135e+31
iter_0058,4.075454111191651e+31,2.8263795246787407e+30,1.4120908417412969e+29,2.421755353588908e+20,4.3722129721011555e+31
iter_0059,4.458878938694567e+31,2.4844109751093625e+30,4.720286832106228e+29,1.9706618239482752e+23,4.754522924233183e+31
iter_0060,4.345342653540502e+31,2.478847350135871e+30,2.127995977442764e+29,2.033535029731145e+22,4.614507350362052e+31
iter_0061,4.159170144647774e+31,3.1156236396277754e+30,2.623580231674125e+29,9.428207865117118e+21,4.496968311870113e+31
iter_0062,4.416375479373855e+31,2.921385516401143e+30,4.487402766436568e+29,3.697336417692988e+19,4.753388058682031e+31
iter_0063,4.456228458656627e+31,2.3464029712289697e+30,1.9184146812424247e+29,2.5881354923850926e+22,4.710052905180084e+31
iter_0064,4.560056750587159e+31,2.612554771952898e+30,3.488382267329069e+29,4.2889102445238675e+20,4.856196050498629e+31
iter_0065,4.341801687869528e+31,2.946145172501236e+30,3.1522580006818553e+29,6.562772141405055e+20,4.667938785192098e+31
iter_0066,3.989701555794053e+31,2.2605370405886742e+30,3.381146820236777e+29,1.081470902175199e+21,4.249566728163436e+31
iter_0067,4.627276989834618e+31,2.2660931913133936e+30,1.3262226587573722e+29,6.562772141405055e+20,4.867148535619159e+31
iter_0068,4.301875148697567e+31,2.708845101115417e+30,2.8075975068481016e+29,2.033535029731145e+22,4.600835635911126e+31
iter_0069,4.305354759075649e+31,3.3341624974240313e+30,3.691020095784506e+29,4.851829714117628e+24,4.675681694958869e+31
iter_0070,4.442025716293188e+31,2.676084590549657e+30,2.8996644388067102e+29,1.5528812954310548e+20,4.73863081975175e+31
iter_0071,4.0247181075369737e+31,2.628515500683957e+30,3.264777415030002e+29,3.1687578087467646e+26,4.3202491193337565e+31
iter_0072,4.296721835015218e+31,2.2617707753082019e+30,3.041496338445385e+29,9.98280832777107e+19,4.553313875940474e+31
iter_0073,4.523395038490326e+31,2.872452059918214e+30,1.8755017181652994e+29,4.566210475850841e+20,4.8293952617094635e+31
iter_0074,4.463265855139873e+31,2.4661589369756342e+30,3.9683943950680604e+29,1.7007747521387738e+22,4.749565694488892e+31
iter_0075,4.642299192673066e+31,2.2603011306462862e+30,5.852877962121796e+28,2.1259684401734687e+20,4.8741821837210765e+31
iter_0076,4.397516970635653e+31,1.9013719888319111e+30,4.681647436934749e+29,1.3040505545203173e+22,4.634470645192242e+31
iter_0077,4.653541902252317e+31,2.1874582540804516e+30,3.1414193755052443e+29,3.697336417692988e+19,4.903701921419112e+31
iter_0078,4.314997854810823e+31,2.4504284787927001e+30,1.4424238362732568e+29,2.292348578969653e+20,4.5744649410757485e+31
iter_0079,4.232575347972558e+31,3.1259059589850374e+30,3.162872598039674e+29,1.3495277924579407e+20,4.576794669864954e+31
iter_0080,4.0015303556301883e+31,2.5174651704491562e+30,2.7185190300370374e+29,2.292348578969653e+20,4.280462062998398e+31
iter_0081,4.433052902504546e+31,2.947272701684002e+30,1.846439316805912e+29,8.448413714428482e+20,4.746244565925489e+31
iter_0082,4.162237535028564e+31,2.925529614632235e+30,1.572937467612039e+29,1.9706618239482752e+23,4.470519890874525e+31
iter_0083,4.059566037806049e+31,2.56770181932e+30,6.419501226415536e+29,1.9706618239482752e+23,4.380531251708823e+31
iter_0084,4.551463866073002e+31,2.3602590695953699e+30,3.3831231146346384e+29,1.6878340746768495e+21,4.8213210043476685e+31
iter_0085,4.152399730474372e+31,2.9824822836519257e+30,5.101216024114917e+29,1.3495277924579407e+20,4.50166011909421e+31
iter_0086,4.295758322121223e+31,2.1980951956020616e+30,2.554337107776558e+29,4.566210475850841e+20,4.541111212804858e+31
iter_0087,4.115222509718153e+31,2.4716879639185166e+30,2.9292944632544976e+29,9.98280832777107e+19,4.3916842507525325e+31
iter_0088,4.2430025265457035e+31,2.8278205727728355e+30,6.398542897899803e+28,2.292348578969653e+20,4.53218312674381e+31
iter_0089,4.086988570882963e+31,2.4768875932617751e+30,1.1888923846582749e+29,1.0722275611309665e+20,4.346566254066446e+31
iter_0090,3.860000437436849e+31,2.2400787656813288e+30,5.59731750679943e+29,2.292348578969653e+20,4.139981489095899e+31
iter_0091,4.625655646932774e+31,2.2839475922521392e+30,1.719875561574028e+29,1.629785892919068e+25,4.871250791559622e+31
iter_0092,4.06230377076265e+31,2.652373203481137e+30,1.2413278237610537e+29,1.3040505545203173e+22,4.339954370652425e+31
iter_0093,4.160268527610417e+31,2.614890230266603e+30,2.23080951122337e+29,9.428207865117118e+21,4.444065646692131e+31
iter_0094,4.413171910415793e+31,2.7880533860723855e+30,3.3278562148796826e+29,3.1057625908621096e+20,4.725255811202886e+31
iter_0095,4.344550959950011e+31,2.669514495134108e+30,2.584284099469777e+29,2.8839224058005304e+20,4.637345250486959e+31
iter_0096,4.28603435862772e+31,2.8893995865618656e+30,3.829515064951123e+29,2.8839224058005304e+20,4.613269467962257e+31
iter_0097,4.148345725926944e+31,2.2637454783227045e+30,2.7049855851868167e+29,7.504036349284913e+27,4.402520533246011e+31
iter_0098,4.253503400915984e+31,2.9482409658262256e+30,3.49154910084299e+29,9.98280832777107e+19,4.58324298851702e+31
iter_0099,4.26394485255476e+31,3.878814862886928e+30,2.9206285061817087e+29,4.436803701231584e+19,4.681032623909707e+31
iter_0100,4.367195614391116e+31,2.1627030017505222e+30,2.7348005167797108e+29,1.6079346346905035e+25,4.6108155276686e+31
iter_0101,3.8787102480207913e+31,2.1478973865339103e+30,5.128304449732615e+29,1.0722275611309665e+20,4.14478303118223e+31
iter_0102,4.459850696347689e+31,2.39963989559361e+30,2.9601730834310193e+29,3.061394553849793e+21,4.7294164170475e+31
iter_0103,4.283786729150728e+31,2.2910455048440692e+30,4.889277267408463e+29,1.0352541969540368e+20,4.5617840523195715e+31
iter_0104,4.404944243438553e+31,3.396093999162477e+30,4.009089696710151e+29,9.428207865117118e+21,4.784644541264723e+31
iter_0105,4.472270377484071e+31,2.4829154804366047e+30,3.0144832245574684e+29,1.629785892919068e+25,4.750708387559199e+31
iter_0106,3.967927216126735e+31,2.5339086347557124e+30,5.183538739579597e+29,1.1276876073963616e+23,4.273153478274979e+31
iter_0107,4.411059210556535e+31,2.681754150409279e+30,1.6179167370783014e+29,1.1276876073963616e+23,4.695413804245122e+31
iter_0108,4.466384126274064e+31,2.3137710918989487e+30,9.430788131693282e+28,1.3495277924579407e+20,4.707192023609147e+31
iter_0109,4.633091105203852e+31,2.8369063230526e+30,1.843859526311298e+29,3.1687578087467646e+26,4.935252020350313e+31
iter_0110,4.2401161713227185e+31,3.2340212226702945e+30,2.773372184495011e+29,1.1461742894848263e+22,4.591252016580873e+31
iter_0111,4.279466922972015e+31,2.753628539229914e+30,5.233335110033328e+29,1.5713679775195205e+20,4.607163128011054e+31
iter_0112,4.080595059136515e+31,3.0058702063893093e+30,3.675406000489211e+29,7.487106245828304e+20,4.417936139855208e+31
iter_0113,4.067769043303035e+31,2.6438639738726416e+30,3.94822762539426e+29,1.1461742894848263e+22,4.371637718090417e+31
iter_0114,4.596899294172181e+31,2.922891578745904e+30,2.5591096369814896e+29,4.851829714117628e+24,4.914780033599558e+31
iter_0115,4.5426695821705985e+31,2.8080993144122756e+30,3.3131915826152335e+29,3.6973364176929885e+22,4.856611433135315e+31
iter_0116,4.413159232963147e+31,2.383499239325425e+30,2.2245789066517416e+29,2.5141887640312313e+20,4.673754945987349e+31
iter_0117,4.683762559587346e+31,3.2589646846502156e+30,3.99753328449497e+29,1.629785892919068e+25,5.049635990683209e+31
iter_0118,4.351389818734849e+31,3.0725496106903195e+30,3.1214204256379618e+29,2.8839224058005304e+20,4.6898589840890995e+31
iter_0119,4.523341145140621e+31,3.005336466579902e+30,1.9995353850697535e+29,2.033535029731145e+22,4.843870147682843e+31
iter_0120,4.41069554584332e+31,2.5026611483918872e+30,4.254031177756252e+29,1.1276876073963616e+23,4.703501983736948e+31
iter_0121,4.4587346130821755e+31,3.511780670992642e+30,3.60657402575478e+29,7.504036349284913e+27,4.846728824073917e+31
iter_0122,4.41144391926212e+31,3.0196170677709727e+30,3.0387892728158905e+29,2.218401850615794e+22,4.7437935209857785e+31
iter_0123,4.318545706901208e+31,2.675312856687255e+30,1.8136796098524493e+29,2.5881354923850926e+22,4.604213791256594e+31
iter_0124,4.287776661564007e+31,2.3442302422546305e+30,1.9647874920135277e+29,2.421755353588908e+20,4.541847560733823e+31
iter_0125,4.636503435949734e+31,2.4053481077850075e+30,5.017750352536322e+29,1.5528812954310548e+20,4.927215750269127e+31
iter_0126,4.308961958971651e+31,3.3273108778690593e+30,1.8074178056476735e+29,3.1687578087467646e+26,4.65979891239312e+31
iter_0127,4.513591631191544e+31,2.764457004910288e+30,1.632102850861332e+29,3.1687578087467646e+26,4.806390047769274e+31
iter_0128,4.409933860627403e+31,2.667268956069305e+30,4.637364353352647e+29,1.3421331196225547e+22,4.723034401109993e+31
iter_0129,4.194835221945897e+31,2.4566660777081782e+30,2.15278381953829e+29,1.9706618239482752e+23,4.462029687618717e+31
iter_0130,4.145201872001665e+31,2.3566508232605354e+30,2.957428048353895e+29,3.061394553849793e+21,4.410441235117397e+31
iter_0131,4.506602885234872e+31,2.0506749799808435e+30,5.164760246363633e+29,9.243341044232468e+21,4.7633179866209265e+31
iter_0132,4.263549628564173e+31,3.515445308782596e+30,3.1409986088717797e+29,1.1276876073963616e+23,4.646504156808027e+31
iter_0133,4.249229477616685e+31,2.8060703838123687e+30,3.360141752433625e+29,3.061394553849793e+21,4.563437933828397e+31
iter_0134,4.410606353292247e+31,2.344095915402789e+30,2.7271225983508977e+29,1.629785892919068e+25,4.6722888006019285e+31
iter_0135,4.194955162853472e+31,2.628289151333426e+30,3.470411589990891e+29,1.1823440375913707e+26,4.492500017327099e+31
iter_0136,4.43826389882213e+31,2.84359209971042e+30,4.235784690314583e+29,7.579539656270626e+21,4.764980956454272e+31
iter_0137,4.532756655754462e+31,3.1330892910600236e+30,4.348041375751644e+29,1.081470902175199e+21,4.889545998726128e+31
iter_0138,4.19647895874257e+31,2.2710778320743544e+30,2.4272871360137745e+29,8.817962489376884e+22,4.447859622128106e+31
iter_0139,4.375703734123736e+31,2.4479490744533397e+30,5.9566170143867234e+29,5.176270984770186e+22,4.680064816889209e+31
iter_0140,4.168638849640174e+31,3.669197986499996e+30,3.1324730542130223e+29,2.033535029731145e+22,4.5668833808658385e+31
iter_0141,4.292945002643693e+31,3.2823008935627666e+30,4.1987810638506454e+29,8.448413714428482e+20,4.663162902722961e+31
iter_0142,4.208743091455289e+31,2.4937723916371374e+30,4.0757669445758464e+29,2.292348578969653e+20,4.498878000087685e+31
iter_0143,4.318877221179467e+31,2.385389552706263e+30,4.938551338973675e+28,2.421755353588908e+20,4.562354727813285e+31
iter_0144,4.264430090826021e+31,3.0550458640558213e+30,1.0806396208578612e+29,2.421755353588908e+20,4.5807410734643995e+31
iter_0145,3.964273869376385e+31,2.119638497038303e+30,1.330783024823659e+29,9.243341044232468e+21,4.189545550252786e+31
iter_0146,4.4125009694043115e+31,2.9532527461112993e+30,3.2309608467032114e+29,1.9706618239482752e+23,4.740135872189092e+31
iter_0147,4.27363749236558e+31,2.882939259508925e+30,4.4980500175760524e+29,1.0352541969540362e+22,4.606911919527487e+31
iter_0148,4.2560317176754775e+31,2.625918314256028e+30,2.090931172795332e+29,2.5881354923850926e+22,4.539532863417169e+31
iter_0149,4.159423632636904e+31,2.9024558619595624e+30,3.691428164949141e+29,1.5713679775195205e+20,4.486583500498067e+31
iter_0150,4.435125742935292e+31,2.1510462445165606e+30,1.130885322972194e+29,1.081470902175199e+21,4.6615392207248165e+31
iter_0151,4.218868254597264e+31,2.560893196468724e+30,2.5069376427143678e+29,7.487106245828304e+20,4.500026950746151e+31
iter_0152,4.27016830417723e+31,2.679216436537074e+30,7.272203472819444e+29,3.660363053516056e+20,4.610811982595735e+31
iter_0153,4.580627070459886e+31,3.0068268912040866e+30,5.881093517036841e+29,2.218401850615794e+22,4.940120696969065e+31
iter_0154,4.532348346914481e+31,2.688562183342961e+30,4.0560936186539294e+29,1.6878340746768495e+21,4.8417655016041e+31
iter_0155,4.264659786345944e+31,3.716038871140611e+30,1.1717419063652732e+29,2.66762822536549e+21,4.647981092790421e+31
iter_0156,4.409168948017147e+31,2.647796234851178e+30,1.7744132418861086e+29,8.004733344305321e+20,4.691692704001173e+31
iter_0157,4.227770641226261e+31,3.003330772746611e+30,2.426454587463425e+29,9.243341044232468e+21,4.552368265299889e+31
iter_0158,4.5124348149511605e+31,2.3659482525242492e+30,1.8340169985506763e+29,2.1259684401734687e+20,4.7673698102103525e+31
iter_0159,4.562801591022867e+31,2.1911656666870512e+30,3.392734218662934e+29,5.176270984770186e+22,4.815845505054472e+31
iter_0160,4.243945923154792e+31,3.119712044252448e+30,1.970863068569505e+29,8.448413714428482e+20,4.575625758350216e+31
iter_0161,4.351011671798933e+31,2.369466219538991e+30,4.5311271713353264e+29,4.851829714117628e+24,4.633270050649157e+31
iter_0162,4.2706272246977635e+31,3.072028080756584e+30,2.922751161611561e+29,2.7730023132697417e+22,4.60705754716254e+31
iter_0163,4.395404465333487e+31,1.4549440532287815e+30,1.4992568518262784e+29,4.214963516170008e+20,4.555891439216777e+31
iter_0164,4.307998295710751e+31,2.3976521697672894e+30,3.137514314851383e+29,1.5713679775195205e+20,4.579138655851708e+31
iter_0165,4.30402470050831e+31,2.82964606726584e+30,2.945502947365916e+29,7.487106245828304e+20,4.616444336783424e+31
iter_0166,4.344763229453159e+31,2.6441977838864985e+30,2.454314378549831e+29,1.0722275611309665e+20,4.633726151638029e+31
iter_0167,4.1145264191774e+31,2.400025741242142e+30,2.9899256488629016e+29,1.4234745208118002e+22,4.384428251213718e+31
iter_0168,4.246857130569592e+31,2.903234883150376e+30,2.8768456072436626e+29,3.882203238577639e+22,4.565949078839269e+31
iter_0169,4.550857307589517e+31,2.3385152484059787e+30,2.053184827662651e+29,9.243341044232469e+20,4.805240680799175e+31
iter_0170,4.39701813545966e+31,2.1964467971718475e+30,4.0185466498181126e+29,3.697336417692988e+19,4.656848281678722e+31
iter_0171,4.314114765279839e+31,2.3069761343375956e+30,3.4298676865983394e+29,3.013329180419784e+20,4.579111055609716e+31
iter_0172,4.389794255442509e+31,2.9425927815649195e+30,2.3442484534848253e+29,1.629785892919068e+25,4.707497647919742e+31
iter_0173,4.419210943758046e+31,1.7306397401350983e+30,2.26058502606671e+29,3.1687578087467646e+26,4.61491245561031e+31
iter_0174,4.228861704143485e+31,2.9905909706256675e+30,1.081840729817874e+29,4.436803701231584e+19,4.538739208508668e+31
iter_0175,4.273072533865357e+31,2.4827312695443892e+30,4.263685578536704e+29,7.487106245828304e+20,4.563982516680035e+31
iter_0176,4.513430254734666e+31,2.1917539061166358e+30,4.864065830785139e+29,1.629785892919068e+25,4.781247933440075e+31
iter_0177,4.354219797076741e+31,2.496004502413502e+30,2.4153903301619685e+29,2.930139111021694e+21,4.627974150912725e+31
iter_0178,4.373088436357446e+31,2.4792754649633298e+30,4.36366351305582e+29,2.033535029731145e+22,4.664652620017873e+31
iter_0179,4.327326315212495e+31,2.354858673459275e+30,2.314428044853795e+29,3.1687578087467646e+26,4.585988150585048e+31
iter_0180,4.408621362162952e+31,3.032929007130807e+30,4.650935316762235e+29,2.5881354923850926e+22,4.75842361863179e+31
iter_0181,4.407941970121247e+31,2.8679069581394805e+30,1.1928181986876418e+29,4.436803701231584e+19,4.706660847926509e+31
iter_0182,4.636356453567976e+31,2.9207645227842944e+30,4.85738660073003e+29,3.974636649019963e+20,4.977006771893451e+31
iter_0183,3.970080886469354e+31,2.6759674780244403e+30,4.262728034700565e+29,1.0722275611309665e+20,4.280304914629527e+31
iter_0184,4.2565050441859815e+31,2.734051076499757e+30,3.6934092680614924e+29,2.5881354923850926e+22,4.566844247104707e+31
iter_0185,4.430873505882757e+31,2.4266997519895823e+30,1.4992350757623398e+29,2.0312981411984374e+24,4.688536034969154e+31
iter_0186,3.918105921484159e+31,2.0850597236922873e+30,2.7699724899155726e+29,5.176270984770186e+22,4.154311623928813e+31
iter_0187,4.161341605514074e+31,2.7016995931280964e+30,1.8498474194887653e+29,1.0352541969540368e+20,4.450010039032123e+31
iter_0188,4.2346612664742925e+31,2.2520319125805475e+30,3.586349079163447e+29,2.292348578969653e+20,4.495727948546906e+31
iter_0189,4.605301257974208e+31,2.7743481130404604e+30,2.3293975654948734e+29,3.327602775923692e+22,4.906030048260806e+31
iter_0190,3.9569298905877693e+31,2.943746685651243e+30,2.1898655871676916e+29,9.243341044232469e+20,4.273203215117004e+31
iter_0191,4.523534394718534e+31,2.623118160342008e+30,2.711141194051417e+29,1.629785892919068e+25,4.8129592524791425e+31
iter_0192,4.457257965424034e+31,2.54972722591449e+30,4.160753625448267e+29,1.629785892919068e+25,4.753839854055858e+31
iter_0193,4.213354330987179e+31,2.4745606025312845e+30,5.656003198434592e+29,4.566210475850841e+20,4.517370423270316e+31
iter_0194,4.216624975003625e+31,2.9398323310904205e+30,1.3240993170814464e+29,1.4974212491656592e+22,4.523849202780904e+31
iter_0195,4.011059107957485e+31,3.065158248955061e+30,3.4577688123209905e+29,3.882203238577639e+22,4.352152624858404e+31
iter_0196,4.459573412876913e+31,3.20378624663755e+30,2.5567401051846267e+29,1.0352541969540362e+22,4.805519439627768e+31
iter_0197,4.278556605743777e+31,2.6076197705879297e+30,3.401869918005647e+29,2.421755353588908e+20,4.573337282006844e+31
iter_0198,4.316957520866466e+31,2.890661094579593e+30,2.7329048574679995e+29,3.327602775923692e+22,4.633352682226708e+31
iter_0199,4.413346863743236e+31,2.17877386211438e+30,2.7850158609512585e+29,2.0312981411984374e+24,4.6590746116940005e+31
iter_0200,4.411726661609059e+31,3.046509361995025e+30,1.1521472322727586e+29,2.66762822536549e+21,4.727899070398053e+31
iter_0201,4.44805473398634e+31,2.914746014458435e+30,1.7310213188378562e+29,3.1687578087467646e+26,4.7568712361986485e+31
iter_0202,4.345698209858995e+31,2.3510982381423988e+30,1.9225200065328716e+29,1.9706618239482752e+23,4.600033253445182e+31
iter_0203,4.31884444260591e+31,2.904416267182049e+30,3.7889027426272395e+29,1.5528812954310548e+20,4.647175096765917e+31
iter_0204,4.230292454017247e+31,3.143005218832897e+30,1.5318469362975852e+29,2.5141887640312313e+20,4.559911445288654e+31
iter_0205,4.120032150719475e+31,3.162113588328773e+30,5.385579322054061e+29,1.3495277924579407e+20,4.490099302786388e+31
iter_0206,4.430622061286185e+31,2.563931598691152e+30,2.465177767777885e+29,8.004733344305321e+20,4.711666998913127e+31
iter_0207,4.407052853175338e+31,2.3499281957374428e+30,2.4541474959316536e+29,2.5881354923850926e+22,4.666587150296534e+31
iter_0208,4.207829817710739e+31,2.0467865439455646e+30,3.833089831220168e+29,1.3421331196225547e+22,4.450839371759631e+31
iter_0209,4.228580843522502e+31,2.0609226130859512e+30,6.0089125266621866e+29,5.176270984770186e+22,4.494762235273989e+31
iter_0210,4.161044905302931e+31,2.509976140678638e+30,2.8784360041821165e+29,1.0352541969540362e+22,4.440826880447869e+31
iter_0211,4.210528654464488e+31,2.7455025758793936e+30,5.075982010918318e+29,1.5528812954310548e+20,4.535838732177139e+31
iter_0212,4.351716167386937e+31,3.28469254368768e+30,3.230994735980612e+29,4.851829714117628e+24,4.712495854298482e+31
iter_0213,4.570928572360303e+31,2.8449693927895366e+30,2.1100940139428477e+29,1.4974212491656592e+22,4.8765264532761055e+31
iter_0214,4.37291955007974e+31,2.1870004859640803e+30,5.270439572329664e+29,3.061394553849793e+21,4.644323994705585e+31
iter_0215,4.504809085262749e+31,2.621547590587652e+30,2.538253129669291e+29,1.0352541969540362e+22,4.792346376653462e+31
iter_0216,4.075675044353136e+31,2.2396181012247505e+30,3.016767100491889e+29,1.081470902175199e+21,4.329804525588678e+31
iter_0217,4.14038860962759e+31,2.6233604892839466e+30,2.625043916166598e+29,2.66762822536549e+21,4.428975097984413e+31
iter_0218,4.273821330461085e+31,3.2105681621346057e+30,2.9832568003779723e+29,1.5528812954310548e+20,4.624710714693853e+31
iter_0219,4.412739725203195e+31,2.4352425002482697e+30,3.505113590988832e+29,6.562772141405055e+20,4.6913151112035375e+31
iter_0220,4.262198150370015e+31,3.276905431590337e+30,2.8305981134807322e+29,1.7007747521387738e+22,4.6181946763646305e+31
iter_0221,4.218574465793214e+31,2.706519849394597e+30,2.6073794642469202e+29,1.0352541969540362e+22,4.515300246410397e+31
iter_0222,4.1533285785495865e+31,2.181158897403636e+30,1.0961519772770607e+29,1.3421331196225547e+22,4.382405989404853e+31
iter_0223,4.10442908499572e+31,3.5096911649037885e+30,1.987831576557719e+29,1.6079346346905035e+25,4.475278125186311e+31
iter_0224,4.3172739584487e+31,2.8343968237176243e+30,4.605543640781849e+29,3.697336417692988e+19,4.646769077231978e+31
iter_0225,4.027589534881477e+31,3.0548219405248824e+30,4.974761600619333e+29,9.280314408409398e+20,4.382819345032962e+31
iter_0226,4.490102129429859e+31,2.64771181317738e+30,4.8475825048794646e+29,1.9706618239482752e+23,4.803349155503011e+31
iter_0227,4.187344737647229e+31,2.739193713464948e+30,3.328396981775744e+29,9.280314408409398e+20,4.494548078904284e+31
iter_0228,4.400777751361009e+31,2.4396476333888728e+30,5.028164777621839e+29,2.033535029731145e+22,4.695024164509651e+31
iter_0229,4.089730912670845e+31,1.900856373467782e+30,7.227264154933248e+28,9.243341044232469e+20,4.28704381426499e+31
iter_0230,3.995693800787072e+31,2.5069725353359174e+30,2.7707941933185473e+29,1.4234745208118002e+22,4.2740989976773235e+31
iter_0231,4.067275017946386e+31,3.081600648498862e+30,1.8119088618983297e+29,2.218401850615794e+22,4.393554173633658e+31
iter_0232,4.148473171732637e+31,2.366075800833515e+30,4.4337806162420076e+29,9.98280832777107e+19,4.429418557988392e+31
iter_0233,4.303681225542572e+31,2.2883713047112452e+30,2.9611569671908144e+29,1.1276876073963616e+23,4.562129936962481e+31
iter_0234,4.378723845793723e+31,3.0458335692045137e+30,1.5669587140622657e+29,9.243341044232468e+21,4.698976790779131e+31
iter_0235,4.456065802282035e+31,2.8136529810976516e+30,3.6815169905102256e+29,2.66762822536549e+21,4.774246270563666e+31
iter_0236,4.286475016839917e+31,2.718105933777817e+30,2.4665707425535473e+29,1.5528812954310548e+20,4.582951317658763e+31
iter_0237,4.312902879360575e+31,2.5927695937974193e+30,2.3481866024650684e+29,2.0312981411984374e+24,4.595661907894782e+31
iter_0238,4.529207803914911e+31,2.41382619276624e+30,4.2249390534654204e+29,9.428207865117118e+21,4.81283981466901e+31
iter_0239,4.417988479450139e+31,2.6844090883135683e+30,1.909409054395153e+29,1.5288486087160504e+21,4.705523478978332e+31
iter_0240,4.314462665954564e+31,1.9964443131640963e+30,3.287806912328754e+29,2.8839224058005304e+20,4.546985166423101e+31
iter_0241,4.381356027572044e+31,2.822423923427968e+30,5.3703702822999254e+29,8.004733344305321e+20,4.717302122817887e+31
iter_0242,4.228338380063902e+31,2.862797903939674e+30,5.710131896048341e+29,3.327602775923692e+22,4.571719492745955e+31
iter_0243,4.5437149913671695e+31,2.644554695527853e+30,2.429711357888142e+29,3.882203238577639e+22,4.83246757838104e+31
iter_0244,4.223444413211739e+31,2.533137568076572e+30,1.589729808159353e+29,2.033535029731145e+22,4.492655470134525e+31
iter_0245,4.437983046713987e+31,2.167689616280082e+30,1.870473629740959e+29,3.6973364176929885e+22,4.673456748336741e+31
iter_0246,4.363883711251313e+31,2.100289948902393e+30,4.3664073019515596e+29,3.327602775923692e+22,4.617576782488671e+31
iter_0247,4.161083858267024e+31,2.3309393425583726e+30,1.2721168633138438e+29,1.4234745208118002e+22,4.406898962579474e+31
iter_0248,4.337386769463183e+31,2.0435605589467213e+30,2.3818433370211567e+29,4.214963516170008e+20,4.565561258770218e+31
iter_0249,4.139727673779538e+31,2.8919706725147e+30,3.6057326110762986e+29,9.280314408409398e+20,4.464982067234574e+31
iter_0250,4.286227073661505e+31,2.162383119047179e+30,3.061721884499786e+29,3.974636649019963e+20,4.533082604450968e+31
iter_0251,4.164526825020726e+31,2.883641977784983e+30,4.797984606388757e+29,1.5528812954310548e+20,4.50087086887864e+31
iter_0252,4.374251346560846e+31,3.0550057099579453e+30,4.6878229942741345e+29,3.6973364176929885e+22,4.726630151196719e+31
iter_0253,3.9727141028149217e+31,3.627159038527444e+30,4.671691869130374e+29,2.0312981411984374e+24,4.382147128488784e+31
iter_0254,4.1579843514474105e+31,2.7841995461998735e+30,2.456714100428701e+29,6.562772141405055e+20,4.460971447137312e+31
iter_0255,4.0481892025834996e+31,2.1672961772867083e+30,2.736020889648527e+29,3.6973364176929885e+22,4.292279032905992e+31
iter_0256,4.268068175186654e+31,2.2654031570430548e+30,3.6989653246516602e+28,1.5528812954310548e+20,4.49830745623114e+31
iter_0257,4.136940623233269e+31,2.355102671792358e+30,3.476764053123974e+29,2.7730023132697417e+22,4.407218533716747e+31
iter_0258,4.311050736437311e+31,2.7057870144640806e+30,2.2303785807543873e+28,2.421755353588908e+20,4.583859816488691e+31
iter_0259,4.508755996050746e+31,2.5560692654656935e+30,3.670542322137385e+29,1.9706618239482752e+23,4.801068365525308e+31
iter_0260,4.2611597669139765e+31,2.991818234338329e+30,2.3296801651590645e+29,3.660363053516056e+20,4.583638392036004e+31
iter_0261,4.0005709651485303e+31,2.8873683699730786e+30,1.793894392950435e+29,1.5288486087160504e+21,4.307246746228227e+31
iter_0262,4.022975292594702e+31,3.0224596683850987e+30,6.0405313714877726e+29,1.4974212491656592e+22,4.385626574645511e+31
iter_0263,4.400607667938993e+31,2.2967764428694406e+30,1.8717470115562342e+29,8.448413714428482e+20,4.649002782425983e+31
iter_0264,4.094852118979891e+31,3.3436755805113087e+30,3.7802264522995526e+29,2.033535029731145e+22,4.467021943587553e+31
iter_0265,4.518181252294585e+31,2.7992575310211553e+30,1.5539791194884734e+29,2.7730023132697417e+22,4.813646799364587e+31
iter_0266,4.339685006497866e+31,2.58475844675165e+30,1.661996371826488e+29,9.280314408409398e+20,4.6147808149841e+31
iter_0267,4.307919107226695e+31,2.5698324239774525e+30,1.3420309413383674e+29,2.292348578969653e+20,4.578322659060747e+31
iter_0268,4.505310529052649e+31,2.9275908231087275e+30,4.0125583316770724e+29,9.98280832777107e+19,4.838195194690275e+31
iter_0269,4.146443787507138e+31,2.418369849586497e+30,2.0549604921376603e+29,2.033535029731145e+22,4.4088303794207e+31
iter_0270,4.678760413544595e+31,2.649998749866629e+30,5.665915415505783e+28,3.882203238577639e+22,4.949426207828967e+31
iter_0271,4.121314017403712e+31,2.6334846337976334e+30,2.8635366928842225e+29,1.629785892919068e+25,4.41329947749821e+31
iter_0272,4.277261388899854e+31,2.867800331755065e+30,2.415115808268095e+29,2.292348578969653e+20,4.588192580180965e+31
iter_0273,4.327627431746301e+31,2.684740910364699e+30,3.0600647801249948e+29,5.398111169831763e+20,4.626702170638002e+31
iter_0274,3.9593771921223744e+31,2.8159593132105925e+30,2.146589438597446e+29,2.0312981411984374e+24,4.262439220959223e+31
iter_0275,4.578926078126788e+31,2.7704809819544854e+30,2.7727702062698387e+29,2.292348578969653e+20,4.8837018784078575e+31
iter_0276,4.507485938744498e+31,2.5250642276804632e+30,2.243955279375665e+29,1.3495277924579407e+20,4.782431914319795e+31
iter_0277,4.440271482028976e+31,2.1640835559463112e+30,4.952285508513736e+29,3.697336417692988e+19,4.706202692712441e+31
iter_0278,4.21583538024167e+31,2.3954986746022872e+30,2.7608058990219493e+29,2.033535029731145e+22,4.482993308725654e+31
iter_0279,4.299571059905644e+31,2.747954315506191e+30,2.903723185089303e+29,8.448413714428482e+20,4.60340372339164e+31
iter_0280,3.975185314703274e+31,2.29930917574189e+30,1.4893299500701404e+29,9.243341044232469e+20,4.220009531870598e+31
iter_0281,4.3342025783267065e+31,2.548002351452111e+30,4.865977554304803e+29,4.214963516170008e+20,4.637662589057115e+31
iter_0282,4.274295195260557e+31,1.939200424659871e+30,9.596899660964405e+28,2.421755353588908e+20,4.477812137411726e+31
iter_0283,4.399518622277843e+31,2.7237408838316486e+30,2.13912239022326e+29,5.176270984770186e+22,4.693283939739512e+31
iter_0284,4.132360071536254e+31,2.9996150462877654e+30,2.657084067016776e+29,1.7007747521387738e+22,4.458892418535973e+31
iter_0285,4.332449055316241e+31,2.8316534258240466e+30,2.4510958168666292e+29,3.882203238577639e+22,4.640125359949515e+31
iter_0286,4.20979134639964e+31,2.5054497771629215e+30,1.3281509642221603e+29,3.660363053516056e+20,4.473617833794757e+31
iter_0287,4.071983899567891e+31,2.568178292343431e+30,4.7595391028447e+29,9.428207865117118e+21,4.376397120773502e+31
iter_0288,4.189030097089617e+31,2.652296402724931e+30,1.6154577993978212e+29,3.974636649019963e+20,4.470414315395835e+31
iter_0289,4.463442857862288e+31,2.7943205463204434e+30,2.565742939206653e+29,3.1057625908621096e+20,4.768532341917456e+31
iter_0290,4.3163214531837555e+31,2.975818809447787e+30,2.495737120505163e+29,7.487106245828304e+20,4.6388607054084575e+31
iter_0291,4.450235093844867e+31,2.7328467356611296e+30,3.52072233303206e+29,2.5881354923850926e+22,4.758726993329436e+31
iter_0292,4.193678634182117e+31,2.917803504647913e+30,3.1955733541862244e+29,1.323646437534089e+21,4.517414718321135e+31
iter_0293,4.327164173198424e+31,2.310175482789713e+30,1.4421937168184441e+29,1.3495277924579407e+20,4.572603658659075e+31
iter_0294,4.146254967377559e+31,2.2118119385087256e+30,4.9402057842947886e+29,3.1057625908621096e+20,4.416838219102437e+31
iter_0295,4.510223842719983e+31,2.7565017734524746e+30,1.8682083073847117e+29,8.448413714428482e+20,4.804556103223561e+31
iter_0296,4.157844926295717e+31,2.9331699356591e+30,1.1619654916045923e+29,2.033535029731145e+22,4.462781576811207e+31
iter_0297,4.294594289996796e+31,2.5338839654499356e+30,2.0504207734651105e+29,3.327602775923692e+22,4.568486897604044e+31
iter_0298,4.227885337199478e+31,2.8012585116597325e+30,4.361453132446441e+29,3.061394553849793e+21,4.551625719996055e+31
iter_0299,4.259916624705885e+31,2.239962405584171e+30,3.0127194487375466e+29,2.421755353588908e+20,4.5140400597758945e+31
iter_0300,3.8518245079834016e+31,2.624390494769887e+30,3.737012431955236e+29,4.566210475850841e+20,4.151633681825605e+31
iter_0301,4.197006390158943e+31,2.6642609513055323e+30,6.305947369730976e+29,9.243341044232469e+20,4.526491959079238e+31
iter_0302,4.105286375323298e+31,3.052825279096053e+30,9.401896007585919e+28,3.013329180419784e+20,4.419970799270623e+31
iter_0303,4.0037856130738244e+31,2.6826972045453403e+30,4.32970639081176e+29,5.398111169831763e+20,4.315352397490457e+31
iter_0304,4.321279655174893e+31,3.0020195046847996e+30,4.6423212665704826e+29,1.3421331196225547e+22,4.667904819651211e+31
iter_0305,4.310417919913484e+31,2.914876648664729e+30,2.790343644680688e+29,6.562772141405055e+20,4.629809021292391e+31
iter_0306,4.111284421131435e+31,3.0230680834356906e+30,3.919740035608678e+29,4.436803701231584e+19,4.452788629835528e+31
iter_0307,4.466541660174718e+31,2.6003717523974765e+30,2.6591286726708954e+29,2.033535029731145e+22,4.75317012417471e+31
iter_0308,4.068498214656388e+31,2.3249720419008744e+30,4.442696852264263e+29,1.3421331196225547e+22,4.34542238871125e+31
iter_0309,4.336841869734855e+31,2.935727184586734e+30,2.881324592115546e+29,1.7007747521387738e+22,4.659227835815459e+31
iter_0310,4.212423385634321e+31,3.475757405536222e+30,2.5372113500735345e+29,2.5881354923850926e+22,4.585371242276814e+31
iter_0311,4.668405264586267e+31,2.100985323524539e+30,1.1065068648836557e+29,8.817962489376884e+22,4.8895688744055195e+31
iter_0312,4.48579563409812e+31,2.4341346734791024e+30,2.6825522059510366e+29,2.1259684401734687e+20,4.7560346235268e+31
iter_0313,4.0560053974481687e+31,2.2652432221429727e+30,1.7353797131852503e+29,1.1823440375913707e+26,4.2998953402346935e+31
iter_0314,4.378898670023484e+31,2.1797525175402016e+30,4.0975771138928426e+29,5.398111169831763e+20,4.637849692970413e+31
iter_0315,4.192039508800246e+31,2.557400165319599e+30,5.801626431556555e+29,2.033535029731145e+22,4.505795791681307e+31
iter_0316,4.840169299956636e+31,2.968625672944209e+30,3.420394067124006e+29,7.579539656270626e+21,5.171235808680251e+31
iter_0317,4.520720735447889e+31,2.966205957995654e+30,3.520545397147108e+29,3.6973364176929885e+22,4.852546788916262e+31
iter_0318,4.0341482157048203e+31,2.7262204594686124e+30,3.508723229377511e+29,1.9706618239482752e+23,4.341857513652074e+31
iter_0319,4.652641950988293e+31,2.221629890076282e+30,6.539828653213655e+29,5.176270984770186e+22,4.940203231704328e+31
iter_0320,4.229898947531101e+31,3.140452554106454e+30,2.443135764482612e+29,1.0352541969540368e+20,4.568375560596925e+31
iter_0321,4.137494309956386e+31,2.219661703536485e+30,1.7488775535462295e+29,2.033535029731145e+22,4.376949257879033e+31
iter_0322,4.087941493379629e+31,2.516997238316959e+30,1.8029665641334237e+29,5.176270984770186e+22,4.35767088802893e+31
iter_0323,4.351419746652357e+31,2.6550508385012487e+30,3.1555814051920902e+29,1.629785892919068e+25,4.648482274340295e+31
iter_0324,4.56118502162994e+31,2.7690309740626017e+30,1.719834372458194e+29,2.8839224058005304e+20,4.855286462789622e+31
iter_0325,4.208725236132414e+31,2.596252695587903e+30,4.309880225934062e+29,1.6079346346905035e+25,4.511450915885181e+31
iter_0326,4.503800788399018e+31,2.3063054600716963e+30,2.1330862593865244e+29,1.0722275611309665e+20,4.755762197010775e+31
iter_0327,4.359049337516958e+31,2.2949226056928147e+30,3.7036473218180564e+29,5.2317310310355776e+20,4.625578071356738e+31
iter_0328,4.297743275310222e+31,2.8847018323394395e+30,2.593308495179648e+29,1.6079346346905035e+25,4.612148151430597e+31
iter_0329,4.3933022899270555e+31,3.2732991861032824e+30,2.135020100362614e+29,7.487106245828304e+20,4.741982409615881e+31
iter_0330,4.196730163526191e+31,2.5721475517903437e+30,2.8961474019870657e+29,3.974636649019963e+20,4.482906392764843e+31
iter_0331,4.462835927860098e+31,2.403306844998648e+30,4.0024826203860204e+29,4.2889102445238675e+20,4.743191438606713e+31
iter_0332,4.343443062051486e+31,2.918321985670226e+30,7.009341945879005e+28,2.421755353588908e+20,4.642284602588605e+31
iter_0333,4.466175101722284e+31,2.6253999013126154e+30,2.9148183982415044e+29,1.1276876073963616e+23,4.757863287112836e+31
iter_0334,4.3882861231289455e+31,2.651595502412426e+30,7.125769373678074e+29,1.1823440375913707e+26,4.724715190547344e+31
iter_0335,4.354807301262446e+31,2.7686858500900315e+30,4.926611487809107e+29,1.4974212491656592e+22,4.680942002646961e+31
iter_0336,4.284496074599061e+31,3.117018955308822e+30,1.8088086285509322e+29,1.1461742894848263e+22,4.614286057561627e+31
iter_0337,4.289802299365559e+31,3.207556429637335e+30,1.8022805111773196e+29,1.9706618239482752e+23,4.628580767147684e+31
iter_0338,4.292747426841029e+31,3.289294461184829e+30,1.2782594166501643e+29,1.081470902175199e+21,4.63445946723416e+31
iter_0339,4.56472256720575e+31,1.6797169671170667e+30,3.606590200105007e+29,3.882203238577639e+22,4.76876016980071e+31
iter_0340,4.230241439239258e+31,2.1936447220824837e+30,2.6800370308208902e+29,3.1687578087467646e+26,4.4764379693338025e+31
iter_0341,4.105511851030688e+31,3.2803090090957354e+30,4.001508110840364e+29,5.398111169831763e+20,4.473557833102647e+31
iter_0342,4.482918119404308e+31,2.8814110649277484e+30,2.182232526465094e+29,4.436803701231584e+19,4.79288155116617e+31
iter_0343,4.328201126920841e+31,2.580665374891358e+30,4.349553422938234e+29,4.436803701231584e+19,4.629763198643796e+31
iter_0344,4.519820841931542e+31,2.9345893575178935e+30,3.99431399147367e+29,9.243341044232469e+20,4.853222917690502e+31
iter_0345,4.453118679336837e+31,3.065779410824195e+30,1.815333991776263e+29,4.566210475850841e+20,4.7778499603826815e+31
iter_0346,4.183752529755541e+31,3.0925258874206677e+30,3.635686103218127e+29,1.5528812954310548e+20,4.529361979545319e+31
iter_0347,4.373112447396168e+31,2.704753511336728e+30,1.0291220130036183e+29,1.0352541969540368e+20,4.653879018670229e+31
iter_0348,4.400147670243118e+31,2.9511316794900555e+30,2.710290642757839e+29,7.504036349284913e+27,4.72311414825463e+31
iter_0349,4.202415837367644e+31,2.8942734210899006e+30,1.7024140692779513e+29,3.061394553849793e+21,4.5088673204755535e+31
iter_0350,4.515687496396935e+31,2.3730507230755826e+30,5.080516151255884e+29,1.3495277924579407e+20,4.803797730230548e+31
iter_0351,4.458872462656178e+31,2.329328359976604e+30,2.6074628595936193e+29,3.1057625908621096e+20,4.717879927280832e+31
iter_0352,4.301152023658716e+31,2.638194589152874e+30,1.7158276841083004e+29,1.5288486087160504e+21,4.582129759567972e+31
iter_0353,4.3107180724134455e+31,2.590157069718133e+30,4.3955280675648155e+29,2.66762822536549e+21,4.61368906032767e+31
iter_0354,4.552712195117381e+31,2.6598716140328577e+30,1.3889904741101559e+29,2.218401850615794e+22,4.83258926348017e+31
iter_0355,4.419871720731427e+31,3.034741172154757e+30,1.018080019483525e+29,2.5141887640312313e+20,4.73352663816688e+31
iter_0356,4.446039609981667e+31,2.488780426243097e+30,5.4700174910437205e+29,5.398111169831763e+20,4.749617827570396e+31
iter_0357,3.987716475202276e+31,3.5823861583315954e+30,4.428552301549308e+29,2.7730023132697417e+22,4.390240616823931e+31
iter_0358,3.9810637335079717e+31,3.092149914500164e+30,3.592846156763923e+29,1.0352541969540368e+20,4.3262071865359795e+31
iter_0359,4.293184272243554e+31,2.984452712012697e+30,2.7273631478415602e+29,2.033535029731145e+22,4.618903176956775e+31
iter_0360,4.06442361847898e+31,2.377009574505183e+30,2.142637356881025e+29,8.004733344305321e+20,4.323550949578356e+31
iter_0361,4.342599645702508e+31,2.802473599607663e+30,1.6655376520411665e+29,2.421755353588908e+20,4.639502382207904e+31
iter_0362,4.111904289153614e+31,2.797049456013201e+30,2.2998737285934692e+29,1.081470902175199e+21,4.414607972149017e+31
iter_0363,4.3515232823111645e+31,2.967614161130397e+30,3.956714090891911e+29,3.697336417692988e+19,4.68785183933682e+31
iter_0364,3.9382856330851494e+31,2.7708317608938816e+30,1.584344348839478e+29,3.1057625908621096e+20,4.23121225269399e+31
iter_0365,4.279640236308429e+31,2.6829880702060465e+30,5.0868121868358356e+29,5.176270984770186e+22,4.598807170373663e+31
iter_0366,4.480650853367537e+31,2.1528257801086288e+30,1.053878074664406e+29,9.428207865117118e+21,4.706472213067866e+31
iter_0367,4.496591831062644e+31,2.1899543231174425e+30,2.347091304235434e+29,3.6973364176929885e+22,4.73905818011408e+31
iter_0368,4.379958580003716e+31,3.438337137727043e+30,2.7917646462554813e+29,1.0352541969540362e+22,4.7517099412742295e+31
iter_0369,4.074814470103408e+31,2.641925220796364e+30,2.887749276343368e+29,1.9706618239482752e+23,4.367884504653096e+31
iter_0370,4.468108557713515e+31,2.675469241379771e+30,2.1638423152633744e+29,4.851829714117628e+24,4.7572943901870975e+31
iter_0371,4.201349949571967e+31,2.7845655066420314e+30,2.2461312250218275e+29,1.1823440375913707e+26,4.502279635926765e+31
iter_0372,4.334185492987075e+31,2.3275148004648246e+30,2.2662207194069484e+29,4.436803701231584e+19,4.589599180232064e+31
iter_0373,4.0451155619655277e+31,2.516337855293644e+30,2.7817570827962254e+29,3.1687578087467646e+26,4.324598605900942e+31
iter_0374,4.4326267375897425e+31,3.118126257421872e+30,1.845108099961509e+29,2.5881354923850926e+22,4.762890446919681e+31
iter_0375,4.404007148770324e+31,3.0470173277996673e+30,2.01018945106816e+29,8.004733344305321e+20,4.728810776141021e+31
iter_0376,4.325433404631938e+31,2.2480203690853383e+30,3.2483991720825915e+29,1.4234745208118002e+22,4.582719434684772e+31
iter_0377,4.440341739427801e+31,3.023779611751938e+30,4.969413915338722e+29,7.579539656270626e+21,4.792413840514335e+31
iter_0378,4.133879208598211e+31,2.9076628974384057e+30,2.5649246873596583e+29,1.6878340746768495e+21,4.450294745384431e+31
iter_0379,4.344190840131391e+31,2.894877343625185e+30,9.132427817438978e+28,3.660363053516056e+20,4.642811002347952e+31
iter_0380,4.27451462678415e+31,2.4764912835211364e+30,4.287107360471012e+29,3.061394553849793e+21,4.565034829047113e+31
iter_0381,4.3378799209460675e+31,3.340775718682487e+30,1.0352203247556623e+29,1.3040505545203173e+22,4.682309697365924e+31
iter_0382,4.402794060168132e+31,1.8865592242828727e+30,4.34298237878666e+29,1.7007747521387738e+22,4.63487980808506e+31
iter_0383,4.443569473430321e+31,2.4028269447909863e+30,3.57989067905459e+29,3.1687578087467646e+26,4.719682762278053e+31
iter_0384,4.3855888627877505e+31,3.110471065992644e+30,2.4286692922550507e+29,2.421755353588908e+20,4.720922662333783e+31
iter_0385,4.079151509274588e+31,2.847098362233041e+30,3.634986283647568e+29,2.421755353588908e+20,4.400211208358585e+31
iter_0386,4.505483453576785e+31,2.5762468868080385e+30,2.0279964244063016e+29,1.0352541969540368e+20,4.783388106512004e+31
iter_0387,4.1975038805151775e+31,2.5341899952650253e+30,3.230846546652814e+29,7.579539656270626e+21,4.483231346266163e+31
iter_0388,4.589862955709048e+31,2.4596619647231902e+30,2.0787298146014238e+29,3.1687578087467646e+26,4.856648137905469e+31
iter_0389,4.275114369897012e+31,2.940286343392657e+30,2.765697225829811e+29,2.421755353588908e+20,4.596799976518793e+31
iter_0390,4.186811463825278e+31,2.638021774709476e+30,4.189316440085623e+29,2.7730023132697417e+22,4.492506808470084e+31
iter_0391,4.354743701110684e+31,2.695084433600611e+30,2.2231786509815564e+29,3.061394553849793e+21,4.646483931286699e+31
iter_0392,4.260605505628861e+31,2.698995467334287e+30,5.941900336469939e+29,1.5528812954310548e+20,4.589924055742517e+31
iter_0393,4.276436614490119e+31,2.666236537075767e+30,1.8079790899091752e+29,4.566210475850841e+20,4.56114005914245e+31
iter_0394,4.058784884685876e+31,1.960599441610983e+30,1.6460415878323898e+29,1.6878340746768495e+21,4.2713052448940805e+31
iter_0395,4.107409786792764e+31,3.346803852578064e+30,3.136973097702094e+29,7.504036349284913e+27,4.474210306662521e+31
iter_0396,4.1398697219469485e+31,2.613071393665219e+30,3.919777039031877e+29,1.5713679775195205e+20,4.440374631719503e+31
iter_0397,3.906360415237604e+31,2.07853503594618e+30,1.8399009907315816e+29,7.579539656270626e+21,4.132612929497492e+31
iter_0398,4.092153029151135e+31,2.906544121562238e+30,1.9197907612805322e+29,5.176270984770186e+22,4.402005354096434e+31
iter_0399,4.432173790942222e+31,2.4628973220100557e+30,4.394245508935504e+29,4.851829714117628e+24,4.722406463415553e+31
iter_0400,4.534398655786464e+31,3.471615725607867e+30,2.0330691097717392e+29,2.930139111021694e+21,4.901890919737982e+31
iter_0401,4.339759697510549e+31,2.930255132898379e+30,1.717188676413442e+29,7.487106245828304e+20,4.649957097639392e+31
iter_0402,4.342550682489364e+31,2.118897846014457e+30,3.023858414841837e+29,1.323646437534089e+21,4.584679051371592e+31
iter_0403,4.313385760084592e+31,2.6281377364794257e+30,3.3564048262302845e+29,5.2317310310355776e+20,4.609763582047155e+31
iter_0404,4.347799323790427e+31,2.3124994103015703e+30,2.6558072284823663e+29,4.2889102445238675e+20,4.605607337148298e+31
iter_0405,4.38741364641493e+31,2.6241773663832066e+30,2.4394192039825135e+29,9.243341044232468e+21,4.6742255760174105e+31
iter_0406,4.3105506890244e+31,2.0517227215835047e+30,2.2387442886166654e+29,1.3421331196225547e+22,4.53811040541105e+31
iter_0407,4.563138827466197e+31,2.7446628012735674e+30,1.1654292929826875e+29,1.0722275611309665e+20,4.849259400534104e+31
iter_0408,4.096765621567731e+31,2.4351719731984561e+30,2.623427152719623e+28,2.292348578969653e+20,4.34290624606322e+31
iter_0409,4.185355955332505e+31,3.078696178124817e+30,2.005691356964497e+29,3.013329180419784e+20,4.513282486744764e+31
iter_0410,4.425730094630914e+31,2.8315177461032027e+30,1.981114094747772e+29,1.4974212491656592e+22,4.728693011686134e+31
iter_0411,4.266040744352957e+31,2.5491455668781554e+30,3.032014769453653e+29,1.5528812954310548e+20,4.551275448750837e+31
iter_0412,4.31717171096607e+31,2.3793152375883075e+30,1.8756146929152965e+29,1.0352541969540368e+20,4.573859381664406e+31
iter_0413,4.107286611074394e+31,2.3885707250995212e+30,1.7262164706051376e+29,1.0722275611309665e+20,4.3634058483011205e+31
iter_0414,4.359309025475617e+31,2.795052976825018e+30,2.3953307527959957e+29,7.487106245828304e+20,4.66276763076095e+31
iter_0415,4.375529454975255e+31,3.408655451822049e+30,3.9695267594034305e+29,3.974636649019963e+20,4.756090267791241e+31
iter_0416,4.244552381167323e+31,2.4776912545178477e+30,3.6663518381328644e+29,2.1259684401734687e+20,4.528985025021696e+31
iter_0417,4.317928636021579e+31,3.5794695369310015e+30,4.8700820347943994e+29,4.566210475850841e+20,4.724576410108285e+31
iter_0418,4.142493188465723e+31,2.564575536184016e+30,1.5444832541975645e+29,7.504036349284913e+27,4.415145978261029e+31
iter_0419,4.51614213746544e+31,3.0518377532599116e+30,1.6472014709000513e+29,2.218401850615794e+22,4.837797929718833e+31
iter_0420,4.1905582076244035e+31,2.850261940691145e+30,1.932305264319194e+29,2.5881354923850926e+22,4.494907456924845e+31
iter_0421,4.24290812253802e+31,2.638897954768603e+30,1.9885682071598504e+29,1.081470902175199e+21,4.526683600194627e+31
iter_0422,4.666123289726734e+31,3.029011029982504e+30,3.390594601058474e+29,1.7007747521387738e+22,5.002930340436344e+31
iter_0423,4.23690490160703e+31,2.640991827484888e+30,1.8152954180458665e+29,2.5141887640312313e+20,4.51915703856112e+31
iter_0424,4.402085086286928e+31,3.045108460494852e+30,2.0540887111660923e+29,8.448413714428482e+20,4.727136819532558e+31
iter_0425,4.463706513284072e+31,3.0692940355991095e+30,2.0356900835751524e+29,2.5881354923850926e+22,4.7909928202678685e+31
iter_0426,4.373844609294994e+31,2.169905648196003e+30,1.1050142620674414e+29,9.428207865117118e+21,4.601885317678088e+31
iter_0427,4.1461814675067435e+31,3.1071885216075256e+30,2.77466222033373e+29,2.5881354923850926e+22,4.484646944458968e+31
iter_0428,4.404044619211117e+31,2.716843713628927e+30,2.9481850111520735e+29,1.5713679775195205e+20,4.705210840701243e+31
iter_0429,4.3020803325926695e+31,2.619734820105084e+30,2.802166687550061e+29,1.3421331196225547e+22,4.592075482820812e+31
iter_0430,4.291028664907015e+31,2.9714593277833824e+30,1.3456602358870247e+29,2.421755353588908e+20,4.6016312000684415e+31
iter_0431,4.395987474127629e+31,2.86251591845091e+30,2.529459806679627e+29,7.579539656270626e+21,4.70753366479747e+31
iter_0432,4.127193878564142e+31,2.639953912375318e+30,1.123940882929226e+29,3.013329180419784e+20,4.402428678661099e+31
iter_0433,4.387856848575899e+31,2.5235776335849938e+30,8.912287781537555e+28,1.629785892919068e+25,4.649128529501828e+31
iter_0434,4.34708957262031e+31,2.684042178734359e+30,4.3722295581695055e+29,9.243341044232469e+20,4.659216086167874e+31
iter_0435,4.429733331098175e+31,2.745931009581292e+30,4.7935931781246746e+29,2.292348578969653e+20,4.752262363860475e+31
iter_0436,4.537824309960456e+31,3.1129229647156385e+30,1.801309251115895e+29,7.504036349284913e+27,4.867880102578108e+31
iter_0437,4.279641868059351e+31,2.297403310808881e+30,2.4906648539675065e+29,2.033535029731145e+22,4.534288849713449e+31
iter_0438,4.088377287782894e+31,3.489621242267841e+30,1.7588898680460004e+29,5.176270984770186e+22,4.45492831586641e+31
iter_0439,4.286408944348713e+31,3.3540488799339913e+30,2.18009958649991e+29,2.930139111021694e+21,4.643614828500125e+31
iter_0440,4.114589944976992e+31,3.320346998193768e+30,5.3528570725974946e+29,3.1687578087467646e+26,4.50018490310043e+31
iter_0441,4.102258318713414e+31,2.594115313317487e+30,2.776449243483538e+29,4.436803701231584e+19,4.389434342484435e+31
iter_0442,4.548085807755917e+31,3.327930975149253e+30,2.7524350884371956e+29,2.8839224058005304e+20,4.908403256184053e+31
iter_0443,4.213954293271564e+31,2.946134301647789e+30,3.0731839968967834e+29,9.280314408409398e+20,4.539299563498113e+31
iter_0444,3.8335031675695886e+31,2.989449015099171e+30,1.5794013843869193e+29,1.6079346346905035e+25,4.148243690858009e+31
iter_0445,3.949877665164321e+31,2.4500799989225745e+30,2.5797954946771885e+29,2.033535029731145e+22,4.2206836220368855e+31
iter_0446,4.541951590476902e+31,2.7558924204459726e+30,3.058577187278399e+29,1.323646437534089e+21,4.848126604526649e+31
iter_0447,4.142702770518265e+31,2.911122694270175e+30,2.0485162978234925e+29,4.436803701231584e+19,4.454300202927954e+31
iter_0448,4.249716248351542e+31,2.423564957848379e+30,2.4765334090862395e+29,2.7730023132697417e+22,4.516838081000245e+31
iter_0449,4.238333545325024e+31,2.479453552499066e+30,4.181382958034255e+29,9.243341044232469e+20,4.528092730247707e+31
iter_0450,4.510521924218562e+31,1.944850929295882e+30,5.829246535641602e+29,1.5713679775195205e+20,4.76329948252028e+31
iter_0451,4.664696500924609e+31,2.788231953455669e+30,4.592330846371555e+29,8.004733344305321e+20,4.989443004813939e+31
iter_0452,4.141573591149353e+31,2.4999379453681754e+30,2.873175475310826e+29,1.5713679775195205e+20,4.420299140454993e+31
iter_0453,4.112021795254895e+31,2.3208783201085508e+30,3.516548094695173e+29,3.327602775923692e+22,4.379275111540305e+31
iter_0454,4.364449628311839e+31,2.545036586087301e+30,3.277970427852125e+29,6.562772141405055e+20,4.651732991264718e+31
iter_0455,4.17807679429811e+31,2.3217603042078784e+30,3.787092825652832e+29,1.4974212491656592e+22,4.448123754472848e+31
iter_0456,4.771816145132548e+31,2.899152549501277e+30,1.5415613035641557e+29,2.930139111021694e+21,5.077147013411332e+31
iter_0457,4.372180686663314e+31,3.290020751040214e+30,3.609054356993322e+29,5.176270984770186e+22,4.73727331051354e+31
iter_0458,4.2975369867556455e+31,3.120045072030123e+30,2.733754088235933e+29,1.7007747521387738e+22,4.636879036541792e+31
iter_0459,4.187765023576291e+31,2.405878891114937e+30,2.6486779527599802e+29,5.398111169831763e+20,4.454839692269367e+31
iter_0460,4.195826998743261e+31,2.85560785719613e+30,3.532711137284256e+29,1.1823440375913707e+26,4.516726719276093e+31
iter_0461,4.405829307604061e+31,3.0437344856719e+30,3.2025913836697496e+29,1.5288486087160504e+21,4.742228670160833e+31
iter_0462,4.779508940495927e+31,2.785173769553189e+30,2.262961993431135e+29,7.504036349284913e+27,5.081406341020486e+31
iter_0463,4.232148063316335e+31,2.7381573529769343e+30,4.690664765414706e+29,7.504036349284913e+27,4.553620849903104e+31
iter_0464,4.467345438922675e+31,2.8194732964688653e+30,5.045247674580113e+29,5.176270984770186e+22,4.799745250491633e+31
iter_0465,4.380960739475785e+31,3.169872793301949e+30,5.150369108566496e+29,1.081470902175199e+21,4.749451709999791e+31
iter_0466,4.076921011227994e+31,3.0732705057864525e+30,2.4806873456324043e+29,8.004733344305321e+20,4.40905493534301e+31
iter_0467,4.493944761610643e+31,2.0861562419193171e+30,2.7764314378213278e+29,5.398111169831763e+20,4.730324700234768e+31
iter_0468,4.197194373452909e+31,2.641139886681881e+30,5.81684500195055e+29,1.0352541969540362e+22,4.519476813175857e+31
iter_0469,4.326391816115161e+31,3.1183905022993507e+30,3.791127110581495e+29,2.292348578969653e+20,4.676142137473834e+31
iter_0470,4.374355432241702e+31,3.124794039658492e+30,2.0956005121248526e+29,5.398111169831763e+20,4.707790841382781e+31
iter_0471,4.2144951704177095e+31,2.6442477572371373e+30,2.0266183991743086e+29,2.5141887640312313e+20,4.499186130158308e+31
iter_0472,4.530164787029036e+31,3.1548359883856683e+30,2.4394285113306435e+29,7.579539656270626e+21,4.870042671738862e+31
iter_0473,4.272218976581237e+31,2.112899033725222e+30,1.8295857731559535e+29,1.3040505545203173e+22,4.501804738989368e+31
iter_0474,4.7225343104888435e+31,2.938684378477964e+30,3.660728755776861e+29,2.421755353588908e+20,5.053010035918626e+31
iter_0475,4.335495161668138e+31,2.8115609098312174e+30,5.857966553250823e+29,2.7730023132697417e+22,4.675230920956769e+31
iter_0476,4.053340780077168e+31,2.914416777216471e+30,1.3854017122033607e+29,8.817962489376884e+22,4.358636483738811e+31
iter_0477,3.826563236009712e+31,2.9776870533817915e+30,1.1861712106720633e+29,1.0722275611309665e+20,4.136193653465334e+31
iter_0478,4.5570229594652095e+31,2.961132143797688e+30,3.046468261084594e+29,3.1687578087467646e+26,4.883632544033912e+31
iter_0479,4.3022710834454385e+31,2.5064653047163375e+30,3.883936819304068e+29,2.1259684401734687e+20,4.591756982131372e+31
iter_0480,4.316531296759784e+31,2.226771465485739e+30,1.345167248968965e+29,6.562772141405055e+20,4.552660115863676e+31
iter_0481,4.240859441013001e+31,2.6249951750252104e+30,2.758580440907239e+29,1.323646437534089e+21,4.530944763056961e+31
iter_0482,4.511247007216331e+31,3.3980441735526694e+30,1.7920400481978822e+29,9.280314408409398e+20,4.868971825146379e+31
iter_0483,4.373215115555573e+31,2.97670859649445e+30,5.3976265468306626e+29,4.436803701231584e+19,4.724862240677761e+31
iter_0484,4.232935686713314e+31,2.4797864488655229e+30,1.5762590785706819e+29,1.0722275611309665e+20,4.496676922396297e+31
iter_0485,4.292880167018326e+31,3.1138497706726375e+30,1.4506335186061454e+29,9.243341044232468e+21,4.618771480195985e+31
iter_0486,4.369367251853789e+31,3.060348644138592e+30,3.9348970206322144e+29,1.3421331196225547e+22,4.714751087816104e+31
iter_0487,4.60557377039742e+31,2.9348870328986236e+30,2.3696809494655505e+29,2.033535029731145e+22,4.922759285215473e+31
iter_0488,4.191544403686574e+31,2.2536185095561453e+30,3.292885361708053e+29,1.3040505545203173e+22,4.449835109563318e+31
iter_0489,4.433905744356437e+31,2.5092375207328405e+30,2.179314579894801e+28,8.817962489376884e+22,4.687008819827579e+31
iter_0490,4.722700761442942e+31,2.0342750828199018e+30,1.803272295343408e+29,1.6079346346905035e+25,4.944162600613e+31
iter_0491,4.349969726866167e+31,2.3226553440643528e+30,2.223401069824786e+29,1.7007747521387738e+22,4.604469273671625e+31
iter_0492,4.1347081499084315e+31,2.3842610448128662e+30,9.04928627948578e+28,1.1823440375913707e+26,4.382195364109581e+31
iter_0493,4.503106729351269e+31,3.0144195888914385e+30,1.1648474505286738e+29,3.1687578087467646e+26,4.816228850323788e+31
iter_0494,4.248818104404827e+31,2.757216261916756e+30,4.5526892785280755e+29,3.061394553849793e+21,4.570066623687922e+31
iter_0495,4.42197822809463e+31,2.4171418186522994e+30,3.777698794306913e+29,1.6079346346905035e+25,4.701471005837563e+31
iter_0496,4.25708103284546e+31,3.095984684029841e+30,1.9998235679207127e+29,1.1461742894848263e+22,4.586677738073826e+31
iter_0497,4.191737349366539e+31,2.6062287714100566e+30,2.6819425208733842e+29,2.292348578969653e+20,4.479179651739202e+31
iter_0498,4.0539938000368508e+31,2.472136514455078e+30,4.2952824469023514e+29,1.0722275611309665e+20,4.344160275962104e+31
iter_0499,4.2095022074981e+31,3.332695298099756e+30,4.132046231900813e+29,5.2317310310355776e+20,4.584092199679401e+31
iter_0500,4.13211226105343e+31,2.567656503778285e+30,2.3711249019286363e+29,1.4974212491656592e+22,4.412589161947965e+31
iter_0501,4.13100897517794e+31,2.940953657230815e+30,1.3775579127798214e+29,1.3421331196225547e+22,4.438879921370954e+31
iter_0502,4.138263067464215e+31,2.686226236337239e+30,4.1043795300886235e+29,2.421755353588908e+20,4.447929486423043e+31
iter_0503,4.3790527660351895e+31,2.162342894871987e+30,2.5479362995997804e+29,9.243341044232469e+20,4.62076641861082e+31
iter_0504,4.574610367951744e+31,3.136754929782687e+30,1.1287771342324272e+29,8.004733344305321e+20,4.899573632352385e+31
iter_0505,4.308887035065062e+31,2.563859092426734e+30,1.9244834692732208e+29,3.660363053516056e+20,4.584517779037071e+31
iter_0506,4.0560117934045094e+31,3.4966961161469504e+30,4.702855687140937e+29,7.487106245828304e+20,4.4527099619654855e+31
iter_0507,4.705890170117927e+31,2.516315861501728e+30,1.2561663797526692e+29,9.243341044232468e+21,4.97008342098996e+31
iter_0508,4.299279027960221e+31,2.568270227251664e+30,2.7235833735164434e+29,4.2889102445238675e+20,4.583341884463441e+31
iter_0509,4.693328225579648e+31,2.541717011390831e+30,3.376826999028401e+29,2.292348578969653e+20,4.981268196731938e+31
iter_0510,4.25191368146682e+31,2.9493715427157604e+30,2.336616321137549e+29,9.243341044232468e+21,4.570216999874105e+31
iter_0511,4.669763934861735e+31,2.9513829559956346e+30,4.4763471800236726e+29,4.214963516170008e+20,5.009665702303685e+31
iter_0512,4.237294850307238e+31,2.472350830302655e+30,2.2966266886647175e+29,3.882203238577639e+22,4.5074962041063555e+31
iter_0513,4.120761082486593e+31,2.678403743076429e+30,3.52719407142238e+29,6.562772141405055e+20,4.423873397574087e+31
iter_0514,4.578076255388455e+31,2.29451530190252e+30,6.662543235227038e+29,2.1259684401734687e+20,4.874153217952237e+31
iter_0515,4.413753745691231e+31,3.1544922619331515e+30,1.625958919776206e+29,1.7007747521387738e+22,4.745462562783082e+31
iter_0516,4.090063802105859e+31,2.806544877959207e+30,2.114225891125978e+29,2.8839224058005304e+20,4.391860548841878e+31
iter_0517,4.241302710843934e+31,2.995151807278455e+30,1.9617834850778047e+29,1.3495277924579407e+20,4.560435726436052e+31
iter_0518,4.237602288705752e+31,2.806392295939664e+30,2.376861523006008e+29,4.851829714117628e+24,4.542010618712751e+31
iter_0519,4.586995655925729e+31,2.588566180646642e+30,2.6826847011968502e+28,1.0352541969540368e+20,4.848534958701943e+31
iter_0520,4.0403983407245363e+31,2.829077106740205e+30,3.212319005037381e+29,5.2317310310355776e+20,4.355429241501248e+31
iter_0521,4.591820796972129e+31,3.218736720661076e+30,5.1669003796994836e+29,1.4234745208118002e+22,4.965363474258706e+31
iter_0522,3.83417274391634e+31,2.930375992730877e+30,3.906747169950705e+29,1.3421331196225547e+22,4.166277816231068e+31
iter_0523,4.415226335403787e+31,3.493084961660169e+30,2.9592174685760674e+29,7.504036349284913e+27,4.794877409890492e+31
iter_0524,4.172192548540463e+31,2.0768680918110478e+30,3.239149414421646e+29,2.7730023132697417e+22,4.4122708546387865e+31
iter_0525,4.197775081164507e+31,2.6475956088219573e+30,2.721289071636768e+29,7.579539656270626e+21,4.489747533521024e+31
iter_0526,4.358139697670068e+31,2.4032892971554002e+30,2.2892174984191948e+29,2.0312981411984374e+24,4.621361005499614e+31
iter_0527,4.362600812953058e+31,2.7593333312327915e+30,3.734938126859514e+29,2.033535029731145e+22,4.675883529378467e+31
iter_0528,4.161584659120573e+31,1.8109537918035932e+30,2.2185035699164372e+29,3.697336417692988e+19,4.364865074003794e+31
iter_0529,4.322459722507106e+31,2.765231053457446e+30,3.083821350989908e+29,4.851829714117628e+24,4.629821526545721e+31
iter_0530,4.3462092470196455e+31,2.449800334032905e+30,2.2309433992455507e+29,5.176270984770186e+22,4.613498719591663e+31
iter_0531,4.32690952550946e+31,2.26498871213226e+30,2.7497929070485256e+29,2.292348578969653e+20,4.580906325816095e+31
iter_0532,4.460788062439276e+31,2.41064371777336e+30,3.303126603037762e+29,1.1276876073963616e+23,4.734883711523866e+31
iter_0533,4.0910755440275335e+31,2.6071468812986945e+30,3.43417140796933e+29,2.5881354923850926e+22,4.386131948825232e+31
iter_0534,4.487222383847901e+31,3.0482908196402295e+30,2.8051280539421653e+29,3.697336417692988e+19,4.820102746355043e+31
iter_0535,4.618720222219834e+31,2.6419669352758776e+30,2.3721318568002164e+29,4.214963516170008e+20,4.906638234357573e+31
iter_0536,4.325350246731274e+31,2.873781516085411e+30,2.9251124388385274e+29,3.6973364176929885e+22,4.6419795264255375e+31
iter_0537,4.539103120757793e+31,3.3057201887937134e+30,1.918132654711985e+29,3.061394553849793e+21,4.888856466490423e+31
iter_0538,4.025296828696893e+31,2.9241130967604935e+30,2.9706800105356454e+29,2.292348578969653e+20,4.347414938501222e+31
iter_0539,4.089049748458744e+31,2.612009498827528e+30,2.3223010110294774e+29,2.218401850615794e+22,4.373473710670193e+31
iter_0540,4.640349235960399e+31,3.4697507088579057e+30,1.9945273891249016e+29,2.033535029731145e+22,5.007269582770973e+31
iter_0541,4.1774994655890985e+31,2.3965562061649972e+30,2.267357221957575e+29,2.421755353588908e+20,4.439828658449393e+31
iter_0542,4.289201905250365e+31,2.869054990788347e+30,2.1171506368769584e+29,4.214963516170008e+20,4.597278910740117e+31
iter_0543,4.07131989770688e+31,2.365459889537759e+30,1.664967303950782e+29,1.3495277924579407e+20,4.324515559713659e+31
iter_0544,4.22160314790269e+31,3.0615541360249265e+30,2.147082893246799e+29,9.98280832777107e+19,4.5492293904476345e+31
iter_0545,4.500526465477786e+31,2.2451892211937136e+30,1.794053327593884e+29,2.930139111021694e+21,4.742985921166111e+31
iter_0546,4.213396777704859e+31,2.7426989225968586e+30,2.922303311972661e+29,1.081470902175199e+21,4.516889703192419e+31
iter_0547,4.458572365264324e+31,3.3400412106669914e+30,2.664580842048375e+29,2.5881354923850926e+22,4.819222297339642e+31
iter_0548,4.2070683504211e+31,2.771996481406687e+30,1.466476829310813e+29,2.8839224058005304e+20,4.4989327668837165e+31
iter_0549,4.231504169589918e+31,2.589208022333327e+30,1.8713591499162155e+29,1.0352541969540362e+22,4.509138564357667e+31
iter_0550,4.265998956282625e+31,3.005351302061655e+30,4.797936858060533e+29,4.214963516170008e+20,4.614513455111546e+31
iter_0551,4.162900941935379e+31,2.634690648634304e+30,5.40106804074331e+29,1.629785892919068e+25,4.480382316992134e+31
iter_0552,4.574588555966345e+31,3.008034299245127e+30,1.9271506323289963e+29,2.66762822536549e+21,4.89466349248091e+31
iter_0553,4.544226209335532e+31,2.825725932006853e+30,3.781620006338898e+29,9.98280832777107e+19,4.864615002609589e+31
iter_0554,4.23226460723531e+31,2.9417318978608326e+30,4.427989298691768e+29,1.9706618239482752e+23,4.570717709714929e+31
iter_0555,4.561535154611278e+31,3.2276794570933024e+30,2.8664986935677117e+29,1.6878340746768495e+21,4.912968087425068e+31
iter_0556,4.0102627016027066e+31,2.791483400265473e+30,4.0606244345547515e+29,2.033535029731145e+22,4.330017288008337e+31
iter_0557,4.329557803535496e+31,2.152418972637128e+30,5.215219846475479e+28,4.2889102445238675e+20,4.550014920688575e+31
iter_0558,4.553182517494121e+31,2.57828805708314e+30,2.7451296657489122e+29,1.5528812954310548e+20,4.838462619875453e+31
iter_0559,4.250035801795465e+31,3.094475354230454e+30,3.6189436306398366e+29,1.0352541969540368e+20,4.595672773535261e+31
iter_0560,4.220474261600292e+31,2.58047214533511e+30,5.920053606292097e+29,1.5528812954310548e+20,4.537722012212252e+31
iter_0561,4.2909518818709955e+31,2.695385631093709e+30,3.330353577103049e+29,1.6079346346905035e+25,4.593795588686031e+31
iter_0562,4.456160475940312e+31,2.8468285479692746e+30,2.082138800700822e+29,2.5141887640312313e+20,4.761664718769389e+31
iter_0563,4.482383095167524e+31,2.3146795012340623e+30,1.5867699581443442e+29,1.3421331196225547e+22,4.729718746214506e+31
iter_0564,4.215951975701563e+31,2.549216576580337e+30,1.9183663175773652e+29,3.1687578087467646e+26,4.490088984113458e+31
iter_0565,4.344182746462363e+31,2.4772176709104834e+30,3.73147114313176e+29,1.5528812954310548e+20,4.629219225000258e+31
iter_0566,4.151979353751142e+31,2.508120121449124e+30,1.3450563354356653e+29,5.2317310310355776e+20,4.416241929302729e+31
iter_0567,4.105330757979636e+31,2.1870416561844906e+30,3.096766067331622e+29,9.98280832777107e+19,4.355002584281383e+31
iter_0568,4.418136204580725e+31,3.116744412841374e+30,5.2914568194945545e+28,4.2889102445238675e+20,4.735102102727246e+31
iter_0569,4.098832186682962e+31,2.3042758288783963e+30,1.2006550205352893e+29,9.98280832777107e+19,4.341266319786138e+31
iter_0570,4.478287735288248e+31,2.907453083410235e+30,3.413256848832375e+29,5.176270984770186e+22,4.803165617293867e+31
iter_0571,4.398083495877681e+31,1.8616501047503298e+30,2.0925430328081236e+29,7.504036349284913e+27,4.605924340315724e+31
iter_0572,4.339852829953979e+31,2.819780677074272e+30,2.0750167053940512e+29,9.98280832777107e+19,4.642581064725329e+31
iter_0573,4.175685873460328e+31,2.964476482860825e+30,2.532518893951156e+29,5.398111169831763e+20,4.497458710739903e+31
iter_0574,4.480999976655061e+31,2.1580078811525522e+30,3.416962021358717e+29,1.3495277924579407e+20,4.730970384997399e+31
iter_0575,4.161152204331609e+31,2.907185190900258e+30,3.706592406209481e+29,1.1823440375913707e+26,4.4889484709241055e+31
iter_0576,4.204851844285597e+31,2.681771813439906e+30,1.9328137739288966e+29,6.562772141405055e+20,4.492357163434504e+31
iter_0577,4.171530296614456e+31,2.8043060116227026e+30,2.336181304077778e+29,2.5141887640312313e+20,4.475322710842647e+31
iter_0578,4.0435116742267063e+31,2.7738496797133537e+30,3.180437946392171e+29,1.1461742894848263e+22,4.352701022808138e+31
iter_0579,4.346660563643435e+31,2.74249430454016e+30,5.2905891044345605e+29,9.98280832777107e+19,4.67381588515178e+31
iter_0580,4.0762669672431645e+31,2.7782998476562215e+30,2.7482379451496346e+29,2.1259684401734687e+20,4.381579331481543e+31
iter_0581,4.411916285269989e+31,3.452409691185073e+30,3.715636391740261e+29,1.323646437534089e+21,4.794313618438263e+31
iter_0582,4.20119459689066e+31,2.67655651678051e+30,2.308165745593045e+29,3.1687578087467646e+26,4.491963593602729e+31
iter_0583,4.283607832327214e+31,2.1553214339536126e+30,2.4860305209033954e+29,1.4974212491656592e+22,4.52400028242903e+31
iter_0584,4.2050998824354415e+31,2.7011147077163507e+30,5.1801850743492555e+29,9.98280832777107e+19,4.527013203960551e+31
iter_0585,4.324825958374382e+31,2.0802675088087222e+30,3.4194017856395366e+29,4.214963516170008e+20,4.567046727153799e+31
iter_0586,4.226870455640509e+31,2.205322957080848e+30,2.049244562184399e+29,2.7730023132697417e+22,4.467895199743439e+31
iter_0587,4.543169115211399e+31,2.816746713122505e+30,2.728015003890043e+29,1.5288486087160504e+21,4.852123936715435e+31
iter_0588,4.405155886247846e+31,2.119587272412459e+30,4.779303011571881e+29,9.280314408409398e+20,4.664907643697615e+31
iter_0589,4.322388248311001e+31,2.4071626698039124e+30,1.0920906744603457e+29,7.487106245828304e+20,4.574025422110866e+31
iter_0590,4.062681908000094e+31,2.5197364036012726e+30,1.6531298696230786e+29,4.566210475850841e+20,4.331186847102114e+31
iter_0591,4.291312703723931e+31,2.618308139283177e+30,1.9041844741782773e+29,3.327602775923692e+22,4.572185365721634e+31
iter_0592,4.466280511596414e+31,2.523860751000112e+30,1.8101235791686836e+29,3.013329180419784e+20,4.736767822518246e+31
iter_0593,4.144934813582152e+31,2.0588757184934834e+30,1.69050578858077e+29,1.5713679775195205e+20,4.3677274433330205e+31
iter_0594,4.568691763222511e+31,2.1873746177273779e+30,3.65218549716993e+29,9.98280832777107e+19,4.823951079976931e+31
iter_0595,4.208922585736844e+31,2.026224886074417e+30,5.2139309531845774e+29,3.6973364176929885e+22,4.463684387573467e+31
iter_0596,4.378788199373044e+31,2.9731018382057197e+30,2.2202612639694033e+29,2.292348578969653e+20,4.698300995856233e+31
iter_0597,4.180695824119748e+31,2.1839227477101102e+30,3.949330335998758e+29,4.214963516170008e+20,4.438581402292895e+31
iter_0598,4.16586601514105e+31,2.993473618558052e+30,2.137425024403434e+29,1.4974212491656592e+22,4.4865876287383105e+31
iter_0599,4.529538481318297e+31,2.671219577672195e+30,5.610123484885459e+29,8.817962489376884e+22,4.8527616827523335e+31
iter_0600,4.450420833586117e+31,2.611512031357165e+30,3.170070809074984e+29,1.9706618239482752e+23,4.743272764519202e+31
iter_0601,4.190226219142141e+31,3.3062504702259745e+30,4.231686527900757e+29,1.4974212491656592e+22,4.563168132941168e+31
iter_0602,4.415938634861454e+31,2.3014026216316482e+30,4.117140753049704e+29,2.7730023132697417e+22,4.687250307328117e+31
iter_0603,4.379602528046919e+31,3.107951302369522e+30,3.8008861636857144e+29,2.033535029731145e+22,4.728406521954263e+31
iter_0604,4.265367226539841e+31,2.5025797330794358e+30,1.8997496435957507e+29,7.579539656270626e+21,4.534622697041696e+31
iter_0605,4.580909021228475e+31,3.193740324919033e+30,2.3865249228037367e+29,1.0352541969540368e+20,4.924148302958769e+31
iter_0606,4.023733189406287e+31,2.4016201627366524e+30,1.755934111434262e+29,1.3495277924579407e+20,4.2814545468077905e+31
iter_0607,4.009477030877355e+31,2.7308615773231796e+30,2.338820807222716e+29,3.697336417692988e+19,4.305951396685596e+31
iter_0608,4.399230463501296e+31,2.141366135162877e+30,3.5963227907201674e+29,5.176270984770186e+22,4.6493303101010565e+31
iter_0609,4.470940213232896e+31,2.495286214816484e+30,2.9960572676297458e+29,8.448413714428482e+20,4.750429407475326e+31
iter_0610,4.400959565801388e+31,2.215517987010527e+30,4.530097316588598e+29,3.660363053516056e+20,4.66781233770493e+31
iter_0611,4.362657932349353e+31,2.3884513764775717e+30,1.785035541895619e+29,1.3495277924579407e+20,4.61935342542956e+31
iter_0612,4.380835871459218e+31,2.830678139773958e+30,2.6430763850140427e+29,2.218401850615794e+22,4.690334451505156e+31
iter_0613,4.308381115189221e+31,2.6995834964603953e+30,4.5591935008027085e+28,2.930139111021694e+21,4.582898658629077e+31
iter_0614,4.4661803234679685e+31,2.943969449467005e+30,5.449544383458347e+28,1.7007747521387738e+22,4.766026814498903e+31
iter_0615,4.332999281075893e+31,3.018578367089694e+30,3.0750877957610075e+29,2.8839224058005304e+20,4.6656079957713115e+31
iter_0616,4.0441689517379486e+31,2.586826009905709e+30,1.8515885863986962e+29,7.504036349284913e+27,4.322117842227435e+31
iter_0617,4.403108172185437e+31,3.184720127886876e+30,2.5707633620610445e+29,1.3495277924579407e+20,4.747287818608229e+31
iter_0618,4.207478225244316e+31,2.4566247091085091e+30,2.261743502251671e+29,9.280314408409398e+20,4.475758131270487e+31
iter_0619,4.402896029851812e+31,3.0958133041296064e+30,6.869791266161516e+29,7.487106245828304e+20,4.781175273001259e+31
iter_0620,4.429716373708355e+31,3.2085593606969014e+30,2.4683506983470898e+29,1.0352541969540368e+20,4.775255816771868e+31
iter_0621,4.260348114083326e+31,2.863898609335175e+30,1.9411210388469587e+29,1.1823440375913707e+26,4.566161008845688e+31
iter_0622,4.56738827583592e+31,2.984641722589636e+30,2.241445769217007e+29,2.1259684401734687e+20,4.888266905808314e+31
iter_0623,3.918026272232536e+31,3.308862472870758e+30,3.816405742340223e+29,8.004733344305321e+20,4.287076577023061e+31
iter_0624,4.5007488235243565e+31,1.9102161322381714e+30,3.009110783455472e+29,2.421755353588908e+20,4.721861544606946e+31
iter_0625,4.438819012372186e+31,3.1409862251231273e+30,8.120204085154782e+28,9.243341044232468e+21,4.761037839893987e+31
iter_0626,4.6064814307660485e+31,2.892778774751557e+30,5.042857088646096e+29,3.061394553849793e+21,4.946187879433805e+31
iter_0627,4.375851346225731e+31,2.0397550067911066e+30,2.1596705447235246e+29,1.629785892919068e+25,4.601425182137969e+31
iter_0628,4.485763446688902e+31,2.944954389005345e+30,3.5387990863153546e+29,7.579539656270626e+21,4.815646877210545e+31
iter_0629,4.8736769413535095e+31,3.2893475911857466e+30,1.5365963577411693e+29,1.323646437534089e+21,5.21797766418186e+31
iter_0630,4.130966310761074e+31,2.1606473728608168e+30,3.6482006904457034e+29,2.218401850615794e+22,4.383513057170014e+31
iter_0631,4.58428689085508e+31,2.0003584823044595e+30,1.4253032880703139e+29,4.851829714117628e+24,4.7985762571492e+31
iter_0632,4.453765288691206e+31,2.497073062174894e+30,6.8783027671316325e+28,2.0312981411984374e+24,4.710351100805641e+31
iter_0633,4.380464547539839e+31,2.5116064794956957e+30,4.7182443913757426e+29,1.7007747521387738e+22,4.678807641103941e+31
iter_0634,4.528560246126784e+31,2.0544265945009384e+30,4.771987804181987e+29,1.4974212491656592e+22,4.781722785116118e+31
iter_0635,4.320752910261404e+31,3.4007450867149425e+30,4.857424186013193e+29,6.562772141405055e+20,4.709401660858659e+31
iter_0636,4.557121928183172e+31,2.6972610462278244e+30,6.455907909110506e+29,4.214963516170008e+20,4.891407111939209e+31
iter_0637,4.471258011409868e+31,2.417924677506893e+30,1.686435859329223e+29,5.176270984770186e+22,4.72991484293012e+31
iter_0638,4.173331694567412e+31,2.305280117052085e+30,1.873329484668516e+29,1.3040505545203173e+22,4.4225930024233555e+31
iter_0639,4.452926539791945e+31,3.5767862187847397e+30,2.937406409538765e+29,5.176270984770186e+22,4.839979230942079e+31
iter_0640,4.24875509885407e+31,2.1274361679539224e+30,4.223578878939257e+29,3.327602775923692e+22,4.503734507766457e+31
iter_0641,4.18000790475845e+31,2.5977181254657894e+30,1.6162701259341854e+29,6.562772141405055e+20,4.45594241863e+31
iter_0642,4.429059357204605e+31,2.9639779222953685e+30,2.7149786242080985e+29,6.562772141405055e+20,4.75260693574185e+31
iter_0643,4.063173379421281e+31,2.666251710781852e+30,1.863385131240931e+29,1.9706618239482752e+23,4.348432421518494e+31
iter_0644,4.468982635729803e+31,2.696639850725788e+30,3.464994648997339e+29,2.421755353588908e+20,4.773296567316572e+31
iter_0645,4.011393581757005e+31,2.3500165844265986e+30,2.3999311322331315e+29,3.1687578087467646e+26,4.270426239100083e+31
iter_0646,4.188326082862038e+31,3.1338859218015174e+30,3.674201140082963e+29,8.817962489376884e+22,4.538456695260982e+31
iter_0647,4.03039333340657e+31,2.831359649550299e+30,1.1530146823885712e+29,7.487106245828304e+20,4.325059445260356e+31
iter_0648,4.207728487938714e+31,2.5594965191223577e+30,1.6134892651213702e+29,2.7730023132697417e+22,4.479813035275165e+31
iter_0649,4.103733142560063e+31,2.951398432724195e+30,1.3279797252318242e+29,4.436803701231584e+19,4.412152783089238e+31
iter_0650,4.385339334174394e+31,2.388745820832934e+30,2.4295274774908595e+29,2.421755353588908e+20,4.6485091910568125e+31
iter_0651,4.4087664306323545e+31,2.863491082571125e+30,4.898474328275121e+29,2.033535029731145e+22,4.744100284205753e+31
iter_0652,3.9389747240378107e+31,2.72174240393874e+30,3.883860276822876e+29,5.176270984770186e+22,4.2499875723761845e+31
iter_0653,4.104743332984434e+31,3.025891606723136e+30,3.275880359194129e+29,1.1823440375913707e+26,4.440103120689065e+31
iter_0654,4.465855583935682e+31,3.2318979266187526e+30,2.4475661169794686e+29,2.5881354923850926e+22,4.813521040355487e+31
iter_0655,4.111084094823577e+31,2.3796373029333776e+30,2.7826375702305237e+29,1.3421331196225547e+22,4.376874202161354e+31
iter_0656,4.302082150646021e+31,2.4963489501943236e+30,3.955044626173326e+29,2.292348578969653e+20,4.59126749195011e+31
iter_0657,4.388988756761147e+31,3.1130262154184764e+30,4.345424457693173e+29,3.974636649019963e+20,4.743745622919672e+31
iter_0658,4.0422697651541247e+31,2.562433233368863e+30,3.828085505964469e+29,9.243341044232469e+20,4.336793943643089e+31
iter_0659,4.359772165928001e+31,3.2575606760666446e+30,3.3625854205842196e+29,2.5141887640312313e+20,4.719154087765651e+31
iter_0660,4.456353226353156e+31,2.292987895378171e+30,2.705381155501641e+29,3.697336417692988e+19,4.7127058274496865e+31
iter_0661,4.497467743344048e+31,2.382256828656979e+30,4.0674463641631784e+29,2.218401850615794e+22,4.776367892069779e+31
iter_0662,4.24855606002646e+31,2.9959066067717045e+30,4.454244535855864e+29,1.3040505545203173e+22,4.59268916736624e+31
iter_0663,4.401108261063484e+31,2.853484327477179e+30,2.6092990396140548e+29,2.218401850615794e+22,4.7125496864257435e+31
iter_0664,4.445443253977404e+31,3.393270515828266e+30,3.935865120067062e+29,2.5881354923850926e+22,4.824128959349036e+31
iter_0665,4.412386903561217e+31,2.2879173962887634e+30,3.949701803536484e+29,1.5713679775195205e+20,4.6806756612411715e+31
iter_0666,4.39712580482395e+31,2.860088854524604e+30,4.1012229267457484e+29,4.566210475850841e+20,4.72414691958953e+31
iter_0667,4.2961980452344165e+31,2.8526280997107745e+30,5.833799376802311e+28,4.214963516170008e+20,4.587294654624447e+31
iter_0668,4.36446887273212e+31,2.474337513567301e+30,4.888999946452366e+29,1.1461742894848263e+22,4.660792624699548e+31
iter_0669,4.504018602281818e+31,2.5180800425973732e+30,1.4371526008575006e+29,7.487106245828304e+20,4.770198132625001e+31
iter_0670,4.413059636176303e+31,3.069860753631029e+30,1.8354293313956342e+29,8.448413714428482e+20,4.738400004937847e+31
iter_0671,4.204210336007126e+31,2.4807059947813741e+30,1.6699986957009365e+29,1.0352541969540362e+22,4.468980923477526e+31
iter_0672,4.320588923483105e+31,2.5136053927014933e+30,2.7559819021527004e+29,2.292348578969653e+20,4.599509281797704e+31
iter_0673,4.655732535085412e+31,2.7324686374804523e+30,2.7975355058521058e+29,3.6973364176929885e+22,4.956954757589315e+31
iter_0674,4.172380603316194e+31,2.57408390684912e+30,2.8517887517271302e+29,9.280314408409398e+20,4.45830688161118e+31
iter_0675,4.220542664809944e+31,1.9641147715740112e+30,1.8134645704361526e+29,1.4234745208118002e+22,4.435088789095181e+31
iter_0676,4.0982247354424385e+31,2.6092442981670947e+30,4.2231811095466204e+29,7.579539656270626e+21,4.401380977112568e+31
iter_0677,4.289216729852909e+31,2.895119344559413e+30,2.3117853118463178e+29,2.218401850615794e+22,4.601846519645715e+31
iter_0678,4.407330865084194e+31,3.008698567932494e+30,2.200299961518946e+29,2.421755353588908e+20,4.730203721516851e+31
iter_0679,4.331302439418292e+31,2.6699266122043954e+30,3.424625493632286e+29,3.327602775923692e+22,4.632541358902657e+31
iter_0680,4.329918830648953e+31,2.074150756453116e+30,4.172253588487795e+29,1.1276876073963616e+23,4.579056453456019e+31
iter_0681,4.519752460963204e+31,2.1502992216634995e+30,2.1611561169299484e+29,1.3040505545203173e+22,4.756393945602904e+31
iter_0682,4.171967629759168e+31,2.745071033875405e+30,1.719551750150011e+29,2.421755353588908e+20,4.4636702506724265e+31
iter_0683,4.1669930695716395e+31,2.607122114897136e+30,2.3092031689280948e+29,1.6878340746768495e+21,4.4507973129194175e+31
iter_0684,4.582746512537425e+31,2.5030489675070266e+30,8.83985775748261e+28,5.2317310310355776e+20,4.841891267097929e+31
iter_0685,4.589544794737497e+31,2.2337890164035203e+30,1.853915880820451e+29,3.660363053516056e+20,4.831462855222656e+31
iter_0686,4.298954115669033e+31,2.270334867159702e+30,1.5244594168023444e+29,2.421755353588908e+20,4.541232196577245e+31
iter_0687,4.259237061269627e+31,2.465025872144603e+30,1.9016334109458836e+29,2.8839224058005304e+20,4.524755982622385e+31
iter_0688,4.186721630936166e+31,2.3391027354007384e+30,3.0205576514700007e+29,7.487106245828304e+20,4.450837481065811e+31
iter_0689,4.209044538744483e+31,2.4566398619024822e+30,3.982758491468441e+29,1.4234745208118002e+22,4.494536111272891e+31
iter_0690,4.627558400072384e+31,2.5088659247487814e+30,1.7509575841976694e+29,1.9706618239482752e+23,4.895954588095858e+31
iter_0691,4.344521126965234e+31,2.534155533101837e+30,1.5643699369107971e+29,1.0352541969540362e+22,4.61358038067978e+31
iter_0692,4.239614841406944e+31,2.8047061759606725e+30,2.2711760197503936e+29,2.292348578969653e+20,4.542797219223439e+31
iter_0693,4.280304019442946e+31,3.082926429662004e+30,2.565954686995223e+29,2.292348578969653e+20,4.614256209302022e+31
iter_0694,4.5820722743180595e+31,2.5024643808587932e+30,1.4169790671796533e+29,3.882203238577639e+22,4.846488506957938e+31
iter_0695,4.23603990854074e+31,2.6668405609514575e+30,2.6157531780299985e+29,2.218401850615794e+22,4.528881498634586e+31
iter_0696,4.43084794234927e+31,2.6515523204651917e+30,1.619371384621081e+29,1.5713679775195205e+20,4.712196888257714e+31
iter_0697,4.23851014521855e+31,2.877630311457485e+30,2.3251547544677132e+29,2.033535029731145e+22,4.549524725942511e+31
iter_0698,4.328329735237649e+31,3.1021525166148287e+30,2.167913823639759e+29,4.566210475850841e+20,4.660224125181191e+31
iter_0699,4.26588847379996e+31,2.6897528398225916e+30,3.6014886617460015e+29,2.1259684401734687e+20,4.570878644420939e+31
iter_0700,4.270507001289616e+31,3.389632414777175e+30,5.5778059903117595e+29,1.6878340746768495e+21,4.665248302839235e+31
iter_0701,4.0193067558584455e+31,2.74681417733597e+30,5.2448602529484476e+29,3.061394553849793e+21,4.346436776427665e+31
iter_0702,4.26733977041851e+31,2.898747590398492e+30,1.940661494374633e+29,3.882203238577639e+22,4.5766211482843085e+31
iter_0703,4.091072673807591e+31,3.472259996110392e+30,4.6074954363976916e+29,2.292348578969653e+20,4.48437362780553e+31
iter_0704,4.190602431641093e+31,2.8341902407565094e+30,3.393003618177237e+29,3.697336417692988e+19,4.507951491902213e+31
iter_0705,4.358003257592375e+31,2.6590952632269303e+30,2.7444563399671752e+29,7.579539656270626e+21,4.651357348072695e+31
iter_0706,4.1457374281503255e+31,2.8172241045524816e+30,2.7524464452637454e+29,7.504036349284913e+27,4.455734706693139e+31
iter_0707,4.367823751307264e+31,2.1252832082965572e+30,3.0176295130320817e+29,1.3421331196225547e+22,4.610528368609372e+31
iter_0708,4.474069965784107e+31,2.771018809000814e+30,5.196701497313149e+29,5.398111169831763e+20,4.803138861711301e+31
iter_0709,4.108659194290312e+31,2.688112369653399e+30,1.3290229368808618e+29,1.0352541969540362e+22,4.390760661659715e+31
iter_0710,4.453054524411258e+31,2.6118863045410457e+30,1.0949871039753029e+29,2.292348578969653e+20,4.72519302592804e+31
iter_0711,4.1026344957879735e+31,3.1063971656160663e+30,4.892410460487697e+29,3.697336417692988e+19,4.462198316958154e+31
iter_0712,4.505934824665104e+31,2.6695439127105586e+30,2.3437056295403125e+29,3.660363053516056e+20,4.796326272268167e+31
iter_0713,4.208435536485834e+31,2.5225672188838457e+30,2.3327809791917984e+29,9.428207865117118e+21,4.484020069108957e+31
iter_0714,4.093404168017643e+31,2.806538841303206e+30,2.3632538356247877e+29,1.0352541969540362e+22,4.397690591539465e+31
iter_0715,3.8469310424088997e+31,2.6931130414695486e+30,3.413324908207818e+29,2.0312981411984374e+24,4.150375798767747e+31
iter_0716,4.5351351362485765e+31,2.1481068491517814e+30,3.4108405915556725e+29,9.243341044232468e+21,4.784054228003645e+31
iter_0717,4.056594725818378e+31,2.6062054461791103e+30,1.8517558879277462e+29,1.323646437534089e+21,4.335732829447931e+31
iter_0718,4.203974946731758e+31,3.203655243843498e+30,3.820018756927193e+29,9.243341044232468e+21,4.5625406596097145e+31
iter_0719,4.347675876826274e+31,3.0081516109591976e+30,4.2665207068853245e+29,1.0722275611309665e+20,4.691156245001769e+31
iter_0720,4.477190765730315e+31,2.3017562251711347e+30,1.94292650138338e+29,1.3040505545203173e+22,4.726795654565313e+31
iter_0721,4.380380369376739e+31,2.5143716065356883e+30,3.192486561915547e+29,1.6878340746768495e+21,4.663742395818247e+31
iter_0722,4.488049615473491e+31,2.474408012991181e+30,1.0670966556808619e+29,2.421755353588908e+20,4.746161383353636e+31
iter_0723,4.587570385093363e+31,2.206810300192883e+30,2.2038136097660134e+29,7.487106245828304e+20,4.830289551285183e+31
iter_0724,4.442714339296835e+31,2.775183082162235e+30,1.3046760448246869e+29,2.033535029731145e+22,4.73327940999484e+31
iter_0725,4.099514013845377e+31,2.6638737776896353e+30,2.9900765416869388e+29,2.5881354923850926e+22,4.395802159619345e+31
iter_0726,4.362179881100171e+31,2.634867425068347e+30,2.361557056617197e+29,1.323646437534089e+21,4.649282194305542e+31
iter_0727,4.370778375058745e+31,3.2481515821362736e+30,3.023510124490891e+29,2.8839224058005304e+20,4.725828634546121e+31
iter_0728,4.390527580603065e+31,3.219489111482396e+30,6.271502257625101e+29,2.421755353588908e+20,4.775191514351774e+31
iter_0729,4.568088683702869e+31,3.251811931736285e+30,3.618073352998529e+29,1.6079346346905035e+25,4.929452218341117e+31
iter_0730,4.1270674308226865e+31,3.07405820809304e+30,2.675598397783068e+29,2.1259684401734687e+20,4.461229235631081e+31
iter_0731,4.311561874320782e+31,3.11620889518542e+30,2.7297586177275744e+29,2.5881354923850926e+22,4.650480352604736e+31
iter_0732,4.445275071759061e+31,2.661746213245093e+30,1.8741489635906214e+29,7.487106245828304e+20,4.730191182794346e+31
iter_0733,4.159179442010374e+31,3.086412426280895e+30,1.4052977761098115e+29,2.033535029731145e+22,4.481873664433097e+31
iter_0734,4.0221485753830336e+31,2.4268886305990512e+30,6.035907252096879e+29,1.0352541969540368e+20,4.325196510974259e+31
iter_0735,4.170891723766939e+31,3.77945686753209e+30,5.605693017905952e+29,7.579539656270626e+21,4.604894341457161e+31
iter_0736,4.619312815892658e+31,2.784326003059769e+30,3.933216675013414e+29,2.421755353588908e+20,4.937077582972986e+31
iter_0737,4.314460507597652e+31,2.3484559831416124e+30,3.9132361926329814e+29,2.292348578969653e+20,4.588438467861066e+31
iter_0738,4.474917819933832e+31,3.147105415271524e+30,2.4133984372959177e+29,9.243341044232469e+20,4.813762345926378e+31
iter_0739,4.299910870088173e+31,2.835912834472012e+30,2.957308620353639e+29,7.504036349284913e+27,4.613825643373839e+31
iter_0740,4.513750796256929e+31,2.8766078091916274e+30,1.9225308853434325e+29,1.9706618239482752e+23,4.8206369057361445e+31
iter_0741,4.243935638487144e+31,1.9236037839404545e+30,3.3478748252043056e+29,2.421755353588908e+20,4.46977476515745e+31
iter_0742,4.212746806934863e+31,2.556325063957296e+30,2.292938970248532e+29,4.436803701231584e+19,4.491308703037515e+31
iter_0743,4.620330927147517e+31,3.4761686949416473e+30,1.6411776985117694e+29,2.033535029731145e+22,4.984359575660336e+31
iter_0744,4.268740072514001e+31,2.870434098680768e+30,3.0652854385460517e+29,1.1461742894848263e+22,4.586436337913712e+31
iter_0745,4.158576575132562e+31,2.9821536013283937e+30,2.6554540577449977e+29,1.0352541969540362e+22,4.483346476878106e+31
iter_0746,4.070816749387646e+31,3.072852126768634e+30,2.6466469401858565e+29,5.176270984770186e+22,4.404568436642639e+31
iter_0747,4.369108086673545e+31,2.746979577809887e+30,2.3800098199275215e+29,2.033535029731145e+22,4.667606144687345e+31
iter_0748,4.609491886682188e+31,2.545165515501625e+30,6.565827468821419e+28,2.421755353588908e+20,4.87057426572539e+31
iter_0749,4.0093425607503964e+31,2.771074143450659e+30,2.8331832741062895e+29,3.697336417692988e+19,4.314781807840222e+31
iter_0750,4.310040132097115e+31,2.4384249288616924e+30,4.154373871629383e+29,5.2317310310355776e+20,4.595426363751895e+31
iter_0751,4.0108899007898407e+31,2.419955938554579e+30,4.603259369595491e+29,1.9706618239482752e+23,4.298918108047872e+31
iter_0752,4.716567978384664e+31,2.8820133653587216e+30,3.67948902580468e+29,7.579539656270626e+21,5.041564205936536e+31
iter_0753,4.23789994093264e+31,2.5238231933608127e+30,1.2533483865810156e+29,7.487106245828304e+20,4.5028157442094025e+31
iter_0754,4.536200442411455e+31,2.267538436065469e+30,1.4964960361915207e+29,1.6079346346905035e+25,4.77792085431455e+31
iter_0755,4.51283191710958e+31,2.2817556085609122e+30,2.2651999198120548e+29,2.930139111021694e+21,4.763659477456806e+31
iter_0756,4.40555286011951e+31,2.3179953785552872e+30,1.8036357379836086e+29,1.9706618239482752e+23,4.655388775061494e+31
iter_0757,4.244008788262996e+31,2.4035701016151882e+30,1.9608306877682065e+29,1.081470902175199e+21,4.503974105410344e+31
iter_0758,4.404843384257617e+31,2.878572953788935e+30,2.886347462080249e+29,2.421755353588908e+20,4.7215641542815305e+31
iter_0759,4.436369319757226e+31,2.5151158600015172e+30,9.194812785930295e+28,1.3421331196225547e+22,4.697075719885442e+31
iter_0760,4.013580024671951e+31,2.2321871472670948e+30,1.6952440529364116e+29,6.562772141405055e+20,4.253751179993653e+31
iter_0761,4.416574018678395e+31,2.369759088643471e+30,2.4532353585896197e+29,1.3495277924579407e+20,4.678082281142134e+31
iter_0762,4.220764721496325e+31,3.313394494876673e+30,2.7570104996219064e+29,2.218401850615794e+22,4.579674278198612e+31
iter_0763,4.189961587049472e+31,2.2543570298376364e+30,4.512248870622624e+29,3.660363053516056e+20,4.460519778776066e+31
iter_0764,4.515705132177319e+31,2.3825081367806764e+30,2.8622261916355912e+29,1.4974212491656592e+22,4.782578209269164e+31
iter_0765,4.223840498159248e+31,2.470540061675367e+30,2.0718413886046143e+29,1.9706618239482752e+23,4.491612937919449e+31
iter_0766,4.1241047427241925e+31,3.54316075349247e+30,1.626533196001062e+29,3.1687578087467646e+26,4.494717837611537e+31
iter_0767,4.376820866630185e+31,3.237570931254892e+30,4.590931743305032e+29,1.1823440375913707e+26,4.7464991006291e+31
iter_0768,4.367741890842921e+31,2.8093725671344424e+30,1.5442203692843488e+29,1.629785892919068e+25,4.6641229810351015e+31
iter_0769,4.374695381400067e+31,2.2180205939668064e+30,4.3794781419317296e+29,1.4234745208118002e+22,4.640292223639539e+31
iter_0770,4.173791837378516e+31,2.5325443837864409e+30,3.518691153915269e+29,8.448413714428482e+20,4.462233187380797e+31
iter_0771,4.284617395954733e+31,2.634316599331468e+30,2.7095722674662167e+29,9.243341044232469e+20,4.575144778654976e+31
iter_0772,4.26103410656694e+31,2.498598054394398e+30,1.665666186994303e+29,8.448413714428482e+20,4.527550573960807e+31
iter_0773,4.088256608369196e+31,2.763736757464394e+30,3.703810246099227e+29,4.566210475850841e+20,4.40166838662229e+31
iter_0774,4.336746223520807e+31,2.5954679792008945e+30,4.459579838133294e+29,4.214963516170008e+20,4.64088881986438e+31
iter_0775,4.164528247048652e+31,2.4462337917392584e+30,3.5456226076212675e+28,1.0722275611309665e+20,4.412697248840921e+31
iter_0776,4.073420954520677e+31,2.3534267312103542e+30,2.1717841742941105e+29,2.1259684401734687e+20,4.330481469405914e+31
iter_0777,3.9663700640645107e+31,2.2494928151189762e+30,1.3452293280653871e+29,1.4974212491656592e+22,4.204771640354484e+31
iter_0778,4.608401696283914e+31,3.1047674164196e+30,2.2715926335923433e+29,2.421755353588908e+20,4.941594364286015e+31
iter_0779,4.301062931353146e+31,2.433915534544612e+30,1.5430633768414353e+29,2.218401850615794e+22,4.559885120794423e+31
iter_0780,4.145764079943905e+31,2.4326644473203883e+30,3.1349454850788906e+29,1.7007747521387738e+22,4.4203799812275065e+31
iter_0781,4.3131698145269105e+31,3.009879276205606e+30,5.277261060186129e+29,2.5881354923850926e+22,4.666930355337469e+31
iter_0782,4.222296901704399e+31,3.397311580730212e+30,4.3798728289763414e+29,2.5881354923850926e+22,4.605826790655319e+31
iter_0783,4.4772394350058025e+31,3.169637308588136e+30,3.5601991375345066e+29,7.504036349284913e+27,4.83055556087489e+31
iter_0784,4.2151220623105695e+31,2.9442589941503105e+30,4.0671944335435985e+29,4.2889102445238675e+20,4.5502199061039255e+31
iter_0785,4.342917336278331e+31,2.9757871565078636e+30,1.8124625516058698e+29,1.323646437534089e+21,4.658620677577541e+31
iter_0786,4.505522565464242e+31,2.4406241084278535e+30,3.373657998803702e+29,3.882203238577639e+22,4.783321560177269e+31
iter_0787,4.356320320483911e+31,2.6295947143423746e+30,3.199489205284408e+29,2.0312981411984374e+24,4.651274887100807e+31
iter_0788,4.467167156291775e+31,2.6999193646435625e+30,2.8132781371147933e+29,1.6079346346905035e+25,4.765293482061914e+31
iter_0789,4.799444599432313e+31,2.700470599250324e+30,6.745894230394367e+29,2.292348578969653e+20,5.136950601684212e+31
iter_0790,3.9157347292669917e+31,3.784545590194971e+30,2.8808485192877016e+29,2.292348578969653e+20,4.32299777350229e+31
iter_0791,4.3901295791881405e+31,2.9981535481719704e+30,1.5448692218350811e+29,5.176270984770186e+22,4.7053936313999595e+31
iter_0792,4.665013718045761e+31,3.2533879215873776e+30,3.383191659086434e+29,3.974636649019963e+20,5.02418442683511e+31
iter_0793,4.585825181593153e+31,2.76259107005382e+30,3.4739351086343136e+29,1.5288486087160504e+21,4.896823639837763e+31
iter_0794,4.344740624149435e+31,2.4657438042393493e+30,2.882667040556325e+29,2.218401850615794e+22,4.620141677197335e+31
iter_0795,4.349455078950436e+31,2.4071498720788122e+30,3.218024312945452e+29,4.851829714117628e+24,4.622350794470743e+31
iter_0796,4.0515219660792186e+31,3.459066995897652e+30,1.769002909752274e+29,3.1057625908621096e+20,4.415118694797565e+31
iter_0797,4.570621484621261e+31,2.4271140537486846e+30,1.1705069875941474e+29,9.243341044232469e+20,4.825037959964505e+31
iter_0798,4.438534702551558e+31,2.4273192612585504e+30,2.9509105273259607e+29,5.398111169831763e+20,4.710775734004653e+31
iter_0799,4.0188212254391696e+31,2.646098606120928e+30,3.439063629618866e+29,2.033535029731145e+22,4.317821724380987e+31
iter_0800,4.423948117556663e+31,3.032037242263139e+30,3.314703644199256e+29,3.013329180419784e+20,4.760298878255103e+31
iter_0801,4.471460490923652e+31,2.8626040546754567e+30,2.297979389621469e+29,2.033535029731145e+22,4.780700692320947e+31
iter_0802,4.687150070696274e+31,2.1589253097622257e+30,3.231063755349823e+29,3.660363053516056e+20,4.935353239262599e+31
iter_0803,4.353173912945314e+31,2.5889875010755474e+30,3.444483104138047e+29,4.436803701231584e+19,4.646517494098686e+31
iter_0804,3.931854478068029e+31,2.3798486574093453e+30,1.5286809531244489e+29,3.660363053516056e+20,4.185126153376813e+31
iter_0805,4.459110541293671e+31,3.265241801274408e+30,5.284792594153803e+29,5.2317310310355776e+20,4.8384826474149665e+31
iter_0806,4.513859141791933e+31,1.9290088362103603e+30,2.1707813587820945e+29,2.421755353588908e+20,4.728467839025008e+31
iter_0807,4.0471324094341987e+31,2.6072031796639514e+30,2.2352198524860422e+29,1.4234745208118002e+22,4.330204927348929e+31
iter_0808,4.512706978341955e+31,2.677083477006113e+30,3.7015389684907925e+29,2.292348578969653e+20,4.817430715750397e+31
iter_0809,4.398139154683718e+31,2.5249093608867142e+30,2.0160064880694503e+29,4.2889102445238675e+20,4.670790155695974e+31
iter_0810,4.0294873271827856e+31,1.6147039554831396e+30,3.266908755891922e+29,1.6079346346905035e+25,4.223628418224653e+31
iter_0811,4.383884558898411e+31,2.6039850803347867e+30,3.110696997970775e+29,1.7007747521387738e+22,4.675390038612371e+31
iter_0812,4.353738588971431e+31,2.325231778387017e+30,3.1154766116240558e+29,1.6878340746768495e+21,4.617416533095156e+31
iter_0813,4.238242298199318e+31,2.816718498616776e+30,6.8905503914129415e+28,7.579539656270626e+21,4.526804699210362e+31
iter_0814,4.447281273429017e+31,2.5652046395605864e+30,2.0819860401400484e+29,4.851829714117628e+24,4.724622082969447e+31
iter_0815,4.200507788024876e+31,2.5663083259687666e+30,1.864348143174113e+29,3.974636649019963e+20,4.47578210209324e+31
iter_0816,4.247767816173189e+31,2.5544985371629854e+30,2.6291099854744627e+29,3.6973364176929885e+22,4.529508773441569e+31
iter_0817,4.529813438957464e+31,2.7489624077344836e+30,1.6401601462509644e+29,2.292348578969653e+20,4.821111281216347e+31
iter_0818,4.163038475064532e+31,2.5679626258435993e+30,3.1205456837604485e+29,3.1687578087467646e+26,4.4510718820645835e+31
iter_0819,4.593019819560384e+31,2.2323244583887622e+30,3.623957178086304e+29,9.243341044232468e+21,4.852491838104457e+31
iter_0820,4.389751887805388e+31,3.008932874277985e+30,2.18882360571134e+29,2.66762822536549e+21,4.712533411557063e+31
iter_0821,4.12537071207955e+31,1.9705064750023342e+30,2.2811376467526596e+29,1.3495277924579407e+20,4.345232736060805e+31
iter_0822,4.547466781753503e+31,3.377066822956583e+30,4.532181959115651e+29,1.3040505545203173e+22,4.930495284944369e+31
iter_0823,4.561241500774382e+31,2.85897900130154e+30,1.6927692201319626e+29,1.1823440375913707e+26,4.864078916546232e+31
iter_0824,4.094201227684445e+31,2.6768169678448457e+30,3.872800604730558e+29,2.5881354923850926e+22,4.40061093310437e+31
iter_0825,4.065834520306454e+31,2.78483563989088e+30,2.2451219061369742e+29,2.0312981411984374e+24,4.366769506486725e+31
iter_0826,4.550567883701172e+31,2.3788221099168126e+30,3.771461588556346e+29,9.98280832777107e+19,4.826164710588399e+31
iter_0827,3.973305986402003e+31,2.537403586457887e+30,2.181987164082755e+29,1.1276876073963616e+23,4.248866227965495e+31
iter_0828,4.083267252511033e+31,2.0674131167039822e+30,5.5192657382139444e+29,4.214963516170008e+20,4.34520122160572e+31
iter_0829,4.41508802068258e+31,2.0859511827176277e+30,2.332444328540528e+29,3.697336417692988e+19,4.6470075822434455e+31
iter_0830,4.115940811450283e+31,2.360656855881257e+30,3.565947371479517e+29,3.882203238577639e+22,4.387665974635407e+31
iter_0831,3.8504092840818404e+31,2.625341972401385e+30,2.4831101987571046e+29,4.436803701231584e+19,4.137774583313987e+31
iter_0832,4.399352308598569e+31,2.2973105632923906e+30,3.7507916819438905e+29,1.3421331196225547e+22,4.66659128308938e+31
iter_0833,4.550202979029823e+31,3.022998864573445e+30,2.4581730281737054e+29,3.013329180419784e+20,4.877084595799039e+31
iter_0834,4.264313949059216e+31,2.8729916500283566e+30,1.8690861950083185e+29,9.243341044232468e+21,4.570303976936469e+31
iter_0835,4.538868528803876e+31,3.106128263783371e+30,1.612007156993831e+29,2.7730023132697417e+22,4.865601429525154e+31
iter_0836,4.109490273876921e+31,2.8198056718817555e+30,3.0697252563586802e+29,9.243341044232469e+20,4.422168093721117e+31
iter_0837,4.611836159500187e+31,3.1383843834555204e+30,3.158851735212473e+29,1.081470902175199e+21,4.957263115306011e+31
iter_0838,4.22289669021193e+31,3.230514093806915e+30,2.5675986317652974e+29,5.176270984770186e+22,4.571624091086546e+31
iter_0839,4.246840175026655e+31,2.5074087740003541e+30,3.6126936378735846e+29,2.5141887640312313e+20,4.533707988830567e+31
iter_0840,4.10276046967413e+31,2.808806341521954e+30,4.0074679929181865e+29,2.033535029731145e+22,4.423715785789042e+31
iter_0841,4.159286643658979e+31,3.1502617948998964e+30,4.849032091929688e+29,1.0352541969540362e+22,4.52280314510352e+31
iter_0842,4.305067979714502e+31,3.1973751858480047e+30,3.1498898007522182e+29,2.033535029731145e+22,4.656304398340359e+31
iter_0843,4.457059261524056e+31,2.676093910417621e+30,2.8677952462119767e+29,1.5528812954310548e+20,4.753346605043467e+31
iter_0844,4.616509100064757e+31,2.584321161461905e+30,3.8516812331046526e+29,9.243341044232468e+21,4.913458029466328e+31
iter_0845,4.519759426180415e+31,3.228067590024996e+30,2.055903457514061e+29,3.6973364176929885e+22,4.8631252234553915e+31
iter_0846,4.324474383788624e+31,3.0892435498432006e+30,2.1463618359077716e+29,1.4234745208118002e+22,4.654862358555496e+31
iter_0847,4.158448712701975e+31,2.870370518015249e+30,2.5547146527374436e+29,2.033535029731145e+22,4.471032913064408e+31
iter_0848,4.393854598892302e+31,2.460056705178822e+30,4.303214020044114e+29,1.9706618239482752e+23,4.682892429317244e+31
iter_0849,3.9833167206179625e+31,2.7969444521880554e+30,3.876645857097854e+29,8.448413714428482e+20,4.301777624492231e+31
iter_0850,4.0164672583837225e+31,2.9887130744565924e+30,3.697470103399861e+29,9.280314408409398e+20,4.352313266956183e+31
iter_0851,4.1130959572062695e+31,2.164015050995074e+30,2.017351151914573e+29,2.5881354923850926e+22,4.349670976413058e+31
iter_0852,4.187084867081019e+31,2.6226212185167603e+30,1.2958265820058539e+29,1.3495277924579407e+20,4.462305254766249e+31
iter_0853,4.697551747581353e+31,3.4378042263159155e+30,8.328137973041886e+28,3.697336417692988e+19,5.049660308189685e+31
iter_0854,4.181095373730109e+31,2.5486769739219603e+30,4.336351900854697e+29,3.974636649019963e+20,4.479326590170598e+31
iter_0855,4.488862379008014e+31,2.6116205268546095e+30,3.6246304234404926e+29,2.5141887640312313e+20,4.786270735953022e+31
iter_0856,4.475149450206373e+31,2.9938693769800277e+30,1.2036206848557595e+29,7.504036349284913e+27,4.787322998387862e+31
iter_0857,4.305433925815026e+31,3.0479201467956155e+30,2.0906821817322713e+29,2.5881354923850926e+22,4.631132764900045e+31
iter_0858,4.273842389202668e+31,2.6142423053682697e+30,3.702847663876273e+29,8.448413714428482e+20,4.5722950964627435e+31
iter_0859,4.3690080173652515e+31,2.517472913399438e+30,2.0906193243699608e+29,2.5141887640312313e+20,4.641661501974037e+31
iter_0860,4.446319241507256e+31,3.0206154593510495e+30,6.0015943907346445e+29,1.629785892919068e+25,4.8083983611356e+31
iter_0861,4.393293420423024e+31,2.2399163272060732e+30,5.073844456927678e+29,3.327602775923692e+22,4.66802350104051e+31
iter_0862,4.142777693411426e+31,2.1228655005994126e+30,2.7817207905526224e+29,9.243341044232468e+21,4.382881452301228e+31
iter_0863,4.396405169931528e+31,3.250087056631351e+30,1.4855354162770479e+29,1.0722275611309665e+20,4.736269229768155e+31
iter_0864,4.223573195367162e+31,2.038543704576326e+30,3.289485441502856e+29,1.6878340746768495e+21,4.460322420408607e+31
iter_0865,4.147385902053511e+31,2.767792167732004e+30,4.334395000880336e+29,4.436803701231584e+19,4.467509068839952e+31
iter_0866,4.29664694960116e+31,2.7596458543670794e+30,1.868290075074014e+29,2.033535029731145e+22,4.591294437822143e+31
iter_0867,4.334698165362902e+31,2.592545188716763e+30,5.561930987649028e+29,2.5141887640312313e+20,4.6495719941362085e+31
iter_0868,4.331173012826383e+31,2.59050362178302e+30,2.1824533028844146e+29,9.243341044232468e+21,4.612047908957864e+31
iter_0869,4.395075087003258e+31,2.591616284476931e+30,5.489323651673289e+29,3.061394553849793e+21,4.709129952273824e+31
iter_0870,4.236808073436272e+31,2.9535175802035253e+30,3.9464093311762325e+29,2.1259684401734687e+20,4.571623924789646e+31
iter_0871,4.244777296889276e+31,2.592507983396015e+30,2.6193379461093487e+29,3.660363053516056e+20,4.530221474726574e+31
iter_0872,4.150747904792431e+31,2.504562968315255e+30,3.6239636405078705e+29,2.7730023132697417e+22,4.437443840802038e+31
iter_0873,4.28628663007242e+31,2.19922280060162e+30,1.960131198541352e+29,3.882203238577639e+22,4.5258102260002e+31
iter_0874,4.459669157427875e+31,2.5097232506483975e+30,2.0522251074497726e+29,8.004733344305321e+20,4.7311637336472605e+31
iter_0875,4.367697049634538e+31,2.4278934211626432e+30,4.052970729471632e+29,2.421755353588908e+20,4.651016099069736e+31
iter_0876,4.727892316779825e+31,3.342465543625463e+30,4.2268019783327994e+29,4.436803701231584e+19,5.104406890930136e+31
iter_0877,4.300173726827004e+31,2.245380632997651e+30,2.7387247074659568e+29,7.579539656270626e+21,4.5520990379593835e+31
iter_0878,4.42182276539227e+31,2.537100232017439e+30,3.1381686197896013e+29,3.1057625908621096e+20,4.706914474822967e+31
iter_0879,4.316404455192529e+31,3.1200303595157225e+30,1.6451503269716774e+29,1.0352541969540368e+20,4.64485899442417e+31
iter_0880,4.417571281537003e+31,3.069117182620378e+30,2.375701529091455e+29,1.3421331196225547e+22,4.748240016432088e+31
iter_0881,4.214079803757961e+31,2.598623088503361e+30,4.423772560612713e+29,1.323646437534089e+21,4.518179838346788e+31
iter_0882,4.1629820690820095e+31,2.3882829271034124e+30,1.6400491656623255e+29,1.6878340746768495e+21,4.418210853617757e+31
iter_0883,4.266691004769352e+31,2.4155061611958753e+30,1.9639746886737614e+29,2.0312981411984374e+24,4.52788157090549e+31
iter_0884,4.300046380028709e+31,2.4414885804710858e+30,2.7239923519677112e+29,1.0722275611309665e+20,4.571435161606217e+31
iter_0885,4.447896097832238e+31,2.807205933960263e+30,3.3631012266708534e+29,1.0352541969540368e+20,4.762247703505325e+31
iter_0886,4.409020248252072e+31,3.056201079818351e+30,1.897643573688029e+29,1.323646437534089e+21,4.733616792103153e+31
iter_0887,4.5284864784107585e+31,3.084710671643875e+30,3.57962466505658e+29,8.817962489376884e+22,4.872753801043674e+31
iter_0888,4.620122692526618e+31,1.8445856951777788e+30,3.296786441082132e+29,3.1687578087467646e+26,4.837580814033304e+31
iter_0889,4.129899119284905e+31,1.9901266187543585e+30,3.970173511756143e+29,1.3495277924579407e+20,4.368613516291398e+31
iter_0890,4.14732332352043e+31,2.914493354081707e+30,2.0905585044646834e+29,2.421755353588908e+20,4.4596782439974655e+31
iter_0891,4.416596113273593e+31,2.557751529386607e+30,1.1108580567129405e+29,1.081470902175199e+21,4.6834798468875295e+31
iter_0892,4.349052807026579e+31,2.755823260686945e+30,1.9167397248529123e+29,3.061394553849793e+21,4.643802530649941e+31
iter_0893,4.364149090162547e+31,2.626469802598977e+30,2.9470303037768762e+29,3.061394553849793e+21,4.656266373766353e+31
iter_0894,3.9264968841949023e+31,2.6692786187601657e+30,3.7879052893584486e+29,2.421755353588908e+20,4.231303798988722e+31
iter_0895,4.284563059621726e+31,3.214365638713269e+30,1.694310740796018e+29,3.1057625908621096e+20,4.62294273093207e+31
iter_0896,4.44325022051486e+31,3.1069456903974323e+30,4.860023678409939e+29,1.6079346346905035e+25,4.802546634273338e+31
iter_0897,4.132569666822943e+31,2.3232327698364208e+30,3.866694309145015e+29,2.218401850615794e+22,4.403559889116437e+31
iter_0898,4.548090688771294e+31,2.8076077105076885e+30,3.0615267776216323e+29,3.697336417692988e+19,4.8594667276019765e+31
iter_0899,4.521813219011605e+31,2.6506953026539084e+30,5.4396382445658254e+29,9.98280832777107e+19,4.841279131732637e+31
iter_0900,4.060932376870341e+31,2.5603266983509376e+30,4.186029632346326e+29,5.2317310310355776e+20,4.358825343081215e+31
iter_0901,4.03346188924012e+31,3.26687180219401e+30,2.4758012627959696e+29,1.4974212491656592e+22,4.384907083584902e+31
iter_0902,4.4936912750804315e+31,3.044144510179375e+30,3.2179324275059486e+29,2.8839224058005304e+20,4.830285050402267e+31
iter_0903,4.163449009553338e+31,2.6778575500901653e+30,5.744802144511179e+28,2.421755353588908e+20,4.436979566731083e+31
iter_0904,4.388176194643056e+31,2.945430097551706e+30,1.9953925773445995e+29,5.176270984770186e+22,4.7026731353479435e+31
iter_0905,4.106189204400013e+31,2.840872997767809e+30,2.594537978103468e+29,2.66762822536549e+21,4.416221884224592e+31
iter_0906,4.405829353372625e+31,2.2157389826459015e+30,2.6060569079009184e+29,1.0722275611309665e+20,4.653463820726946e+31
iter_0907,4.334254180632915e+31,3.060615732708791e+30,2.2478568422245178e+29,1.5288486087160504e+21,4.662794322478924e+31
iter_0908,4.234408437103763e+31,2.598371051887939e+30,1.0950883858812983e+29,1.7007747521387738e+22,4.505196427852146e+31
iter_0909,4.345205105557568e+31,2.948596650769739e+30,6.7249877756824585e+28,7.487106245828304e+20,4.646789758485096e+31
iter_0910,4.153868545889268e+31,3.039020504722409e+30,2.1233017924287723e+29,2.218401850615794e+22,4.4790036165041985e+31
iter_0911,4.353474223916602e+31,2.281321470699459e+30,4.4621436154684754e+29,1.9706618239482752e+23,4.626227826847851e+31
iter_0912,4.329281678513266e+31,4.122361454521822e+30,1.964754463788496e+29,1.9706618239482752e+23,4.761165388309951e+31
iter_0913,4.0943377034675035e+31,2.873629451788295e+30,4.628226578941405e+29,1.4234745208118002e+22,4.427982915859222e+31
iter_0914,4.2901271294074955e+31,3.117018852033127e+30,3.528839655544863e+29,2.5881354923850926e+22,4.637117413754393e+31
iter_0915,4.258224758394188e+31,2.3476577072001303e+30,1.0003359327715429e+29,9.243341044232469e+20,4.50299388853435e+31
iter_0916,4.2038073394623e+31,2.3966590844582897e+30,5.412132747448512e+29,5.176270984770186e+22,4.497594580558885e+31
iter_0917,4.270487620019749e+31,2.644511803557396e+30,1.545703752746656e+29,7.487106245828304e+20,4.550395837977826e+31
iter_0918,4.623778775227341e+31,2.5355365285778115e+30,4.121847776434672e+29,2.1259684401734687e+20,4.918550905870728e+31
iter_0919,4.4082126933309095e+31,2.4025229237582304e+30,1.6062221747465516e+29,4.2889102445238675e+20,4.664527207497087e+31
iter_0920,4.265970444439751e+31,2.240665453708697e+30,2.6559509076371965e+29,9.428207865117118e+21,4.516596499829813e+31
iter_0921,4.499245747695117e+31,2.54695444607095e+30,4.720851138025709e+29,4.436803701231584e+19,4.801149703686906e+31
iter_0922,4.5289921615628635e+31,2.8283705012449964e+30,1.3889684762355693e+29,4.214963516170008e+20,4.8257188964918685e+31
iter_0923,3.9146786250825654e+31,2.651467165160373e+30,3.0315268789180173e+29,2.292348578969653e+20,4.210140610410706e+31
iter_0924,4.283738177979114e+31,2.625165369328124e+30,3.796454049107228e+29,9.428207865117118e+21,4.58421925634582e+31
iter_0925,4.283013854912225e+31,2.0794567919187094e+30,4.3572371736141285e+29,8.004733344305321e+20,4.5345319059202845e+31
iter_0926,4.436952484428082e+31,2.9441945791446956e+30,2.6264063177955814e+29,2.930139111021694e+21,4.757636005813522e+31
iter_0927,4.19371616900134e+31,3.378120574029999e+30,6.668736564313513e+29,6.562772141405055e+20,4.598215592113103e+31
iter_0928,4.477661294840696e+31,3.059896370541694e+30,6.130314731829327e+28,5.176270984770186e+22,4.789781251802965e+31
iter_0929,3.946795999860142e+31,2.932540671010929e+30,2.2201576215077296e+29,1.0722275611309665e+20,4.262251643187035e+31
iter_0930,4.43779435876924e+31,3.0930638174229676e+30,3.346550192761628e+29,1.1461742894848263e+22,4.780566243585327e+31
iter_0931,4.368592820730044e+31,2.4786521563144742e+30,4.4107972937317495e+29,3.660363053516056e+20,4.660566009335412e+31
iter_0932,4.414441951965872e+31,3.199824616012632e+30,2.6573930534448235e+29,1.629785892919068e+25,4.760999973887476e+31
iter_0933,4.0350011677007746e+31,2.620736636052134e+30,3.5948256911313924e+29,2.0312981411984374e+24,4.333023291347116e+31
iter_0934,4.3399986967737425e+31,2.9487788469789334e+30,2.2822534664401944e+29,1.1461742894848263e+22,4.657699117282212e+31
iter_0935,4.4005043560585435e+31,2.5458574593495634e+30,3.607457316374703e+29,9.280314408409398e+20,4.691164675250051e+31
iter_0936,4.392913125426617e+31,3.283117866333864e+30,4.78664362680867e+29,8.448413714428482e+20,4.769091348412574e+31
iter_0937,4.530648286558251e+31,2.952524594223748e+30,2.0864387498894187e+29,1.5288486087160504e+21,4.846765133632404e+31
iter_0938,4.574870518790763e+31,2.9718555282121023e+30,3.941793830900635e+29,2.5881354923850926e+22,4.911474012509115e+31
iter_0939,4.634428409885294e+31,2.693966106998271e+30,5.4575642106505936e+29,8.817962489376884e+22,4.958400671509591e+31
iter_0940,3.988197568004814e+31,2.0500878908417268e+30,4.0094029073780384e+29,1.1823440375913707e+26,4.233312209603143e+31
iter_0941,4.597962255688062e+31,2.2594301671588765e+30,5.5756801284359976e+29,3.697336417692988e+19,4.879662073692007e+31
iter_0942,4.1581622846680125e+31,2.272923938180082e+30,3.211051393084538e+29,2.1259684401734687e+20,4.417565192438126e+31
iter_0943,4.321530477973713e+31,3.238246796152865e+30,1.4379583230646108e+29,1.3495277924579407e+20,4.659734740833141e+31
iter_0944,4.235418564656197e+31,2.9758625861269317e+30,1.7164515040907517e+29,4.566210475850841e+20,4.55016933835546e+31
iter_0945,4.216113116580459e+31,2.819968939476038e+30,1.0794350456323184e+29,1.3495277924579407e+20,4.508904360997882e+31
iter_0946,4.506494107432981e+31,2.8495278166772477e+30,1.0427725142602734e+29,1.6079346346905035e+25,4.801876222177943e+31
iter_0947,4.190397562097175e+31,3.111180692152825e+30,2.654312779533236e+29,2.421755353588908e+20,4.528058759132007e+31
iter_0948,4.209131531417762e+31,2.6622854555175707e+30,2.0649386706065867e+29,1.5713679775195205e+20,4.496009463691298e+31
iter_0949,4.277362998186147e+31,3.0698604126719873e+30,6.676219286493712e+29,2.7730023132697417e+22,4.651111235091285e+31
iter_0950,3.9664656476158083e+31,2.1873049013143992e+30,2.660462432182629e+29,1.7007747521387738e+22,4.211800763769849e+31
iter_0951,4.5805220946348025e+31,2.612922483309147e+30,1.512398549927247e+29,1.6878340746768495e+21,4.856938328633774e+31
iter_0952,4.414393950910934e+31,2.599090803239048e+30,3.0288997840549323e+29,1.5288486087160504e+21,4.704592029228273e+31
iter_0953,4.259739606442794e+31,2.2048902117797606e+30,3.8206238815646206e+29,1.323646437534089e+21,4.518434866568781e+31
iter_0954,4.343127957269763e+31,3.1767970926322707e+30,1.849703007708759e+29,1.1823440375913707e+26,4.679316520050453e+31
iter_0955,4.218377781730806e+31,2.5039926765396132e+30,3.768600459685168e+29,8.817962489376884e+22,4.506463062799581e+31
iter_0956,4.244442103064954e+31,2.2845121542480714e+30,4.704643195581101e+29,5.176270984770186e+22,4.5199397556218435e+31
iter_0957,4.2709502021971e+31,2.499444167125676e+30,3.6288754190567e+29,1.0352541969540362e+22,4.557183374135489e+31
iter_0958,4.136793243934765e+31,2.609821403395203e+30,3.890409296679227e+29,1.5288486087160504e+21,4.436679477393963e+31
iter_0959,4.687348284034995e+31,2.1201544771239348e+30,3.874551764755703e+29,3.974636649019963e+20,4.938109249434691e+31
iter_0960,4.46904439102476e+31,3.089299022996567e+30,1.2652475361439184e+29,2.0312981411984374e+24,4.79062697181567e+31
iter_0961,4.176878869192692e+31,2.6232320860953176e+30,5.226573611802301e+28,1.4234745208118002e+22,4.444428652837501e+31
iter_0962,4.1831482977172175e+31,2.4167938932543424e+30,2.771932041939967e+29,1.0352541969540362e+22,4.452547008497306e+31
iter_0963,4.4019879962562805e+31,2.7882276698455994e+30,1.2158714654995762e+29,8.817962489376884e+22,4.692969486713799e+31
iter_0964,4.389094267081709e+31,2.5632162845039445e+30,1.4551125594546546e+29,4.566210475850841e+20,4.659967021172312e+31
iter_0965,4.365685822219705e+31,2.068036628226693e+30,3.4848157471214844e+29,9.280314408409398e+20,4.607337642606393e+31
iter_0966,4.4364994293930805e+31,1.9685097823374738e+30,2.4958056265946927e+29,2.5881354923850926e+22,4.658308466480911e+31
iter_0967,4.317452217407607e+31,2.3521787574986705e+30,1.0725441065002867e+29,8.448413714428482e+20,4.5633955343069605e+31
iter_0968,4.432320901996602e+31,2.7617513451218754e+30,1.1984179042214158e+29,5.176270984770186e+22,4.720480220727275e+31
iter_0969,4.1818265339866045e+31,2.85417872339303e+30,2.802093795348491e+29,2.218401850615794e+22,4.495265346497794e+31
iter_0970,4.0272215140447377e+31,2.372228357899804e+30,2.718138375648927e+29,1.6878340746768495e+21,4.29162573375999e+31
iter_0971,4.016246490297567e+31,2.3796437229642628e+30,3.264639913177306e+29,2.421755353588908e+20,4.286857261749983e+31
iter_0972,4.571554939568402e+31,3.061678723164645e+30,9.307026107350572e+28,3.882203238577639e+22,4.887029841874421e+31
iter_0973,4.0451948706056243e+31,2.737657716487513e+30,4.9607453762373744e+29,4.436803701231584e+19,4.368568096021186e+31
iter_0974,4.418597436233552e+31,2.8156723468909857e+30,2.8200921647896575e+29,1.6079346346905035e+25,4.728367200505182e+31
iter_0975,4.215845496203627e+31,3.522490116189908e+30,3.923273707450932e+29,3.697336417692988e+19,4.607327244900825e+31
iter_0976,4.375775596639905e+31,2.5426198186199886e+30,2.5664234598649623e+29,1.6079346346905035e+25,4.655703421035188e+31
iter_0977,4.0229696931084184e+31,3.112663486960877e+30,4.909907898381937e+29,6.562772141405055e+20,4.383335120853953e+31
iter_0978,4.283668695177172e+31,2.9896260298609146e+30,2.4504838742091498e+29,4.566210475850841e+20,4.607136136951017e+31
iter_0979,4.618974598638664e+31,3.338026336754426e+30,6.613935353920049e+29,3.882203238577639e+22,5.018916589735509e+31
iter_0980,4.434213913568527e+31,2.848693371920233e+30,2.821483635170334e+29,3.327602775923692e+22,4.747298090439857e+31
iter_0981,4.303035290016912e+31,2.788520141779309e+30,2.3521680151309578e+29,1.4234745208118002e+22,4.605408985769627e+31
iter_0982,4.437989590214987e+31,3.313269726045162e+30,5.2666246301952136e+29,7.487106245828304e+20,4.821982809196326e+31
iter_0983,4.279528829225698e+31,2.0794434469781467e+30,3.3312716838265446e+29,3.974636649019963e+20,4.520785890801523e+31
iter_0984,4.41090921830819e+31,2.671202375331074e+30,2.2094938647020926e+29,4.566210475850841e+20,4.70012439453398e+31
iter_0985,4.192262398863733e+31,3.1606341149298813e+30,2.785141260430446e+29,1.9706618239482752e+23,4.536177242667644e+31
iter_0986,4.0244649613361976e+31,2.4393349317725142e+30,1.372044572775472e+29,9.280314408409398e+20,4.282118900334007e+31
iter_0987,4.320281529124931e+31,2.25719245164161e+30,1.8731227603205707e+29,1.1276876073963616e+23,4.564732013169174e+31
iter_0988,4.157099643503102e+31,2.633373562468618e+30,1.3759918699424878e+29,4.851829714117628e+24,4.434197403632359e+31
iter_0989,4.297036959197661e+31,2.5278393198325115e+30,9.25703889943468e+28,8.448413714428482e+20,4.559077930164831e+31
iter_0990,4.035278429581821e+31,2.6729037783985535e+30,3.0441426640996626e+29,3.013329180419784e+20,4.333010234092806e+31
iter_0991,4.278369398760704e+31,2.5005496071996494e+30,3.5813955823412304e+29,2.0312981411984374e+24,4.564238518433895e+31
iter_0992,4.118886191446329e+31,2.986152084945789e+30,2.064399368945554e+29,2.930139111021694e+21,4.4381453939233775e+31
iter_0993,4.1025664832323435e+31,2.867627644844298e+30,6.248541332502496e+28,1.3040505545203173e+22,4.395577790353326e+31
iter_0994,4.160397182839982e+31,2.5045152273616076e+30,2.7645504787546257e+29,1.5528812954310548e+20,4.438494210379217e+31
iter_0995,4.148918416271746e+31,2.371947391220774e+30,3.1449990015795914e+29,1.4234745208118002e+22,4.417563146833093e+31
iter_0996,4.1747606314501645e+31,3.391612548523411e+30,3.5708433380694855e+29,4.2889102445238675e+20,4.54963031972609e+31
iter_0997,4.487357729881654e+31,4.137741602449183e+30,3.1808138564623805e+29,4.214963516170008e+20,4.932940028733346e+31
iter_0998,4.148268918086189e+31,2.5512619789294657e+30,2.5227058734785235e+29,1.0352541969540368e+20,4.428622174724273e+31
iter_0999,4.336483540346571e+31,3.232439926397964e+30,2.8967118281494255e+29,1.4974212491656592e+22,4.6886946527652825e+31
iter_1000,4.415687670005046e+31,3.5582023361662413e+30,6.59249491126627e+29,1.0722275611309665e+20,4.837432852745055e+31
