iter,Upper Crust,Middle Crust,Lower Crust,Mantle,Total
iter_0001,4.244154099526377e+27,2.6968595716222518e+26,3.083086404186561e+25,1.323646437534089e+21,4.5446722443769054e+27
iter_0002,4.3870861623431913e+27,2.5557270709257403e+26,2.8569086981289897e+25,1.4974212491656592e+22,4.671242930629547e+27
iter_0003,4.40996729362231e+27,2.7981077507075448e+26,2.505224801253341e+25,3.1057625908621096e+20,4.714830627281857e+27
iter_0004,4.3637721835747273e+27,2.7748611287619117e+26,2.432924616639726e+25,2.421755353588908e+20,4.665587784792851e+27
iter_0005,4.341446269976747e+27,2.63707855906873e+26,2.7334462708437613e+25,3.6973364176929885e+22,4.632525561956235e+27
iter_0006,4.2929723395781175e+27,2.636338977176746e+26,2.780026743477293e+25,2.7730023132697417e+22,4.5844342347536974e+27
iter_0007,4.4225844811275575e+27,2.7520251519718243e+26,2.839446407450568e+25,2.8839224058005304e+20,4.726181748791486e+27
iter_0008,4.4101189282858906e+27,2.7543744976145825e+26,2.7383622577075445e+25,8.004733344305321e+20,4.7129408010977586e+27
iter_0009,4.28129021025789e+27,2.6884535719881347e+26,2.9914437775248835e+25,4.214963516170008e+20,4.580050426728304e+27
iter_0010,4.3449979756897433e+27,2.7121082157125076e+26,3.3185484926766784e+25,2.033535029731145e+22,4.6494146175380577e+27
iter_0011,4.2866445846903877e+27,2.7571414610399047e+26,2.3908970601629946e+25,3.061394553849793e+21,4.586270762790562e+27
iter_0012,4.414737960127504e+27,2.8082617975837633e+26,2.6071051428587517e+25,9.243341044232468e+21,4.721644434655512e+27
iter_0013,4.318227629202278e+27,2.7167712224544466e+26,2.5966855855933923e+25,5.2317310310355776e+20,4.61587213047676e+27
iter_0014,4.4632047054568134e+27,2.8167949018839195e+26,2.5839352673871497e+25,2.421755353588908e+20,4.770723790494612e+27
iter_0015,4.3513476481301374e+27,2.875542819686959e+26,2.6914680377913486e+25,2.033535029731145e+22,4.6658369458270443e+27
iter_0016,4.3634217100857514e+27,2.5415631888810652e+26,2.6418618947575755e+25,2.421755353588908e+20,4.6439968900969684e+27
iter_0017,4.3578946304021096e+27,2.853325458235096e+26,2.9446596779664156e+25,1.0352541969540362e+22,4.6726841255472526e+27
iter_0018,4.3401511149143646e+27,2.746339323247935e+26,3.2966306503108053e+25,8.448413714428482e+20,4.647752198583637e+27
iter_0019,4.4279908100271074e+27,2.757462803556646e+26,2.6797324971273425e+25,1.1276876073963616e+23,4.730647184114785e+27
iter_0020,4.4203945033144457e+27,2.6443247378620652e+26,2.650640332036884e+25,1.4234745208118002e+22,4.7113476151662294e+27
iter_0021,4.3264104912018346e+27,2.649384495065352e+26,2.460963423388823e+25,9.243341044232469e+20,4.615959499276363e+27
iter_0022,4.341602239914826e+27,2.7832223368531514e+26,3.012319619257609e+25,1.5288486087160504e+21,4.6500491986413263e+27
iter_0023,4.379492703128271e+27,2.659738791904253e+26,2.6501734850393062e+25,3.1057625908621096e+20,4.671968627745348e+27
iter_0024,4.3377816959174054e+27,2.7622589709900195e+26,2.756471008038817e+25,1.5288486087160504e+21,4.641573831945404e+27
iter_0025,4.305119744663274e+27,2.7018175038482078e+26,2.764439494699947e+25,4.214963516170008e+20,4.6029463114914463e+27
iter_0026,4.3711673333159995e+27,2.6774137960956548e+26,3.00028184606448e+25,1.3040505545203173e+22,4.668924571891755e+27
iter_0027,4.359517057529052e+27,2.6324823754547657e+26,2.964447669153628e+25,5.2317310310355776e+20,4.652410294939169e+27
iter_0028,4.3345790234120006e+27,2.6524359482194613e+26,2.778132762647083e+25,1.5528812954310548e+20,4.627604101148547e+27
iter_0029,4.3836096917415913e+27,2.8295747258917804e+26,3.320653494478667e+25,2.292348578969653e+20,4.6997739285104136e+27
iter_0030,4.36303966557602e+27,2.6594170726457666e+26,3.1648218178477815e+25,8.817962489376884e+22,4.6607177706439684e+27
iter_0031,4.374792829219378e+27,2.696623694842359e+26,3.0376787394692903e+25,2.8839224058005304e+20,4.6748322744905477e+27
iter_0032,4.3293684152019506e+27,2.6103092174353167e+26,2.7115187597853665e+25,4.2889102445238675e+20,4.617514953434361e+27
iter_0033,4.398469326514012e+27,2.720536178793523e+26,3.1821199761507887e+25,2.8839224058005304e+20,4.702344432547113e+27
iter_0034,4.370362720498862e+27,2.6423443227113755e+26,3.4895704744384443e+25,9.280314408409398e+20,4.669493785545826e+27
iter_0035,4.454354203108685e+27,2.608976520064486e+26,2.42973880863151e+25,4.566210475850841e+20,4.7395496998224965e+27
iter_0036,4.367540635001178e+27,2.658533982093471e+26,2.636313638468216e+25,3.882203238577639e+22,4.659795991627593e+27
iter_0037,4.3595062236448775e+27,2.625257952486175e+26,2.634148271437606e+25,2.8839224058005304e+20,4.6483737900001114e+27
iter_0038,4.327881321323816e+27,2.662591022045494e+26,2.97166323116008e+25,3.660363053516056e+20,4.6238574218762716e+27
iter_0039,4.327598909619003e+27,2.7896132865383285e+26,2.732615512176538e+25,2.292348578969653e+20,4.633886622629459e+27
iter_0040,4.376111629413409e+27,2.783815588111821e+26,2.6218877325278122e+25,1.3495277924579407e+20,4.680712200502649e+27
iter_0041,4.3680557333643045e+27,2.719394620258687e+26,3.289014163651518e+25,3.697336417692988e+19,4.6728853740000525e+27
iter_0042,4.3609313267094346e+27,2.8437939751775675e+26,2.580814098065937e+25,5.398111169831763e+20,4.6711194050189677e+27
iter_0043,4.3076317012461976e+27,2.547187311201022e+26,2.6951212652115274e+25,7.487106245828304e+20,4.58930239372904e+27
iter_0044,4.338153183405958e+27,2.7407833910188793e+26,3.0450780919203935e+25,1.5288486087160504e+21,4.642683832275658e+27
iter_0045,4.296890522348388e+27,2.6200553949310543e+26,2.481357350700334e+25,1.0352541969540362e+22,4.5837199878904664e+27
iter_0046,4.3587937437446766e+27,2.7395768484688785e+26,2.453459098963584e+25,2.930139111021694e+21,4.657288949720311e+27
iter_0047,4.293944305298427e+27,2.5852916680152496e+26,2.7779034425288672e+25,2.033535029731145e+22,4.580272841875538e+27
iter_0048,4.3648314851881275e+27,2.685124305019414e+26,2.6780992320076763e+25,1.1461742894848263e+22,4.6601363697530405e+27
iter_0049,4.386828167915233e+27,2.8761172352552665e+26,2.5139867310628886e+25,9.428207865117118e+21,4.699589186959253e+27
iter_0050,4.3503785444075276e+27,2.7785055576833e+26,2.760927783452088e+25,1.6878340746768495e+21,4.6558400658444537e+27
iter_0051,4.3149373910588865e+27,2.8344890550843702e+26,3.162583971686937e+25,2.218401850615794e+22,4.6300343203026993e+27
iter_0052,4.358230119481082e+27,2.6532737985072278e+26,2.5918013514751566e+25,1.7007747521387738e+22,4.6494925205940776e+27
iter_0053,4.292219443447531e+27,2.711327321381675e+26,2.404699327693976e+25,8.448413714428482e+20,4.5874000137040095e+27
iter_0054,4.345232768043053e+27,2.6291073106101108e+26,2.771759748051319e+25,3.1057625908621096e+20,4.6358614071608366e+27
iter_0055,4.36165063921246e+27,2.622064230334355e+26,2.366128930102629e+25,8.817962489376884e+22,4.6476065311718157e+27
iter_0056,4.379364237707718e+27,2.6683612958500374e+26,2.2087356863402276e+25,9.428207865117118e+21,4.668297152363989e+27
iter_0057,4.3818245721859935e+27,2.6949718126425843e+26,2.361664277013418e+25,2.8839224058005304e+20,4.674938684612626e+27
iter_0058,4.268707453445103e+27,2.8187717286654076e+26,3.123137204436586e+25,5.2317310310355776e+20,4.5818165215291124e+27
iter_0059,4.401020049564342e+27,2.730367799519647e+26,2.8917434921838564e+25,1.3495277924579407e+20,4.7029743993909243e+27
iter_0060,4.310885520532075e+27,2.640642743099553e+26,2.7057523376366e+25,1.4234745208118002e+22,4.602021552963604e+27
iter_0061,4.357546885484012e+27,2.5937900302154274e+26,2.4698558228657213e+25,9.428207865117118e+21,4.6416338749420774e+27
iter_0062,4.3803438553224386e+27,2.57368133135151e+26,2.5489930015505854e+25,1.5288486087160504e+21,4.663203447321704e+27
iter_0063,4.460528493658736e+27,2.6455804396074643e+26,2.662702006177922e+25,2.033535029731145e+22,4.751733893031559e+27
iter_0064,4.3564380951905084e+27,2.757585616252263e+26,2.667200357156186e+25,2.218401850615794e+22,4.658890844405803e+27
iter_0065,4.3832857219405214e+27,2.7032831129857205e+26,3.0364257988831654e+25,1.6878340746768495e+21,4.6839799790619996e+27
iter_0066,4.335224523394384e+27,2.680749839874311e+26,2.9580835684864986e+25,2.421755353588908e+20,4.632880585242215e+27
iter_0067,4.3507857993607967e+27,2.8657364790135492e+26,2.515610433700986e+25,1.6878340746768495e+21,4.6625172394332364e+27
iter_0068,4.3946568059730935e+27,2.793127541861524e+26,3.3033178291055855e+25,1.4974212491656592e+22,4.7070177126627933e+27
iter_0069,4.4175820001792986e+27,2.9061166158538572e+26,3.0674076935488593e+25,9.243341044232468e+21,4.738876982041218e+27
iter_0070,4.4307141947303967e+27,2.8307136819597313e+26,2.8112005796693214e+25,2.8839224058005304e+20,4.7418978571153036e+27
iter_0071,4.382755455560581e+27,2.680983325925286e+26,3.2299759096567356e+25,3.061394553849793e+21,4.683156608644231e+27
iter_0072,4.3549797097142133e+27,2.7774203789830797e+26,2.596527086026651e+25,1.1276876073963616e+23,4.6587997872335274e+27
iter_0073,4.3674420755526856e+27,2.7911215030130264e+26,2.5383100161367263e+25,3.1057625908621096e+20,4.6719376365916144e+27
iter_0074,4.3413757754238725e+27,2.8306642247404708e+26,2.9721874897357775e+25,1.7007747521387738e+22,4.654181080542799e+27
iter_0075,4.258449849786027e+27,2.7604550650014955e+26,3.0517741101118215e+25,2.5141887640312313e+20,4.5650133488061705e+27
iter_0076,4.291662249597851e+27,2.8684988196304428e+26,2.64494677114689e+25,8.004733344305321e+20,4.6049623997456985e+27
iter_0077,4.3663575846204517e+27,2.7610619917087816e+26,2.820565129871673e+25,1.3040505545203173e+22,4.670682475595592e+27
iter_0078,4.3148175007896607e+27,2.830900667312958e+26,2.607575510539197e+25,1.1276876073963616e+23,4.6240960913870883e+27
iter_0079,4.4209584621262927e+27,2.7765053458899324e+26,2.676508456134015e+25,1.5528812954310548e+20,4.725374236564756e+27
iter_0080,4.397248582986017e+27,2.6048683289668102e+26,2.444071529942756e+25,1.1276876073963616e+23,4.6822888999428653e+27
iter_0081,4.2931918351298457e+27,2.747173140917905e+26,3.1811179757220297e+25,3.1057625908621096e+20,4.599720639555116e+27
iter_0082,4.4184019716241226e+27,2.7041256075892515e+26,3.1100474290757658e+25,1.3495277924579407e+20,4.719915141626584e+27
iter_0083,4.3923980060430364e+27,2.7347961217388917e+26,2.5424759158918997e+25,1.3495277924579407e+20,4.691302512328624e+27
iter_0084,4.3561847175160884e+27,2.7264613162214504e+26,2.8294654079016313e+25,1.0722275611309665e+20,4.6571256104400053e+27
iter_0085,4.390409152411944e+27,2.7266470542322073e+26,2.9272162200705988e+25,1.5528812954310548e+20,4.692346175324e+27
iter_0086,4.307476527455699e+27,2.806224411966842e+26,2.725938706774158e+25,3.1057625908621096e+20,4.6153586662963834e+27
iter_0087,4.382622550717296e+27,2.9054160121360654e+26,2.9331343136179723e+25,1.1276876073963616e+23,4.7026082638278217e+27
iter_0088,4.3126504164770144e+27,2.8862108528269973e+26,2.485857483360295e+25,2.5881354923850926e+22,4.6261559579482403e+27
iter_0089,4.394350825997713e+27,2.80498801558702e+26,3.03092704775852e+25,3.013329180419784e+20,4.7051591993669187e+27
iter_0090,4.2784094960323793e+27,2.612113178308241e+26,2.1732404975095634e+25,4.2889102445238675e+20,4.5613536477293236e+27
iter_0091,4.401627226884547e+27,2.688957069815242e+26,3.5697631967847207e+25,5.176270984770186e+22,4.706272328543766e+27
iter_0092,4.4059176902851123e+27,2.7773990220629167e+26,3.0837077332461843e+25,1.6878340746768495e+21,4.714496357657941e+27
iter_0093,4.37209466038008e+27,2.7281786277143016e+26,2.9388960031202124e+25,3.327602775923692e+22,4.6743347592104725e+27
iter_0094,4.3735472424299247e+27,2.6930164423044186e+26,3.0317002246760573e+25,5.398111169831763e+20,4.6731664287182446e+27
iter_0095,4.383560940227147e+27,2.6049541618786743e+26,3.03360212102932e+25,2.292348578969653e+20,4.6743926068601657e+27
iter_0096,4.317158082633309e+27,2.8569783034378722e+26,2.445882968374309e+25,2.292348578969653e+20,4.6273149718956967e+27
iter_0097,4.260543884910781e+27,2.6944266302658717e+26,2.8436218532345583e+25,3.061394553849793e+21,4.5584258278642675e+27
iter_0098,4.3509790585824616e+27,2.7209170424330627e+26,2.568795936587235e+25,2.218401850615794e+22,4.648780906210146e+27
iter_0099,4.3089419169402985e+27,2.6353758635711053e+26,2.646704898250694e+25,3.697336417692988e+19,4.5989465892532796e+27
iter_0100,4.3977471541920364e+27,2.785423637614844e+26,2.7572879140240886e+25,2.421755353588908e+20,4.7038626392692966e+27
iter_0101,4.404150131380095e+27,2.654946335254829e+26,2.8657836249996927e+25,8.817962489376884e+22,4.698390780780469e+27
iter_0102,4.3437328273786454e+27,2.779811522912668e+26,2.617672182572795e+25,9.280314408409398e+20,4.6478916295270805e+27
iter_0103,4.389761855733208e+27,2.6501986025189233e+26,3.1339518760701526e+25,4.2889102445238675e+20,4.6861216636368267e+27
iter_0104,4.3480726716786477e+27,2.698044574909215e+26,3.24231756536691e+25,3.327602775923692e+22,4.650333580850998e+27
iter_0105,4.279706543372196e+27,2.8227691296749885e+26,2.8220838869364693e+25,5.176270984770186e+22,4.5902560579189075e+27
iter_0106,4.4064273116596755e+27,2.863492244894465e+26,2.7032249449680286e+25,2.5881354923850926e+22,4.719834666953726e+27
iter_0107,4.403891533324028e+27,2.6875114085605455e+26,2.9359998712475933e+25,2.5881354923850926e+22,4.7020285542474825e+27
iter_0108,4.3612492464248017e+27,2.702217330211165e+26,3.2152935248482517e+25,1.5528812954310548e+20,4.66362406998253e+27
iter_0109,4.284590590579739e+27,2.6488133547815386e+26,3.040559057820474e+25,3.061394553849793e+21,4.5798805780306514e+27
iter_0110,4.402750063292732e+27,2.696640375615295e+26,3.1034905666874226e+25,1.1461742894848263e+22,4.70346046826403e+27
iter_0111,4.442613389043302e+27,2.8610744037950466e+26,2.4639909867351607e+25,2.292348578969653e+20,4.7533609685250157e+27
iter_0112,4.4218112182608865e+27,2.699754577549346e+26,2.4919014230844105e+25,3.660363053516056e+20,4.716706056282971e+27
iter_0113,4.3630980938297916e+27,2.8726910944129978e+26,2.4498548934591745e+25,1.1461742894848263e+22,4.674877213948578e+27
iter_0114,4.323196739255716e+27,2.5428311837783273e+26,3.101504747507677e+25,9.243341044232468e+21,4.60850414844967e+27
iter_0115,4.3925402489076345e+27,2.6977375680149815e+26,2.798137213227728e+25,5.176270984770186e+22,4.6903471405512584e+27
iter_0116,4.388654433985099e+27,2.7479498651989783e+26,2.8564085645308976e+25,4.436803701231584e+19,4.692013550518343e+27
iter_0117,4.3626282930993777e+27,2.6744804685745742e+26,2.745577956507291e+25,5.176270984770186e+22,4.657583882231755e+27
iter_0118,4.3986936300076854e+27,2.707712068863873e+26,3.482516439235994e+25,2.292348578969653e+20,4.7042902305212906e+27
iter_0119,4.298995849212364e+27,2.751048403358692e+26,2.7094465932523953e+25,2.033535029731145e+22,4.601215490831055e+27
iter_0120,4.380400759620974e+27,2.9062330320985858e+26,2.4143169557968363e+25,2.5881354923850926e+22,4.695193113743725e+27
iter_0121,4.344166095466296e+27,2.77981257875034e+26,2.8199487127703022e+25,5.2317310310355776e+20,4.6503473636421365e+27
iter_0122,4.3250696461982933e+27,2.865660007658809e+26,3.344723144898969e+25,8.448413714428482e+20,4.6450837232545356e+27
iter_0123,4.3337692242643895e+27,2.777363577015895e+26,2.802949385450939e+25,4.566210475850841e+20,4.6395355324415364e+27
iter_0124,4.3383080962052886e+27,2.6215988259891416e+26,2.5886779946291485e+25,2.1259684401734687e+20,4.6263549713473384e+27
iter_0125,4.4183001390061387e+27,2.7364148266213856e+26,2.5980071871965573e+25,3.660363053516056e+20,4.717922059576548e+27
iter_0126,4.2841289259633837e+27,2.8906518971922463e+26,2.603974332478228e+25,3.061394553849793e+21,4.5992369204019446e+27
iter_0127,4.3621670248278004e+27,2.6810919325308694e+26,3.5647541829784377e+25,1.081470902175199e+21,4.665924841381574e+27
iter_0128,4.34546747745268e+27,2.7492564312646905e+26,2.7989906016759055e+25,1.0352541969540368e+20,4.648383130121328e+27
iter_0129,4.268621481100266e+27,2.769594363213061e+26,2.4627054457377915e+25,1.3495277924579407e+20,4.57020810683173e+27
iter_0130,4.2649198188574367e+27,2.7507778032434823e+26,3.175287495916778e+25,9.280314408409398e+20,4.5717514021723935e+27
iter_0131,4.3376697862233664e+27,2.758525359718285e+26,2.618329985302361e+25,3.882203238577639e+22,4.6397444440806044e+27
iter_0132,4.3075908530409974e+27,2.5641491539997176e+26,2.4365731706749867e+25,2.5881354923850926e+22,4.588397381502643e+27
iter_0133,4.2487514653070585e+27,2.8187610107554667e+26,3.188616048183756e+25,9.280314408409398e+20,4.5625146548958844e+27
iter_0134,4.450340952678509e+27,2.7903794825097863e+26,3.1287523576812845e+25,9.243341044232468e+21,4.760675667847345e+27
iter_0135,4.3721017202556396e+27,2.5887401865840423e+26,2.960083463993414e+25,1.081470902175199e+21,4.66057765502488e+27
iter_0136,4.3674016995986763e+27,2.745634073461085e+26,3.0068176383068743e+25,9.243341044232469e+20,4.6720342076619585e+27
iter_0137,4.303946667537541e+27,2.7223609995716165e+26,3.1115903318862766e+25,2.421755353588908e+20,4.6072989129891e+27
iter_0138,4.3862844077539666e+27,2.77952648034456e+26,3.0212132055411265e+25,7.487106245828304e+20,4.6944499365544584e+27
iter_0139,4.348776982873229e+27,2.6856008307713963e+26,2.747073393230395e+25,9.428207865117118e+21,4.6448172280905374e+27
iter_0140,4.312486348734157e+27,2.7336531711248376e+26,2.226076700988277e+25,1.4974212491656592e+22,4.6081274070690157e+27
iter_0141,4.424097142579711e+27,2.639986041637365e+26,2.497873409226188e+25,3.1057625908621096e+20,4.713074791411968e+27
iter_0142,4.4508049321361875e+27,2.8260255921626186e+26,3.3288864967991323e+25,2.5881354923850926e+22,4.766722237675365e+27
iter_0143,4.3496157009704224e+27,2.774542070778321e+26,3.0357461267901593e+25,2.421755353588908e+20,4.657427611491691e+27
iter_0144,4.312823918847201e+27,2.650470617165707e+26,2.5417329252216867e+25,4.214963516170008e+20,4.60328873131234e+27
iter_0145,4.3386504403848325e+27,2.7034716698292486e+26,3.083870767807773e+25,5.176270984770186e+22,4.639888077755683e+27
iter_0146,4.3452724904821773e+27,2.7205279588105727e+26,2.809055254066919e+25,1.3495277924579407e+20,4.6454159738566837e+27
iter_0147,4.335516303801467e+27,2.844853160932801e+26,3.3780337854309924e+25,2.033535029731145e+22,4.6538022930993545e+27
iter_0148,4.298198123674802e+27,2.7847155293500602e+26,3.00064720361289e+25,2.5881354923850926e+22,4.6067020300008613e+27
iter_0149,4.288690932378576e+27,2.7673510362950935e+26,3.052658974003514e+25,9.98280832777107e+19,4.5959527255762036e+27
iter_0150,4.359087413941267e+27,2.807867137994313e+26,2.6344383997710896e+25,2.421755353588908e+20,4.666218753913944e+27
iter_0151,4.453327659756724e+27,2.6901339888266067e+26,2.880092713771753e+25,3.660363053516056e+20,4.7511423518134076e+27
iter_0152,4.3427615969674577e+27,2.714930091814881e+26,2.4120033830619097e+25,1.0352541969540368e+20,4.638374743504984e+27
iter_0153,4.366310115823291e+27,2.8245711562471288e+26,2.5954919261821862e+25,8.448413714428482e+20,4.674722995551198e+27
iter_0154,4.2876443526797086e+27,2.9053501505210653e+26,2.942400588804184e+25,1.0722275611309665e+20,4.607603480842613e+27
iter_0155,4.280485451296198e+27,2.763343091300143e+26,2.6516012879957362e+25,2.292348578969653e+20,4.5833360025410276e+27
iter_0156,4.315088312840561e+27,2.810102617941999e+26,2.751102625617302e+25,3.013329180419784e+20,4.6236099022238524e+27
iter_0157,4.380885242173817e+27,2.6435518619332692e+26,3.2145392025733565e+25,3.882203238577639e+22,4.677424642425263e+27
iter_0158,4.428466604663012e+27,2.8579875496093906e+26,2.762356694696003e+25,2.930139111021694e+21,4.741891856710022e+27
iter_0159,4.323823569696614e+27,2.719313424610902e+26,2.4782637899894516e+25,9.428207865117118e+21,4.620546978265464e+27
iter_0160,4.2989179231996745e+27,2.7448234644533535e+26,2.92901511705906e+25,3.1057625908621096e+20,4.60269073139186e+27
iter_0161,4.3423480836963294e+27,2.6862555609231262e+26,2.6761595038597805e+25,9.243341044232468e+21,4.637744478168284e+27
iter_0162,4.3416353153374485e+27,2.7836802464968147e+26,2.7013888950645072e+25,2.7730023132697417e+22,4.647044958960908e+27
iter_0163,4.4009162216200093e+27,2.7644698112871263e+26,2.4362182806717553e+25,2.930139111021694e+21,4.70172831569455e+27
iter_0164,4.387644390362222e+27,2.7531625739143096e+26,3.1407851803012233e+25,9.98280832777107e+19,4.6943685993847483e+27
iter_0165,4.3870164984255066e+27,2.627981948354485e+26,2.976512262398367e+25,3.660363053516056e+20,4.679580181921244e+27
iter_0166,4.348577784268769e+27,2.7798378708048165e+26,3.512755363467366e+25,3.013329180419784e+20,4.661689426316842e+27
iter_0167,4.304416017646025e+27,2.731672895570796e+26,2.725610859174854e+25,3.6973364176929885e+22,4.6048763891590304e+27
iter_0168,4.2790068649922104e+27,2.7573797417884566e+26,3.005130745396953e+25,2.033535029731145e+22,4.5848164819753226e+27
iter_0169,4.3097129166428994e+27,2.7757114629017907e+26,3.7271068013368724e+25,1.5288486087160504e+21,4.624556659795056e+27
iter_0170,4.3626854292393906e+27,2.608283977846926e+26,2.6762898744274096e+25,1.5288486087160504e+21,4.650278254616966e+27
iter_0171,4.2715539166556995e+27,2.6646540294737578e+26,2.669389464927883e+25,8.817962489376884e+22,4.564801393877248e+27
iter_0172,4.37257406497783e+27,2.6103944379805414e+26,2.9550844567624087e+25,5.176270984770186e+22,4.663216116053355e+27
iter_0173,4.3329087434036287e+27,2.822335150406576e+26,3.0223886731742365e+25,3.061394553849793e+21,4.6453692065705823e+27
iter_0174,4.364902489301588e+27,2.7714579557364073e+26,3.1181195177406942e+25,3.697336417692988e+19,4.673229517026e+27
iter_0175,4.3440587988303813e+27,2.6666114008898715e+26,3.15051677169192e+25,3.660363053516056e+20,4.642225472672593e+27
iter_0176,4.373373438074358e+27,2.788321649535093e+26,3.3772146972242605e+25,9.243341044232468e+21,4.6859869933411545e+27
iter_0177,4.435140033336556e+27,2.8609595309553755e+26,2.7839641466888785e+25,7.579539656270626e+21,4.749083207438639e+27
iter_0178,4.327168107561874e+27,2.7948439902284353e+26,2.7781228642273605e+25,1.4234745208118002e+22,4.634447969972199e+27
iter_0179,4.3687695714981974e+27,2.727012397113027e+26,2.66161616868208e+25,1.081470902175199e+21,4.6680880543672227e+27
iter_0180,4.317388296825073e+27,2.9070465372125283e+26,2.4554202031929088e+25,4.566210475850841e+20,4.632647609199303e+27
iter_0181,4.4046766602935816e+27,2.8167733764370412e+26,2.7132215858155235e+25,3.697336417692988e+19,4.713486250768805e+27
iter_0182,4.2594290963975946e+27,2.8168832373378272e+26,2.866259253114036e+25,2.5141887640312313e+20,4.569780264081394e+27
iter_0183,4.3627072063723826e+27,2.855206408073754e+26,2.9566934311252985e+25,3.013329180419784e+20,4.677795082823929e+27
iter_0184,4.3294877201460613e+27,2.7409731677937307e+26,2.8341185392688232e+25,2.033535029731145e+22,4.63194655766842e+27
iter_0185,4.431038320763113e+27,2.6491831790089962e+26,2.6057892433008844e+25,2.8839224058005304e+20,4.722014819489262e+27
iter_0186,4.378274138465692e+27,2.67447159196729e+26,2.8167235123354276e+25,5.176270984770186e+22,4.673940295495623e+27
iter_0187,4.3588710833381056e+27,2.7133580428771506e+26,3.0580624780911374e+25,9.98280832777107e+19,4.660787612234815e+27
iter_0188,4.357326661083729e+27,2.6496841172448496e+26,3.207169215288164e+25,2.5881354923850926e+22,4.6543926463160196e+27
iter_0189,4.459446630553943e+27,2.7201474173526823e+26,2.8207649377828325e+25,1.1461742894848263e+22,4.759680483409935e+27
iter_0190,4.350038123178187e+27,2.761637328346892e+26,2.7158944352536823e+25,3.697336417692988e+19,4.6533608373387774e+27
iter_0191,4.279404148062483e+27,2.650653178484151e+26,2.8113204019204713e+25,5.176270984770186e+22,4.572634432639951e+27
iter_0192,4.3925666925238173e+27,2.6958611873453025e+26,3.2604034341664534e+25,5.176270984770186e+22,4.6948086083098607e+27
iter_0193,4.3954717728514415e+27,2.940285449016554e+26,2.876279099446244e+25,5.398111169831763e+20,4.718263648558677e+27
iter_0194,4.291275622660402e+27,2.741533517126017e+26,3.0481370367642487e+25,1.4974212491656592e+22,4.5959253189531376e+27
iter_0195,4.335034221452827e+27,2.6938578223631336e+26,2.3956525894155355e+25,1.0352541969540362e+22,4.628386882125265e+27
iter_0196,4.327606267486903e+27,2.613506151903866e+26,3.125967125559462e+25,2.033535029731145e+22,4.6202368892831817e+27
iter_0197,4.2832440856370863e+27,2.5957449181733136e+26,2.7213823327071297e+25,2.1259684401734687e+20,4.570032613378333e+27
iter_0198,4.4087240398035477e+27,2.735244070023424e+26,3.5989091861393016e+25,1.1461742894848263e+22,4.718249000410178e+27
iter_0199,4.335918112109633e+27,2.730410701009798e+26,2.935787415828966e+25,1.5713679775195205e+20,4.6383172135057e+27
iter_0200,4.3062552398820845e+27,2.614029482573048e+26,3.0975885765349663e+25,2.292348578969653e+20,4.5986343031395965e+27
iter_0201,4.340286047394646e+27,2.8451924041598702e+26,2.8733096400690986e+25,1.081470902175199e+21,4.653539465682226e+27
iter_0202,4.3634968022395917e+27,2.7765146660231417e+26,2.7703668734670914e+25,1.3495277924579407e+20,4.6688520725293565e+27
iter_0203,4.340999710700408e+27,2.685704569900191e+26,2.8933216766908737e+25,2.8839224058005304e+20,4.6385036728495766e+27
iter_0204,4.2462709553766776e+27,2.8161117259269877e+26,2.7767712421557923e+25,4.436803701231584e+19,4.555649884758972e+27
iter_0205,4.3425598171234545e+27,2.7832905683872253e+26,2.571430004123024e+25,1.5528812954310548e+20,4.6466033292915366e+27
iter_0206,4.390949341762499e+27,2.613627616222834e+26,3.172061562384692e+25,3.013329180419784e+20,4.684033020341547e+27
iter_0207,4.38956255225352e+27,2.7814354050439322e+26,3.0756431518060746e+25,4.566210475850841e+20,4.6984629808970215e+27
iter_0208,4.248143792158418e+27,2.7235078549970808e+26,2.346342975008134e+25,1.5713679775195205e+20,4.543958164545006e+27
iter_0209,4.302530098548665e+27,2.7048581065763097e+26,3.195518676256469e+25,1.0352541969540362e+22,4.6049814485108295e+27
iter_0210,4.4264204011327876e+27,2.78415975688425e+26,3.0519448480026555e+25,2.033535029731145e+22,4.735376160651537e+27
iter_0211,4.3371149154282015e+27,2.8894133168140865e+26,2.8029164366975084e+25,2.8839224058005304e+20,4.654085699868826e+27
iter_0212,4.343736976284535e+27,2.55364963615714e+26,3.034652175857526e+25,9.243341044232468e+21,4.6294577049998683e+27
iter_0213,4.304770870946533e+27,2.8894707601047322e+26,3.0178176742838763e+25,1.7007747521387738e+22,4.623913131447366e+27
iter_0214,4.3014290586730824e+27,2.6236724694389692e+26,3.1622378157108037e+25,9.280314408409398e+20,4.5954196118055276e+27
iter_0215,4.322507220864875e+27,2.7513302373747734e+26,2.561001872756764e+25,1.4234745208118002e+22,4.6232644980751277e+27
iter_0216,4.329890716467512e+27,2.675509538590091e+26,3.5429029719935e+25,2.421755353588908e+20,4.632870942221991e+27
iter_0217,4.282269306679134e+27,2.7935558239383213e+26,2.8136767375468814e+25,2.292348578969653e+20,4.5897618856832927e+27
iter_0218,4.411578007518891e+27,2.7500301699988306e+26,3.1238181359601317e+25,3.660363053516056e+20,4.71781957191468e+27
iter_0219,4.3347387209150546e+27,2.736260779412204e+26,2.808345540145648e+25,1.6878340746768495e+21,4.6364499420918066e+27
iter_0220,4.3377102550963266e+27,2.814818042337565e+26,2.276358921994717e+25,1.7007747521387738e+22,4.6419726562975514e+27
iter_0221,4.43670245301222e+27,2.5884588548498816e+26,2.815470966622613e+25,2.033535029731145e+22,4.723723383513732e+27
iter_0222,4.444460609452407e+27,2.6296525315940692e+26,2.7826833245104416e+25,1.5713679775195205e+20,4.735252852993717e+27
iter_0223,4.32770869486314e+27,2.777035047419498e+26,3.068503880175807e+25,2.421755353588908e+20,4.6360974805823837e+27
iter_0224,4.2864519322944167e+27,2.725156224625133e+26,3.143101703388553e+25,1.3040505545203173e+22,4.590411612296361e+27
iter_0225,4.3732589419389043e+27,2.7423750898312225e+26,2.769439314344864e+25,3.974636649019963e+20,4.6751912415291397e+27
iter_0226,4.3721090239461835e+27,2.672138900436754e+26,3.0097291686322187e+25,1.3495277924579407e+20,4.66942034062896e+27
iter_0227,4.330378437062462e+27,2.8140454140957656e+26,2.6876723547796287e+25,2.1259684401734687e+20,4.638659914616679e+27
iter_0228,4.392032009295328e+27,2.6246544333191666e+26,2.7053224094317647e+25,2.033535029731145e+22,4.68157101207186e+27
iter_0229,4.3706173923104153e+27,2.7479923898560976e+26,3.000849981932153e+25,3.697336417692988e+19,4.675425168088711e+27
iter_0230,4.390278164950804e+27,2.8528856721079484e+26,3.047815284513364e+25,3.6973364176929885e+22,4.706081858370909e+27
iter_0231,4.3606663885800004e+27,2.7501705445067512e+26,2.943457974907372e+25,8.448413714428482e+20,4.665118867621121e+27
iter_0232,4.386994170192331e+27,2.7353323049514042e+26,3.3625750629586214e+25,1.1276876073963616e+23,4.6942659200777975e+27
iter_0233,4.335624146753477e+27,2.6704117607662746e+26,2.2144177059412086e+25,2.5881354923850926e+22,4.62483538124444e+27
iter_0234,4.4564274543126485e+27,2.6906505938623408e+26,2.820478898438433e+25,5.176270984770186e+22,4.7537490653931145e+27
iter_0235,4.2713879132235116e+27,2.685865252982158e+26,2.301861512857112e+25,2.292348578969653e+20,4.5629932828851563e+27
iter_0236,4.283273070794406e+27,2.5473316355939644e+26,2.8068473242123748e+25,3.660363053516056e+20,4.566075073632232e+27
iter_0237,4.351044468948762e+27,2.58184175947375e+26,2.8548310545672172e+25,2.8839224058005304e+20,4.6377772438340496e+27
iter_0238,4.46212582595796e+27,2.836677683573698e+26,2.8517537921754737e+25,3.327602775923692e+22,4.774344408264844e+27
iter_0239,4.3760127127377993e+27,2.7639670727680557e+26,2.177988305297158e+25,1.3040505545203173e+22,4.6742023435731216e+27
iter_0240,4.339416240429168e+27,2.683712133245816e+26,2.7006299408454776e+25,2.292348578969653e+20,4.6347939823970617e+27
iter_0241,4.337757052322554e+27,2.7713779252711783e+26,2.8169344942971376e+25,1.0722275611309665e+20,4.643064297015399e+27
iter_0242,4.391621016812906e+27,2.806911396372168e+26,2.5051063727957416e+25,3.327602775923692e+22,4.697396496205839e+27
iter_0243,4.3694967387369963e+27,2.7808800636936468e+26,2.6396396806064504e+25,1.0352541969540362e+22,4.673991494454395e+27
iter_0244,4.4411025487875816e+27,2.8808931788646906e+26,2.5051572860288675e+25,1.4234745208118002e+22,4.754257674279547e+27
iter_0245,4.3968681699990756e+27,2.7812490094369655e+26,2.972069963974778e+25,3.6973364176929885e+22,4.7047507439466965e+27
iter_0246,4.395791446192021e+27,2.6020075992107064e+26,2.508169164099976e+25,3.327602775923692e+22,4.6811071737818504e+27
iter_0247,4.323243207497496e+27,2.7349478766536915e+26,2.8672757952516153e+25,3.6973364176929885e+22,4.625447726479558e+27
iter_0248,4.340688410753631e+27,2.7300361631823146e+26,2.5758712542962084e+25,2.930139111021694e+21,4.6394536697539354e+27
iter_0249,4.347724242616775e+27,2.8001578884320715e+26,2.4212020761386683e+25,3.974636649019963e+20,4.651952449685034e+27
iter_0250,4.3203949710240684e+27,2.752272421270891e+26,2.791476301791655e+25,2.5141887640312313e+20,4.623537227587951e+27
iter_0251,4.306739286218666e+27,2.7773294126414713e+26,3.011908508749239e+25,2.8839224058005304e+20,4.614591600962547e+27
iter_0252,4.3679356437033383e+27,2.7182171888496434e+26,2.41409520265565e+25,5.176270984770186e+22,4.6639500773247076e+27
iter_0253,4.395960964739138e+27,2.6777358724005352e+26,2.965284853885135e+25,2.8839224058005304e+20,4.6933876889102833e+27
iter_0254,4.246293854824279e+27,2.7043856567423828e+26,2.7652635428728905e+25,1.6878340746768495e+21,4.544386743761321e+27
iter_0255,4.379380381758607e+27,2.8232816206509758e+26,2.6341882720091e+25,5.176270984770186e+22,4.688102189253643e+27
iter_0256,4.4293025946929975e+27,2.712274502769142e+26,2.1963836821608375e+25,2.8839224058005304e+20,4.72249417018376e+27
iter_0257,4.4468098698048446e+27,2.7413130816774433e+26,2.8169045264922937e+25,2.7730023132697417e+22,4.7491379532606443e+27
iter_0258,4.3636322506246465e+27,2.6760839198007915e+26,2.717842203505468e+25,2.1259684401734687e+20,4.658419277236625e+27
iter_0259,4.368774776786667e+27,2.7062555118887314e+26,2.3726880107167353e+25,1.3495277924579407e+20,4.663127343035487e+27
iter_0260,4.3277560249466084e+27,2.8081551010075526e+26,3.2794418097637866e+25,1.0352541969540368e+20,4.6413660566704216e+27
iter_0261,4.3404864708512875e+27,2.7335543749927802e+26,2.9855415187840175e+25,1.3040505545203173e+22,4.643710364043951e+27
iter_0262,4.4402491183859064e+27,2.6315441029725255e+26,3.110193127198384e+25,1.4974212491656592e+22,4.7345204341676345e+27
iter_0263,4.320784488232318e+27,2.7427100442396243e+26,2.9253466870261834e+25,3.1057625908621096e+20,4.6243092701028016e+27
iter_0264,4.3466606215674766e+27,2.688913412220266e+26,2.4701568538793777e+25,1.4234745208118002e+22,4.640267766073505e+27
iter_0265,4.321541501381863e+27,2.745572128969872e+26,2.913996115021656e+25,2.7730023132697417e+22,4.625266405452199e+27
iter_0266,4.3336219795149914e+27,2.6267663699640067e+26,3.131283837776736e+25,3.974636649019963e+20,4.6276118523528243e+27
iter_0267,4.2948300196304647e+27,2.687123993685355e+26,2.8819898959235994e+25,1.1276876073963616e+23,4.5924750867189756e+27
iter_0268,4.396609256016871e+27,2.7572905013081013e+26,2.9138570341710772e+25,2.218401850615794e+22,4.701499060507898e+27
iter_0269,4.3205379913482225e+27,2.5952626672025067e+26,3.0644492345284375e+25,1.4234745208118002e+22,4.610722985158966e+27
iter_0270,4.3029296322582205e+27,2.7257799655258528e+26,3.283462499696864e+25,1.0352541969540362e+22,4.6083526063497435e+27
iter_0271,4.337686843102632e+27,2.7591550888485968e+26,2.674882868494666e+25,5.176270984770186e+22,4.6404029433822853e+27
iter_0272,4.3246821560832965e+27,2.877502571434066e+26,2.9980860876703427e+25,2.292348578969653e+20,4.6424135033382647e+27
iter_0273,4.3398074455747563e+27,2.614892068842188e+26,3.0779599016244735e+25,1.323646437534089e+21,4.632077575121657e+27
iter_0274,4.4244371681258697e+27,2.6903545391164423e+26,2.7442364663945275e+25,2.8839224058005304e+20,4.7209152750936993e+27
iter_0275,4.346861663761202e+27,2.805131264959795e+26,2.8791943356147175e+25,4.2889102445238675e+20,4.656167162504353e+27
iter_0276,4.341048353791828e+27,2.611244181679677e+26,2.7881763330946867e+25,1.5528812954310548e+20,4.6300546905788723e+27
iter_0277,4.3288203097389256e+27,2.8951408360933067e+26,3.0464552782507993e+25,1.3040505545203173e+22,4.6488119866363097e+27
iter_0278,4.40706080834189e+27,2.7863521315741118e+26,2.7110255911905174e+25,1.4974212491656592e+22,4.7128212516236984e+27
iter_0279,4.397320584514366e+27,2.707558262082814e+26,3.2808996523685332e+25,3.1057625908621096e+20,4.7008857178225915e+27
iter_0280,4.3656967406668846e+27,2.6419895352292408e+26,3.0691865184667585e+25,3.697336417692988e+19,4.66058759634784e+27
iter_0281,4.349353694827473e+27,2.8401449197222566e+26,2.5312706283657058e+25,3.974636649019963e+20,4.6586812905470207e+27
iter_0282,4.3119894200104175e+27,2.6616875162251523e+26,2.7256328289285044e+25,2.421755353588908e+20,4.605414742097753e+27
iter_0283,4.3887217388854595e+27,2.7148743212767074e+26,2.6731706969183625e+25,5.176270984770186e+22,4.686992640692161e+27
iter_0284,4.347466365904669e+27,2.811343913934505e+26,2.480087720442306e+25,1.7007747521387738e+22,4.6534186422500644e+27
iter_0285,4.364030007379714e+27,2.884294591340109e+26,2.8414532450370986e+25,1.0352541969540362e+22,4.680884351506066e+27
iter_0286,4.3431312551637975e+27,2.72491007146423e+26,2.9458754767994284e+25,1.0352541969540368e+20,4.6450811206036346e+27
iter_0287,4.290569689897153e+27,2.6742224500515542e+26,2.9766513274197516e+25,9.428207865117118e+21,4.587767876384371e+27
iter_0288,4.358876995738212e+27,2.7528802176160537e+26,2.906311974228853e+25,2.5141887640312313e+20,4.6632283886609825e+27
iter_0289,4.3097786423825117e+27,2.6118077347760755e+26,2.7082406129629196e+25,5.398111169831763e+20,4.598042361800866e+27
iter_0290,4.346494618894654e+27,2.7433854804756037e+26,2.540495652712862e+25,1.5528812954310548e+20,4.646238278757472e+27
iter_0291,4.3072537818443814e+27,2.8001743154645387e+26,3.122520248532025e+25,2.5881354923850926e+22,4.6185222972310794e+27
iter_0292,4.4193385823535056e+27,2.5779658116511647e+26,2.596331309254294e+25,2.66762822536549e+21,4.7031011442393905e+27
iter_0293,4.355583533568503e+27,2.744195971166135e+26,2.932379047001589e+25,1.5528812954310548e+20,4.659327076443262e+27
iter_0294,4.304274497196777e+27,2.7445978480686174e+26,3.528732935434382e+25,5.398111169831763e+20,4.6140221511690995e+27
iter_0295,4.3331716715227957e+27,2.768142381137649e+26,2.713230340404617e+25,4.566210475850841e+20,4.6371186696616543e+27
iter_0296,4.3535053258398845e+27,2.7676264360331753e+26,2.841735699641251e+25,1.4974212491656592e+22,4.6587003006521057e+27
iter_0297,4.356258922485135e+27,2.7983595823921894e+26,2.9669168338781493e+25,3.327602775923692e+22,4.665797325090894e+27
iter_0298,4.2454628767244306e+27,2.7763972752724604e+26,3.067721792235452e+25,9.280314408409398e+20,4.553780750205471e+27
iter_0299,4.3343009761823883e+27,2.6747803496591426e+26,2.602973110363448e+25,2.1259684401734687e+20,4.627808954848782e+27
iter_0300,4.3814010403360964e+27,2.65949946037163e+26,2.7953580654053554e+25,3.1057625908621096e+20,4.675304877603572e+27
iter_0301,4.285784555133816e+27,2.75768813277509e+26,3.1239602117676624e+25,3.697336417692988e+19,4.5927930075023665e+27
iter_0302,4.343734431697605e+27,2.75744589362329e+26,2.8458603939260423e+25,8.817962489376884e+22,4.6480258046240883e+27
iter_0303,4.338028069419093e+27,2.6386937570139998e+26,3.337064554106914e+25,2.66762822536549e+21,4.635270758289787e+27
iter_0304,4.366036128698534e+27,2.7651656671847445e+26,2.898193269871985e+25,1.5713679775195205e+20,4.6715347852525266e+27
iter_0305,4.3301784305086235e+27,2.5939220604871813e+26,2.4477573055845194e+25,1.6878340746768495e+21,4.614049897447262e+27
iter_0306,4.304555627495532e+27,2.6537848391831687e+26,3.1204294211184065e+25,3.697336417692988e+19,4.6011384425983975e+27
iter_0307,4.323900252814429e+27,2.7519301183714032e+26,2.3147083071221447e+25,2.033535029731145e+22,4.6222606830730883e+27
iter_0308,4.353563244807258e+27,2.7832244716591383e+26,2.9656581073744616e+25,1.5713679775195205e+20,4.661542430183715e+27
iter_0309,4.3920141392752405e+27,2.7964849055848e+26,2.53228496175251e+25,1.7007747521387738e+22,4.697002487198767e+27
iter_0310,4.3135208795867057e+27,2.7244206146216045e+26,3.0247381313775e+25,4.566210475850841e+20,4.616210778983689e+27
iter_0311,4.2697533050407306e+27,2.7092522480872262e+26,3.0221882686354814e+25,7.487106245828304e+20,4.5709011612464325e+27
iter_0312,4.3545301198122233e+27,2.7168080373895313e+26,2.6620682700647363e+25,2.930139111021694e+21,4.652834536390935e+27
iter_0313,4.356672164515782e+27,2.7718810301728213e+26,2.6194418242538455e+25,1.081470902175199e+21,4.6600557672465046e+27
iter_0314,4.3329495096714345e+27,2.807075576720113e+26,3.398967659333257e+25,1.323646437534089e+21,4.647648067583216e+27
iter_0315,4.28074007405071e+27,2.601992473510224e+26,2.683538150306358e+25,1.4234745208118002e+22,4.567788937650004e+27
iter_0316,4.4208410516067483e+27,2.6674653347206666e+26,3.0480806355177825e+25,9.243341044232469e+20,4.718069315768097e+27
iter_0317,4.396623235938424e+27,2.705857493011624e+26,2.4595467121731266e+25,5.176270984770186e+22,4.691856215071165e+27
iter_0318,4.3136280385129414e+27,2.625652758824417e+26,2.7814945713037857e+25,1.3495277924579407e+20,4.6040083950612e+27
iter_0319,4.393179487201351e+27,2.720847619127874e+26,2.7609205476775276e+25,3.882203238577639e+22,4.692912276623299e+27
iter_0320,4.3457324353802224e+27,2.702928257181932e+26,2.966061800337226e+25,4.2889102445238675e+20,4.6456863079928124e+27
iter_0321,4.3457933757253167e+27,2.8191997704596903e+26,2.3228603414286472e+25,1.4234745208118002e+22,4.6509561909307805e+27
iter_0322,4.348251367533859e+27,2.7845854907082393e+26,2.7830082280063516e+25,3.882203238577639e+22,4.654578820917132e+27
iter_0323,4.386091469334145e+27,2.7271328606481414e+26,2.6027440043996307e+25,5.176270984770186e+22,4.684883958152804e+27
iter_0324,4.3461982774926697e+27,2.7648025638201764e+26,2.8642743043557846e+25,2.292348578969653e+20,4.6513215061531027e+27
iter_0325,4.353829005670551e+27,2.7099516668487144e+26,2.9196289613851554e+25,2.421755353588908e+20,4.6540207041448095e+27
iter_0326,4.40241237565074e+27,2.8448369300501024e+26,3.3293099201575407e+25,3.013329180419784e+20,4.7201894691902447e+27
iter_0327,4.374389445792173e+27,2.6783516676713365e+26,3.272780998597694e+25,4.214963516170008e+20,4.6749528440416355e+27
iter_0328,4.2954441232384865e+27,2.8403727247642652e+26,2.592857687989077e+25,2.421755353588908e+20,4.605410214770339e+27
iter_0329,4.390165082321667e+27,2.8343574036333447e+26,3.258953603034874e+25,1.5528812954310548e+20,4.70619051400348e+27
iter_0330,4.396028207974766e+27,2.77231661778205e+26,3.6633189110435666e+25,2.5141887640312313e+20,4.7098933102822833e+27
iter_0331,4.33092418492866e+27,2.7088046170552998e+26,3.221792868930311e+25,2.218401850615794e+22,4.6340447593419997e+27
iter_0332,4.4319588729348934e+27,2.880097722455772e+26,3.3766742197193274e+25,2.1259684401734687e+20,4.753735599974508e+27
iter_0333,4.357656066462237e+27,2.7770650279537925e+26,2.667789730545171e+25,2.5881354923850926e+22,4.662066347917992e+27
iter_0334,4.3364242898375966e+27,2.7414123664509453e+26,2.4805147305932096e+25,1.081470902175199e+21,4.6353717552595255e+27
iter_0335,4.3275933879577324e+27,2.7010523181818005e+26,3.0706527799019956e+25,1.7007747521387738e+22,4.6284221553224545e+27
iter_0336,4.415900887151786e+27,2.665780459563148e+26,2.8387426583699814e+25,1.1461742894848263e+22,4.7108778214346963e+27
iter_0337,4.36744338056813e+27,2.825124958731619e+26,2.8127241170926076e+25,1.3495277924579407e+20,4.678083252564997e+27
iter_0338,4.3250517830872336e+27,2.682740612699131e+26,3.289182059407568e+25,2.421755353588908e+20,4.626217907126758e+27
iter_0339,4.4104988892693063e+27,2.8497695317378588e+26,2.7444742355396113e+25,1.0352541969540362e+22,4.7229309373404577e+27
iter_0340,4.313899996776485e+27,2.8259754313265744e+26,2.856160006197165e+25,3.061394553849793e+21,4.6250622013656683e+27
iter_0341,4.337927058894701e+27,2.7176992369482904e+26,2.8494202932515653e+25,1.323646437534089e+21,4.6381925091684834e+27
iter_0342,4.3292600923236997e+27,2.7154360200920824e+26,2.82606903557281e+25,3.697336417692988e+19,4.6290644216620003e+27
iter_0343,4.3143372977645643e+27,2.826638057165933e+26,2.6002162414504545e+25,9.243341044232469e+20,4.6230041902297664e+27
iter_0344,4.316583449324443e+27,2.893457858525553e+26,3.0630680050410085e+25,1.5288486087160504e+21,4.6365614440760175e+27
iter_0345,4.3628564711975337e+27,2.6093232386301027e+26,3.634619880665529e+25,5.398111169831763e+20,4.660135533678316e+27
iter_0346,4.354068491774591e+27,2.722106752354473e+26,3.174198150552373e+25,3.660363053516056e+20,4.658021514551867e+27
iter_0347,4.2991467487668816e+27,2.7953561351494432e+26,2.559701167861908e+25,4.2889102445238675e+20,4.6042798028514694e+27
iter_0348,4.410364015837264e+27,2.8098046533057362e+26,2.6928798678907876e+25,3.061394553849793e+21,4.7182763412413e+27
iter_0349,4.3685326266939e+27,2.854962225034967e+26,2.5172988493504158e+25,9.280314408409398e+20,4.679202765722342e+27
iter_0350,4.3654483703236966e+27,2.798240333293852e+26,2.404311775722566e+25,7.487106245828304e+20,4.669316270120931e+27
iter_0351,4.379780736259576e+27,2.9624358231158863e+26,2.7663043493377425e+25,5.398111169831763e+20,4.703687901875659e+27
iter_0352,4.3144897894732385e+27,2.758128983744959e+26,3.1092539290734033e+25,1.6878340746768495e+21,4.6213969149725434e+27
iter_0353,4.410601356768423e+27,2.835267648205426e+26,2.5373949640789593e+25,2.66762822536549e+21,4.719504738857981e+27
iter_0354,4.3741025029509036e+27,2.6759398457254583e+26,2.683954835262048e+25,8.448413714428482e+20,4.6685368807174414e+27
iter_0355,4.298238721053057e+27,2.739608954548814e+26,3.021902087781962e+25,4.436803701231584e+19,4.6024186817537947e+27
iter_0356,4.40891192788105e+27,2.6207579040593735e+26,3.347887496824276e+25,1.323646437534089e+21,4.704467916901668e+27
iter_0357,4.374605083480193e+27,2.791057458697786e+26,2.738074850297302e+25,2.7730023132697417e+22,4.681119307876077e+27
iter_0358,4.4118295201219346e+27,2.7691889669334482e+26,3.3751248235527116e+25,4.2889102445238675e+20,4.722500093941832e+27
iter_0359,4.3409527748577185e+27,2.679529279508609e+26,2.5168006914605912e+25,1.4234745208118002e+22,4.634087944468394e+27
iter_0360,4.3901715824245346e+27,2.820974025284831e+26,3.37819971238483e+25,3.013329180419784e+20,4.706051283409783e+27
iter_0361,4.367627031909956e+27,2.8232406668603718e+26,3.270527832932319e+25,5.2317310310355776e+20,4.6826569000984193e+27
iter_0362,4.335242051246951e+27,2.7274894189443917e+26,2.8555399249250652e+25,2.421755353588908e+20,4.6365466345661756e+27
iter_0363,4.4349069152996304e+27,2.77037501401331e+26,3.0005891103100437e+25,1.5288486087160504e+21,4.7419518366526706e+27
iter_0364,4.402876656656224e+27,2.7314294701027144e+26,2.876388488802924e+25,5.398111169831763e+20,4.7047840283656414e+27
iter_0365,4.411328052692946e+27,2.8971398125897438e+26,2.810755964242996e+25,5.176270984770186e+22,4.7292013563041977e+27
iter_0366,4.3884558146930716e+27,2.69188815704479e+26,2.939199518498096e+25,3.327602775923692e+22,4.687069901610291e+27
iter_0367,4.4044753240461625e+27,2.6759051574184857e+26,3.0631746898546146e+25,5.176270984770186e+22,4.7027493493964054e+27
iter_0368,4.373600202602817e+27,2.6622633401175606e+26,3.248632576798195e+25,2.033535029731145e+22,4.672333197732852e+27
iter_0369,4.3987662025586693e+27,2.6744928944649087e+26,2.8735276254760258e+25,1.3495277924579407e+20,4.6949509032127e+27
iter_0370,4.3421888715798797e+27,2.644589245699587e+26,2.57540443671215e+25,9.243341044232468e+21,4.6324110838580033e+27
iter_0371,4.315905220353494e+27,2.7413739739410735e+26,2.5478399445496985e+25,1.081470902175199e+21,4.6155220986640005e+27
iter_0372,4.377666602746574e+27,2.7553673742011606e+26,2.96169418424864e+25,3.697336417692988e+19,4.68282031898254e+27
iter_0373,4.3758988701181264e+27,2.6761126511880745e+26,3.16875927181155e+25,3.061394553849793e+21,4.675200789349603e+27
iter_0374,4.3381600715045855e+27,2.763742192606964e+26,2.2985820745523496e+25,2.033535029731145e+22,4.637540446861103e+27
iter_0375,4.3607666529192745e+27,2.7410091421815872e+26,2.7820009264334415e+25,1.0722275611309665e+20,4.662687683624524e+27
iter_0376,4.32528300345008e+27,2.7254610910548475e+26,2.636361886237275e+25,3.6973364176929885e+22,4.624229704782115e+27
iter_0377,4.397701747723521e+27,2.7701142058551218e+26,2.8470938927418728e+25,4.436803701231584e+19,4.703184151604489e+27
iter_0378,4.309996423556965e+27,2.6932978197633085e+26,3.1344709715444544e+25,1.0722275611309665e+20,4.610671022471496e+27
iter_0379,4.366933144512797e+27,2.7240742081725284e+26,2.8178738123695707e+25,1.0352541969540368e+20,4.667519406979165e+27
iter_0380,4.320405261326834e+27,2.8583831734836273e+26,3.312074289313958e+25,9.280314408409398e+20,4.639365249599777e+27
iter_0381,4.3720664802140506e+27,2.738102549578395e+26,2.394455585054916e+25,8.004733344305321e+20,4.669822091495774e+27
iter_0382,4.4019434022516357e+27,2.682725605292172e+26,2.9820619237521582e+25,1.7007747521387738e+22,4.7000535897658956e+27
iter_0383,4.4202017488095676e+27,2.7400740998987597e+26,2.723671252404983e+25,3.061394553849793e+21,4.721448932718047e+27
iter_0384,4.293913202920342e+27,2.930037877882178e+26,2.3351977994599683e+25,2.421755353588908e+20,4.610269210878695e+27
iter_0385,4.355124290695676e+27,2.7599141998005196e+26,2.7050839000904412e+25,4.214963516170008e+20,4.658166971172984e+27
iter_0386,4.3851281810473227e+27,2.8380813566701166e+26,2.928617294797235e+25,9.98280832777107e+19,4.69822258949039e+27
iter_0387,4.297997061372743e+27,2.7725925412898076e+26,2.979725166281954e+25,4.436803701231584e+19,4.6050536115325806e+27
iter_0388,4.3085696795543274e+27,2.924649702758207e+26,2.642998459303503e+25,1.081470902175199e+21,4.6274657158940853e+27
iter_0389,4.354905348099224e+27,2.6070955446765122e+26,2.839614926793387e+25,5.2317310310355776e+20,4.644011575007912e+27
iter_0390,4.3545051566304574e+27,2.7268818925833928e+26,3.1657655537871175e+25,2.7730023132697417e+22,4.658878731449801e+27
iter_0391,4.396051071093872e+27,2.8997079074862095e+26,3.0877426129354506e+25,9.280314408409398e+20,4.7169002160032883e+27
iter_0392,4.324311554715366e+27,2.6020317788747958e+26,2.9817192226394043e+25,3.660363053516056e+20,4.614332290865545e+27
iter_0393,4.3218858105308075e+27,2.6785320434768142e+26,2.9843175155071122e+25,5.398111169831763e+20,4.619582729844678e+27
iter_0394,4.397193051374192e+27,2.674986522487462e+26,2.8393025284781493e+25,8.004733344305321e+20,4.693085529381054e+27
iter_0395,4.419733537221646e+27,2.6922448634612133e+26,2.8087467437375986e+25,3.061394553849793e+21,4.717048552399697e+27
iter_0396,4.38254522961764e+27,2.641575447082279e+26,3.1950383342077004e+25,9.98280832777107e+19,4.6786532574960283e+27
iter_0397,4.329045939971758e+27,2.6979807010619297e+26,2.8113178783845622e+25,9.243341044232469e+20,4.6269581131959013e+27
iter_0398,4.410238068775362e+27,2.771187437926197e+26,2.7969375228088693e+25,1.0352541969540362e+22,4.7153365403380407e+27
iter_0399,4.345258400079052e+27,2.7823958904210147e+26,2.482272642687586e+25,9.243341044232468e+21,4.648329958889073e+27
iter_0400,4.256763404946764e+27,2.781297303997508e+26,2.769540771683197e+25,7.579539656270626e+21,4.562596122603003e+27
iter_0401,4.367611091440979e+27,2.676167222541681e+26,3.0635404110792026e+25,3.660363053516056e+20,4.665863583842245e+27
iter_0402,4.374336937391144e+27,2.567423699022931e+26,3.2141158385012834e+25,2.66762822536549e+21,4.6632231333066757e+27
iter_0403,4.374193205754742e+27,2.6336507080521972e+26,2.8307123451323066e+25,4.214963516170008e+20,4.6658658215076374e+27
iter_0404,4.39322309748467e+27,2.693210963053965e+26,2.888599674324586e+25,2.218401850615794e+22,4.6914523745518183e+27
iter_0405,4.3454187392333077e+27,2.530623435581246e+26,3.173282288883466e+25,3.882203238577639e+22,4.630252727712653e+27
iter_0406,4.339462530746444e+27,2.858059811420331e+26,2.8741302454960592e+25,1.5713679775195205e+20,4.6540099714802355e+27
iter_0407,4.3335634214975635e+27,2.773609528985867e+26,2.8174723150477363e+25,8.817962489376884e+22,4.639187277171521e+27
iter_0408,4.3694759534688775e+27,2.9148159394441264e+26,2.9512574953093574e+25,4.2889102445238675e+20,4.690470551257408e+27
iter_0409,4.302469520914505e+27,2.801980262386628e+26,2.506390269228745e+25,8.817962489376884e+22,4.6078196294703487e+27
iter_0410,4.3406534050232266e+27,2.5937439286904022e+26,3.132544751415875e+25,1.4974212491656592e+22,4.6313682196189175e+27
iter_0411,4.322755903093686e+27,2.8381927309122388e+26,2.772798943209619e+25,3.660363053516056e+20,4.634303531653312e+27
iter_0412,4.3146194196722173e+27,2.6841962395782273e+26,2.939729526596195e+25,9.98280832777107e+19,4.6124364387240857e+27
iter_0413,4.305864169429206e+27,2.68030973229139e+26,2.7904555086123423e+25,8.817962489376884e+22,4.601887877369362e+27
iter_0414,4.4295961733638886e+27,2.520954029574589e+26,3.0480544009416845e+25,1.5528812954310548e+20,4.7121722756188933e+27
iter_0415,4.3404696827374483e+27,2.6557173713428274e+26,3.0456887509417204e+25,2.5141887640312313e+20,4.6364985588000247e+27
iter_0416,4.311191742210755e+27,2.9597420908293696e+26,2.8339282983581794e+25,2.930139111021694e+21,4.6355081644163844e+27
iter_0417,4.3927644134827206e+27,2.6595198731580475e+26,2.559150746185996e+25,5.398111169831763e+20,4.6843084480715025e+27
iter_0418,4.3551831908901544e+27,2.840894620340009e+26,2.6125626082424565e+25,3.061394553849793e+21,4.665401340401134e+27
iter_0419,4.357780514423763e+27,2.6915274617548338e+26,3.0887711241070093e+25,8.448413714428482e+20,4.657821816681688e+27
iter_0420,4.357942312026298e+27,2.7409036147803592e+26,2.4712478334409333e+25,2.5881354923850926e+22,4.6567710331936675e+27
iter_0421,4.380228813643404e+27,2.718470627016522e+26,2.947135807892695e+25,2.421755353588908e+20,4.6815474765995187e+27
iter_0422,4.3896342625546586e+27,2.7905885037450706e+26,3.013159070041297e+25,1.7007747521387738e+22,4.6988417113771e+27
iter_0423,4.368785720499599e+27,2.816897712985611e+26,2.4214428018571048e+25,4.436803701231584e+19,4.6746899641847684e+27
iter_0424,4.3099749407962484e+27,2.751394379347342e+26,2.665668531920179e+25,3.1057625908621096e+20,4.611771374626444e+27
iter_0425,4.3471455458157314e+27,2.6001264924430918e+26,2.7815696127314037e+25,4.566210475850841e+20,4.634974347808403e+27
iter_0426,4.349726549616728e+27,2.7041731750722056e+26,2.6137303848964326e+25,9.428207865117118e+21,4.646290599180778e+27
iter_0427,4.4425128563721465e+27,2.7984942648553988e+26,3.0731467830861793e+25,2.5881354923850926e+22,4.753119632043472e+27
iter_0428,4.2987511963260293e+27,2.646372982288606e+26,2.782352223502409e+25,2.292348578969653e+20,4.591212246024772e+27
iter_0429,4.367122416675371e+27,2.69063509840351e+26,2.3041044832193607e+25,1.5713679775195205e+20,4.659227128484713e+27
iter_0430,4.4161468823996627e+27,2.566311796953138e+26,2.4627914471498074e+25,4.214963516170008e+20,4.697406398062826e+27
iter_0431,4.357228816903958e+27,2.733499007311842e+26,2.6226283244211025e+25,4.436803701231584e+19,4.65680504524739e+27
iter_0432,4.332369605623228e+27,2.830659081140435e+26,2.8485829274809813e+25,8.817962489376884e+22,4.6440095226369746e+27
iter_0433,4.330704030434841e+27,2.8416897625226834e+26,2.4798632358706416e+25,9.243341044232468e+21,4.6396808823868597e+27
iter_0434,4.3019389721574314e+27,2.8587737795460647e+26,2.8703427514096383e+25,3.697336417692988e+19,4.6165198145994987e+27
iter_0435,4.3503644723500686e+27,2.601789237052654e+26,2.8816065035578376e+25,4.2889102445238675e+20,4.6393598899819365e+27
iter_0436,4.343710540845702e+27,2.6569530518571467e+26,3.0096250830954015e+25,3.061394553849793e+21,4.639505158256925e+27
iter_0437,4.2944710096955657e+27,2.6420247737683157e+26,2.5374252908641435e+25,1.4234745208118002e+22,4.5840619747262464e+27
iter_0438,4.419702466555445e+27,2.655774237627941e+26,2.8607631186174402e+25,9.428207865117118e+21,4.7138969497122787e+27
iter_0439,4.2906820243048444e+27,2.6619588653096826e+26,2.6996483450478017e+25,7.579539656270626e+21,4.5838819738259467e+27
iter_0440,4.3092287832916224e+27,2.6155013942488652e+26,2.909028502087544e+25,3.061394553849793e+21,4.599872269131938e+27
iter_0441,4.3669007354555033e+27,2.7056919053663245e+26,2.8946359157746667e+25,9.243341044232469e+20,4.6664172094839867e+27
iter_0442,4.316643134699328e+27,2.6848003158334555e+26,3.050322757171116e+25,2.292348578969653e+20,4.615626623089243e+27
iter_0443,4.369597490541079e+27,2.7407162691932645e+26,3.2023808115407947e+25,3.974636649019963e+20,4.6756933230394787e+27
iter_0444,4.385720584067716e+27,2.8954338086422967e+26,2.8221854686924897e+25,2.421755353588908e+20,4.7034860617944054e+27
iter_0445,4.3674100681676434e+27,2.834247853841465e+26,3.1348384433203857e+25,2.033535029731145e+22,4.682203573335291e+27
iter_0446,4.3903289461941953e+27,2.674912870348908e+26,3.4883207750268387e+25,2.66762822536549e+21,4.6927061086075805e+27
iter_0447,4.4645347451369956e+27,2.7990057078088378e+26,2.85160852231898e+25,3.697336417692988e+19,4.772951438114433e+27
iter_0448,4.3348984670777995e+27,2.772584349459893e+26,3.63381745477335e+25,2.7730023132697417e+22,4.648522806594655e+27
iter_0449,4.322402267909776e+27,2.934732743953851e+26,3.139145387116759e+25,3.697336417692988e+19,4.647267033149693e+27
iter_0450,4.294293305825357e+27,2.770964504135159e+26,3.0665558045432804e+25,9.98280832777107e+19,4.602055414112388e+27
iter_0451,4.37377994694178e+27,2.722907913169332e+26,2.606030335070013e+25,3.013329180419784e+20,4.6721313429423315e+27
iter_0452,4.359497675355262e+27,2.7827503841925338e+26,2.665298287278113e+25,9.98280832777107e+19,4.6644257964753795e+27
iter_0453,4.3222185230508795e+27,2.8170905029582138e+26,2.781737655276904e+25,3.327602775923692e+22,4.631778225927229e+27
iter_0454,4.355947133135724e+27,2.6625978347070296e+26,3.2732016863747627e+25,1.6878340746768495e+21,4.654940621304249e+27
iter_0455,4.362507780595704e+27,2.818831486882511e+26,2.722561508221901e+25,1.7007747521387738e+22,4.6716335521136967e+27
iter_0456,4.439223114761476e+27,2.6493496451330833e+26,2.921912069712614e+25,7.579539656270626e+21,4.7333847795115667e+27
iter_0457,4.328465134780333e+27,2.7691427969182157e+26,2.7237966327650794e+25,1.0352541969540362e+22,4.632627733341775e+27
iter_0458,4.3217983451691155e+27,2.804480195288882e+26,2.4577846828288755e+25,1.7007747521387738e+22,4.626841219273814e+27
iter_0459,4.32199775546306e+27,2.788569746036384e+26,3.145743669465372e+25,1.323646437534089e+21,4.6323134904077903e+27
iter_0460,4.3011085222129554e+27,2.82103228611728e+26,2.932905713597019e+25,1.081470902175199e+21,4.612541889431556e+27
iter_0461,4.3475039783670707e+27,2.756433171087689e+26,3.0121423026030866e+25,1.3040505545203173e+22,4.653281759007416e+27
iter_0462,4.28557955747354e+27,2.770557039811121e+26,3.344995031765412e+25,5.2317310310355776e+20,4.596085734945409e+27
iter_0463,4.413749623084419e+27,2.841477743123245e+26,2.765374012997531e+25,5.2317310310355776e+20,4.7255516606998216e+27
iter_0464,4.3051754966806225e+27,2.707932568752951e+26,2.93891460113402e+25,3.882203238577639e+22,4.6053967215996433e+27
iter_0465,4.337933214435434e+27,2.6040883598547507e+26,2.8917858195341082e+25,2.421755353588908e+20,4.6272601507917856e+27
iter_0466,4.3448564309674805e+27,2.8030379198529984e+26,2.959053906222639e+25,3.013329180419784e+20,4.6547510633479243e+27
iter_0467,4.339033029270974e+27,2.755037079233157e+26,3.5089732372378354e+25,1.323646437534089e+21,4.6496277932131057e+27
iter_0468,4.3459095028130393e+27,2.7540617863357747e+26,2.8909232031640106e+25,2.033535029731145e+22,4.650245248828554e+27
iter_0469,4.382739475756374e+27,2.868793260065295e+26,2.8865612055663133e+25,1.1276876073963616e+23,4.698597182579306e+27
iter_0470,4.316252474983391e+27,2.7732915044607916e+26,2.798506374142007e+25,1.323646437534089e+21,4.6215680128173277e+27
iter_0471,4.35183356282089e+27,2.7534490071992184e+26,3.1689998226204957e+25,7.579539656270626e+21,4.6588760413066724e+27
iter_0472,4.3429197970405884e+27,2.599109126969498e+26,2.614451724885467e+25,4.436803701231584e+19,4.62897527135443e+27
iter_0473,4.340721685623474e+27,2.8053545608731875e+26,3.0861946695558073e+25,8.004733344305321e+20,4.6521198888796854e+27
iter_0474,4.328778737750676e+27,2.862976810201881e+26,2.8754605564317867e+25,2.1259684401734687e+20,4.6438312369320266e+27
iter_0475,4.3921959608945283e+27,2.8161752977792973e+26,2.5367583340614876e+25,2.7730023132697417e+22,4.6992088040362055e+27
iter_0476,4.392619061010364e+27,2.772565426326182e+26,3.1216760099227513e+25,7.487106245828304e+20,4.701093112452835e+27
iter_0477,4.3760124054930595e+27,2.7205342414260965e+26,3.110504929788773e+25,8.817962489376884e+22,4.6792590585584506e+27
iter_0478,4.279339365238957e+27,2.686388697413823e+26,3.1836400411071796e+25,1.081470902175199e+21,4.5798157168623125e+27
iter_0479,4.429128581890604e+27,2.6601730554998847e+26,2.9220288228701473e+25,2.930139111021694e+21,4.724369105808405e+27
iter_0480,4.43391595922058e+27,2.7185876153851486e+26,3.048240784978125e+25,1.6878340746768495e+21,4.736258816442951e+27
iter_0481,4.3961829954876e+27,2.8008926166171233e+26,2.6945679290652346e+25,2.66762822536549e+21,4.70322060406819e+27
iter_0482,4.430523254589995e+27,2.688013062105202e+26,3.533503105542821e+25,3.974636649019963e+20,4.7346599893196086e+27
iter_0483,4.3476624888453824e+27,2.814799302155769e+26,3.256720174157337e+25,3.697336417692988e+19,4.661709657775896e+27
iter_0484,4.34690560011487e+27,2.577478692916383e+26,3.12347560908475e+25,3.013329180419784e+20,4.635888526830274e+27
iter_0485,4.313966444374529e+27,2.646679418779312e+26,2.651870962242153e+25,3.882203238577639e+22,4.605191917907268e+27
iter_0486,4.400982628340697e+27,2.7412419723504934e+26,3.0035887322514578e+25,1.5713679775195205e+20,4.7051428700350583e+27
iter_0487,4.375224253082662e+27,2.687310135522684e+26,2.389480470952024e+25,1.4234745208118002e+22,4.667864306089659e+27
iter_0488,4.342743487772729e+27,2.6524858898735457e+26,2.3983730892690404e+25,8.004733344305321e+20,4.631976608126109e+27
iter_0489,4.393310721018842e+27,2.633869252347378e+26,3.0110187517972245e+25,7.487106245828304e+20,4.686808582482177e+27
iter_0490,4.2422743413910527e+27,2.686502903133659e+26,3.20850589569571e+25,2.421755353588908e+20,4.543009932836911e+27
iter_0491,4.3185001935937263e+27,2.9265885979222305e+26,2.7715438802397528e+25,1.7007747521387738e+22,4.638891499935868e+27
iter_0492,4.3463765455332646e+27,2.8290163068838697e+26,3.0387734209677673e+25,2.421755353588908e+20,4.6596661526068643e+27
iter_0493,4.286135172783317e+27,2.7751951485576452e+26,2.9664149988197362e+25,1.081470902175199e+21,4.5933199190981805e+27
iter_0494,4.405089257966794e+27,2.663278059565439e+26,2.571770618207042e+25,9.280314408409398e+20,4.6971356981368495e+27
iter_0495,4.383405856390024e+27,2.8330934234050294e+26,2.646420429503667e+25,2.421755353588908e+20,4.6931796452010993e+27
iter_0496,4.358939764106867e+27,2.6032571449611705e+26,3.408023665969991e+25,1.1461742894848263e+22,4.653357177005578e+27
iter_0497,4.424419100580195e+27,2.7055411984860074e+26,3.065204990310357e+25,4.2889102445238675e+20,4.7256256992229243e+27
iter_0498,4.3338365306808504e+27,2.6427507008907974e+26,2.739084598462027e+25,3.013329180419784e+20,4.6255027480874683e+27
iter_0499,4.3494752088707175e+27,2.7062490530029074e+26,2.8875137348009165e+25,4.214963516170008e+20,4.6489756730153697e+27
iter_0500,4.312156467429556e+27,2.7115391292328642e+26,3.127767564291212e+25,1.4974212491656592e+22,4.6146030302082464e+27
iter_0501,4.396029577648672e+27,2.7448911925168914e+26,3.0429074462622574e+25,1.5713679775195205e+20,4.700947928499782e+27
iter_0502,4.293873664410205e+27,2.861775347094394e+26,2.508021939419732e+25,5.2317310310355776e+20,4.605131941686945e+27
iter_0503,4.3448016301871803e+27,2.615507733603809e+26,2.7320039547141103e+25,3.697336417692988e+19,4.6336724800680666e+27
iter_0504,4.3844352720410953e+27,2.7775058551579687e+26,3.098357245263887e+25,1.0722275611309665e+20,4.6931695372322876e+27
iter_0505,4.43051316140612e+27,2.784363326953649e+26,2.774557814528419e+25,1.0352541969540368e+20,4.736695175772189e+27
iter_0506,4.3940531140322414e+27,2.689784448481719e+26,2.9997653075350678e+25,1.5528812954310548e+20,4.693029367243893e+27
iter_0507,4.356250205109388e+27,2.699484221874907e+26,2.657775607662944e+25,3.882203238577639e+22,4.652815205405894e+27
iter_0508,4.358000842895023e+27,2.6984015778678227e+26,2.627565990388289e+25,2.5881354923850926e+22,4.654142541940613e+27
iter_0509,4.3265959065171506e+27,2.8389363115466766e+26,3.1532113594800323e+25,4.2889102445238675e+20,4.6420220801576435e+27
iter_0510,4.398170154278249e+27,2.590351855773579e+26,2.6611718848369144e+25,3.882203238577639e+22,4.6838558807363623e+27
iter_0511,4.294561498281156e+27,2.748172053733471e+26,3.876523446458616e+25,3.974636649019963e+20,4.6081443355827547e+27
iter_0512,4.366814541376213e+27,2.7083025030663108e+26,2.9771114240697328e+25,2.033535029731145e+22,4.6674362412738386e+27
iter_0513,4.423039234232005e+27,2.8775299236550657e+26,2.8850143866994626e+25,1.6878340746768495e+21,4.7396440582985813e+27
iter_0514,4.3249773138443947e+27,2.6372024278702713e+26,2.8032606012632273e+25,2.930139111021694e+21,4.616733092783166e+27
iter_0515,4.3989388387846396e+27,2.814879536853457e+26,2.3786748739726752e+25,1.7007747521387738e+22,4.7042305489572334e+27
iter_0516,4.36108614203726e+27,2.7297278328455525e+26,2.7944610695798095e+25,2.292348578969653e+20,4.6620037652524714e+27
iter_0517,4.3185579313538063e+27,2.885900550075919e+26,2.955402317758212e+25,7.487106245828304e+20,4.636702758249604e+27
iter_0518,4.3515717916428556e+27,2.7191991271414072e+26,2.462152797688618e+25,9.243341044232468e+21,4.6481224756749274e+27
iter_0519,4.409029876796337e+27,2.9290298280510197e+26,2.818225697001003e+25,9.98280832777107e+19,4.730115216399532e+27
iter_0520,4.395287427580972e+27,2.713399037379407e+26,2.440640317082472e+25,4.214963516170008e+20,4.6910341559860883e+27
iter_0521,4.31996700974253e+27,2.7109200132192046e+26,2.8215622969316986e+25,3.6973364176929885e+22,4.619311607397945e+27
iter_0522,4.3236459326707264e+27,2.8315280245678475e+26,2.4897272501393344e+25,1.5713679775195205e+20,4.6316961647657024e+27
iter_0523,4.334881718882021e+27,2.6606887819858857e+26,3.1626527528186263e+25,5.2317310310355776e+20,4.632577647781899e+27
iter_0524,4.3172271274336003e+27,2.7874903537214307e+26,2.6075840444246335e+25,2.7730023132697417e+22,4.622079733273122e+27
iter_0525,4.302870083555242e+27,2.7047888946899058e+26,2.535514138397228e+25,9.243341044232469e+20,4.5987050387423093e+27
iter_0526,4.3913815842374157e+27,2.7441059891075233e+26,2.773133282242374e+25,2.8839224058005304e+20,4.6935238043628326e+27
iter_0527,4.384602865149073e+27,2.6971611359019564e+26,2.508084390888858e+25,1.4234745208118002e+22,4.6794140573933654e+27
iter_0528,4.3069617717801196e+27,2.6593911985287974e+26,2.6863635897764163e+25,1.5288486087160504e+21,4.599766056379373e+27
iter_0529,4.3148208956624516e+27,2.7057155965141404e+26,2.204262306319729e+25,9.243341044232468e+21,4.6074443217181077e+27
iter_0530,4.239097866564955e+27,2.731484810878727e+26,2.416309028013374e+25,3.882203238577639e+22,4.5364482599653475e+27
iter_0531,4.3711696490778307e+27,2.8781145434700345e+26,3.1928879127290443e+25,2.5881354923850926e+22,4.6909358639070484e+27
iter_0532,4.3852322391383127e+27,2.7683920252008147e+26,3.138528131405686e+25,2.5881354923850926e+22,4.6934826043273756e+27
iter_0533,4.2918230626650966e+27,2.7026932524298098e+26,2.5244224463338785e+25,8.448413714428482e+20,4.5873374572127874e+27
iter_0534,4.281037791704699e+27,2.7020019808507862e+26,2.5573397573311826e+25,1.5288486087160504e+21,4.5768129162116977e+27
iter_0535,4.35798738459306e+27,2.7505635292332134e+26,3.3963893298558406e+25,3.974636649019963e+20,4.667008028278605e+27
iter_0536,4.347115942733871e+27,2.7741507730222955e+26,3.0121066538075503e+25,5.176270984770186e+22,4.6547038492840234e+27
iter_0537,4.3176962854304746e+27,2.6989390111775402e+26,2.822465910718874e+25,9.280314408409398e+20,4.6158157736868586e+27
iter_0538,4.391541172846019e+27,2.684800868073569e+26,2.804894991526089e+25,2.292348578969653e+20,4.6880704388034944e+27
iter_0539,4.322809849295374e+27,2.6852419123781357e+26,3.131464798567225e+25,8.448413714428482e+20,4.6226495333602314e+27
iter_0540,4.307325524978208e+27,2.670732571439107e+26,2.4825585599323713e+25,1.4234745208118002e+22,4.599238602466651e+27
iter_0541,4.3306167168264376e+27,2.4759950660240616e+26,2.4026111610773056e+25,5.2317310310355776e+20,4.60224285821272e+27
iter_0542,4.371184375744892e+27,2.699625491883589e+26,2.9004804564906472e+25,3.974636649019963e+20,4.670152126961822e+27
iter_0543,4.3436671490508343e+27,2.790268645568611e+26,2.541727737943106e+25,1.5528812954310548e+20,4.648111446275257e+27
iter_0544,4.35475324957842e+27,2.7704117328367218e+26,3.1379983197107543e+25,1.1276876073963616e+23,4.6632871748199396e+27
iter_0545,4.328622563014667e+27,2.757625476551537e+26,3.307870892718899e+25,7.579539656270626e+21,4.6374713991366657e+27
iter_0546,4.3781964277378053e+27,2.5570018835317128e+26,2.5775518811989155e+25,2.421755353588908e+20,4.659672377078501e+27
iter_0547,4.339240514828018e+27,2.8081491121721916e+26,2.6484110108619018e+25,4.566210475850841e+20,4.6465399927749046e+27
iter_0548,4.31239104518653e+27,2.8376384171639024e+26,2.2780201119095597e+25,2.292348578969653e+20,4.618935317256874e+27
iter_0549,4.405197053778855e+27,2.6622493357662947e+26,2.492657485430817e+25,2.033535029731145e+22,4.69636889756009e+27
iter_0550,4.358269783113532e+27,2.5792866712934437e+26,3.0029094004842668e+25,2.930139111021694e+21,4.64623047438683e+27
iter_0551,4.384019810897435e+27,2.7572284427927658e+26,3.2974835117937946e+25,5.176270984770186e+22,4.692769253004498e+27
iter_0552,4.4094951064293174e+27,2.7784890472760337e+26,2.7205568838285027e+25,2.292348578969653e+20,4.714549809230064e+27
iter_0553,4.282971164470011e+27,2.8758204759617663e+26,2.880591439003839e+25,1.1276876073963616e+23,4.5994718952169654e+27
iter_0554,4.312986398143902e+27,2.7922537449265617e+26,3.0308625527117727e+25,1.3495277924579407e+20,4.6225205331164556e+27
iter_0555,4.3281618202700606e+27,2.762334417919105e+26,2.7807282692543118e+25,1.0722275611309665e+20,4.63220265197727e+27
iter_0556,4.384014168283763e+27,2.639504828605978e+26,3.0603188626607196e+25,1.4234745208118002e+22,4.6785820745161755e+27
iter_0557,4.296385041618176e+27,2.8211334798182115e+26,2.7328460980620967e+25,2.5881354923850926e+22,4.6058527319355425e+27
iter_0558,4.3675678548688427e+27,2.660511613603128e+26,2.976240572964126e+25,2.8839224058005304e+20,4.6633817103510365e+27
iter_0559,4.302445881430498e+27,2.8203543485052693e+26,3.007782203021129e+25,4.2889102445238675e+20,4.614559567202261e+27
iter_0560,4.3623332677915525e+27,2.865909339948874e+26,3.0502131745831013e+25,3.660363053516056e+20,4.679426699568576e+27
iter_0561,4.3888249692474544e+27,2.744454184620547e+26,3.155398489596172e+25,2.421755353588908e+20,4.6948246147810063e+27
iter_0562,4.339255859220202e+27,2.5842023641087363e+26,2.7725255963894208e+25,4.436803701231584e+19,4.625401395963007e+27
iter_0563,4.3425918799137106e+27,2.7425135839700333e+26,2.9102604140334243e+25,1.5713679775195205e+20,4.645945999587846e+27
iter_0564,4.367177354818953e+27,2.6733662382245243e+26,2.9697318464356676e+25,3.061394553849793e+21,4.6642143585003163e+27
iter_0565,4.331631097034197e+27,2.7329114318488927e+26,2.7482087538915535e+25,2.8839224058005304e+20,4.6324046161502426e+27
iter_0566,4.3490530428640266e+27,2.643441133309749e+26,2.533688613676712e+25,4.214963516170008e+20,4.638734463828121e+27
iter_0567,4.3361442539516705e+27,2.7438462467597035e+26,2.5518102099192597e+25,1.1276876073963616e+23,4.636159749487573e+27
iter_0568,4.3846625982743394e+27,2.5496666287866978e+26,3.0453027404780355e+25,2.218401850615794e+22,4.6701044725762953e+27
iter_0569,4.350450800504656e+27,2.767007920744736e+26,2.7725303952698755e+25,1.1276876073963616e+23,4.654989665292568e+27
iter_0570,4.3847203352732127e+27,2.7384049419042425e+26,2.8181426756379292e+25,1.0352541969540362e+22,4.686752608761985e+27
iter_0571,4.315287332543597e+27,2.8781928254541636e+26,3.2964707402613714e+25,5.2317310310355776e+20,4.6360718456647304e+27
iter_0572,4.3869643280156015e+27,2.8053767942479027e+26,2.923693609076292e+25,2.218401850615794e+22,4.696761127549661e+27
iter_0573,4.425479804320644e+27,2.8714765304267218e+26,2.6560979538325534e+25,2.66762822536549e+21,4.739191104529867e+27
iter_0574,4.3952468720730607e+27,2.620455766592062e+26,2.620028938776585e+25,1.5528812954310548e+20,4.6834928934081625e+27
iter_0575,4.401750938561421e+27,2.734863815915923e+26,2.775530463883553e+25,2.421755353588908e+20,4.7029928669673844e+27
iter_0576,4.290430355891337e+27,2.635235696214602e+26,2.4255645758566496e+25,1.6878340746768495e+21,4.578211259105439e+27
iter_0577,4.3538088577553485e+27,2.6285676047141343e+26,2.821698838952464e+25,4.436803701231584e+19,4.644882650984324e+27
iter_0578,4.380773126076084e+27,2.6109628490649474e+26,3.1176327106033425e+25,1.1461742894848263e+22,4.6730571998315064e+27
iter_0579,4.349239606748698e+27,2.7055271774167957e+26,2.799567557715695e+25,1.1276876073963616e+23,4.647900768828274e+27
iter_0580,4.4117027929848113e+27,2.928723696116135e+26,3.048236136064282e+25,2.5141887640312313e+20,4.735057775375944e+27
iter_0581,4.3172369743940483e+27,2.600318383565902e+26,2.4792238892257562e+25,2.66762822536549e+21,4.6020637192711214e+27
iter_0582,4.406558235164308e+27,2.7831298844757546e+26,2.437142120634942e+25,1.081470902175199e+21,4.709243726289136e+27
iter_0583,4.3455670991720847e+27,2.8241564327995842e+26,2.667429220066026e+25,1.4974212491656592e+22,4.6546720088651947e+27
iter_0584,4.3998807482881914e+27,2.6686925768818312e+26,2.464105423392542e+25,1.1276876073963616e+23,4.691503828971039e+27
iter_0585,4.352185606749176e+27,2.7709396361099037e+26,2.6889966569886033e+25,2.930139111021694e+21,4.656172467069163e+27
iter_0586,4.318765331394007e+27,2.9233183887383975e+26,2.9571319374433538e+25,2.7730023132697417e+22,4.6406962196654127e+27
iter_0587,4.3716349487385017e+27,2.6455921945361586e+26,3.5182952859437903e+25,1.3040505545203173e+22,4.6713901615571003e+27
iter_0588,4.3787942242274607e+27,2.6456762767213176e+26,2.5554168501640857e+25,3.974636649019963e+20,4.6689164178648977e+27
iter_0589,4.3685581356046137e+27,2.741445704624835e+26,2.792787676392318e+25,1.5528812954310548e+20,4.6706307381191494e+27
iter_0590,4.41381815098358e+27,2.680085004112782e+26,3.1012850318396815e+25,5.398111169831763e+20,4.7128400415243715e+27
iter_0591,4.3935231373373036e+27,2.731782430629912e+26,2.436397529949001e+25,1.1461742894848263e+22,4.6910768174426794e+27
iter_0592,4.3889342447874045e+27,2.682801062640304e+26,2.3237928359020756e+25,8.817962489376884e+22,4.6805404590353497e+27
iter_0593,4.3920228281572814e+27,2.7703735140591367e+26,3.0363902789903325e+25,2.292348578969653e+20,4.6994243115879564e+27
iter_0594,4.382134549064853e+27,2.8261479208274974e+26,2.3966001220194945e+25,1.1276876073963616e+23,4.688828111128537e+27
iter_0595,4.3251485339752316e+27,2.710095665712302e+26,2.9439862394816627e+25,3.6973364176929885e+22,4.625634936305456e+27
iter_0596,4.3813898070381975e+27,2.7934122076156168e+26,2.6405364686549876e+25,1.1276876073963616e+23,4.6872491612470486e+27
iter_0597,4.395185907339186e+27,2.9215060860139836e+26,3.4276992249386464e+25,2.930139111021694e+21,4.721616438329083e+27
iter_0598,4.422736594842115e+27,2.8263452972409437e+26,3.2110732936383833e+25,1.4974212491656592e+22,4.7374968317150854e+27
iter_0599,4.339040355422051e+27,2.632161427975512e+26,2.785355433317035e+25,7.487106245828304e+20,4.630110801263397e+27
iter_0600,4.400004963256516e+27,2.864227789410371e+26,2.490514154828122e+25,1.3495277924579407e+20,4.711333018698613e+27
iter_0601,4.393826470568751e+27,2.797983017780391e+26,3.0204110241280447e+25,1.7007747521387738e+22,4.7038458903355916e+27
iter_0602,4.263221895446457e+27,2.698116512167689e+26,3.046024665452955e+25,2.7730023132697417e+22,4.563521523340888e+27
iter_0603,4.357861338549959e+27,2.6674937470738924e+26,2.8921791787337313e+25,1.4974212491656592e+22,4.653547479257178e+27
iter_0604,4.3279196673715757e+27,2.7808868206106682e+26,2.483956278723884e+25,9.243341044232469e+20,4.630848836553986e+27
iter_0605,4.403069719834589e+27,2.7221892610111627e+26,2.5492206231380036e+25,9.98280832777107e+19,4.700780951995168e+27
iter_0606,4.290934019047506e+27,2.9080466376933032e+26,3.660437522252698e+25,7.487106245828304e+20,4.6183438067499886e+27
iter_0607,4.414700281683466e+27,2.7192503275659934e+26,2.8625477836747375e+25,1.3040505545203173e+22,4.7152638327823577e+27
iter_0608,4.311712406910928e+27,2.6297305825129494e+26,3.0113004001989275e+25,5.176270984770186e+22,4.6048502318740604e+27
iter_0609,4.3839243762754414e+27,2.7073001865516105e+26,2.7903109575249956e+25,4.566210475850841e+20,4.6825579611269e+27
iter_0610,4.3278492546914675e+27,2.6939374234292113e+26,2.277251202490487e+25,1.0352541969540368e+20,4.620015612584713e+27
iter_0611,4.4021318863913095e+27,2.7190228904826336e+26,2.891532726272294e+25,1.5528812954310548e+20,4.7029496579904256e+27
iter_0612,4.396320085550215e+27,2.5685022275281042e+26,3.377690252061497e+25,8.448413714428482e+20,4.686948055665011e+27
iter_0613,4.378220337825646e+27,2.7151305824080794e+26,2.5609012999210483e+25,7.579539656270626e+21,4.67534998860532e+27
iter_0614,4.334398060023442e+27,2.861332306679832e+26,2.570384982859876e+25,1.7007747521387738e+22,4.6462521482675445e+27
iter_0615,4.356192380093815e+27,2.726021566931221e+26,3.2429974558355725e+25,2.292348578969653e+20,4.6612247405801513e+27
iter_0616,4.3234702711080477e+27,2.6508604783018426e+26,2.292583673375349e+25,5.2317310310355776e+20,4.6114826788450885e+27
iter_0617,4.3264923533056493e+27,2.842917419935535e+26,3.0811391013510465e+25,1.5528812954310548e+20,4.641595641600842e+27
iter_0618,4.3100641872876065e+27,2.893113904041853e+26,2.7897253895703543e+25,2.1259684401734687e+20,4.62727304418434e+27
iter_0619,4.3346763749125975e+27,2.787852115058473e+26,2.463203381702028e+25,1.5528812954310548e+20,4.638093775523594e+27
iter_0620,4.3660869686194105e+27,2.6405593888932436e+26,3.1103285639860472e+25,9.98280832777107e+19,4.661246292976678e+27
iter_0621,4.289978657779657e+27,2.7625417606578842e+26,2.7633688111955e+25,1.081470902175199e+21,4.593867603428303e+27
iter_0622,4.30183206695994e+27,2.686234073733635e+26,2.9718911544062855e+25,2.5141887640312313e+20,4.6001746372962426e+27
iter_0623,4.3651114567402566e+27,2.8813598738879197e+26,2.7424786791256677e+25,3.013329180419784e+20,4.6806725322532226e+27
iter_0624,4.3047786261851377e+27,2.7087007134788525e+26,2.4448747766805516e+25,5.2317310310355776e+20,4.600097968472931e+27
iter_0625,4.3445041222787763e+27,2.672166111458177e+26,2.723646619984152e+25,5.176270984770186e+22,4.639008962334283e+27
iter_0626,4.321120203205417e+27,2.7714810739047605e+26,2.6795816191180194e+25,9.280314408409398e+20,4.6250650548185147e+27
iter_0627,4.311458719126348e+27,2.8383316584100443e+26,3.007930168249455e+25,5.176270984770186e+22,4.625422949359695e+27
iter_0628,4.38326102534364e+27,2.692657872178006e+26,2.6043361812371577e+25,7.487106245828304e+20,4.678570923084437e+27
iter_0629,4.3496036784084424e+27,2.6006155665288098e+26,3.0958335800631674e+25,5.2317310310355776e+20,4.640624094035058e+27
iter_0630,4.3597187195404784e+27,2.88281003705797e+26,2.570546306076139e+25,3.1057625908621096e+20,4.673705496883295e+27
iter_0631,4.325905181795096e+27,2.7646836777079183e+26,3.26137697364081e+25,5.176270984770186e+22,4.635039082012143e+27
iter_0632,4.3212964507657994e+27,2.8201771361667434e+26,2.6729565624611314e+25,2.292348578969653e+20,4.6300439592419437e+27
iter_0633,4.283232092929715e+27,2.78464170849586e+26,3.3262405417631623e+25,3.882203238577639e+22,4.5949974912293185e+27
iter_0634,4.397672425770564e+27,3.024671466216495e+26,2.5142483580455982e+25,4.214963516170008e+20,4.725282477469021e+27
iter_0635,4.3911842409313e+27,2.6892956811536593e+26,2.9738086169269505e+25,3.882203238577639e+22,4.689890717248322e+27
iter_0636,4.317922191905052e+27,2.6820638724561343e+26,2.5318680348883054e+25,9.243341044232469e+20,4.611448183833653e+27
iter_0637,4.3613387368067405e+27,2.8191418683030788e+26,3.051396957173443e+25,1.5713679775195205e+20,4.67376705034558e+27
iter_0638,4.349370738070652e+27,2.7506437182587363e+26,2.4539160218693544e+25,2.421755353588908e+20,4.648974512290754e+27
iter_0639,4.404738855614309e+27,2.7049550731550315e+26,2.9415332345893666e+25,1.4974212491656592e+22,4.7046646694881984e+27
iter_0640,4.3699742655650585e+27,2.7313623047336343e+26,2.8433502588888234e+25,1.7007747521387738e+22,4.6715610063748316e+27
iter_0641,4.4023524915922715e+27,2.60806632157388e+26,3.1772979871783627e+25,4.436803701231584e+19,4.69493214798948e+27
iter_0642,4.3387426521635614e+27,2.7565173758414906e+26,2.877852760628545e+25,2.033535029731145e+22,4.6431932527042935e+27
iter_0643,4.344980497735718e+27,2.7131288958865088e+26,2.9089696126186978e+25,2.218401850615794e+22,4.645405267469062e+27
iter_0644,4.33654406580909e+27,2.8193035721937868e+26,2.9379370275638268e+25,2.5141887640312313e+20,4.647854044722984e+27
iter_0645,4.361637515392399e+27,2.8652820844418855e+26,2.2063530808785634e+25,4.566210475850841e+20,4.6702297112664206e+27
iter_0646,4.364682525912371e+27,2.7222933691824398e+26,2.9703932039469216e+25,1.5288486087160504e+21,4.666617323718693e+27
iter_0647,4.3257751117928155e+27,2.7411091006714645e+26,2.6532157807003174e+25,1.1276876073963616e+23,4.6265309484277046e+27
iter_0648,4.385388769154873e+27,2.739594090689148e+26,2.701528209544241e+25,2.421755353588908e+20,4.686363702494766e+27
iter_0649,4.349169056979885e+27,2.6695910387907495e+26,3.477721939539529e+25,3.013329180419784e+20,4.650905681587273e+27
iter_0650,4.3515891530385677e+27,2.7419890271359885e+26,2.715222562105757e+25,1.6878340746768495e+21,4.652941969207298e+27
iter_0651,4.3879183486697516e+27,2.634765551601199e+26,2.920657341285148e+25,2.66762822536549e+21,4.6806041448709484e+27
iter_0652,4.3887403695200844e+27,2.6564404677543233e+26,2.8013009157758926e+25,3.1057625908621096e+20,4.682397736029534e+27
iter_0653,4.3858716685084105e+27,2.679964578547901e+26,2.5527167535106036e+25,1.5713679775195205e+20,4.679395451035104e+27
iter_0654,4.3877713022972414e+27,2.6371029108008218e+26,2.747470646358444e+25,8.004733344305321e+20,4.6789571003142424e+27
iter_0655,4.342321825683994e+27,2.6218685687312477e+26,2.189916417484401e+25,4.2889102445238675e+20,4.6264082756229873e+27
iter_0656,4.354929575670958e+27,2.72024725685857e+26,2.625331062167565e+25,3.660363053516056e+20,4.653207978014797e+27
iter_0657,4.387970711735017e+27,2.7312762018012387e+26,2.6402369331996088e+25,9.428207865117118e+21,4.6875101294550017e+27
iter_0658,4.368565564080988e+27,2.5450595569133077e+26,3.119191149034895e+25,2.66762822536549e+21,4.654266098890893e+27
iter_0659,4.383900773315377e+27,2.814288833052523e+26,2.715410003663195e+25,8.448413714428482e+20,4.692484601498633e+27
iter_0660,4.3316277591647833e+27,2.9108369975400127e+26,3.220622507920446e+25,9.428207865117118e+21,4.6549271122058543e+27
iter_0661,4.345699643416836e+27,2.7442894800508023e+26,3.3125279736164658e+25,7.579539656270626e+21,4.6532614506977373e+27
iter_0662,4.385954281236559e+27,2.565342839750622e+26,2.3215076140326807e+25,2.421755353588908e+20,4.665703883527483e+27
iter_0663,4.335738601183929e+27,2.719634304847862e+26,2.706172192767302e+25,1.3495277924579407e+20,4.6347638885491677e+27
iter_0664,4.293161667191505e+27,2.792153990128496e+26,2.7713054346603683e+25,2.218401850615794e+22,4.600112304569464e+27
iter_0665,4.330579264853609e+27,2.8025432230739925e+26,2.8816343735648314e+25,1.3495277924579407e+20,4.6396500658494364e+27
iter_0666,4.329236444358187e+27,2.6726532239899094e+26,2.8448252804287825e+25,2.292348578969653e+20,4.624950248796324e+27
iter_0667,4.367685081906487e+27,2.6276580414158515e+26,3.310145533280923e+25,8.448413714428482e+20,4.663553186222253e+27
iter_0668,4.3398088962374253e+27,2.7251539375968716e+26,3.2712153298212154e+25,1.7007747521387738e+22,4.6450534510428456e+27
iter_0669,4.330962836539109e+27,2.760852681048613e+26,3.029312414258234e+25,3.660363053516056e+20,4.6373415948228584e+27
iter_0670,4.339508784323256e+27,2.7563656376891362e+26,3.357408073232189e+25,2.5141887640312313e+20,4.6487196802433677e+27
iter_0671,4.3654468999911005e+27,2.6848089449163226e+26,2.7649286049279117e+25,1.5288486087160504e+21,4.6615786093806205e+27
iter_0672,4.3870951455590727e+27,2.6596582142804464e+26,2.851936015771768e+25,2.7730023132697417e+22,4.6816080571679674e+27
iter_0673,4.304160656180926e+27,2.737041964781242e+26,2.457794743176939e+25,2.5881354923850926e+22,4.602468681445744e+27
iter_0674,4.3993274637997606e+27,2.6972577080171674e+26,2.7553116133623203e+25,9.428207865117118e+21,4.6966157789429655e+27
iter_0675,4.2938786428564293e+27,2.6703273082944763e+26,3.2914836854786e+25,8.448413714428482e+20,4.593827055382034e+27
iter_0676,4.2400110186674323e+27,2.751216101751037e+26,2.345411815159618e+25,1.4234745208118002e+22,4.5386009817393407e+27
iter_0677,4.327263501130756e+27,2.704143662269747e+26,2.8381284559205263e+25,2.66762822536549e+21,4.626061819545161e+27
iter_0678,4.401881773818353e+27,2.7534424410597147e+26,2.766064970885027e+25,8.448413714428482e+20,4.7048875124745467e+27
iter_0679,4.35123548890646e+27,2.6048744172907267e+26,2.5320034464625532e+25,3.327602775923692e+22,4.637076241127918e+27
iter_0680,4.370106588180643e+27,2.7539640089848085e+26,2.551215620065845e+25,2.66762822536549e+21,4.671017812908008e+27
iter_0681,4.307563248653066e+27,2.7532056944328374e+26,2.5262575061416415e+25,2.421755353588908e+20,4.608146635333302e+27
iter_0682,4.454910568702037e+27,2.74629109995456e+26,2.8697687368461963e+25,2.1259684401734687e+20,4.758237578662799e+27
iter_0683,4.3157634799793413e+27,2.7941111883986104e+26,2.51047987501887e+25,2.421755353588908e+20,4.620279639744926e+27
iter_0684,4.373551325552795e+27,2.6787641067688225e+26,3.0346558178111424e+25,7.487106245828304e+20,4.6717750431184136e+27
iter_0685,4.2782457546570753e+27,2.667848485496129e+26,3.1016516295586724e+25,4.214963516170008e+20,4.5760475409986266e+27
iter_0686,4.2629881486044525e+27,2.7426628846972066e+26,3.034809910608682e+25,3.974636649019963e+20,4.5676029336439253e+27
iter_0687,4.3159469605736446e+27,2.7104835481098787e+26,2.901987075545849e+25,1.3040505545203173e+22,4.6160282266456365e+27
iter_0688,4.464739451794023e+27,2.6288377586818674e+26,2.6333220538840125e+25,3.660363053516056e+20,4.753956814237355e+27
iter_0689,4.4338434688020636e+27,2.61063611729815e+26,3.3233739592386506e+25,3.1057625908621096e+20,4.728141130700524e+27
iter_0690,4.350527402969863e+27,2.8365509543225128e+26,2.70526966739874e+25,9.243341044232469e+20,4.661236119410206e+27
iter_0691,4.4096478342394214e+27,2.809561359218324e+26,2.571166123894161e+25,1.7007747521387738e+22,4.7163326391477176e+27
iter_0692,4.368834924041913e+27,2.831245031321208e+26,3.014241680976689e+25,2.033535029731145e+22,4.6821221793340977e+27
iter_0693,4.3953349759129366e+27,2.8878216475130264e+26,2.3330379305822565e+25,5.176270984770186e+22,4.7074992826799096e+27
iter_0694,4.32418181790841e+27,2.7603949258636775e+26,3.097214628463807e+25,3.6973364176929885e+22,4.6312304301435927e+27
iter_0695,4.280835736033272e+27,2.795065059492574e+26,2.7415774479904424e+25,7.487106245828304e+20,4.587758765173059e+27
iter_0696,4.3875297884545144e+27,2.870515692009924e+26,2.962580729329293e+25,1.0352541969540362e+22,4.704217517490769e+27
iter_0697,4.386414336229793e+27,2.6490819982402697e+26,2.9331435364633637e+25,2.218401850615794e+22,4.68067615543696e+27
iter_0698,4.364490116584949e+27,2.6690547499890818e+26,3.4284231554349688e+25,3.882203238577639e+22,4.6657186451705927e+27
iter_0699,4.282200525542922e+27,2.6884396358798137e+26,2.2786234683487573e+25,2.218401850615794e+22,4.573852907832897e+27
iter_0700,4.4028263351488045e+27,2.8288421158699987e+26,3.112513630827191e+25,7.487106245828304e+20,4.7168364317547007e+27
iter_0701,4.3557569679130065e+27,2.630554480116613e+26,3.0577191952243437e+25,1.0352541969540368e+20,4.649389711402331e+27
iter_0702,4.401142123944511e+27,2.698760079133349e+26,2.927017589222631e+25,9.243341044232469e+20,4.7002892320841765e+27
iter_0703,4.2953753988456554e+27,2.770469477421938e+26,2.4801320013897514e+25,1.4234745208118002e+22,4.5972379013469546e+27
iter_0704,4.3616568135407485e+27,2.752770753866274e+26,2.505922234041496e+25,4.436803701231584e+19,4.6619931556358274e+27
iter_0705,4.331873357509045e+27,2.778286019181625e+26,3.07168454581038e+25,2.033535029731145e+22,4.640439140235608e+27
iter_0706,4.332254582218501e+27,2.8025294432874707e+26,3.0526367814348824e+25,1.3495277924579407e+20,4.643034029314377e+27
iter_0707,4.3420646204147534e+27,2.7151558616554738e+26,2.65079837745592e+25,3.013329180419784e+20,4.640088491687778e+27
iter_0708,4.3595124227244373e+27,2.770240402425252e+26,2.6884111317265546e+25,2.66762822536549e+21,4.6634232419124534e+27
iter_0709,4.4187334657815e+27,2.8174918641502986e+26,2.9592137296898665e+25,3.327602775923692e+22,4.730108065521188e+27
iter_0710,4.328223482496782e+27,2.8345750528861964e+26,2.85197702605774e+25,5.2317310310355776e+20,4.640201281219082e+27
iter_0711,4.4435144513267337e+27,2.743564390323125e+26,2.6613772914822218e+25,2.033535029731145e+22,4.744504998624166e+27
iter_0712,4.356924845394899e+27,2.7239338602374814e+26,2.713102019733418e+25,2.5881354923850926e+22,4.6564751329709043e+27
iter_0713,4.3868071811900533e+27,2.7152795231492524e+26,2.8401559716928882e+25,3.6973364176929885e+22,4.6867736665860836e+27
iter_0714,4.369745314109104e+27,2.9314636129385874e+26,2.705946672107893e+25,1.0722275611309665e+20,4.6899512493467983e+27
iter_0715,4.309375559118436e+27,2.7221084423950892e+26,2.9309001358209014e+25,3.697336417692988e+19,4.6108954416895176e+27
iter_0716,4.382367106444425e+27,2.7082372340415914e+26,2.6960869741470667e+25,1.0352541969540368e+20,4.680151803115475e+27
iter_0717,4.382810318758737e+27,2.760613043610156e+26,3.1459305082878162e+25,2.033535029731145e+22,4.6903512635529287e+27
iter_0718,4.377737859376786e+27,2.7564963438524024e+26,2.5397251330469726e+25,3.327602775923692e+22,4.6788180211202544e+27
iter_0719,4.363317278562321e+27,2.8681211618823038e+26,2.7077805843486874e+25,3.061394553849793e+21,4.677210261988592e+27
iter_0720,4.3703855998106173e+27,2.838949450593282e+26,3.397032656387664e+25,5.398111169831763e+20,4.6882514112449393e+27
iter_0721,4.310608560330202e+27,2.7537278891937945e+26,2.684664417123603e+25,2.930139111021694e+21,4.612830923559928e+27
iter_0722,4.3214305285098844e+27,2.728396276991259e+26,2.7907548619629017e+25,1.0352541969540362e+22,4.6221880573706084e+27
iter_0723,4.364332858705276e+27,2.6200842571238086e+26,2.7676284079714415e+25,4.566210475850841e+20,4.654018025118419e+27
iter_0724,4.422807284970733e+27,2.6713205745410735e+26,2.3249620100358764e+25,1.0352541969540368e+20,4.713189066050618e+27
iter_0725,4.367055603316605e+27,2.8554118089684454e+26,3.263339701628309e+25,8.004733344305321e+20,4.6852309817030673e+27
iter_0726,4.295568548850846e+27,2.801841122342334e+26,2.4185216220326942e+25,5.176270984770186e+22,4.599989640015254e+27
iter_0727,4.34661483338295e+27,2.542714928029311e+26,2.4822268636793957e+25,1.5713679775195205e+20,4.6257087519594736e+27
iter_0728,4.3326141683293503e+27,2.8412993782468332e+26,3.1474325438343996e+25,3.974636649019963e+20,4.6482188290560424e+27
iter_0729,4.359019870172925e+27,2.8620852853418113e+26,3.223921235434353e+25,9.280314408409398e+20,4.677468539092891e+27
iter_0730,4.37362154562889e+27,2.7778025429509472e+26,2.934130397933881e+25,5.176270984770186e+22,4.6807948666131717e+27
iter_0731,4.3114550235059057e+27,2.7792858130081057e+26,2.1619753478369356e+25,5.176270984770186e+22,4.611055120994933e+27
iter_0732,4.3171976847920964e+27,2.7963899982253892e+26,3.0009302670324754e+25,2.5881354923850926e+22,4.626871868639884e+27
iter_0733,4.3561294230401773e+27,2.5772726970569927e+26,2.6609740279576752e+25,2.66762822536549e+21,4.6404691006536787e+27
iter_0734,4.393642379760273e+27,2.7181273082990746e+26,2.7958465928673135e+25,4.2889102445238675e+20,4.6934140054098774e+27
iter_0735,4.474481401051198e+27,2.6613085018184738e+26,2.8476565015919507e+25,2.7730023132697417e+22,4.7691165462720977e+27
iter_0736,4.3288196136881897e+27,2.8929869238840533e+26,2.9691228436611308e+25,2.5881354923850926e+22,4.64783541586813e+27
iter_0737,4.3125811819672814e+27,2.702038035895725e+26,2.9352475576866107e+25,8.448413714428482e+20,4.612138305975092e+27
iter_0738,4.3319431392877074e+27,2.659824705788165e+26,2.452965562917138e+25,2.033535029731145e+22,4.622475600845992e+27
iter_0739,4.333873083073835e+27,2.6855294821084168e+26,2.620004685745212e+25,1.5713679775195205e+20,4.628626235278927e+27
iter_0740,4.369449095128989e+27,2.7569271184827357e+26,2.921450661484314e+25,8.448413714428482e+20,4.6743571584334765e+27
iter_0741,4.3678156320727557e+27,2.8149631868757087e+26,2.638103649315741e+25,2.7730023132697417e+22,4.675720717276617e+27
iter_0742,4.3845845249176436e+27,2.727299699846059e+26,3.017666807550979e+25,4.566210475850841e+20,4.6874916195988066e+27
iter_0743,4.3889562874203417e+27,2.7035652197878645e+26,2.6120519455018172e+25,1.5528812954310548e+20,4.6854334841422756e+27
iter_0744,4.3325440821222617e+27,2.6705032696056777e+26,3.078641156509335e+25,1.5288486087160504e+21,4.630382349496532e+27
iter_0745,4.268244181605917e+27,2.763784590087e+26,3.0856995997489602e+25,2.7730023132697417e+22,4.575507366635239e+27
iter_0746,4.3855416545679435e+27,2.705513033434832e+26,2.80152570983522e+25,4.214963516170008e+20,4.68410863650613e+27
iter_0747,4.4178815377433096e+27,2.6203792278601394e+26,2.5710916324027184e+25,2.66762822536549e+21,4.705633044481576e+27
iter_0748,4.406487000459114e+27,2.7798290262955787e+26,3.31879496784491e+25,1.7007747521387738e+22,4.7176748605146424e+27
iter_0749,4.370143014568588e+27,2.6765854564869267e+26,3.234427782425837e+25,3.697336417692988e+19,4.6701458750149033e+27
iter_0750,4.3800109479002565e+27,2.8977047656160667e+26,3.441625773806213e+25,5.176270984770186e+22,4.704249444909773e+27
iter_0751,4.3866197435413994e+27,2.6491086675638374e+26,2.477778111888019e+25,3.061394553849793e+21,4.6763114528112175e+27
iter_0752,4.4098420009672553e+27,2.720142616190545e+26,2.9137981389666827e+25,2.930139111021694e+21,4.710997174115088e+27
iter_0753,4.3288305039408467e+27,2.7153734311148133e+26,2.4093456720044287e+25,3.6973364176929885e+22,4.6244982771365495e+27
iter_0754,4.3648979964010566e+27,2.8008075067939565e+26,2.399902665434083e+25,3.327602775923692e+22,4.669011049762552e+27
iter_0755,4.2655920132531025e+27,2.7596003341800333e+26,3.09411899462639e+25,9.98280832777107e+19,4.572493336445453e+27
iter_0756,4.330395469687564e+27,2.6690287380705254e+26,2.7560624024544244e+25,9.98280832777107e+19,4.6248590673472443e+27
iter_0757,4.402007274513758e+27,2.8181627948108953e+26,2.9120287927856486e+25,3.013329180419784e+20,4.7129441432556223e+27
iter_0758,4.3053567552001385e+27,2.601643216672269e+26,2.4769547520881374e+25,2.292348578969653e+20,4.590290853623105e+27
iter_0759,4.3068724639594697e+27,2.7418608549308657e+26,2.656488890991138e+25,4.214963516170008e+20,4.607623859858819e+27
iter_0760,4.335195416901159e+27,2.7509556346578318e+26,2.79459496825295e+25,2.8839224058005304e+20,4.6382372184417125e+27
iter_0761,4.424099687475333e+27,2.780596348539945e+26,2.82356635893469e+25,5.176270984770186e+22,4.7304467486285224e+27
iter_0762,4.4145675955215846e+27,2.6633899953669803e+26,2.316330148688543e+25,4.214963516170008e+20,4.70407031804152e+27
iter_0763,4.381354925146013e+27,2.7917687293428978e+26,2.867453635031053e+25,3.6973364176929885e+22,4.6892433077947905e+27
iter_0764,4.237761462729308e+27,2.9082291248170176e+26,2.786302034856665e+25,9.243341044232469e+20,4.5564483198936806e+27
iter_0765,4.331655026319448e+27,2.901493924915339e+26,2.866473482968013e+25,1.1461742894848263e+22,4.650480615383557e+27
iter_0766,4.326583545679799e+27,2.7526194948402985e+26,2.9449556932037366e+25,2.7730023132697417e+22,4.631322782118999e+27
iter_0767,4.3892137688440345e+27,2.6537754246946846e+26,3.427405618311454e+25,1.4234745208118002e+22,4.6888796022418255e+27
iter_0768,4.3097662179633876e+27,2.7844984647237392e+26,2.384813255478393e+25,1.1276876073963616e+23,4.612176965751285e+27
iter_0769,4.418519055857558e+27,2.7615067633720115e+26,3.112266829466331e+25,2.033535029731145e+22,4.72581273583972e+27
iter_0770,4.414382140689922e+27,2.775962211959647e+26,3.3832369648161956e+25,2.1259684401734687e+20,4.725810944130892e+27
iter_0771,4.3884764084206634e+27,2.7091181441606413e+26,2.9812939097468285e+25,2.292348578969653e+20,4.689201391169054e+27
iter_0772,4.3745949469552413e+27,2.701827938840336e+26,2.544880289271618e+25,1.081470902175199e+21,4.6702276252028935e+27
iter_0773,4.4075443460546864e+27,2.7344848103529084e+26,2.6858186884593362e+25,7.579539656270626e+21,4.707858593514227e+27
iter_0774,4.3770007641019395e+27,2.678897873282426e+26,3.1503168876436954e+25,1.3495277924579407e+20,4.676393855259398e+27
iter_0775,4.3600251225023366e+27,2.7046081178380662e+26,2.571066547636138e+25,1.0352541969540368e+20,4.6561967032879245e+27
iter_0776,4.3629255407798584e+27,2.8163221557854396e+26,2.6963831866721243e+25,1.5288486087160504e+21,4.671523117073732e+27
iter_0777,4.397936445696936e+27,2.8107082997192933e+26,2.7608672688427736e+25,1.0352541969540368e+20,4.706616051882713e+27
iter_0778,4.377287345636128e+27,2.8946864879929387e+26,2.6104827029507836e+25,5.398111169831763e+20,4.6928613612760466e+27
iter_0779,4.384010376478282e+27,2.75693888682831e+26,3.309994938615239e+25,3.6973364176929885e+22,4.6928411879114423e+27
iter_0780,4.317681400764518e+27,2.862717501421276e+26,2.453752965213554e+25,5.2317310310355776e+20,4.6284912037318846e+27
iter_0781,4.350823455580116e+27,2.6921219781638804e+26,2.853113855301778e+25,3.1057625908621096e+20,4.6485671025257807e+27
iter_0782,4.303429302218911e+27,2.7801927873500282e+26,2.602527442107311e+25,1.323646437534089e+21,4.6074751790214244e+27
iter_0783,4.34925665252146e+27,2.65271765001277e+26,2.275737694345344e+25,3.882203238577639e+22,4.637324616498576e+27
iter_0784,4.386990886297939e+27,2.7471941239606627e+26,2.7982292194433956e+25,3.974636649019963e+20,4.6896929883521035e+27
iter_0785,4.449988863782636e+27,2.7424908785107295e+26,3.030081064877823e+25,3.882203238577639e+22,4.7545775843148736e+27
iter_0786,4.3756288360263365e+27,2.7141737568339668e+26,2.350173927231366e+25,2.421755353588908e+20,4.670548193157582e+27
iter_0787,4.3569914477312136e+27,2.796613163786501e+26,3.2159119778817272e+25,4.566210475850841e+20,4.668812340509729e+27
iter_0788,4.350468332081613e+27,2.8363524870290826e+26,2.8721835400375273e+25,5.176270984770186e+22,4.662877178894744e+27
iter_0789,4.367341963826004e+27,2.7537608277085527e+26,3.1129430977342057e+25,2.033535029731145e+22,4.6738678129244995e+27
iter_0790,4.299921666042774e+27,2.7595082530028005e+26,3.013725961737827e+25,1.3040505545203173e+22,4.606022791465978e+27
iter_0791,4.38702180143863e+27,2.6428567842313033e+26,2.7781611174578e+25,8.004733344305321e+20,4.679089891509673e+27
iter_0792,4.3550217599446153e+27,2.7308015536042573e+26,2.6779585470359966e+25,9.243341044232468e+21,4.654890744116445e+27
iter_0793,4.353829915056652e+27,2.683784239167904e+26,2.8175394284296386e+25,2.033535029731145e+22,4.650404068608036e+27
iter_0794,4.315759854377688e+27,2.6517121202972943e+26,2.9361203877308106e+25,1.7007747521387738e+22,4.610309278032247e+27
iter_0795,4.403577365902497e+27,2.730545894076357e+26,2.4591798789169017e+25,2.5881354923850926e+22,4.7012496354542256e+27
iter_0796,4.312573031186805e+27,2.717529454943274e+26,2.598710845413395e+25,3.327602775923692e+22,4.610346361163025e+27
iter_0797,4.3383525092191217e+27,2.8556114578475026e+26,3.1001067070720828e+25,2.5881354923850926e+22,4.654940603429517e+27
iter_0798,4.407443695994771e+27,2.7505818085079353e+26,3.0139046926679976e+25,1.5528812954310548e+20,4.712641079060374e+27
iter_0799,4.2752705730162585e+27,2.6309057811928478e+26,2.5760507542081317e+25,3.974636649019963e+20,4.5641220561412894e+27
iter_0800,4.320105568738925e+27,2.6006901168081816e+26,3.293907534938199e+25,1.5528812954310548e+20,4.6131138110572544e+27
iter_0801,4.381004032565392e+27,2.6744485054700927e+26,2.411635533055232e+25,3.061394553849793e+21,4.672568299837507e+27
iter_0802,4.360462304073403e+27,2.882530416952272e+26,2.465244301468505e+25,2.421755353588908e+20,4.6733680309588504e+27
iter_0803,4.278806248744013e+27,2.7058568593472995e+26,2.824389073196789e+25,9.98280832777107e+19,4.5776359252387936e+27
iter_0804,4.370584147413436e+27,2.7717123036427293e+26,2.9786697433001073e+25,1.6878340746768495e+21,4.677543763044786e+27
iter_0805,4.2920006258728175e+27,2.7187907637812053e+26,3.1648522013892186e+25,9.428207865117118e+21,4.5955376524726956e+27
iter_0806,4.334928745330623e+27,2.8460824324576762e+26,2.9430602313360467e+25,1.323646437534089e+21,4.648968914536189e+27
iter_0807,4.3367842799377794e+27,2.7971062497083784e+26,3.0847499229036726e+25,2.5881354923850926e+22,4.647368285492578e+27
iter_0808,4.330543851413334e+27,2.7971695210742213e+26,2.4628486001962706e+25,1.0722275611309665e+20,4.6348893967454755e+27
iter_0809,4.365581148693369e+27,2.888638742660294e+26,2.9725050237011047e+25,1.0352541969540362e+22,4.684180425738379e+27
iter_0810,4.3758149938950233e+27,2.6845739341930607e+26,2.5663257838543637e+25,2.033535029731145e+22,4.66995598050317e+27
iter_0811,4.304334467919835e+27,2.6164741161970667e+26,3.0514060119773297e+25,2.033535029731145e+22,4.596516275009612e+27
iter_0812,4.373443419561808e+27,2.6958087730542662e+26,2.7366333512769076e+25,4.436803701231584e+19,4.6703906747480403e+27
iter_0813,4.364355065363063e+27,2.7643396234637127e+26,2.7417395604827655e+25,2.033535029731145e+22,4.668226758664559e+27
iter_0814,4.3792393743807115e+27,2.5862431779378623e+26,2.9874686273740025e+25,1.5288486087160504e+21,4.6677399072968464e+27
iter_0815,4.3789225335101486e+27,2.599932089327229e+26,2.28775520094344e+25,5.2317310310355776e+20,4.661793817625409e+27
iter_0816,4.419604800542053e+27,2.7017136247798647e+26,3.1556620063920107e+25,3.1057625908621096e+20,4.7213330936602184e+27
iter_0817,4.4249358333010443e+27,2.8130229405467656e+26,2.6672372307742417e+25,1.5528812954310548e+20,4.7329106549515935e+27
iter_0818,4.3395757910057294e+27,2.8329523654269594e+26,2.5599588481269004e+25,1.323646437534089e+21,4.6484719396761315e+27
iter_0819,4.316875907927925e+27,2.7426250519390796e+26,3.055846341111237e+25,9.243341044232468e+21,4.621706119873989e+27
iter_0820,4.341171515007302e+27,2.608003296909573e+26,3.268632331385687e+25,1.0722275611309665e+20,4.6346582752348716e+27
iter_0821,4.4300286982166477e+27,2.623876639025966e+26,2.664366332779691e+25,1.3040505545203173e+22,4.719073065952587e+27
iter_0822,4.3727193931768677e+27,2.7651426886254702e+26,3.2750453660199573e+25,2.292348578969653e+20,4.6819843449344727e+27
iter_0823,4.3574540368282643e+27,2.7472682757350577e+26,2.5429282060165194e+25,3.882203238577639e+22,4.657648968494321e+27
iter_0824,4.4135521071475126e+27,2.8601607617248116e+26,3.2357214874238787e+25,1.7007747521387738e+22,4.731942405941754e+27
iter_0825,4.3613003872202613e+27,2.601082905627639e+26,3.4653876034933026e+25,5.2317310310355776e+20,4.6560630769910614e+27
iter_0826,4.3528086795266515e+27,2.7478567643151882e+26,2.992802658326397e+25,8.817962489376884e+22,4.6576105621663284e+27
iter_0827,4.308064218638779e+27,2.9549323457366624e+26,3.4238947212364325e+25,2.5141887640312313e+20,4.6377966518436857e+27
iter_0828,4.4103276739961745e+27,2.6609861133567402e+26,3.0833405874559593e+25,9.280314408409398e+20,4.707260619237848e+27
iter_0829,4.298367882693225e+27,2.957597918418515e+26,3.318383300490712e+25,9.280314408409398e+20,4.6273124355714246e+27
iter_0830,4.295293025592849e+27,2.830085411393999e+26,3.179627232292272e+25,5.176270984770186e+22,4.610149601765019e+27
iter_0831,4.3363714409785363e+27,2.8991523478296097e+26,2.8811768588052156e+25,2.033535029731145e+22,4.655118779699847e+27
iter_0832,4.361872454962988e+27,2.8752318904772983e+26,3.2958111993381973e+25,9.280314408409398e+20,4.682354684035541e+27
iter_0833,4.3321551636217746e+27,2.7985494640672976e+26,3.050130579018486e+25,8.448413714428482e+20,4.642512260660061e+27
iter_0834,4.2967758679169623e+27,2.8468134421040507e+26,2.618114378818827e+25,1.323646437534089e+21,4.607639679561993e+27
iter_0835,4.357149546769786e+27,2.770812910904272e+26,2.82918247999217e+25,4.214963516170008e+20,4.662523084156487e+27
iter_0836,4.41962654891702e+27,2.753040384499816e+26,2.9515462006512948e+25,1.323646437534089e+21,4.7244473730199515e+27
iter_0837,4.4412760900179547e+27,2.666343456805572e+26,3.01734830718475e+25,3.974636649019963e+20,4.738084316234024e+27
iter_0838,4.318944979222027e+27,2.8945440095584174e+26,3.2254536742033844e+25,5.398111169831763e+20,4.6406544567310185e+27
iter_0839,4.4141603096758173e+27,2.5851998264421404e+26,3.085753810907998e+25,5.176270984770186e+22,4.7035895931389586e+27
iter_0840,4.3210847677574765e+27,2.6868575042488305e+26,2.9553892710417624e+25,1.4234745208118002e+22,4.619338645637985e+27
iter_0841,4.3772242439069794e+27,2.7885134905853644e+26,2.4116001783993518e+25,2.292348578969653e+20,4.680191823984367e+27
iter_0842,4.3893052813402197e+27,2.656946718874622e+26,2.757536208994719e+25,9.243341044232469e+20,4.682576239651734e+27
iter_0843,4.415192589536133e+27,2.7516043133671606e+26,2.872507617870343e+25,4.566210475850841e+20,4.7190785536726e+27
iter_0844,4.391366270859943e+27,2.7057753105530764e+26,2.7637251982725402e+25,2.421755353588908e+20,4.689581296073511e+27
iter_0845,4.4151679547790664e+27,2.6760662467996697e+26,2.6868894412154477e+25,3.1057625908621096e+20,4.709643784447447e+27
iter_0846,4.442638660013925e+27,2.7500116101399593e+26,3.0778107370167557e+25,3.061394553849793e+21,4.748420989792643e+27
iter_0847,4.358168262023414e+27,2.652207416631945e+26,3.279334863277072e+25,1.7007747521387738e+22,4.6561993600669005e+27
iter_0848,4.328824857119229e+27,2.6888611420877215e+26,3.0299521365817622e+25,9.428207865117118e+21,4.628019920901684e+27
iter_0849,4.37770180772189e+27,2.7075455438929287e+26,2.84290398361315e+25,2.033535029731145e+22,4.676905737297611e+27
iter_0850,4.402901537367645e+27,2.7161521115113137e+26,2.882518391720002e+25,5.176270984770186e+22,4.703393695145824e+27
iter_0851,4.2847469284986753e+27,2.718970312754911e+26,3.226331306469731e+25,1.3495277924579407e+20,4.588907407791643e+27
iter_0852,4.274197707449528e+27,2.7153060949402996e+26,3.2512079392845038e+25,2.421755353588908e+20,4.578240638511938e+27
iter_0853,4.315264698723682e+27,2.7527541598326762e+26,2.987423601719176e+25,2.5881354923850926e+22,4.620440232079065e+27
iter_0854,4.3484843884680815e+27,2.6875678823660016e+26,2.7092931443976144e+25,4.2889102445238675e+20,4.6443345370396817e+27
iter_0855,4.386553315194484e+27,2.749854010074127e+26,2.6673569640485535e+25,1.5288486087160504e+21,4.688213814690991e+27
iter_0856,4.273459135198295e+27,2.9002725318980614e+26,2.6480050109245712e+25,3.013329180419784e+20,4.5899667398302655e+27
iter_0857,4.325753292563309e+27,2.696013132371087e+26,2.7130655288403904e+25,3.1057625908621096e+20,4.622485571665081e+27
iter_0858,4.3227833103043255e+27,2.721089796277551e+26,2.3007217094368354e+25,5.398111169831763e+20,4.6179000468375655e+27
iter_0859,4.348764146148614e+27,2.7038226542073502e+26,2.8663726185564127e+25,2.66762822536549e+21,4.6478128053831385e+27
iter_0860,4.3662424646176195e+27,2.634109349201905e+26,2.7831721778987925e+25,9.280314408409398e+20,4.6574860493482386e+27
iter_0861,4.413293158419869e+27,2.696209888414743e+26,3.350693565515129e+25,9.243341044232468e+21,4.716430326257539e+27
iter_0862,4.3501038949325235e+27,2.9959945382964647e+26,2.9047614305465863e+25,2.218401850615794e+22,4.6787731470861413e+27
iter_0863,4.3232803188244486e+27,2.6966137300491112e+26,2.990741608370684e+25,2.5881354923850926e+22,4.6228749892679907e+27
iter_0864,4.382579236109016e+27,2.79438943496063e+26,3.4057822272899334e+25,3.013329180419784e+20,4.696076303210896e+27
iter_0865,4.403994617703926e+27,2.618585429068218e+26,2.8939947971651334e+25,1.1276876073963616e+23,4.694905877343139e+27
iter_0866,4.3354985871680034e+27,2.7249515773155902e+26,2.4402540872571188e+25,3.1057625908621096e+20,4.6323965963483924e+27
iter_0867,4.381356741390592e+27,2.6753980740360667e+26,3.5075417458179505e+25,9.280314408409398e+20,4.683972894283819e+27
iter_0868,4.3579810200415856e+27,2.8659680890126348e+26,2.7521478455295105e+25,5.2317310310355776e+20,4.672099830571247e+27
iter_0869,4.35851472187827e+27,2.6493970830632572e+26,2.852993741379923e+25,3.882203238577639e+22,4.652023189630781e+27
iter_0870,4.441111979581073e+27,2.7687860589728984e+26,2.760995612758104e+25,9.98280832777107e+19,4.745600641434027e+27
iter_0871,4.3863849775786073e+27,2.8370124193057082e+26,2.9128182367973168e+25,3.974636649019963e+20,4.6992147993408157e+27
iter_0872,4.339116898598642e+27,2.788761072189204e+26,2.940870466025593e+25,3.660363053516056e+20,4.6474020765141233e+27
iter_0873,4.325766043078576e+27,2.736869845520336e+26,2.895870741580044e+25,3.697336417692988e+19,4.6284117720197744e+27
iter_0874,4.28391874964193e+27,2.69555332194244e+26,3.1344301328435155e+25,8.004733344305321e+20,4.584819183637944e+27
iter_0875,4.387767812297539e+27,2.7574331930622525e+26,3.116417158221588e+25,7.487106245828304e+20,4.694676051896604e+27
iter_0876,4.358391222490791e+27,2.711965368088937e+26,2.9102380943109885e+25,8.448413714428482e+20,4.658690985084165e+27
iter_0877,4.3917374171060103e+27,2.7855950041529543e+26,2.9809764963258427e+25,1.7007747521387738e+22,4.700123690232086e+27
iter_0878,4.3477529704201305e+27,2.8395097804675852e+26,2.7565214936586213e+25,9.280314408409398e+20,4.659270091434916e+27
iter_0879,4.3472767788390617e+27,2.7268723406329255e+26,3.256393141305032e+25,2.1259684401734687e+20,4.6525281569122486e+27
iter_0880,4.3226125761058856e+27,2.660624284254481e+26,2.525633685182314e+25,7.487106245828304e+20,4.613932090093781e+27
iter_0881,4.324012817916838e+27,2.660544132660708e+26,2.7213198001307432e+25,8.817962489376884e+22,4.61736860880911e+27
iter_0882,4.3872795965247033e+27,2.667833802350039e+26,2.9617307692090585e+25,1.5288486087160504e+21,4.6836818133004065e+27
iter_0883,4.352410405996586e+27,2.7554533091056275e+26,3.308097331809999e+25,2.292348578969653e+20,4.661036939460106e+27
iter_0884,4.3563550355295535e+27,2.8940608430088477e+26,3.3070767802101098e+25,2.5881354923850926e+22,4.678857768987463e+27
iter_0885,4.3086102380228156e+27,2.798431137495564e+26,3.072273116305125e+25,1.6878340746768495e+21,4.6191777707694985e+27
iter_0886,4.429096211034156e+27,2.759356542379133e+26,3.3930040167144396e+25,4.566210475850841e+20,4.738962362060261e+27
iter_0887,4.351233119163595e+27,2.729531187517851e+26,3.3983599440523984e+25,4.436803701231584e+19,4.658169881723941e+27
iter_0888,4.3349351915070126e+27,2.7609489362303905e+26,2.7333970533944116e+25,2.5881354923850926e+22,4.63838993701892e+27
iter_0889,4.3684446218220966e+27,2.769754050991176e+26,2.893492181784224e+25,9.428207865117118e+21,4.6743643769469216e+27
iter_0890,4.401224022385556e+27,2.7006339806860533e+26,3.04215680940879e+25,4.566210475850841e+20,4.7017094451692974e+27
iter_0891,4.301191203501258e+27,2.5946708719030256e+26,2.8907221602170947e+25,2.033535029731145e+22,4.589585847644028e+27
iter_0892,4.302461522870273e+27,2.657722589452314e+26,2.453029668977091e+25,5.176270984770186e+22,4.592815841215123e+27
iter_0893,4.383614582091935e+27,2.652512546712744e+26,2.6537846603511395e+25,4.2889102445238675e+20,4.6754041122577455e+27
iter_0894,4.431848569369009e+27,2.5476407545245812e+26,3.3114019266314256e+25,5.398111169831763e+20,4.7197272038988983e+27
iter_0895,4.314405142880593e+27,2.7391071793656843e+26,2.67266917944935e+25,1.3495277924579407e+20,4.615042687564435e+27
iter_0896,4.363793987759223e+27,2.796140962589361e+26,2.5138369159715085e+25,9.243341044232469e+20,4.6685473775119784e+27
iter_0897,4.3784680395495756e+27,2.6297164052728135e+26,2.8897120239664668e+25,2.5141887640312313e+20,4.6703370517353983e+27
iter_0898,4.3051415593536663e+27,2.677754808849702e+26,2.5193605766214666e+25,5.398111169831763e+20,4.5981111858159683e+27
iter_0899,4.4779188291254586e+27,2.7734254973837492e+26,2.801572203369879e+25,2.033535029731145e+22,4.783297436247829e+27
iter_0900,4.3378645205932684e+27,2.5738255504412372e+26,2.8597588673177363e+25,2.8839224058005304e+20,4.6238449527028104e+27
iter_0901,4.3488918489466484e+27,2.6920127503960742e+26,2.927338166308847e+25,2.7730023132697417e+22,4.647394235672478e+27
iter_0902,4.3386460652561344e+27,2.710766491325196e+26,2.5421138691172474e+25,1.7007747521387738e+22,4.6351608608273483e+27
iter_0903,4.3500101700743183e+27,2.7090263399468522e+26,3.3239686006962335e+25,1.3495277924579407e+20,4.6541526250287455e+27
iter_0904,4.3380860735158937e+27,2.6819981730190322e+26,2.504099634299673e+25,3.6973364176929885e+22,4.631363860524971e+27
iter_0905,4.37700447893878e+27,2.767609991226872e+26,3.1970049567656606e+25,1.5528812954310548e+20,4.6857356829172533e+27
iter_0906,4.3197555657288826e+27,2.6508720402192308e+26,2.8665024813328295e+25,5.398111169831763e+20,4.613508334375251e+27
iter_0907,4.3295339425507494e+27,2.722116305345938e+26,2.543204402367893e+25,5.398111169831763e+20,4.6271781569201395e+27
iter_0908,4.425342673433733e+27,2.7334567552685915e+26,3.1495482812280943e+25,3.697336417692988e+19,4.7301838687462373e+27
iter_0909,4.368696570916034e+27,2.6404425244418355e+26,3.173212214581748e+25,1.0352541969540362e+22,4.664483298048005e+27
iter_0910,4.396464043489856e+27,2.6438639713281323e+26,2.68705331518962e+25,1.5713679775195205e+20,4.6877211309113636e+27
iter_0911,4.402162369664108e+27,2.6594941042469186e+26,3.075875728130367e+25,7.487106245828304e+20,4.6988712860807275e+27
iter_0912,4.384991453158602e+27,2.912950732769175e+26,2.558571094586589e+25,1.0722275611309665e+20,4.701872344604142e+27
iter_0913,4.3973848609559717e+27,2.724642699876907e+26,2.5226804322860036e+25,9.243341044232468e+21,4.695085178607565e+27
iter_0914,4.3174572373198806e+27,2.5809947853595947e+26,2.933039944015111e+25,3.327602775923692e+22,4.6049203913237505e+27
iter_0915,4.378013464911553e+27,2.6533273439240246e+26,2.85126204242235e+25,1.1461742894848263e+22,4.671870281471073e+27
iter_0916,4.3340049105098065e+27,2.914605544701575e+26,2.6078387246282967e+25,2.292348578969653e+20,4.6515440814611054e+27
iter_0917,4.35190510716741e+27,2.8173808567663554e+26,2.7757121874815584e+25,9.243341044232469e+20,4.6614012390529655e+27
iter_0918,4.359357376391203e+27,2.6976473805047642e+26,2.8694865718878837e+25,5.176270984770186e+22,4.657868742870406e+27
iter_0919,4.339275807981247e+27,2.6847481354361306e+26,3.4592075197633005e+25,9.243341044232469e+20,4.6423436210565976e+27
iter_0920,4.3540599198007665e+27,2.8181022489811204e+26,3.128042810988347e+25,2.033535029731145e+22,4.667170908159059e+27
iter_0921,4.3111331744599334e+27,2.646899649820917e+26,3.106571946324415e+25,2.033535029731145e+22,4.6069091942555664e+27
iter_0922,4.437050324661869e+27,2.8278575884570735e+26,2.579039334462753e+25,1.081470902175199e+21,4.745627558323106e+27
iter_0923,4.3763090158645093e+27,2.7320766385903772e+26,2.341404632894343e+25,9.280314408409398e+20,4.6729316540839315e+27
iter_0924,4.3513892423680194e+27,2.771178640192762e+26,3.6379166046120786e+25,2.292348578969653e+20,4.664886501668274e+27
iter_0925,4.362138932531581e+27,2.7462067168015225e+26,3.2485300247912586e+25,1.6878340746768495e+21,4.669246592293721e+27
iter_0926,4.3219785573189824e+27,2.6870419125080952e+26,3.0565755743688977e+25,2.5881354923850926e+22,4.6212743856684043e+27
iter_0927,4.2868770520520726e+27,2.735010481449037e+26,3.008779257619257e+25,9.98280832777107e+19,4.590465992601252e+27
iter_0928,4.3120331635188645e+27,2.7268590475402725e+26,2.8227286114312075e+25,1.323646437534089e+21,4.612947678033641e+27
iter_0929,4.3846542763575265e+27,2.7941894001015704e+26,2.9101960477818665e+25,9.428207865117118e+21,4.6931846050533664e+27
iter_0930,4.3127021167898154e+27,2.7100939571957677e+26,3.068982917203831e+25,1.5528812954310548e+20,4.6144014969695604e+27
iter_0931,4.326601577161893e+27,2.7037416516260156e+26,2.5433726956460574e+25,1.5713679775195205e+20,4.622409626417753e+27
iter_0932,4.330248054740493e+27,2.7753177954334764e+26,2.6820779181282135e+25,4.2889102445238675e+20,4.634601042356148e+27
iter_0933,4.4375104598904363e+27,2.7978046072305896e+26,3.090232711229784e+25,3.061394553849793e+21,4.748196309120347e+27
iter_0934,4.4369356817111787e+27,2.803296961399586e+26,2.6633956991852926e+25,8.004733344305321e+20,4.743900135316325e+27
iter_0935,4.432912753930703e+27,2.532928479811789e+26,2.881565541118839e+25,5.176270984770186e+22,4.715073020032917e+27
iter_0936,4.3562648291927793e+27,2.71247025377654e+26,2.8484691157714496e+25,2.033535029731145e+22,4.656016881078445e+27
iter_0937,4.333366101979828e+27,2.7924993853415895e+26,2.9527791906607356e+25,1.0722275611309665e+20,4.64214393964335e+27
iter_0938,4.360868863765056e+27,2.9115212590452113e+26,2.9655451313902037e+25,8.448413714428482e+20,4.681677285824851e+27
iter_0939,4.343873048056846e+27,2.8551093157541062e+26,3.163933389123787e+25,1.5288486087160504e+21,4.661024842372103e+27
iter_0940,4.334107048217133e+27,2.74807209790941e+26,3.0893835530499378e+25,2.421755353588908e+20,4.639808335714109e+27
iter_0941,4.337413297335496e+27,2.7439489198552117e+26,2.5591105597650702e+25,3.061394553849793e+21,4.637402356313222e+27
iter_0942,4.3773536422671596e+27,2.6381637296140435e+26,2.865142822382263e+25,7.579539656270626e+21,4.669829022992043e+27
iter_0943,4.356392623851032e+27,2.6694833854684966e+26,2.711183608367962e+25,2.5141887640312313e+20,4.6504530499004375e+27
iter_0944,4.373517815961489e+27,2.617000381127073e+26,2.72881058650223e+25,3.1057625908621096e+20,4.6625062705154774e+27
iter_0945,4.283835297329963e+27,2.598184856427418e+26,2.8716995691562123e+25,9.243341044232468e+21,4.5723800220053106e+27
iter_0946,4.4134353369003204e+27,2.6996293808821356e+26,2.916703536409755e+25,1.4974212491656592e+22,4.712580284565123e+27
iter_0947,4.382548072504518e+27,2.7082338380648804e+26,3.212283012816191e+25,1.5288486087160504e+21,4.685495815287777e+27
iter_0948,4.3056146168221945e+27,2.659900957142697e+26,3.1294043037968605e+25,2.033535029731145e+22,4.60291909092473e+27
iter_0949,4.334161406136124e+27,2.8825335142316857e+26,2.947341784200943e+25,1.3040505545203173e+22,4.651901215906847e+27
iter_0950,4.410267248751551e+27,2.7454299340248307e+26,2.697224804913268e+25,1.1461742894848263e+22,4.7117939519460613e+27
iter_0951,4.340041781206266e+27,2.7565207586969222e+26,2.9729052666538826e+25,9.98280832777107e+19,4.6454230095705795e+27
iter_0952,4.347016949194843e+27,2.6049854080671625e+26,2.4637674964035776e+25,2.292348578969653e+20,4.632153394200452e+27
iter_0953,4.3699354026314173e+27,2.872724787684646e+26,2.655672541797367e+25,4.566210475850841e+20,4.6837650634389037e+27
iter_0954,4.330411742504969e+27,2.7080769216254908e+26,3.0248432953556686e+25,2.66762822536549e+21,4.6314705352493006e+27
iter_0955,4.4192007678617524e+27,2.7961666553372126e+26,2.6049606559131465e+25,3.974636649019963e+20,4.72486743741827e+27
iter_0956,4.310384898108846e+27,2.76776225756631e+26,2.9852812330836254e+25,1.0722275611309665e+20,4.61701404341907e+27
iter_0957,4.4434114471499915e+27,2.8021534166308112e+26,3.1037545732333555e+25,3.061394553849793e+21,4.7546673959399603e+27
iter_0958,4.410948047818365e+27,2.8529649687075338e+26,3.1960153898361068e+25,1.4974212491656592e+22,4.728219672799971e+27
iter_0959,4.375372987428322e+27,2.7756158183733628e+26,3.390252979504234e+25,9.428207865117118e+21,4.686846527268566e+27
iter_0960,4.382257620385717e+27,2.928827370012527e+26,3.0389614854364594e+25,2.5881354923850926e+22,4.7055558535962586e+27
iter_0961,4.379145355136199e+27,2.8010622014498778e+26,2.6026096319554184e+25,3.013329180419784e+20,4.685277972933658e+27
iter_0962,4.311719516094993e+27,2.8037159374728823e+26,3.4484519875708013e+25,8.817962489376884e+22,4.6266638093428825e+27
iter_0963,4.2674511156406446e+27,2.5097906304816297e+26,3.3718385978979272e+25,2.033535029731145e+22,4.552168900018084e+27
iter_0964,4.4042079640675166e+27,2.5452059459138832e+26,2.065711325572872e+25,1.3040505545203173e+22,4.679398712420179e+27
iter_0965,4.375054749598018e+27,2.7645695237596403e+26,2.308800430074247e+25,1.5528812954310548e+20,4.674599861562854e+27
iter_0966,4.416619729980908e+27,2.7384600489092965e+26,3.2777521359935214e+25,2.5141887640312313e+20,4.72324350765065e+27
iter_0967,4.328411268918887e+27,2.7073225222006986e+26,2.7909582774460566e+25,3.327602775923692e+22,4.627086379941176e+27
iter_0968,4.304361611601946e+27,2.7963037546270037e+26,2.290645856226341e+25,8.448413714428482e+20,4.6068992904682816e+27
iter_0969,4.347810148323528e+27,2.7870594795666097e+26,3.3410044619888524e+25,1.323646437534089e+21,4.6599274645465147e+27
iter_0970,4.3236009205836453e+27,2.799039535994441e+26,2.2443654411960465e+25,3.882203238577639e+22,4.625987350627436e+27
iter_0971,4.3537870267153707e+27,2.8528976955542542e+26,2.399473282890615e+25,8.004733344305321e+20,4.663072329573037e+27
iter_0972,4.3531078628934354e+27,2.8103961366066663e+26,3.4292478148285396e+25,1.3040505545203173e+22,4.668452995207933e+27
iter_0973,4.3537292313386197e+27,2.7774278375641504e+26,2.614429282060243e+25,1.7007747521387738e+22,4.657633315663158e+27
iter_0974,4.370547177581004e+27,2.8249349942019867e+26,2.551015208969878e+25,1.081470902175199e+21,4.6785519105618034e+27
iter_0975,4.2822750561772187e+27,2.8397955783972858e+26,3.062491303431908e+25,1.0722275611309665e+20,4.596879634274023e+27
iter_0976,4.349247445849321e+27,2.7868593763535478e+26,2.759348946652113e+25,4.566210475850841e+20,4.6555273295722445e+27
iter_0977,4.326659918597924e+27,2.6374354178837464e+26,2.8929390680212836e+25,3.974636649019963e+20,4.619333248530177e+27
iter_0978,4.298638447598073e+27,2.6474680012776626e+26,3.497234360130602e+25,3.6973364176929885e+22,4.598394564691322e+27
iter_0979,4.354147916557365e+27,2.650885206132382e+26,3.270585996484623e+25,7.487106245828304e+20,4.6519430458460734e+27
iter_0980,4.3747688667447647e+27,2.7325356431350058e+26,3.055485353847613e+25,1.1276876073963616e+23,4.678690053357481e+27
iter_0981,4.3022460153709687e+27,2.7450079056354257e+26,2.990307604697763e+25,2.421755353588908e+20,4.6066501241570247e+27
iter_0982,4.362581009768492e+27,2.725775450709544e+26,2.783512666544276e+25,1.1461742894848263e+22,4.663005143247784e+27
iter_0983,4.3733952304109635e+27,2.7066866109723744e+26,2.7420611103429535e+25,4.436803701231584e+19,4.671484546979667e+27
iter_0984,4.3670539111937846e+27,2.7079806619141564e+26,2.747431203510853e+25,9.243341044232469e+20,4.665327213754413e+27
iter_0985,4.3442281755679485e+27,2.8402076797151233e+26,2.8894320511799413e+25,2.292348578969653e+20,4.6571434932861184e+27
iter_0986,4.3719362376899044e+27,2.758238683036367e+26,2.37819321989038e+25,9.98280832777107e+19,4.6715421380205284e+27
iter_0987,4.2570375227524415e+27,2.811753892748871e+26,3.126218622312824e+25,2.421755353588908e+20,4.569475340425993e+27
iter_0988,4.4281022937131975e+27,2.6984373520231112e+26,3.132896385260778e+25,3.327602775923692e+22,4.7293082687958757e+27
iter_0989,4.4038007591632054e+27,2.60364395549508e+26,2.3011061506034044e+25,7.579539656270626e+21,4.6871837957584046e+27
iter_0990,4.407784800986718e+27,2.6169827297192165e+26,2.636559907304893e+25,3.013329180419784e+20,4.695848974364607e+27
iter_0991,4.3922343405661316e+27,2.8176810339932083e+26,2.975393018800588e+25,2.033535029731145e+22,4.7037767095037557e+27
iter_0992,4.3205946250647863e+27,2.7183223777770624e+26,3.2962186410147407e+25,3.1057625908621096e+20,4.625389359828899e+27
iter_0993,4.3155882250939486e+27,2.6018527864549577e+26,3.0654144021650064e+25,9.243341044232469e+20,4.6064285720951994e+27
iter_0994,4.37316608573154e+27,2.8509947218745303e+26,2.546233504097089e+25,2.033535029731145e+22,4.683748228310261e+27
iter_0995,4.357975847425612e+27,2.6531011262519743e+26,2.6037403732155606e+25,9.280314408409398e+20,4.649324291814405e+27
iter_0996,4.3860781406587567e+27,2.727222574867978e+26,2.999920041108916e+25,2.1259684401734687e+20,4.688799811153488e+27
iter_0997,4.3150105077865105e+27,3.016879466818923e+26,2.369955190984949e+25,1.6878340746768495e+21,4.640399694212327e+27
iter_0998,4.366065534309657e+27,2.8044078089426125e+26,2.816883840511631e+25,9.428207865117118e+21,4.6746845818169e+27
iter_0999,4.35363339339761e+27,2.710278022086719e+26,3.4452203201365804e+25,2.033535029731145e+22,4.6591337341579453e+27
iter_1000,4.32106962104255e+27,2.756621966732663e+26,2.6097426614631466e+25,8.004733344305321e+20,4.6228300448037823e+27
