iter,Upper Crust,Middle Crust,Lower Crust,Mantle,Total
iter_0001,7.952357292303809e+27,7.66521088297599e+26,2.4108386811575015e+24,3.660363053516056e+20,8.72128958531887e+27
iter_0002,7.991300724674731e+27,7.70612834055779e+26,2.103761160195824e+24,1.57136797751952e+20,8.764017477027504e+27
iter_0003,8.059538495193315e+27,7.661528242015387e+26,2.1273440055744847e+24,1.5528812954310545e+20,8.827818818688557e+27
iter_0004,8.067269910086901e+27,7.681917078262309e+26,2.212754687660811e+24,7.579539656270625e+21,8.837681952140449e+27
iter_0005,8.015633156008187e+27,7.610480371693999e+26,2.2257863494859495e+24,2.2923485789696528e+20,8.778907208761932e+27
iter_0006,7.982225530219775e+27,7.74964309226462e+26,2.0737705244444722e+24,1.0352541969540366e+20,8.759263713496101e+27
iter_0007,7.994773153354249e+27,7.625777774104608e+26,2.0709839462313896e+24,3.0133291804197834e+20,8.759422216043859e+27
iter_0008,7.914009462522828e+27,7.620474077820587e+26,1.9769821697726305e+24,1.6878340746768493e+21,8.678035540308734e+27
iter_0009,8.02557054244621e+27,7.604252480424527e+26,2.327923242412741e+24,9.243341044232467e+20,8.788324638065181e+27
iter_0010,8.085063303623974e+27,7.588277549303695e+26,2.1468274924642177e+24,2.88392240580053e+20,8.846038174439049e+27
iter_0011,8.023583383383762e+27,7.624469925691459e+26,2.0901055114079362e+24,7.579539656270625e+21,8.788128061003971e+27
iter_0012,8.001744121508205e+27,7.60176958987531e+26,2.1345154045995135e+24,4.288910244523867e+20,8.76405602479136e+27
iter_0013,8.038646908453263e+27,7.630658034999692e+26,2.3606350742934916e+24,4.436803701231583e+19,8.804073391395562e+27
iter_0014,7.966911079901077e+27,7.734881590351156e+26,2.3296732263143985e+24,4.436803701231583e+19,8.742728956530545e+27
iter_0015,8.077836496844799e+27,7.630948242001126e+26,2.1437308796658742e+24,9.982808327771069e+19,8.84307515175266e+27
iter_0016,7.994942913780455e+27,7.758176528402586e+26,2.604100280423205e+24,7.579539656270625e+21,8.773372246440792e+27
iter_0017,7.96928236674113e+27,7.630404030625188e+26,2.221551580530792e+24,9.982808327771069e+19,8.734544421212263e+27
iter_0018,7.966378493109924e+27,7.616676793371821e+26,2.4424673126745066e+24,7.487106245828303e+20,8.730489388470405e+27
iter_0019,7.973464877388146e+27,7.880775780618206e+26,2.2566318495102163e+24,1.3495277924579403e+20,8.763799222252257e+27
iter_0020,8.03539029474893e+27,7.618550170244851e+26,2.3147051802875482e+24,2.2923485789696528e+20,8.799560246188561e+27
iter_0021,8.018028774779219e+27,7.747385338886306e+26,2.2176508361218337e+24,1.5288486087160501e+21,8.79498648835258e+27
iter_0022,8.035359741470086e+27,7.557694689967408e+26,2.1262957478436828e+24,1.3040505545203173e+22,8.793268546720216e+27
iter_0023,7.951378214089983e+27,7.699590611253732e+26,2.1173923020450166e+24,1.5528812954310545e+20,8.723454822805531e+27
iter_0024,8.069334195603077e+27,7.625549040577918e+26,2.3081260128470404e+24,1.3040505545203173e+22,8.834210266179261e+27
iter_0025,8.017163851914709e+27,7.662974186700895e+26,2.1134349789036448e+24,9.243341044232467e+20,8.785575629897807e+27
iter_0026,8.008049393178088e+27,7.793787133080418e+26,2.3598863809132727e+24,1.3040505545203173e+22,8.789801033372589e+27
iter_0027,8.014454009557391e+27,7.724965507115968e+26,2.4647811535402815e+24,4.436803701231583e+19,8.789415385790566e+27
iter_0028,8.026897268508532e+27,7.62808368713317e+26,2.473303631396765e+24,1.0722275611309665e+20,8.792179048076003e+27
iter_0029,8.059365644657436e+27,7.64756570621688e+26,2.296740559693988e+24,2.88392240580053e+20,8.826419244231059e+27
iter_0030,7.97894239393612e+27,7.62628610217235e+26,2.3217554002621088e+24,8.00473334430532e+20,8.743893560026953e+27
iter_0031,7.998889978961463e+27,7.600983158075107e+26,2.1416052968476994e+24,3.0133291804197834e+20,8.761130201398739e+27
iter_0032,7.940447389913117e+27,7.685428191005978e+26,2.0821394760845745e+24,1.3495277924579403e+20,8.711072483442579e+27
iter_0033,7.991656358251489e+27,7.649566554279867e+26,2.1802556148450835e+24,3.0133291804197834e+20,8.758793570627238e+27
iter_0034,8.016942951136706e+27,7.774147201080883e+26,2.1781991361185112e+24,4.436803701231583e+19,8.79653591474895e+27
iter_0035,7.929223854081602e+27,7.671693097493967e+26,2.3733822116437288e+24,1.5528812954310545e+20,8.698766701330772e+27
iter_0036,7.866367766573831e+27,7.631805664451672e+26,2.2769269661116398e+24,4.288910244523867e+20,8.631825688876134e+27
iter_0037,7.901182769055733e+27,7.665622702911758e+26,2.3985261173806278e+24,3.0133291804197834e+20,8.670143866797207e+27
iter_0038,7.973893683134801e+27,7.716404437127263e+26,2.330795094583487e+24,3.0133291804197834e+20,8.747865223275028e+27
iter_0039,7.944621369508856e+27,7.597908267512525e+26,2.116153683213726e+24,8.817962489376882e+22,8.706616529568216e+27
iter_0040,7.931727076197883e+27,7.672161360328041e+26,2.0139676791010685e+24,1.0722275611309665e+20,8.700957287132545e+27
iter_0041,8.119777195870752e+27,7.72774584210337e+26,2.2181093857953435e+24,1.3040505545203173e+22,8.89478292997243e+27
iter_0042,7.991370586104951e+27,7.650418847371477e+26,1.9101400804832967e+24,3.660363053516056e+20,8.758322976958887e+27
iter_0043,8.01732283105099e+27,7.653968702224304e+26,2.2250352556403168e+24,1.0722275611309665e+20,8.784944843751818e+27
iter_0044,8.038668718729563e+27,7.570938964050053e+26,2.2460934039633904e+24,1.3040505545203173e+22,8.798021749044078e+27
iter_0045,8.063596372600175e+27,7.757046124788725e+26,2.3100178866657705e+24,9.982808327771069e+19,8.841611102793796e+27
iter_0046,7.975709391153553e+27,7.653871340091083e+26,2.346074072301431e+24,3.697336417692988e+19,8.743442636208327e+27
iter_0047,7.99566638193698e+27,7.732103064067788e+26,2.387290459260047e+24,9.982808327771069e+19,8.771264078631103e+27
iter_0048,7.991308707096635e+27,7.718438947997027e+26,2.1477549684449026e+24,1.0352541969540366e+20,8.765300460390203e+27
iter_0049,7.967752173654834e+27,7.718517341780136e+26,2.198264862004136e+24,1.0352541969540366e+20,8.741802276220271e+27
iter_0050,7.990596125593472e+27,7.640603261663052e+26,2.6773448897162953e+24,1.6878340746768493e+21,8.757335484483568e+27
iter_0051,7.966156231948198e+27,7.599939751559459e+26,2.2620155248578733e+24,7.487106245828303e+20,8.728412971339625e+27
iter_0052,7.932166404821671e+27,7.761209267883844e+26,2.2455057698856462e+24,1.57136797751952e+20,8.710532994516739e+27
iter_0053,7.937062833666661e+27,7.632132357105357e+26,2.1310174703349508e+24,7.487106245828303e+20,8.702407835558156e+27
iter_0054,8.035101925705549e+27,7.555522232728532e+26,2.271635833649891e+24,1.5528812954310545e+20,8.792925940100181e+27
iter_0055,7.983621657783837e+27,7.759657225975571e+26,2.1790265338809435e+24,8.00473334430532e+20,8.76176720738861e+27
iter_0056,7.981264318703574e+27,7.606867537817238e+26,2.2284969457016522e+24,1.0352541969540366e+20,8.74417967295642e+27
iter_0057,7.906581574885747e+27,7.670361463208646e+26,2.2410144002983404e+24,3.0133291804197834e+20,8.675859036939828e+27
iter_0058,7.985698462637813e+27,7.758744505237088e+26,2.28136914472196e+24,4.436803701231583e+19,8.763854326674281e+27
iter_0059,8.040091017650664e+27,7.731135683375724e+26,1.9554711565197825e+24,1.0722275611309665e+20,8.815160164367514e+27
iter_0060,8.005348745853821e+27,7.725868397661281e+26,2.322326268141679e+24,9.982808327771069e+19,8.780258011716175e+27
iter_0061,8.002231982772741e+27,7.824487480879828e+26,2.294641276341877e+24,1.0352541969540366e+20,8.786975475662485e+27
iter_0062,7.933931963616409e+27,7.815186558541544e+26,2.7173190355912655e+24,1.3040505545203173e+22,8.7181809790117e+27
iter_0063,8.055051193581968e+27,7.64947179901469e+26,2.1080173284954522e+24,2.88392240580053e+20,8.822106679204173e+27
iter_0064,7.986355899432802e+27,7.808478280762008e+26,2.6008171986839824e+24,7.487106245828303e+20,8.769805293418311e+27
iter_0065,7.983432929475081e+27,7.609411698966767e+26,2.2154150953860763e+24,1.6878340746768493e+21,8.746591202301218e+27
iter_0066,7.951570519733898e+27,7.829197294940606e+26,2.1735253576075633e+24,4.436803701231583e+19,8.736663818953604e+27
iter_0067,8.042353219140456e+27,7.650622025158416e+26,2.366629050752332e+24,1.6878340746768493e+21,8.809783738541124e+27
iter_0068,8.01955521751674e+27,7.612870173190399e+26,2.3524185246438724e+24,2.88392240580053e+20,8.783194941752664e+27
iter_0069,7.994271207880642e+27,7.712178781219139e+26,2.1964800325716294e+24,4.288910244523867e+20,8.767685994926152e+27
iter_0070,7.92069265150486e+27,7.482960541023189e+26,2.0375644669006446e+24,3.0133291804197834e+20,8.671026571406997e+27
iter_0071,8.051723633777395e+27,7.662376737563098e+26,2.419840019384556e+24,7.579539656270625e+21,8.820388727092745e+27
iter_0072,8.055180622981953e+27,7.656917153288689e+26,2.343578579318047e+24,1.3495277924579403e+20,8.82321605184292e+27
iter_0073,7.969825913773803e+27,7.760331198549551e+26,2.264466836899514e+24,1.5528812954310545e+20,8.748123655753788e+27
iter_0074,8.012988990717407e+27,7.688136596716999e+26,2.2254699249267317e+24,1.57136797751952e+20,8.784028277450831e+27
iter_0075,8.022297807602738e+27,7.527231931758535e+26,2.246934282989077e+24,3.697336417692988e+19,8.777267972034945e+27
iter_0076,8.01930372072665e+27,7.629728042569077e+26,2.46513001927228e+24,1.6878340746768493e+21,8.784743342836904e+27
iter_0077,8.071102062547814e+27,7.542340354190268e+26,2.1203625397756636e+24,1.3040505545203173e+22,8.827469501012162e+27
iter_0078,8.040865165337038e+27,7.681402359333368e+26,2.0203801243216152e+24,1.3495277924579403e+20,8.811025916347477e+27
iter_0079,7.95972988085484e+27,7.689060897064017e+26,2.612030853024388e+24,1.0722275611309665e+20,8.731248108637022e+27
iter_0080,8.004492636106485e+27,7.735312003288782e+26,2.3243334620110625e+24,1.3495277924579403e+20,8.780348304850154e+27
iter_0081,7.999512826214281e+27,7.781017003334676e+26,2.4879268159798653e+24,1.5528812954310545e+20,8.780102608651858e+27
iter_0082,7.93886552615569e+27,7.706692669899491e+26,2.2380707599338653e+24,1.0722275611309665e+20,8.71177297112833e+27
iter_0083,7.96331701783034e+27,7.589265859315567e+26,2.129429035195588e+24,1.0722275611309665e+20,8.724373140019849e+27
iter_0084,8.018762183584432e+27,7.788175416622821e+26,2.243412225141266e+24,8.00473334430532e+20,8.79982393794519e+27
iter_0085,7.975680728691134e+27,7.834442058912467e+26,2.206004274079026e+24,1.0722275611309665e+20,8.761331046079216e+27
iter_0086,8.119678851056063e+27,7.663463835126432e+26,2.1682833032274365e+24,1.5528812954310545e+20,8.888193673160063e+27
iter_0087,8.008945359214861e+27,7.817642841324175e+26,2.451641174396552e+24,1.3495277924579403e+20,8.793161419474455e+27
iter_0088,7.964886987544263e+27,7.6267018618557e+26,2.1729123853186502e+24,2.88392240580053e+20,8.729730374507392e+27
iter_0089,8.075214526601068e+27,7.602869760610723e+26,2.2063883259725689e+24,8.00473334430532e+20,8.837708691461447e+27
iter_0090,7.884574616015118e+27,7.63380996880674e+26,2.313694997455613e+24,1.3495277924579403e+20,8.650269442846027e+27
iter_0091,8.046748598068745e+27,7.723403464983388e+26,2.2547375681968458e+24,4.288910244523867e+20,8.821344111026305e+27
iter_0092,7.959027681495819e+27,7.721899884411336e+26,2.3885412179658494e+24,1.6878340746768493e+21,8.733607898988992e+27
iter_0093,7.992099976660145e+27,7.612528342029178e+26,2.3851456253895915e+24,1.0352541969540366e+20,8.755738060013872e+27
iter_0094,7.950149046063185e+27,7.667158160628802e+26,2.3191707475530052e+24,3.660363053516056e+20,8.719184398909922e+27
iter_0095,7.99380881815852e+27,7.674278219189484e+26,2.2787127241660471e+24,8.817962489376882e+22,8.763603532426529e+27
iter_0096,8.022322205877345e+27,7.63826091204558e+26,2.2517974851709578e+24,8.817962489376882e+22,8.788488274191968e+27
iter_0097,8.007403983424877e+27,7.696294652516343e+26,2.1723220308747734e+24,4.436803701231583e+19,8.779205815075423e+27
iter_0098,7.98517555340236e+27,7.72574381207424e+26,2.1904174929918477e+24,1.3495277924579403e+20,8.759940487055556e+27
iter_0099,7.973965573037267e+27,7.715533194972036e+26,2.1884223998184734e+24,1.3040505545203173e+22,8.747720355439834e+27
iter_0100,7.907178707407759e+27,7.677886771459727e+26,2.1223395973975617e+24,7.579539656270625e+21,8.677097303690786e+27
iter_0101,7.917313746247864e+27,7.522138902915185e+26,1.9912579378859856e+24,8.00473334430532e+20,8.671519694950604e+27
iter_0102,7.983777632072206e+27,7.647914680029823e+26,2.1776511132781895e+24,4.436803701231583e+19,8.750746795556503e+27
iter_0103,8.007727653289749e+27,7.631614703711669e+26,2.4309274311127815e+24,1.3495277924579403e+20,8.773320186044809e+27
iter_0104,7.895470719473628e+27,7.727464261942879e+26,2.2205622828098384e+24,1.0352541969540366e+20,8.670437811476145e+27
iter_0105,7.992683841043925e+27,7.657179573787082e+26,1.966665407575856e+24,4.288910244523867e+20,8.760368892721233e+27
iter_0106,8.046044086388456e+27,7.70148383177722e+26,2.4713258641677073e+24,7.487106245828303e+20,8.81866454414097e+27
iter_0107,8.018198505269204e+27,7.681850432610604e+26,2.3143366039327643e+24,7.487106245828303e+20,8.788698633844822e+27
iter_0108,7.979553914485326e+27,7.53212218729184e+26,2.3047428989307847e+24,1.0722275611309665e+20,8.735070983336198e+27
iter_0109,8.027226389658785e+27,7.559596211773654e+26,2.232360667290082e+24,7.579539656270625e+21,8.785425951043097e+27
iter_0110,7.999539464832598e+27,7.750332929369585e+26,2.453132217952947e+24,1.0352541969540366e+20,8.777025993512931e+27
iter_0111,7.951506086929523e+27,7.652471866531417e+26,2.2279189338751218e+24,8.817962489376882e+22,8.719069372141434e+27
iter_0112,7.986986540624206e+27,7.612942466049867e+26,2.2347600346010962e+24,3.0133291804197834e+20,8.750515848596711e+27
iter_0113,7.965742257382683e+27,7.553970698515815e+26,2.0926541228002837e+24,1.0352541969540366e+20,8.723232084882484e+27
iter_0114,8.093239625131379e+27,7.646638506764762e+26,2.2332905687421506e+24,4.288910244523867e+20,8.860137195267621e+27
iter_0115,7.991093731049364e+27,7.855165417927158e+26,2.2637951674559756e+24,2.2923485789696528e+20,8.778874297244394e+27
iter_0116,8.008075370010544e+27,7.638445118786737e+26,2.279147482288714e+24,1.5288486087160501e+21,8.774200558220115e+27
iter_0117,8.051116159047144e+27,7.844583007492707e+26,2.2003044768959582e+24,4.288910244523867e+20,8.837775193164335e+27
iter_0118,7.979259867798481e+27,7.799514043641935e+26,2.1731669470692047e+24,8.817962489376882e+22,8.761472618734637e+27
iter_0119,8.005553120227392e+27,7.656800245202513e+26,2.2600034222708838e+24,2.88392240580053e+20,8.773493436562155e+27
iter_0120,7.988188552638164e+27,7.715215104183037e+26,2.218662507309546e+24,7.487106245828303e+20,8.761929474274401e+27
iter_0121,8.058168981647355e+27,7.603375219847172e+26,2.1337259900050876e+24,4.436803701231583e+19,8.820640273990115e+27
iter_0122,7.958761230730026e+27,7.656872210450163e+26,2.4935175993664065e+24,7.487106245828303e+20,8.726942718085032e+27
iter_0123,7.974257531979022e+27,7.626224208759984e+26,2.3634407887519614e+24,1.5528812954310545e+20,8.739243548931902e+27
iter_0124,7.994454598641107e+27,7.707520650002176e+26,2.2686342609122378e+24,9.243341044232467e+20,8.767476222236342e+27
iter_0125,8.088553851288812e+27,7.760743368951309e+26,2.3840226875218715e+24,3.0133291804197834e+20,8.867012512204382e+27
iter_0126,8.034176629469146e+27,7.696311346453704e+26,2.2921561446388632e+24,7.579539656270625e+21,8.806107499798811e+27
iter_0127,7.912553258084293e+27,7.582371224380503e+26,2.3686453414570435e+24,7.579539656270625e+21,8.673166605403456e+27
iter_0128,8.002093548783341e+27,7.682049217857191e+26,2.4330149408423623e+24,8.817962489376882e+22,8.772819665134797e+27
iter_0129,7.931096757140195e+27,7.667820013550648e+26,2.358979739421857e+24,1.0722275611309665e+20,8.700237845457439e+27
iter_0130,7.990233441322367e+27,7.651666976920875e+26,2.035547484688748e+24,9.243341044232467e+20,8.757436610833249e+27
iter_0131,8.087429371702309e+27,7.692249820228886e+26,2.2020492055681658e+24,4.288910244523867e+20,8.85885683182179e+27
iter_0132,7.974745777417177e+27,7.765433534245245e+26,2.2179724454202445e+24,7.487106245828303e+20,8.753507851997746e+27
iter_0133,8.035598895645292e+27,7.702292796331348e+26,2.1592177018256957e+24,4.436803701231583e+19,8.80798743734829e+27
iter_0134,8.003816387987946e+27,7.724781694572691e+26,2.541596968842392e+24,4.288910244523867e+20,8.778836583305082e+27
iter_0135,7.954435119038256e+27,7.682521263685148e+26,2.4578420032051065e+24,7.579539656270625e+21,8.725152666949632e+27
iter_0136,8.005197030684199e+27,7.639622288992971e+26,2.3594252274157e+24,3.660363053516056e+20,8.771519050847217e+27
iter_0137,7.992720081419127e+27,7.744741448990138e+26,2.3611381571932183e+24,8.817962489376882e+22,8.769643544100228e+27
iter_0138,8.018388473213749e+27,7.655966302795024e+26,2.3085686120798148e+24,3.0133291804197834e+20,8.786293973438249e+27
iter_0139,7.965983106287351e+27,7.66536199823277e+26,1.9003147817970077e+24,1.0352541969540366e+20,8.734419724417845e+27
iter_0140,7.909527069260322e+27,7.612159075173094e+26,2.0834274139316787e+24,1.0722275611309665e+20,8.672826511414319e+27
iter_0141,8.070782987391255e+27,7.742676075206969e+26,2.4195334658717417e+24,1.57136797751952e+20,8.847470285514622e+27
iter_0142,8.035949578583032e+27,7.743587328047833e+26,2.351322095664518e+24,1.3040505545203173e+22,8.812672673989025e+27
iter_0143,7.964693574807468e+27,7.71021490291974e+26,2.2271322558986804e+24,3.0133291804197834e+20,8.737942498688258e+27
iter_0144,8.026206259225582e+27,7.627583040852213e+26,2.2651287021446185e+24,1.6878340746768493e+21,8.791231379847022e+27
iter_0145,8.034533829757306e+27,7.608840582160835e+26,2.081563592090943e+24,1.0352541969540366e+20,8.7974995550909e+27
iter_0146,8.023741963882494e+27,7.654612380007681e+26,2.0600032097072864e+24,8.00473334430532e+20,8.791264005566304e+27
iter_0147,8.063886377025932e+27,7.630883448899918e+26,2.1838903562577158e+24,1.5528812954310545e+20,8.829158767560311e+27
iter_0148,7.949546524201952e+27,7.681200717157629e+26,2.3418323407889163e+24,3.0133291804197834e+20,8.720008729591422e+27
iter_0149,8.00382677719347e+27,7.569251737310362e+26,2.2703096947488434e+24,3.660363053516056e+20,8.76302262665556e+27
iter_0150,7.985055931706292e+27,7.58168548662028e+26,2.1733879125420713e+24,9.982808327771069e+19,8.745397968108946e+27
iter_0151,7.979006680870184e+27,7.688153262362994e+26,2.084117724874681e+24,3.660363053516056e+20,8.749906490867664e+27
iter_0152,7.929237122418592e+27,7.54466029920616e+26,2.1897119137006246e+24,1.6878340746768493e+21,8.685894552086983e+27
iter_0153,8.014008886442902e+27,7.610135860082279e+26,2.2387125826327447e+24,1.6878340746768493e+21,8.777262872867837e+27
iter_0154,8.065499016388798e+27,7.617513836679398e+26,2.1370077108219012e+24,7.487106245828303e+20,8.829388156478183e+27
iter_0155,7.993566965744851e+27,7.641941988932041e+26,1.9790483246584054e+24,4.288910244523867e+20,8.759740641853736e+27
iter_0156,8.01242400743864e+27,7.766387212084103e+26,2.1095665007376742e+24,4.288910244523867e+20,8.791172724038813e+27
iter_0157,8.002364294974957e+27,7.787704596754977e+26,2.4100468349809332e+24,1.6878340746768493e+21,8.78354648931951e+27
iter_0158,7.960180619801139e+27,7.640545460086466e+26,2.3622812265921946e+24,1.3495277924579403e+20,8.726597581989157e+27
iter_0159,8.097282866340242e+27,7.769611828950648e+26,2.1851558171396684e+24,7.487106245828303e+20,8.87642995376307e+27
iter_0160,8.04901450248879e+27,7.555907956905267e+26,2.153788093097673e+24,8.00473334430532e+20,8.806759886745749e+27
iter_0161,8.014980469344649e+27,7.671940888130421e+26,2.2831316515243297e+24,9.982808327771069e+19,8.784457789637298e+27
iter_0162,8.049448949116729e+27,7.508289263278818e+26,2.171758254802328e+24,8.00473334430532e+20,8.802450434172748e+27
iter_0163,7.950365091086729e+27,7.728576120484225e+26,2.3086899114737935e+24,8.817962489376882e+22,8.725619572671519e+27
iter_0164,7.911739869114785e+27,7.626085243281541e+26,2.121980838766925e+24,9.982808327771069e+19,8.676470474109789e+27
iter_0165,7.982788592206372e+27,7.665845047268514e+26,2.1862795579344e+24,1.0722275611309665e+20,8.751559483713915e+27
iter_0166,8.076788148479946e+27,7.706534749955238e+26,2.3219757777352544e+24,4.436803701231583e+19,8.849763643621243e+27
iter_0167,8.017531959439857e+27,7.696472449930972e+26,2.1334461112308363e+24,1.5528812954310545e+20,8.789312805832316e+27
iter_0168,8.061042978344056e+27,7.750399482137091e+26,2.1625718697048363e+24,4.288910244523867e+20,8.838245927318494e+27
iter_0169,7.944346063151403e+27,7.738786149398127e+26,2.0352604225297047e+24,7.579539656270625e+21,8.720267518053402e+27
iter_0170,8.032375225788678e+27,7.651267403162029e+26,2.182082228357645e+24,1.5288486087160501e+21,8.799685577181847e+27
iter_0171,8.032327125942562e+27,7.598114255773595e+26,2.351639002222053e+24,1.3040505545203173e+22,8.794503231027689e+27
iter_0172,8.012785470757787e+27,7.67390080532232e+26,2.3854793752411672e+24,4.436803701231583e+19,8.782561075033298e+27
iter_0173,8.003561375660351e+27,7.727274144855481e+26,2.247191879924961e+24,2.2923485789696528e+20,8.778536211260683e+27
iter_0174,7.921958176401978e+27,7.616278823549796e+26,2.5300228883693055e+24,9.982808327771069e+19,8.68611618147341e+27
iter_0175,8.003957430823702e+27,7.808033954533854e+26,2.272403867591319e+24,2.88392240580053e+20,8.78703351853692e+27
iter_0176,7.958425138703723e+27,7.559001313772395e+26,2.293946186758315e+24,4.288910244523867e+20,8.716619645158746e+27
iter_0177,8.042236498907057e+27,7.624839144793359e+26,2.2403522729301908e+24,1.6878340746768493e+21,8.806962453493396e+27
iter_0178,8.071557692922561e+27,7.805200512721153e+26,2.1001159057165936e+24,3.0133291804197834e+20,8.85417816143331e+27
iter_0179,8.017288913457772e+27,7.629418153392148e+26,2.1864288946053368e+24,7.579539656270625e+21,8.782424737231249e+27
iter_0180,7.98509540738219e+27,7.683666518460312e+26,2.23476570143002e+24,9.982808327771069e+19,8.755696924757735e+27
iter_0181,7.953704767476355e+27,7.633818886255072e+26,2.371121949457744e+24,1.0352541969540366e+20,8.719457881576739e+27
iter_0182,8.028485500771654e+27,7.626959355833115e+26,2.3141350725120924e+24,1.57136797751952e+20,8.793495728564275e+27
iter_0183,8.049414705973129e+27,7.844162069296794e+26,2.2328397765056622e+24,4.288910244523867e+20,8.836064181570338e+27
iter_0184,7.993331814169594e+27,7.600528421686936e+26,2.204855585070633e+24,1.57136797751952e+20,8.755589669060155e+27
iter_0185,7.938970958075769e+27,7.666480346531729e+26,2.2910724841874794e+24,7.487106245828303e+20,8.707910813923754e+27
iter_0186,7.973294891314756e+27,7.754227568320453e+26,2.299204685423813e+24,3.697336417692988e+19,8.751016889805589e+27
iter_0187,8.059423454891221e+27,7.668085571772254e+26,2.466559189811996e+24,3.660363053516056e+20,8.828698937294563e+27
iter_0188,7.964178364365477e+27,7.731042677444695e+26,2.2799347688698273e+24,3.0133291804197834e+20,8.739562868211734e+27
iter_0189,7.997909216759825e+27,7.714309442514102e+26,2.526219138458574e+24,3.0133291804197834e+20,8.771866681482611e+27
iter_0190,7.992889106017576e+27,7.71098480709451e+26,2.1446740270308853e+24,1.0352541969540366e+20,8.766132364279478e+27
iter_0191,8.012429047410289e+27,7.721972342301977e+26,2.3595823079184364e+24,4.436803701231583e+19,8.786985908316443e+27
iter_0192,8.121458944171899e+27,7.537402912199225e+26,2.302536381344664e+24,1.3495277924579403e+20,8.877501906725946e+27
iter_0193,7.944824351586936e+27,7.652087562616018e+26,2.2887900437410942e+24,1.3040505545203173e+22,8.712334938397824e+27
iter_0194,8.00459176201686e+27,7.67543101201128e+26,2.3077487807240993e+24,3.0133291804197834e+20,8.77444291333163e+27
iter_0195,8.010658154185404e+27,7.692416399795576e+26,1.9322224985700857e+24,9.243341044232467e+20,8.781832940997637e+27
iter_0196,7.988105416250118e+27,7.461059552958664e+26,2.4584267877461404e+24,9.243341044232467e+20,8.736670722667836e+27
iter_0197,8.071370733082187e+27,7.701883506290762e+26,2.3820542249629142e+24,9.982808327771069e+19,8.84394123776431e+27
iter_0198,7.945318983005396e+27,7.735200309158968e+26,2.348500484156948e+24,1.6878340746768493e+21,8.721189202239524e+27
iter_0199,7.899295374493574e+27,7.776814638611707e+26,2.2188140065738535e+24,7.487106245828303e+20,8.679196401071943e+27
iter_0200,8.002702166845644e+27,7.842628164517861e+26,1.8728511411380386e+24,2.88392240580053e+20,8.788838122830809e+27
iter_0201,7.99297576504211e+27,7.735921063059755e+26,2.32018814103265e+24,3.0133291804197834e+20,8.768888360822037e+27
iter_0202,7.955442817738396e+27,7.80393045953685e+26,2.418272156848807e+24,3.660363053516056e+20,8.738254501885235e+27
iter_0203,8.022702819637535e+27,7.589628391354339e+26,2.1544067689348384e+24,2.88392240580053e+20,8.783820353934144e+27
iter_0204,7.979945302442657e+27,7.710795160054613e+26,2.3746743476839207e+24,8.00473334430532e+20,8.753400293269138e+27
iter_0205,8.016096188718099e+27,7.642124832122069e+26,2.2939691656076268e+24,1.3040505545203173e+22,8.782615681601459e+27
iter_0206,7.975903799704921e+27,7.627986755612065e+26,2.216545726030953e+24,1.3040505545203173e+22,8.740932061497704e+27
iter_0207,8.001908120861519e+27,7.52768718163521e+26,2.060737761098031e+24,1.0722275611309665e+20,8.756737684008895e+27
iter_0208,7.974347919505119e+27,7.584686797480381e+26,2.456647117008266e+24,9.243341044232467e+20,8.735274170704271e+27
iter_0209,7.966919395415368e+27,7.675201431097027e+26,2.2060006330496556e+24,1.0352541969540366e+20,8.73664564268354e+27
iter_0210,7.924642823110423e+27,7.645490242187398e+26,2.686905397538958e+24,1.0352541969540366e+20,8.691878856252122e+27
iter_0211,7.995829539291824e+27,7.699935654525237e+26,2.569979354690594e+24,8.00473334430532e+20,8.768393884572374e+27
iter_0212,8.029967139755065e+27,7.814444870718342e+26,2.0734662601688382e+24,1.3495277924579403e+20,8.813485228039847e+27
iter_0213,8.048584680758756e+27,7.700063013446301e+26,2.0632383170509356e+24,3.697336417692988e+19,8.820654257393802e+27
iter_0214,8.031801360798325e+27,7.707107127182472e+26,2.005699688778583e+24,8.00473334430532e+20,8.804518573678686e+27
iter_0215,8.018118228723329e+27,7.71478229134135e+26,2.1353602212986442e+24,1.5528812954310545e+20,8.791731973366893e+27
iter_0216,8.024904125243624e+27,7.666017439511521e+26,2.380118602261403e+24,1.0722275611309665e+20,8.793886095019794e+27
iter_0217,7.958403015466323e+27,7.681415379433791e+26,2.0381163098854766e+24,3.660363053516056e+20,8.728583035755892e+27
iter_0218,7.960305954322041e+27,7.629716091345023e+26,2.1074962752780325e+24,1.5288486087160501e+21,8.72538658858043e+27
iter_0219,8.000882406663357e+27,7.670304058204702e+26,2.1372719591467043e+24,3.697336417692988e+19,8.770050121416339e+27
iter_0220,8.008661984238527e+27,7.737487248043164e+26,2.182223867585562e+24,8.817962489376882e+22,8.784681112535322e+27
iter_0221,7.963583032720466e+27,7.662538708274291e+26,2.445367894746039e+24,3.0133291804197834e+20,8.732282572775558e+27
iter_0222,8.035326454512791e+27,7.659602889209643e+26,2.1903792857983555e+24,4.288910244523867e+20,8.803477551610578e+27
iter_0223,8.061160201467658e+27,7.7368303831768e+26,2.143136015717968e+24,4.436803701231583e+19,8.836986420169093e+27
iter_0224,8.023092144993403e+27,7.613980387807971e+26,2.3406417605296041e+24,2.2923485789696528e+20,8.786831054769588e+27
iter_0225,7.958638738201295e+27,7.665543931163662e+26,2.292896798597128e+24,1.0722275611309665e+20,8.727486135339014e+27
iter_0226,7.869635791948321e+27,7.704556090963855e+26,2.3620829568914526e+24,1.6878340746768493e+21,8.642455171835672e+27
iter_0227,8.016338094019541e+27,7.629474303749495e+26,2.2513554992457976e+24,1.0722275611309665e+20,8.781536987116492e+27
iter_0228,7.954762458928659e+27,7.750272495382478e+26,2.2909071728951368e+24,2.88392240580053e+20,8.732080904032043e+27
iter_0229,7.938692680100637e+27,7.706962210785065e+26,2.3841437903271544e+24,7.487106245828303e+20,8.711773793680094e+27
iter_0230,8.051526472186651e+27,7.609160654692445e+26,2.0961052813461174e+24,1.3040505545203173e+22,8.814551683442788e+27
iter_0231,8.075012309658223e+27,7.717814286020037e+26,2.229302465899949e+24,1.57136797751952e+20,8.849023197862924e+27
iter_0232,8.063703218311334e+27,7.570184889167782e+26,1.8662567352752773e+24,2.2923485789696528e+20,8.822588193198245e+27
iter_0233,7.933766440681225e+27,7.695676925146276e+26,2.4728824411789577e+24,1.3040505545203173e+22,8.705820056142578e+27
iter_0234,8.02812486595675e+27,7.695941796137157e+26,2.3599101513061097e+24,1.3495277924579403e+20,8.800079090674552e+27
iter_0235,7.94432414041616e+27,7.603946632518876e+26,2.3705096908655896e+24,7.487106245828303e+20,8.707090062069538e+27
iter_0236,7.946810724919687e+27,7.626454641620826e+26,2.498895287599837e+24,8.817962489376882e+22,8.712043263994262e+27
iter_0237,7.996906854341513e+27,7.698487461773583e+26,2.1518904320766724e+24,1.0722275611309665e+20,8.768907598173705e+27
iter_0238,7.9128081979792e+27,7.468598121034008e+26,2.637978331949528e+24,1.3495277924579403e+20,8.66230612336733e+27
iter_0239,8.068413740857251e+27,7.740311789298517e+26,2.2852864173460814e+24,9.243341044232467e+20,8.844731130538554e+27
iter_0240,8.009924701261193e+27,7.612644842909814e+26,2.2682539909231526e+24,7.579539656270625e+21,8.773465019082753e+27
iter_0241,8.044998852398637e+27,7.697916048813658e+26,2.0553537383741137e+24,9.243341044232467e+20,8.816846735352481e+27
iter_0242,8.047768190448598e+27,7.83976162379682e+26,2.1857718766927525e+24,9.982808327771069e+19,8.833930224533056e+27
iter_0243,7.859330895600439e+27,7.734019966437292e+26,2.536595405568202e+24,1.5528812954310545e+20,8.635269642937866e+27
iter_0244,7.985440080242791e+27,7.796925003125917e+26,2.2129822032262682e+24,2.88392240580053e+20,8.767345851150849e+27
iter_0245,7.991260886500185e+27,7.663605744793907e+26,2.1627802803015225e+24,1.57136797751952e+20,8.759784398396674e+27
iter_0246,8.032446436256894e+27,7.78345861762788e+26,2.2485048625723106e+24,2.88392240580053e+20,8.813041091274495e+27
iter_0247,7.979289355474645e+27,7.755635732806254e+26,2.060675843840377e+24,2.2923485789696528e+20,8.756913833833969e+27
iter_0248,8.050194841249347e+27,7.720016179995853e+26,2.107605977544069e+24,1.57136797751952e+20,8.824304222363274e+27
iter_0249,7.989079746124976e+27,7.671671179663845e+26,2.1312667052455655e+24,1.3495277924579403e+20,8.758378265749386e+27
iter_0250,7.891437768331051e+27,7.529353841739233e+26,2.344798786370526e+24,9.243341044232467e+20,8.646718875625451e+27
iter_0251,8.023747623711176e+27,7.739159630898717e+26,2.216352085517458e+24,1.3495277924579403e+20,8.799880073839345e+27
iter_0252,7.995676413200977e+27,7.657511846014549e+26,2.471000416245614e+24,8.00473334430532e+20,8.763899398692012e+27
iter_0253,8.000980859639748e+27,7.747874972315024e+26,2.076339031764533e+24,1.3495277924579403e+20,8.777844830855795e+27
iter_0254,7.893849777616875e+27,7.749597774283131e+26,2.065823602697323e+24,1.3040505545203173e+22,8.670888419153431e+27
iter_0255,7.903478595859875e+27,7.68331617276682e+26,2.209236827364711e+24,9.243341044232467e+20,8.674020374298027e+27
iter_0256,7.908999202006299e+27,7.618438011968587e+26,2.077288734415529e+24,1.3495277924579403e+20,8.672920426890353e+27
iter_0257,8.02603942316505e+27,7.692663778922621e+26,2.2820792293265164e+24,4.288910244523867e+20,8.797588309177663e+27
iter_0258,8.048760141882826e+27,7.598720286609033e+26,2.1899735359956035e+24,3.660363053516056e+20,8.810822510116029e+27
iter_0259,7.935882783848272e+27,7.689495969453584e+26,2.2073539354514474e+24,1.3495277924579403e+20,8.707039869681862e+27
iter_0260,7.884693184914011e+27,7.708443488272075e+26,2.2121605036977894e+24,1.0722275611309665e+20,8.657749801467672e+27
iter_0261,8.075037052858633e+27,7.710376956319061e+26,2.1131914483703139e+24,1.0352541969540366e+20,8.84818804346433e+27
iter_0262,7.937713149279667e+27,7.625623128375109e+26,2.3735870042906175e+24,3.660363053516056e+20,8.702649415157773e+27
iter_0263,8.029799339244983e+27,7.64618746436631e+26,2.295232335786848e+24,9.243341044232467e+20,8.796714242351506e+27
iter_0264,8.0630921593207e+27,7.687522622706702e+26,2.1082718680242832e+24,9.243341044232467e+20,8.833953617793499e+27
iter_0265,8.037902438309509e+27,7.624143442628797e+26,2.2053189991353818e+24,3.697336417692988e+19,8.802522138544889e+27
iter_0266,8.022552509888432e+27,7.68811677557981e+26,2.2091326524043967e+24,1.5528812954310545e+20,8.793573475386946e+27
iter_0267,8.017770041069458e+27,7.788451676426681e+26,2.5632290337985506e+24,1.6878340746768493e+21,8.799180125579999e+27
iter_0268,7.981639670200348e+27,7.691675477136542e+26,2.1685010364920782e+24,3.660363053516056e+20,8.7529760849868e+27
iter_0269,8.060880595413486e+27,7.63950714178125e+26,2.3662559465839843e+24,3.660363053516056e+20,8.8271979315745e+27
iter_0270,7.993632311710712e+27,7.759884497244047e+26,2.206120745317275e+24,1.57136797751952e+20,8.771827039317231e+27
iter_0271,8.051925573003586e+27,7.763550767244411e+26,2.1863627970045437e+24,1.0352541969540366e+20,8.830467116050451e+27
iter_0272,7.938579746472224e+27,7.677400470373216e+26,2.415354836958214e+24,9.982808327771069e+19,8.708735248174588e+27
iter_0273,8.062302653352695e+27,7.648953971513455e+26,2.2857435039649973e+24,1.0352541969540366e+20,8.829483897533426e+27
iter_0274,7.949148575909458e+27,7.7128078048412e+26,2.072688531553686e+24,3.660363053516056e+20,8.722502410961437e+27
iter_0275,7.992351140934777e+27,7.673312650811868e+26,2.3041144244626782e+24,1.3495277924579403e+20,8.761986655393206e+27
iter_0276,7.921317511848634e+27,7.667997385931783e+26,2.1325715976206975e+24,9.243341044232467e+20,8.690250746373537e+27
iter_0277,8.044395925536988e+27,7.590494357209351e+26,2.341031489517152e+24,9.243341044232467e+20,8.805787317081544e+27
iter_0278,7.988828328421926e+27,7.672611741298281e+26,2.2044294793748884e+24,1.5288486087160501e+21,8.758295460879738e+27
iter_0279,8.084418150408991e+27,7.629919919920036e+26,2.5271233106787175e+24,3.697336417692988e+19,8.849937302685037e+27
iter_0280,8.055346066322837e+27,7.76558355175958e+26,2.3925112577434821e+24,1.3495277924579403e+20,8.834297067709318e+27
iter_0281,8.030995249033488e+27,7.582845551972339e+26,2.5536349172947193e+24,4.436803701231583e+19,8.791833483516055e+27
iter_0282,7.965083088774401e+27,7.709315172037756e+26,2.234051920977919e+24,2.88392240580053e+20,8.738248946291395e+27
iter_0283,8.022944846401124e+27,7.535534527760077e+26,2.2660077598288817e+24,4.288910244523867e+20,8.778764735827986e+27
iter_0284,8.025366300077395e+27,7.730623946957919e+26,2.243640938230801e+24,1.5288486087160501e+21,8.800673864560026e+27
iter_0285,8.000391810310547e+27,7.676869987510938e+26,2.3555511745673324e+24,7.579539656270625e+21,8.770441939775863e+27
iter_0286,7.96045588662168e+27,7.806198278192523e+26,2.3541262014081183e+24,3.660363053516056e+20,8.743430206678647e+27
iter_0287,7.998324248106487e+27,7.718409594490955e+26,2.406269696343905e+24,2.88392240580053e+20,8.772571765644168e+27
iter_0288,8.036805455788146e+27,7.517915372827007e+26,2.172469475961128e+24,1.3040505545203173e+22,8.790782503052353e+27
iter_0289,7.983039837726284e+27,7.659876239813117e+26,2.268903701102981e+24,1.3495277924579403e+20,8.751296500361478e+27
iter_0290,8.036083566615916e+27,7.749971897191117e+26,2.4392986221770386e+24,4.436803701231583e+19,8.813520099325242e+27
iter_0291,7.94909493037796e+27,7.548158809580713e+26,2.3406857315379791e+24,1.57136797751952e+20,8.706251654204366e+27
iter_0292,7.997315992992505e+27,7.652718631286363e+26,2.2082022820749725e+24,4.288910244523867e+20,8.76479648729424e+27
iter_0293,7.934546605196431e+27,7.67788535193949e+26,2.387143418084535e+24,1.5288486087160501e+21,8.704723812657072e+27
iter_0294,7.965821704632012e+27,7.783155480170014e+26,2.0332284719169288e+24,3.697336417692988e+19,8.746170518094295e+27
iter_0295,7.981529771919784e+27,7.674242767558778e+26,2.3162395451117153e+24,2.2923485789696528e+20,8.751270517455632e+27
iter_0296,8.004440895318612e+27,7.62386151501493e+26,2.2608111659960435e+24,7.579539656270625e+21,8.769095437525757e+27
iter_0297,8.138730489648566e+27,7.675524121326434e+26,2.2099418440082376e+24,8.00473334430532e+20,8.908493644098553e+27
iter_0298,8.147834794442776e+27,7.77050046936603e+26,2.201237637189327e+24,9.982808327771069e+19,8.927086178844653e+27
iter_0299,7.987804219901526e+27,7.644573458103678e+26,2.42503658020645e+24,1.6878340746768493e+21,8.754688290126174e+27
iter_0300,7.888666715873526e+27,7.656265791441311e+26,1.9828762323605535e+24,1.0352541969540366e+20,8.656276274775438e+27
iter_0301,7.987920279674209e+27,7.664967048856275e+26,2.2740347501041988e+24,1.3040505545203173e+22,8.756704059815486e+27
iter_0302,8.030729128717273e+27,7.670643384372655e+26,2.1771344108103277e+24,8.817962489376882e+22,8.800058781190243e+27
iter_0303,7.994780162339435e+27,7.68499403916432e+26,2.265600115734015e+24,7.579539656270625e+21,8.765552745911257e+27
iter_0304,7.936289016356108e+27,7.614914251907156e+26,2.1177217927203593e+24,4.436803701231583e+19,8.699898207707581e+27
iter_0305,8.021184743881869e+27,7.577705636922694e+26,2.1961019448596845e+24,3.660363053516056e+20,8.781151775555302e+27
iter_0306,7.925155162544965e+27,7.652824190101242e+26,2.2911648931781882e+24,4.288910244523867e+20,8.692729175339292e+27
iter_0307,7.928592913678085e+27,7.676076698153392e+26,2.2158919303673977e+24,2.88392240580053e+20,8.698416763816032e+27
iter_0308,7.962388744152464e+27,7.789687411567578e+26,2.2381828554485688e+24,8.817962489376882e+22,8.743683847789564e+27
iter_0309,7.968320599309277e+27,7.652578066370789e+26,1.9172868839372706e+24,1.5288486087160501e+21,8.735497221678902e+27
iter_0310,8.002184002314391e+27,7.69750358431502e+26,2.2528445194334048e+24,3.660363053516056e+20,8.774187571301632e+27
iter_0311,7.940812227065455e+27,7.69258368164984e+26,2.3700154474681362e+24,7.487106245828303e+20,8.712441359388532e+27
iter_0312,7.98082486451338e+27,7.500300268951678e+26,2.0784589808670442e+24,8.817962489376882e+22,8.733021530014309e+27
iter_0313,8.081700466324664e+27,7.738403109573848e+26,2.0056240372792862e+24,4.436803701231583e+19,8.857546445687366e+27
iter_0314,8.024895399083012e+27,7.694033942593156e+26,2.403949776893357e+24,4.436803701231583e+19,8.796702787487259e+27
iter_0315,7.998760102975958e+27,7.653340198074976e+26,2.101233897753605e+24,1.3040505545203173e+22,8.766208397186755e+27
iter_0316,8.035353283842238e+27,7.712821591282497e+26,2.3245822109835277e+24,1.3495277924579403e+20,8.808960160134251e+27
iter_0317,8.032247253149172e+27,7.75450287569208e+26,2.398229221367689e+24,1.6878340746768493e+21,8.810097457773821e+27
iter_0318,7.945772091013879e+27,7.718131928222784e+26,2.1436835839848872e+24,4.288910244523867e+20,8.719729396311167e+27
iter_0319,8.008023653079602e+27,7.813155834034201e+26,2.2926159628480606e+24,7.579539656270625e+21,8.791639431985526e+27
iter_0320,8.033724584612076e+27,7.6294307652815e+26,2.4238388159140125e+24,1.6878340746768493e+21,8.799093187790214e+27
iter_0321,8.070863374919544e+27,7.592806930764937e+26,2.3163499840165507e+24,4.436803701231583e+19,8.832460462348092e+27
iter_0322,8.166068605569701e+27,7.667216357569556e+26,2.0609344562496368e+24,8.00473334430532e+20,8.934851976256241e+27
iter_0323,7.995869992375886e+27,7.569362411158359e+26,2.491201602427412e+24,8.817962489376882e+22,8.755385614719042e+27
iter_0324,8.030752033980523e+27,7.589160454439471e+26,2.3059467694767082e+24,1.5528812954310545e+20,8.791974181482076e+27
iter_0325,7.956593768395814e+27,7.644853132702474e+26,2.1358285881566277e+24,1.3040505545203173e+22,8.723227950759763e+27
iter_0326,8.061636805929069e+27,7.661674624645799e+26,2.3134331400708109e+24,8.817962489376882e+22,8.830205881158612e+27
iter_0327,7.959597742427989e+27,7.554741001669244e+26,2.1584467129667297e+24,1.5528812954310545e+20,8.717230444596009e+27
iter_0328,7.949347794323377e+27,7.660094186750889e+26,2.1790069184053957e+24,1.3495277924579403e+20,8.717536354869651e+27
iter_0329,8.098085601180303e+27,7.672716763078353e+26,2.2770446940191188e+24,1.3040505545203173e+22,8.867647362687703e+27
iter_0330,8.003101070681619e+27,7.757768951855166e+26,2.3620296191769183e+24,1.57136797751952e+20,8.781240152623111e+27
iter_0331,8.009306842571441e+27,7.680331402015931e+26,2.4189248435988665e+24,3.697336417692988e+19,8.779758944589998e+27
iter_0332,7.909847427052356e+27,7.604783044671421e+26,1.8936291333773283e+24,7.487106245828303e+20,8.6722201093635e+27
iter_0333,8.01477156953587e+27,7.72349858943989e+26,2.5378773941867305e+24,2.88392240580053e+20,8.789659594266286e+27
iter_0334,8.026147909305237e+27,7.73134602420672e+26,2.1979838753206933e+24,9.243341044232467e+20,8.801481419935333e+27
iter_0335,8.078452355821319e+27,7.721654702963825e+26,2.2384811199319372e+24,8.817962489376882e+22,8.852944486862527e+27
iter_0336,7.978381852638503e+27,7.797742178455435e+26,2.2321261255863627e+24,3.0133291804197834e+20,8.760388497942551e+27
iter_0337,7.945676786279937e+27,7.760203085281117e+26,2.3222115818839045e+24,1.6878340746768493e+21,8.724020994224007e+27
iter_0338,7.995823646632732e+27,7.624897616214704e+26,2.43602230750755e+24,1.57136797751952e+20,8.760749587698507e+27
iter_0339,8.048946002614851e+27,7.724855397140905e+26,2.3823005855738177e+24,4.436803701231583e+19,8.823813887282553e+27
iter_0340,8.036994115318561e+27,7.701827996441002e+26,2.306157441223855e+24,1.0722275611309665e+20,8.809483179626642e+27
iter_0341,8.008551306523291e+27,7.788030277748835e+26,2.497536034468473e+24,4.288910244523867e+20,8.789852299223666e+27
iter_0342,7.963263451954136e+27,7.626417257665472e+26,2.1538402140491095e+24,1.6878340746768493e+21,8.728060705768806e+27
iter_0343,8.020407863810072e+27,7.725822293502787e+26,2.496323642995434e+24,4.436803701231583e+19,8.795486461171384e+27
iter_0344,8.083843899320358e+27,7.73406780383362e+26,2.208337802627797e+24,9.243341044232467e+20,8.859459941840452e+27
iter_0345,7.981125876382174e+27,7.561335916128198e+26,2.1018540858764774e+24,1.3495277924579403e+20,8.73936145703365e+27
iter_0346,7.974203676506703e+27,7.595302998918106e+26,2.2543245248603844e+24,1.0352541969540366e+20,8.735988404448794e+27
iter_0347,7.997836409759275e+27,7.569249334461981e+26,2.0971185400062445e+24,7.579539656270625e+21,8.756866041285134e+27
iter_0348,7.958597010310508e+27,7.595740604054799e+26,2.2945988238404358e+24,1.3495277924579403e+20,8.720465804492608e+27
iter_0349,8.060394279553587e+27,7.639623973152873e+26,2.1088005958331823e+24,1.57136797751952e+20,8.826465634601504e+27
iter_0350,8.056352824249387e+27,7.808295566092249e+26,2.390988390977702e+24,1.5288486087160501e+21,8.839574898098198e+27
iter_0351,8.032716775856378e+27,7.606954517148097e+26,2.199772110314326e+24,9.982808327771069e+19,8.795612099509586e+27
iter_0352,7.932754589400386e+27,7.716966972236467e+26,2.3882721618366117e+24,1.5288486087160501e+21,8.706841087634477e+27
iter_0353,7.938677565651059e+27,7.714628819557768e+26,2.3715860988995427e+24,1.5288486087160501e+21,8.712513562554343e+27
iter_0354,8.04473023475974e+27,7.590364799734756e+26,2.1093915420165842e+24,8.817962489376882e+22,8.805964285900126e+27
iter_0355,8.024007006856849e+27,7.707899616494813e+26,2.262295236596529e+24,4.288910244523867e+20,8.797059692633951e+27
iter_0356,7.994683757909065e+27,7.614337389718552e+26,2.2880582839563304e+24,8.00473334430532e+20,8.758406355638211e+27
iter_0357,8.021239996735542e+27,7.634638468052391e+26,2.020389206123642e+24,4.436803701231583e+19,8.786724277114944e+27
iter_0358,7.984968587414167e+27,7.676273645807149e+26,2.3273141918637117e+24,2.88392240580053e+20,8.754923554578986e+27
iter_0359,7.995898721894647e+27,7.725093357539243e+26,2.1638593828909496e+24,7.487106245828303e+20,8.770572665742086e+27
iter_0360,7.987771044186669e+27,7.675661395408157e+26,2.3621476027048883e+24,3.660363053516056e+20,8.757699697366495e+27
iter_0361,8.002268104288569e+27,7.730975307021482e+26,2.3176714392215237e+24,9.982808327771069e+19,8.777683406258022e+27
iter_0362,8.049102562425353e+27,7.67155272949174e+26,2.2110182151839482e+24,1.3040505545203173e+22,8.818481894095256e+27
iter_0363,8.020620218820226e+27,7.744303528498479e+26,2.3073190829603964e+24,8.00473334430532e+20,8.797358691226369e+27
iter_0364,8.006651734379025e+27,7.616063148103982e+26,2.236074867977729e+24,1.5528812954310545e+20,8.77049427934553e+27
iter_0365,7.985802537492868e+27,7.671196782591961e+26,2.191829745306081e+24,1.57136797751952e+20,8.755114202634168e+27
iter_0366,7.931187919482485e+27,7.635244266375073e+26,2.3016141742643878e+24,2.88392240580053e+20,8.697014248686498e+27
iter_0367,7.977818572461234e+27,7.575143036750874e+26,2.583327352038763e+24,1.5528812954310545e+20,8.737916358776489e+27
iter_0368,8.089693248203604e+27,7.654822394847277e+26,2.144351448441266e+24,1.3495277924579403e+20,8.857319974089552e+27
iter_0369,7.969270755255587e+27,7.77748792935197e+26,2.069659635252741e+24,1.5528812954310545e+20,8.749089363114167e+27
iter_0370,7.950014167522099e+27,7.713753158741463e+26,2.449853530282853e+24,9.243341044232467e+20,8.723840261260633e+27
iter_0371,8.002185380137288e+27,7.6852062177219e+26,2.244335888069047e+24,3.660363053516056e+20,8.772950703833852e+27
iter_0372,8.009301570621893e+27,7.479570164192822e+26,2.2153503625418865e+24,1.3495277924579403e+20,8.759474072356496e+27
iter_0373,8.102137962214671e+27,7.578283719259523e+26,2.2803499945282673e+24,1.3040505545203173e+22,8.862259724640697e+27
iter_0374,8.068364710889519e+27,7.665342557509098e+26,2.1125436832368322e+24,9.982808327771069e+19,8.837011610151749e+27
iter_0375,7.976554267294934e+27,7.71314976146349e+26,2.2662699077883874e+24,8.00473334430532e+20,8.750136313822406e+27
iter_0376,7.94668792737536e+27,7.711539969465998e+26,2.4836038605666507e+24,4.436803701231583e+19,8.720325572550563e+27
iter_0377,7.929113500887672e+27,7.606204652511153e+26,2.6039813899872064e+24,1.0352541969540366e+20,8.692338051054195e+27
iter_0378,7.930838154110146e+27,7.65423548068108e+26,1.9919275280418972e+24,1.0722275611309665e+20,8.698253736929052e+27
iter_0379,7.937277013915856e+27,7.689465184107126e+26,1.9809412473710626e+24,1.5528812954310545e+20,8.708204628862068e+27
iter_0380,7.948650337776549e+27,7.69491861409656e+26,2.2592224514596882e+24,4.436803701231583e+19,8.720401466005702e+27
iter_0381,8.00986821452511e+27,7.760721938784038e+26,2.4589491773603435e+24,1.0352541969540366e+20,8.788399461106294e+27
iter_0382,7.953288450798107e+27,7.650105749075494e+26,2.1908894656691964e+24,8.817962489376882e+22,8.720578094796219e+27
iter_0383,7.944826963700266e+27,7.623907765849717e+26,2.0859135252192065e+24,2.2923485789696528e+20,8.709303883045314e+27
iter_0384,8.041641649446384e+27,7.797143619520052e+26,2.3746970693081817e+24,3.0133291804197834e+20,8.823731009800615e+27
iter_0385,7.973317365238637e+27,7.731149820268388e+26,2.1806684364833775e+24,2.2923485789696528e+20,8.748613244936817e+27
iter_0386,8.049783804168289e+27,7.682797674116197e+26,2.2997522316458805e+24,4.288910244523867e+20,8.820363752702579e+27
iter_0387,7.903761575631502e+27,7.78904251691744e+26,2.3559943277180707e+24,2.88392240580053e+20,8.685022110043204e+27
iter_0388,7.991296099912562e+27,7.634123889165337e+26,2.2532105999318428e+24,1.6878340746768493e+21,8.756963387263103e+27
iter_0389,7.96949791145654e+27,7.558524589240746e+26,2.451867261194898e+24,7.579539656270625e+21,8.727809817181465e+27
iter_0390,7.983114834016911e+27,7.74046906937453e+26,2.0081344882895595e+24,8.817962489376882e+22,8.759258055067547e+27
iter_0391,8.080318629244408e+27,7.703760901543618e+26,2.2532733888162848e+24,1.57136797751952e+20,8.852948149924384e+27
iter_0392,7.965752047009719e+27,7.649346740818312e+26,2.144867291807714e+24,9.982808327771069e+19,8.732831688211441e+27
iter_0393,7.963545442097474e+27,7.626481656324426e+26,2.2866718186992661e+24,3.0133291804197834e+20,8.728480580881533e+27
iter_0394,8.075128007329852e+27,7.717750873148983e+26,2.221722939353961e+24,7.579539656270625e+21,8.84913239712376e+27
iter_0395,7.996151592298507e+27,7.689719200594343e+26,2.1920515807426078e+24,3.0133291804197834e+20,8.767315865271601e+27
iter_0396,8.01148434691885e+27,7.673863022242531e+26,2.0308207462480126e+24,1.6878340746768493e+21,8.780903157723425e+27
iter_0397,7.934883940613121e+27,7.755960595437687e+26,2.1866305924131995e+24,1.0722275611309665e+20,8.712666737972059e+27
iter_0398,8.039701032268318e+27,7.671859689203709e+26,2.1149630667552784e+24,4.288910244523867e+20,8.809002393146468e+27
iter_0399,7.977623851832312e+27,7.651717245242836e+26,2.24334463215217e+24,8.00473334430532e+20,8.745039721462082e+27
iter_0400,8.04121579711484e+27,7.768543804811411e+26,2.2051644791320272e+24,4.436803701231583e+19,8.82027538644315e+27
iter_0401,7.959258746581264e+27,7.759772166245849e+26,2.2893344245481623e+24,1.0352541969540366e+20,8.737525401155817e+27
iter_0402,7.936949507020641e+27,7.681251592533246e+26,2.240185987010767e+24,1.0722275611309665e+20,8.707314959483734e+27
iter_0403,8.019039232962918e+27,7.664231782354884e+26,2.0519198574395808e+24,1.3495277924579403e+20,8.787514466008625e+27
iter_0404,8.015090108634461e+27,7.678632428888252e+26,2.3023864509376293e+24,1.5528812954310545e+20,8.785255893262354e+27
iter_0405,8.024258527133283e+27,7.777829921162606e+26,2.1297558385886924e+24,9.982808327771069e+19,8.804171374916216e+27
iter_0406,7.928473219208275e+27,7.701943514469508e+26,2.1715043878061386e+24,1.0352541969540366e+20,8.700839178568451e+27
iter_0407,7.987567504638196e+27,7.588777805982811e+26,2.281246236761136e+24,4.288910244523867e+20,8.748726960364263e+27
iter_0408,7.944505779494857e+27,7.756729380290846e+26,2.255227918545313e+24,1.6878340746768493e+21,8.722435633276561e+27
iter_0409,7.954739668811749e+27,7.63225724371476e+26,2.170619166714255e+24,1.3040505545203173e+22,8.720149052855485e+27
iter_0410,8.030986348148581e+27,7.663064696024651e+26,2.2466184749122664e+24,8.00473334430532e+20,8.799540236699294e+27
iter_0411,8.028154456709514e+27,7.592502290529976e+26,2.0836146498923484e+24,3.0133291804197834e+20,8.789488601745322e+27
iter_0412,8.000527798312927e+27,7.547486858093945e+26,2.2411448201524212e+24,1.57136797751952e+20,8.757517786079272e+27
iter_0413,7.976858418120117e+27,7.789085373042382e+26,2.2195022266908818e+24,1.3040505545203173e+22,8.757999498156592e+27
iter_0414,8.003906884452424e+27,7.61430042020432e+26,2.258899322104808e+24,1.3040505545203173e+22,8.767608866300507e+27
iter_0415,8.035273721123811e+27,7.690575193815579e+26,2.1500150790803707e+24,3.697336417692988e+19,8.806481292557814e+27
iter_0416,8.005566147970113e+27,7.554135930325288e+26,1.9994944511910012e+24,1.5288486087160501e+21,8.762980764302442e+27
iter_0417,7.997190582448589e+27,7.683430602528124e+26,2.5956373602126093e+24,1.5288486087160501e+21,8.768130808910223e+27
iter_0418,8.003541693920011e+27,7.630400949742906e+26,1.923776165345813e+24,9.243341044232467e+20,8.768506489393752e+27
iter_0419,7.971486745703674e+27,7.491823749793706e+26,2.1204395336238436e+24,4.288910244523867e+20,8.722789989107693e+27
iter_0420,7.983727644560009e+27,7.769667278144185e+26,2.0763201805186943e+24,3.697336417692988e+19,8.76277072952831e+27
iter_0421,8.023653931498646e+27,7.686653028820727e+26,2.3600016442878302e+24,3.660363053516056e+20,8.794679602061311e+27
iter_0422,7.98923614437464e+27,7.551112909668731e+26,2.2679739320680366e+24,7.579539656270625e+21,8.746622988813237e+27
iter_0423,7.964971409463179e+27,7.553297867829657e+26,2.1389263504860254e+24,8.00473334430532e+20,8.722440923069966e+27
iter_0424,8.062534588700642e+27,7.671915259108821e+26,2.3001288233901443e+24,8.00473334430532e+20,8.832027043908249e+27
iter_0425,7.970768558891807e+27,7.625709704170128e+26,2.373915194531152e+24,1.3040505545203173e+22,8.735726485008895e+27
iter_0426,8.000638311203379e+27,7.615361772257951e+26,2.1612169428523993e+24,1.0722275611309665e+20,8.764335812594782e+27
iter_0427,8.002052843576989e+27,7.656282155109896e+26,2.1617776493610573e+24,3.0133291804197834e+20,8.769843138070258e+27
iter_0428,8.014373484066798e+27,7.621704393395663e+26,2.5584194550080204e+24,3.660363053516056e+20,8.779102708897677e+27
iter_0429,8.038078753997297e+27,7.717588831240744e+26,2.2776385897980342e+24,1.57136797751952e+20,8.812115432847967e+27
iter_0430,8.020732614452637e+27,7.640166950680097e+26,2.3993259169027e+24,9.243341044232467e+20,8.787149559771654e+27
iter_0431,7.982919561137146e+27,7.699056851352461e+26,2.113986013244517e+24,2.2923485789696528e+20,8.754939461520496e+27
iter_0432,8.007614759992179e+27,7.708767075967094e+26,2.311648953142452e+24,1.5288486087160501e+21,8.780804645390639e+27
iter_0433,8.06342620033475e+27,7.735593265281702e+26,2.0595295727228918e+24,2.88392240580053e+20,8.839045344827883e+27
iter_0434,8.069510129017311e+27,7.693386027557542e+26,2.0884913296284717e+24,1.0722275611309665e+20,8.840937330325451e+27
iter_0435,7.941595728970311e+27,7.632059531768985e+26,2.12234893414601e+24,4.436803701231583e+19,8.706924075449393e+27
iter_0436,8.000370376125083e+27,7.599770824484141e+26,2.3096724330083502e+24,8.817962489376882e+22,8.762745310631398e+27
iter_0437,7.943725582334635e+27,7.725196393200957e+26,1.9723618066552534e+24,7.487106245828303e+20,8.71821833217201e+27
iter_0438,7.90087052798639e+27,7.733829892664664e+26,2.3907785874009467e+24,9.243341044232467e+20,8.676645220174362e+27
iter_0439,8.007646291571153e+27,7.711212681648481e+26,2.3560189885894057e+24,3.0133291804197834e+20,8.781123880057508e+27
iter_0440,8.065221515660518e+27,7.640500146132041e+26,2.135784044379433e+24,3.0133291804197834e+20,8.831407615651018e+27
iter_0441,7.987236215281755e+27,7.631058214005895e+26,2.242582207395478e+24,1.0352541969540366e+20,8.75258472241516e+27
iter_0442,8.025856848391068e+27,7.779509945339502e+26,2.2866334930501512e+24,1.57136797751952e+20,8.806094633554866e+27
iter_0443,7.980125831897355e+27,7.570094673091836e+26,2.3991448356724266e+24,1.3495277924579403e+20,8.739534578994991e+27
iter_0444,7.924880753848368e+27,7.692728391603612e+26,2.0874415787884398e+24,1.3040505545203173e+22,8.696254075093063e+27
iter_0445,7.9575371745456e+27,7.611943909762976e+26,2.0577163385964424e+24,3.0133291804197834e+20,8.720789583193412e+27
iter_0446,7.995180270302843e+27,7.717762482463791e+26,2.321975201209541e+24,1.57136797751952e+20,8.769278650887229e+27
iter_0447,8.00058765947232e+27,7.514482348761505e+26,2.1974608400915587e+24,1.5288486087160501e+21,8.754234884037171e+27
iter_0448,7.901275618147444e+27,7.772860023631998e+26,2.1859319965541014e+24,1.0722275611309665e+20,8.680747659729955e+27
iter_0449,8.034957176765809e+27,7.758180929768045e+26,2.2968911071041274e+24,9.982808327771069e+19,8.813072260677802e+27
iter_0450,8.01640571468783e+27,7.740552357835182e+26,2.112147401099635e+24,8.00473334430532e+20,8.792573898345783e+27
iter_0451,8.021254227293277e+27,7.484139126416068e+26,2.426961869492243e+24,3.697336417692988e+19,8.772095138777741e+27
iter_0452,7.963149669256396e+27,7.71406635249862e+26,2.3156808753766106e+24,1.0722275611309665e+20,8.736872092604391e+27
iter_0453,8.052086374361005e+27,7.785836068808814e+26,2.1554408903214706e+24,1.0722275611309665e+20,8.832825529354964e+27
iter_0454,7.980973627288197e+27,7.673918969653724e+26,2.1925357690010533e+24,3.697336417692988e+19,8.750558096995935e+27
iter_0455,8.015279117830126e+27,7.695231043477075e+26,2.1288139622164482e+24,9.243341044232467e+20,8.786931960474155e+27
iter_0456,8.024735948767731e+27,7.739213665674398e+26,2.2638002702633686e+24,3.697336417692988e+19,8.800921152578799e+27
iter_0457,8.033558226906526e+27,7.591864826878607e+26,2.322334359393548e+24,1.57136797751952e+20,8.795067201090578e+27
iter_0458,7.99775233446253e+27,7.674999993990314e+26,2.1708814371271356e+24,9.982808327771069e+19,8.767423315126772e+27
iter_0459,7.904212682506205e+27,7.64971965166124e+26,2.1389105851333254e+24,1.0352541969540366e+20,8.671323661782883e+27
iter_0460,7.946432713006442e+27,7.642742040079972e+26,2.1481633057549026e+24,7.487106245828303e+20,8.712855829030818e+27
iter_0461,7.952258145502349e+27,7.693343233565928e+26,2.290965320689937e+24,2.2923485789696528e+20,8.72388366341449e+27
iter_0462,8.00198504598019e+27,7.595613895016676e+26,2.2810810868511887e+24,1.3040505545203173e+22,8.763840557074254e+27
iter_0463,8.072572539436498e+27,7.520250399087311e+26,2.3016872240077703e+24,3.660363053516056e+20,8.826899632605543e+27
iter_0464,7.999392384744929e+27,7.805277869330951e+26,2.3750457761885452e+24,1.0352541969540366e+20,8.782295320979633e+27
iter_0465,7.983931604359689e+27,7.522529616771535e+26,2.2556094990287257e+24,1.0352541969540366e+20,8.738440279061291e+27
iter_0466,7.943163757568234e+27,7.720028162265343e+26,2.351404955703334e+24,1.57136797751952e+20,8.71751813588727e+27
iter_0467,7.984606654943473e+27,7.476404777876703e+26,2.3366801479140734e+24,1.3495277924579403e+20,8.734583947831837e+27
iter_0468,8.020918802850831e+27,7.671779672491646e+26,2.298011703107267e+24,1.3495277924579403e+20,8.790394916755882e+27
iter_0469,7.992815378364528e+27,7.638656286160714e+26,2.498521697623257e+24,1.5528812954310545e+20,8.759179683966352e+27
iter_0470,7.936951142541931e+27,7.664359579963339e+26,2.0942954250841682e+24,1.5528812954310545e+20,8.705481551251478e+27
iter_0471,7.998545012957964e+27,7.638210911496705e+26,2.3080698811500714e+24,8.00473334430532e+20,8.76467497446212e+27
iter_0472,7.970820379020073e+27,7.656345385895631e+26,2.640118416693524e+24,1.5288486087160501e+21,8.739096564874938e+27
iter_0473,7.959369735373797e+27,7.667474919036255e+26,2.493172445299295e+24,3.0133291804197834e+20,8.72861070105564e+27
iter_0474,8.089789523672339e+27,7.559622864690806e+26,2.307642434925274e+24,4.436803701231583e+19,8.848059496944382e+27
iter_0475,7.9980714242452e+27,7.627981261544137e+26,2.1392881866830166e+24,8.00473334430532e+20,8.763009639059633e+27
iter_0476,8.028611031770981e+27,7.561784415508264e+26,2.2426098393451352e+24,7.579539656270625e+21,8.787039662700808e+27
iter_0477,7.946511911400011e+27,7.59389376528985e+26,2.520234691993171e+24,1.3495277924579403e+20,8.708421657573769e+27
iter_0478,8.042091301691635e+27,7.573180678287925e+26,2.2564765887290129e+24,1.5288486087160501e+21,8.801667374957765e+27
iter_0479,7.975638995151139e+27,7.750012577469513e+26,2.1342434063309455e+24,7.487106245828303e+20,8.752775245015046e+27
iter_0480,8.039583779012156e+27,7.715534179964253e+26,2.2321491065449933e+24,3.660363053516056e+20,8.813369712151431e+27
iter_0481,7.960719704076526e+27,7.741429871163058e+26,1.959777393071623e+24,7.487106245828303e+20,8.736823217296528e+27
iter_0482,7.955719373045162e+27,7.687490601899226e+26,2.039204648907267e+24,9.243341044232467e+20,8.726508562218097e+27
iter_0483,8.018478889073096e+27,7.688212438624237e+26,2.2398456103980205e+24,1.5288486087160501e+21,8.789541507394525e+27
iter_0484,8.036707976688167e+27,7.588908569310614e+26,2.3126371513560255e+24,2.2923485789696528e+20,8.797911700005444e+27
iter_0485,8.018100927448565e+27,7.633190239703143e+26,2.2904295385559519e+24,1.3040505545203173e+22,8.783723421462981e+27
iter_0486,8.020035906195669e+27,7.769361226719282e+26,2.3461586368026858e+24,8.00473334430532e+20,8.799318987977734e+27
iter_0487,8.130541752034895e+27,7.677227103898182e+26,2.1548986750475364e+24,7.487106245828303e+20,8.900420109810385e+27
iter_0488,7.91338285385967e+27,7.749410869175249e+26,2.3151392719903413e+24,1.5528812954310545e+20,8.690639235337315e+27
iter_0489,7.94679189285633e+27,7.630303464001497e+26,2.1065757695080887e+24,3.0133291804197834e+20,8.711929116358906e+27
iter_0490,8.011240688606852e+27,7.58691945485767e+26,2.1829262839903098e+24,1.5288486087160501e+21,8.772117089225217e+27
iter_0491,8.032576728812787e+27,7.653409771971229e+26,2.383924063223235e+24,7.579539656270625e+21,8.80030920961279e+27
iter_0492,8.037334273590818e+27,7.628167668531679e+26,2.2527780466970577e+24,4.288910244523867e+20,8.802404247381707e+27
iter_0493,8.038271464078158e+27,7.767337523775205e+26,2.3612475376575757e+24,4.436803701231583e+19,8.817366508361374e+27
iter_0494,8.023148147538498e+27,7.574105996369876e+26,2.3887336564771985e+24,7.579539656270625e+21,8.78295506037162e+27
iter_0495,7.811093432577731e+27,7.801169868575914e+26,2.0550106627143146e+24,2.2923485789696528e+20,8.593265659332895e+27
iter_0496,8.030617495977553e+27,7.849848780854607e+26,2.144044815295217e+24,1.5288486087160501e+21,8.817747947726917e+27
iter_0497,8.054016805886921e+27,7.72553498319964e+26,2.191448740862481e+24,1.57136797751952e+20,8.828761910084544e+27
iter_0498,7.880425394912377e+27,7.766182541311605e+26,2.0526042301516719e+24,9.982808327771069e+19,8.659096353101774e+27
iter_0499,7.907933356039279e+27,7.659041151763734e+26,2.3214581746582247e+24,1.57136797751952e+20,8.676159086527108e+27
iter_0500,7.997908549690893e+27,7.659937833821707e+26,2.4772873699347664e+24,1.0722275611309665e+20,8.766379727665755e+27
iter_0501,7.991608699483838e+27,7.602718405782613e+26,1.759650869643287e+24,8.817962489376882e+22,8.753728370556636e+27
iter_0502,7.947026810842776e+27,7.722625351293124e+26,2.4834816895873877e+24,7.579539656270625e+21,8.721780407201333e+27
iter_0503,8.01019994432804e+27,7.759661745750277e+26,2.0657610674230266e+24,2.2923485789696528e+20,8.788232109205349e+27
iter_0504,8.005294117409298e+27,7.800939030549386e+26,2.295064211107018e+24,8.817962489376882e+22,8.787771264300236e+27
iter_0505,7.855070764255175e+27,7.759975359505907e+26,2.554943054893733e+24,3.0133291804197834e+20,8.633623544593577e+27
iter_0506,8.073509070367583e+27,7.721979335656269e+26,2.019824062333867e+24,7.579539656270625e+21,8.847734407535199e+27
iter_0507,7.964439090006349e+27,7.69949331462408e+26,2.2553408104860263e+24,1.5528812954310545e+20,8.736643917567372e+27
iter_0508,7.940095063166118e+27,7.582891974213227e+26,2.504506296630174e+24,3.660363053516056e+20,8.700889132920375e+27
iter_0509,7.942841615401257e+27,7.737126655852237e+26,2.452184253704839e+24,1.5528812954310545e+20,8.719006620528315e+27
iter_0510,8.00728044583127e+27,7.652533758951654e+26,2.101277859628082e+24,7.487106245828303e+20,8.774635848296688e+27
iter_0511,7.937865246891952e+27,7.594789661071618e+26,2.104736839863422e+24,1.0352541969540366e+20,8.699449053364397e+27
iter_0512,8.044600947783434e+27,7.56871512007691e+26,2.3048273793256358e+24,1.3040505545203173e+22,8.803790327675996e+27
iter_0513,8.066718403598307e+27,7.604954773583537e+26,2.2904757575644767e+24,9.243341044232467e+20,8.82950528104833e+27
iter_0514,8.034235227003207e+27,7.643351342283475e+26,2.441172345703186e+24,4.288910244523867e+20,8.801011962468282e+27
iter_0515,7.941909143390634e+27,7.734250625200324e+26,2.2018617953463733e+24,1.0722275611309665e+20,8.71753617492877e+27
iter_0516,8.079328478055439e+27,7.649295097112302e+26,2.2338033583770716e+24,2.2923485789696528e+20,8.846492020359906e+27
iter_0517,8.053412305575248e+27,7.714720897529174e+26,2.3465497529933042e+24,2.2923485789696528e+20,8.827231174316017e+27
iter_0518,8.059447701920112e+27,7.796345453291068e+26,2.08119259781205e+24,9.243341044232467e+20,8.841164364181135e+27
iter_0519,8.012755026437331e+27,7.691957757474708e+26,2.2582449907055007e+24,1.57136797751952e+20,8.784209204312305e+27
iter_0520,7.966079302542993e+27,7.758265993595185e+26,2.189146041037719e+24,3.697336417692988e+19,8.744095084916914e+27
iter_0521,7.991700017104899e+27,7.519671116793222e+26,2.118229185531305e+24,2.88392240580053e+20,8.745785646361994e+27
iter_0522,7.99898541447486e+27,7.704015140488697e+26,2.484220782224536e+24,1.57136797751952e+20,8.771871306442752e+27
iter_0523,7.99408407057409e+27,7.682723981905059e+26,2.2769200024457524e+24,1.5528812954310545e+20,8.76463354405517e+27
iter_0524,7.99876882007076e+27,7.600517255769261e+26,2.275605767644157e+24,8.00473334430532e+20,8.761096951888665e+27
iter_0525,8.020784105777536e+27,7.695742664136978e+26,1.9441950547896319e+24,1.57136797751952e+20,8.792302724382821e+27
iter_0526,8.001880254172389e+27,7.572081221911286e+26,2.2261451340947806e+24,1.5288486087160501e+21,8.761316050346221e+27
iter_0527,7.974273221120941e+27,7.705851016512454e+26,2.1047109005565943e+24,3.697336417692988e+19,8.746963070646107e+27
iter_0528,8.010075706678759e+27,7.626735404695815e+26,1.8494192720710759e+24,9.243341044232467e+20,8.774599590754515e+27
iter_0529,7.983331063948267e+27,7.630137650948684e+26,2.351294364188528e+24,1.0352541969540366e+20,8.748696226932745e+27
iter_0530,7.934753155028942e+27,7.573085892971072e+26,2.4475419702899454e+24,7.487106245828303e+20,8.694510035006963e+27
iter_0531,8.016381342952984e+27,7.63685623740793e+26,2.3685537680834506e+24,2.88392240580053e+20,8.782435808854101e+27
iter_0532,7.995043933812698e+27,7.781056470309684e+26,2.4175095888037095e+24,3.0133291804197834e+20,8.775567391765388e+27
iter_0533,8.040603933146242e+27,7.697257297490854e+26,2.263245011580265e+24,9.982808327771069e+19,8.812593007734991e+27
iter_0534,8.053273055769274e+27,7.673284345349721e+26,2.2331249396860814e+24,4.436803701231583e+19,8.822834659611968e+27
iter_0535,7.960398574072632e+27,7.793610314839767e+26,2.43541052334868e+24,9.243341044232467e+20,8.742195940414063e+27
iter_0536,8.052211034699514e+27,7.769566813274043e+26,2.630295394540385e+24,3.697336417692988e+19,8.831798048394823e+27
iter_0537,7.978165098351891e+27,7.642393827279747e+26,2.1593489533500856e+24,1.5288486087160501e+21,8.744565358881824e+27
iter_0538,7.998942094882917e+27,7.59816168462295e+26,2.3123689077872348e+24,1.3040505545203173e+22,8.761083672758544e+27
iter_0539,7.974920949761041e+27,7.595044485956989e+26,2.2169005675820184e+24,2.88392240580053e+20,8.736642587316563e+27
iter_0540,7.954097679204748e+27,7.780072965944245e+26,2.513450432156161e+24,9.982808327771069e+19,8.734618526059412e+27
iter_0541,7.977414029473022e+27,7.796043229163202e+26,2.3513655264143651e+24,2.88392240580053e+20,8.759370006307997e+27
iter_0542,7.997189747070413e+27,7.557633600753496e+26,1.9781715543582174e+24,1.6878340746768493e+21,8.754932966534195e+27
iter_0543,8.013765949568015e+27,7.691737434600396e+26,2.0733581425674915e+24,8.00473334430532e+20,8.785013851643957e+27
iter_0544,8.04856434997109e+27,7.641537478190046e+26,2.199423655847859e+24,1.5528812954310545e+20,8.814917676734073e+27
iter_0545,8.005069796914453e+27,7.629691690755278e+26,2.1154384946217454e+24,4.288910244523867e+20,8.770154833375627e+27
iter_0546,8.061165487707912e+27,7.746213259963964e+26,2.131747036013148e+24,1.5528812954310545e+20,8.837918716028451e+27
iter_0547,7.997697118523044e+27,7.710570363554674e+26,1.9381546668186752e+24,3.0133291804197834e+20,8.770692610878247e+27
iter_0548,7.992813753133119e+27,7.694582462180864e+26,2.1213444487904452e+24,2.2923485789696528e+20,8.764393573034853e+27
iter_0549,8.004478680645985e+27,7.680568810183171e+26,2.257370228032113e+24,1.0722275611309665e+20,8.774793039115091e+27
iter_0550,8.043601357395722e+27,7.71373536179728e+26,2.2002199083739035e+24,1.3495277924579403e+20,8.817175248436603e+27
iter_0551,8.12046101596339e+27,7.59378883364123e+26,2.3467065772460488e+24,2.88392240580053e+20,8.882186894296999e+27
iter_0552,8.032872831095859e+27,7.657293193197734e+26,2.0833542850012972e+24,8.817962489376882e+22,8.800773684325528e+27
iter_0553,7.88832169389327e+27,7.782774393047284e+26,2.2548747994615312e+24,1.0352541969540366e+20,8.66885411152288e+27
iter_0554,7.965237352644706e+27,7.736354415966645e+26,2.3259090162377807e+24,4.288910244523867e+20,8.741199132148632e+27
iter_0555,8.026717691232253e+27,7.703554088624893e+26,2.2083548273986815e+24,3.0133291804197834e+20,8.799281756255059e+27
iter_0556,8.019885056853773e+27,7.642469512372288e+26,2.409537258470618e+24,3.660363053516056e+20,8.786541911385777e+27
iter_0557,7.939155004381558e+27,7.54523310997453e+26,2.270664742860238e+24,8.817962489376882e+22,8.696037159746765e+27
iter_0558,7.995402323530017e+27,7.540026405425089e+26,2.4611194513993246e+24,3.660363053516056e+20,8.75186644956023e+27
iter_0559,8.034947218678704e+27,7.565070217073411e+26,2.2228703637323394e+24,3.697336417692988e+19,8.793677147723142e+27
iter_0560,8.008903404468957e+27,7.530709779169533e+26,2.403613488892931e+24,3.697336417692988e+19,8.764378032848168e+27
iter_0561,7.981311708437807e+27,7.736280389020832e+26,2.2393805662768836e+24,9.982808327771069e+19,8.757179227734251e+27
iter_0562,8.069822017390299e+27,7.65648023290818e+26,2.2443569019779285e+24,7.579539656270625e+21,8.83772197712275e+27
iter_0563,7.964028315812592e+27,7.625418790986095e+26,1.8922595968441928e+24,1.57136797751952e+20,8.728462611644843e+27
iter_0564,8.018064952942501e+27,7.575146633935731e+26,2.1195401416569876e+24,1.57136797751952e+20,8.777699313614529e+27
iter_0565,7.955580952516034e+27,7.746248701232904e+26,2.1726063447604707e+24,8.817962489376882e+22,8.732466608608979e+27
iter_0566,8.028951874335745e+27,7.60543523267277e+26,2.0350033439300357e+24,7.579539656270625e+21,8.791537980486609e+27
iter_0567,8.035076201690854e+27,7.623584794748866e+26,1.8405207786502118e+24,4.436803701231583e+19,8.799275246312428e+27
iter_0568,7.996682245816247e+27,7.528583220847345e+26,2.1950314792066374e+24,2.2923485789696528e+20,8.751735828615047e+27
iter_0569,7.952721531586884e+27,7.65558017252143e+26,2.3345844406564797e+24,1.57136797751952e+20,8.720614290416481e+27
iter_0570,7.974213501273597e+27,7.5977829799862e+26,2.1513576348902997e+24,1.0722275611309665e+20,8.736143264129863e+27
iter_0571,7.927466165936647e+27,7.712561036612388e+26,2.3738265052621757e+24,9.982808327771069e+19,8.701096195931232e+27
iter_0572,8.083532552464862e+27,7.697614798536771e+26,2.228224713865578e+24,3.660363053516056e+20,8.855522623068709e+27
iter_0573,7.994661292794714e+27,7.849814582150037e+26,2.113707241904571e+24,1.5528812954310545e+20,8.781756613539751e+27
iter_0574,7.993976341612687e+27,7.544303979384529e+26,2.4226851078591523e+24,1.3040505545203173e+22,8.750842465164545e+27
iter_0575,8.020333306384137e+27,7.538277246963812e+26,2.1114733967505887e+24,9.243341044232467e+20,8.776273428811373e+27
iter_0576,7.997677790202089e+27,7.671134621948781e+26,2.183327609195871e+24,1.5528812954310545e+20,8.766974735294292e+27
iter_0577,7.90732451946132e+27,7.615055480120259e+26,2.450297879927458e+24,7.579539656270625e+21,8.671287944892929e+27
iter_0578,8.003650992714107e+27,7.695425966564891e+26,2.2493398253573258e+24,4.288910244523867e+20,8.775443358086977e+27
iter_0579,8.015804923033541e+27,7.6827737039073e+26,2.3864099131658683e+24,1.0722275611309665e+20,8.786468810560193e+27
iter_0580,7.969619746470849e+27,7.738702904844086e+26,2.320095458170647e+24,1.57136797751952e+20,8.745810289550227e+27
iter_0581,7.956446659331214e+27,7.575726937745455e+26,2.1430259071776865e+24,1.3040505545203173e+22,8.716175419518483e+27
iter_0582,7.992807377267165e+27,7.758848365345801e+26,2.435590410872539e+24,1.3040505545203173e+22,8.771140844718164e+27
iter_0583,8.011713152551637e+27,7.746639904893776e+26,2.146632891047824e+24,1.3495277924579403e+20,8.788523910884842e+27
iter_0584,8.018505289472113e+27,7.584169898130864e+26,2.273737954675862e+24,7.487106245828303e+20,8.7791967659505e+27
iter_0585,8.096829033433273e+27,7.526419186083862e+26,2.3421832619328983e+24,7.487106245828303e+20,8.851813884014216e+27
iter_0586,7.994319046283186e+27,7.580969641721485e+26,2.277715674470856e+24,7.487106245828303e+20,8.754694474840428e+27
iter_0587,7.946732163575355e+27,7.74922989180239e+26,2.167295728674374e+24,3.0133291804197834e+20,8.723822749817186e+27
iter_0588,8.034808045009867e+27,7.82596514094555e+26,2.1888015738245492e+24,3.660363053516056e+20,8.819593726714552e+27
iter_0589,8.104346077576494e+27,7.613466540141966e+26,2.2566221882623346e+24,1.6878340746768493e+21,8.867951041613027e+27
iter_0590,7.942394425135423e+27,7.697681540655254e+26,2.1331567012727374e+24,8.00473334430532e+20,8.714296536375556e+27
iter_0591,7.975849193943956e+27,7.57425977135269e+26,2.246234621118927e+24,9.243341044232467e+20,8.735522330034449e+27
iter_0592,8.021525989415463e+27,7.698498091242618e+26,2.394698675586824e+24,7.487106245828303e+20,8.793771245925936e+27
iter_0593,7.91936877712161e+27,7.651996911157012e+26,2.1164249107531527e+24,7.487106245828303e+20,8.686685641858689e+27
iter_0594,7.945552753302708e+27,7.791757334941319e+26,2.108517615459322e+24,1.57136797751952e+20,8.726837161549096e+27
iter_0595,8.002438163585218e+27,7.699706380002692e+26,2.1683451203568957e+24,4.436803701231583e+19,8.774577191073881e+27
iter_0596,7.987469445096955e+27,7.698280767814287e+26,2.118053586297146e+24,7.487106245828303e+20,8.759416324175305e+27
iter_0597,7.926096854620655e+27,7.560244169572959e+26,2.2962226316882332e+24,1.5288486087160501e+21,8.684419023058248e+27
iter_0598,7.921423289395882e+27,7.576741816258823e+26,2.2049311756187392e+24,3.697336417692988e+19,8.681302439170747e+27
iter_0599,8.027372694457108e+27,7.84522851825036e+26,2.4068261027734725e+24,9.982808327771069e+19,8.814302472213e+27
iter_0600,8.043082090862496e+27,7.661673107332234e+26,2.1831034088423664e+24,2.88392240580053e+20,8.811432793396804e+27
iter_0601,7.964025415652362e+27,7.551113417481266e+26,2.3085106108940132e+24,9.982808327771069e+19,8.721445367839466e+27
iter_0602,7.986060575655508e+27,7.694239761458144e+26,2.2224286055012556e+24,3.0133291804197834e+20,8.757707281739741e+27
iter_0603,8.031567746645293e+27,7.721628774734946e+26,2.1278277961740088e+24,1.5288486087160501e+21,8.805859980763569e+27
iter_0604,8.095786546307214e+27,7.687016867940401e+26,2.2243327180282226e+24,2.88392240580053e+20,8.866712854211523e+27
iter_0605,7.985761165763305e+27,7.617489483995097e+26,2.4959053249352505e+24,1.5288486087160501e+21,8.750007548336358e+27
iter_0606,7.972488869803303e+27,7.610832594385646e+26,2.2257251542673124e+24,4.436803701231583e+19,8.735797898764172e+27
iter_0607,7.882080951533737e+27,7.638545307840771e+26,2.3588831378545634e+24,9.243341044232467e+20,8.648295289789773e+27
iter_0608,7.95768365922913e+27,7.698167298103162e+26,2.2309678880196156e+24,2.2923485789696528e+20,8.729731586162323e+27
iter_0609,7.964420697581271e+27,7.591588349554015e+26,2.082425906909038e+24,1.5288486087160501e+21,8.72566348729219e+27
iter_0610,7.967850422849436e+27,7.546136372528608e+26,2.196640586497126e+24,3.697336417692988e+19,8.724660737662159e+27
iter_0611,8.055857912486927e+27,7.701212318816804e+26,2.242153647583897e+24,1.3040505545203173e+22,8.828234338521736e+27
iter_0612,8.054247268318834e+27,7.681623516324584e+26,2.152791037649006e+24,1.0352541969540366e+20,8.824562514514362e+27
iter_0613,8.015743896385784e+27,7.672550309735685e+26,2.528705477768968e+24,7.487106245828303e+20,8.785528381547745e+27
iter_0614,8.036058720885954e+27,7.652258997135282e+26,2.3151491585780304e+24,1.3040505545203173e+22,8.803612810263606e+27
iter_0615,8.009735553974849e+27,7.693262480978446e+26,2.0540440784244976e+24,1.57136797751952e+20,8.781116003287915e+27
iter_0616,7.911106452669754e+27,7.607692043615576e+26,2.006442373955167e+24,1.57136797751952e+20,8.673882256542065e+27
iter_0617,8.057485153877968e+27,7.7408995421059e+26,2.516293510818457e+24,3.0133291804197834e+20,8.834091702932293e+27
iter_0618,7.958373550186932e+27,7.688130145466963e+26,2.2174644201634551e+24,9.982808327771069e+19,8.729404128981876e+27
iter_0619,8.028446136714181e+27,7.692723261948209e+26,2.0778107800620063e+24,7.487106245828303e+20,8.799797022399688e+27
iter_0620,8.068095158588062e+27,7.698057341937371e+26,2.3197845621749043e+24,7.579539656270625e+21,8.840228256883631e+27
iter_0621,7.931784069423713e+27,7.686030856451103e+26,2.4015433012031798e+24,1.3495277924579403e+20,8.702788833322807e+27
iter_0622,8.098100109586678e+27,7.731676255079843e+26,2.2538837067023187e+24,1.5528812954310545e+20,8.873521774089494e+27
iter_0623,7.99311032680667e+27,7.575902686747168e+26,2.013310227262941e+24,1.5288486087160501e+21,8.752715434557258e+27
iter_0624,7.944711157588876e+27,7.64310936010283e+26,2.109106675241541e+24,7.487106245828303e+20,8.711131948985025e+27
iter_0625,7.986802308074927e+27,7.643686167948475e+26,2.3327357037768404e+24,8.817962489376882e+22,8.753591840198445e+27
iter_0626,7.982204546785135e+27,7.736351032085551e+26,2.308554140681947e+24,1.5528812954310545e+20,8.758148359422501e+27
iter_0627,7.976464534240807e+27,7.682688340908016e+26,2.3671108705393177e+24,3.0133291804197834e+20,8.747100780535066e+27
iter_0628,7.991492895724618e+27,7.577994221594656e+26,2.347391296552049e+24,1.5288486087160501e+21,8.751641238029243e+27
iter_0629,8.0291439907508e+27,7.691330400694194e+26,1.9890644534896113e+24,3.660363053516056e+20,8.800266461310014e+27
iter_0630,7.97732135153656e+27,7.657864762961136e+26,2.1622934885539366e+24,7.487106245828303e+20,8.745270870031851e+27
iter_0631,8.061298128511502e+27,7.590209178449277e+26,2.1239742497135394e+24,4.288910244523867e+20,8.822443449497168e+27
iter_0632,7.965376379118004e+27,7.74667793091317e+26,2.1637605000193227e+24,3.0133291804197834e+20,8.742208234042258e+27
iter_0633,8.07475614475183e+27,7.663507506795775e+26,2.1008158000080625e+24,1.57136797751952e+20,8.843207868368213e+27
iter_0634,7.944736248523638e+27,7.659060867339196e+26,2.2616412968324935e+24,1.57136797751952e+20,8.712904133691188e+27
iter_0635,7.989470745514642e+27,7.57655866598473e+26,2.2507203843739449e+24,1.6878340746768493e+21,8.749379020331563e+27
iter_0636,8.04268596889511e+27,7.74924836866969e+26,2.1689991155936382e+24,3.697336417692988e+19,8.819779841851037e+27
iter_0637,7.955059469544065e+27,7.629313662435311e+26,2.3345804122751994e+24,2.2923485789696528e+20,8.720325645434729e+27
iter_0638,7.961733313655304e+27,7.67631046329618e+26,2.2800070595257263e+24,1.6878340746768493e+21,8.731646054878522e+27
iter_0639,7.998596989426878e+27,7.732237141587429e+26,2.1156038815676855e+24,4.288910244523867e+20,8.773936736358213e+27
iter_0640,7.938337171460574e+27,7.631847643590646e+26,2.6712606252850814e+24,1.0352541969540366e+20,8.704193299970343e+27
iter_0641,7.9613059949033e+27,7.539417263212696e+26,2.0465912594967558e+24,1.6878340746768493e+21,8.717296000318141e+27
iter_0642,7.977588712019443e+27,7.659798582744331e+26,2.0023481641454752e+24,1.6878340746768493e+21,8.745572606292095e+27
iter_0643,7.978185635305651e+27,7.75325191993811e+26,2.2698342761777079e+24,1.0722275611309665e+20,8.755780768798395e+27
iter_0644,8.019400342737083e+27,7.565363450027745e+26,2.3592215070015933e+24,4.436803701231583e+19,8.778295953614898e+27
iter_0645,7.91801029580056e+27,7.625538384502633e+26,2.3574522537255212e+24,7.579539656270625e+21,8.682929166044205e+27
iter_0646,8.01817424731649e+27,7.742219710183017e+26,2.4478829044921064e+24,1.0722275611309665e+20,8.79484420846204e+27
iter_0647,8.044218633444296e+27,7.691146255804881e+26,2.6285355124067806e+24,3.0133291804197834e+20,8.815962095870108e+27
iter_0648,7.960210570301454e+27,7.57603658848625e+26,2.1208489188420134e+24,1.57136797751952e+20,8.71993523520572e+27
iter_0649,7.947771284424663e+27,7.566019158328534e+26,2.348475131171473e+24,1.3040505545203173e+22,8.706734715894234e+27
iter_0650,7.900539224413146e+27,7.732290921020946e+26,2.2386410221485542e+24,4.436803701231583e+19,8.676007001905427e+27
iter_0651,7.979441728876191e+27,7.701444382150815e+26,2.3284313507872276e+24,9.982808327771069e+19,8.751914698270143e+27
iter_0652,8.067616624065424e+27,7.692768495462216e+26,2.2510586278260233e+24,2.2923485789696528e+20,8.83914476147433e+27
iter_0653,7.949184678631608e+27,7.688474073968446e+26,2.1702657967179267e+24,7.579539656270625e+21,8.720209931364827e+27
iter_0654,8.029788464447942e+27,7.711093046024305e+26,2.54369676754619e+24,1.5528812954310545e+20,8.803441621106048e+27
iter_0655,8.021821194103621e+27,7.642041189187308e+26,2.2499897512536541e+24,8.817962489376882e+22,8.788363482398499e+27
iter_0656,7.954045383168942e+27,7.69538027605588e+26,2.333188530788402e+24,2.88392240580053e+20,8.72591688769756e+27
iter_0657,8.000298863461945e+27,7.689123935728398e+26,2.359430989709312e+24,3.697336417692988e+19,8.771570724997857e+27
iter_0658,7.994602427116081e+27,7.514153954558529e+26,2.2841172090694582e+24,1.3040505545203173e+22,8.748314980286548e+27
iter_0659,7.925519072075079e+27,7.757101540527656e+26,2.0752995655232268e+24,1.5288486087160501e+21,8.703306054541976e+27
iter_0660,8.029006050062215e+27,7.681951623608201e+26,2.443865918700132e+24,1.3040505545203173e+22,8.79965811884728e+27
iter_0661,8.047411459643263e+27,7.705821860966574e+26,2.418212796936052e+24,7.487106245828303e+20,8.820412607247482e+27
iter_0662,7.998261064714786e+27,7.691701861300853e+26,2.329535213517356e+24,1.6878340746768493e+21,8.769762473892464e+27
iter_0663,8.031186085248428e+27,7.679143665127171e+26,2.055230164127758e+24,7.487106245828303e+20,8.801156430635897e+27
iter_0664,7.913892412290959e+27,7.601849741370201e+26,2.118924504341079e+24,2.88392240580053e+20,8.67619659932456e+27
iter_0665,7.921736194220295e+27,7.68886465556906e+26,2.2702659698590996e+24,1.3495277924579403e+20,8.69289306069984e+27
iter_0666,8.025502802203135e+27,7.722695287354021e+26,2.2495596295761818e+24,1.5528812954310545e+20,8.800022045856242e+27
iter_0667,8.015425848744916e+27,7.803778682111605e+26,2.313013829556605e+24,3.697336417692988e+19,8.798116767758998e+27
iter_0668,8.01610776061537e+27,7.656764108230494e+26,2.2469778383759985e+24,1.0352541969540366e+20,8.784031252802215e+27
iter_0669,7.862673054017195e+27,7.642162216251276e+26,2.328263226732743e+24,1.0722275611309665e+20,8.629217646091813e+27
iter_0670,8.044073648720921e+27,7.761639517810439e+26,2.3900591414335085e+24,1.5528812954310545e+20,8.822627814931528e+27
iter_0671,8.068408679847633e+27,7.736373578651119e+26,1.952882213332609e+24,9.982808327771069e+19,8.843999019754162e+27
iter_0672,8.035016742940659e+27,7.683738273644984e+26,2.1904351404482087e+24,1.3495277924579403e+20,8.805581140398386e+27
iter_0673,7.974074385117235e+27,7.649885844516025e+26,2.3512849090896992e+24,2.2923485789696528e+20,8.741414483712786e+27
iter_0674,7.96539823003812e+27,7.702409559219384e+26,1.9819688468587204e+24,3.697336417692988e+19,8.73762119178028e+27
iter_0675,7.992401256838329e+27,7.532125066057177e+26,2.3890765810083137e+24,2.2923485789696528e+20,8.748003069259914e+27
iter_0676,8.005679848635978e+27,7.578515957787962e+26,2.1317034165321868e+24,1.5288486087160501e+21,8.765664676679914e+27
iter_0677,8.026881107328082e+27,7.789806541052996e+26,1.9571042121910602e+24,7.487106245828303e+20,8.807819614356197e+27
iter_0678,7.933741650180679e+27,7.614005360196424e+26,2.2945031327113205e+24,4.436803701231583e+19,8.697436733701069e+27
iter_0679,7.970188171067525e+27,7.774958017976805e+26,2.4111370273915947e+24,1.0352541969540366e+20,8.750095213418017e+27
iter_0680,8.017609039210424e+27,7.694638765130413e+26,2.2039090178670276e+24,7.487106245828303e+20,8.789277573451957e+27
iter_0681,7.987936899365702e+27,7.546373616848552e+26,1.9470879393790306e+24,1.6878340746768493e+21,8.74452303682401e+27
iter_0682,8.00004233876422e+27,7.798274396082751e+26,2.0944436000721832e+24,9.243341044232467e+20,8.781965146306672e+27
iter_0683,7.953595080030849e+27,7.625801953707268e+26,2.3659235981899904e+24,1.6878340746768493e+21,8.718542886833839e+27
iter_0684,7.963287004531804e+27,7.59811011441955e+26,2.3030352619847305e+24,9.243341044232467e+20,8.725401975569848e+27
iter_0685,7.899088265919149e+27,7.647138438036799e+26,2.312214356956647e+24,8.817962489376882e+22,8.666202503704678e+27
iter_0686,8.010082355594027e+27,7.560103726326482e+26,2.048159652810037e+24,4.436803701231583e+19,8.768140932247523e+27
iter_0687,8.018581518492699e+27,7.638175164142934e+26,2.140054592080632e+24,8.817962489376882e+22,8.784627269123967e+27
iter_0688,8.012496591400413e+27,7.727124744587294e+26,2.3109471639990133e+24,3.0133291804197834e+20,8.787520314356058e+27
iter_0689,7.984930132566584e+27,7.67645429614747e+26,2.3308398189240237e+24,2.2923485789696528e+20,8.754906631235114e+27
iter_0690,7.968754737874539e+27,7.676748721626674e+26,2.3374872790198633e+24,1.0722275611309665e+20,8.738767204538983e+27
iter_0691,8.021796439069322e+27,7.630111904005218e+26,2.343456170467784e+24,9.982808327771069e+19,8.787151185468395e+27
iter_0692,7.914421925689411e+27,7.681403055648761e+26,2.1705002787175845e+24,1.3495277924579403e+20,8.684732866485784e+27
iter_0693,7.93392282442226e+27,7.67229096400495e+26,2.2529354617555304e+24,2.2923485789696528e+20,8.703405085519368e+27
iter_0694,8.007127538920228e+27,7.647124138729995e+26,2.3084313190460713e+24,9.982808327771069e+19,8.774148483940358e+27
iter_0695,7.903284053162144e+27,7.840986437199516e+26,2.3900339532059127e+24,9.243341044232467e+20,8.689773655169407e+27
iter_0696,7.950935060604119e+27,7.641440591487456e+26,2.3293125404529585e+24,4.288910244523867e+20,8.717408861184341e+27
iter_0697,8.018222889855357e+27,7.669611913443585e+26,2.113437749485983e+24,2.88392240580053e+20,8.787297807341442e+27
iter_0698,8.049064035058496e+27,7.614283142975389e+26,2.243398454484302e+24,2.88392240580053e+20,8.81273603620276e+27
iter_0699,7.994144448223992e+27,7.735286074639968e+26,2.2863528862785572e+24,1.0722275611309665e+20,8.769959515797025e+27
iter_0700,7.991417555704945e+27,7.636180404975507e+26,2.403518064908941e+24,7.579539656270625e+21,8.757446693807061e+27
iter_0701,8.000866680969138e+27,7.639071913484483e+26,2.1012438323196637e+24,3.697336417692988e+19,8.76687515312327e+27
iter_0702,8.009782510075958e+27,7.592518849102994e+26,2.2670435461358724e+24,3.660363053516056e+20,8.771301804568698e+27
iter_0703,7.91357281132529e+27,7.657316440816524e+26,2.1543333490764835e+24,4.288910244523867e+20,8.681459217647043e+27
iter_0704,7.895956646253727e+27,7.66135151472395e+26,2.3238403173868872e+24,7.487106245828303e+20,8.664416386754133e+27
iter_0705,7.913343457037371e+27,7.694972237925669e+26,2.1823759251576388e+24,1.3040505545203173e+22,8.685036097260642e+27
iter_0706,8.0312255791911e+27,7.702091324007148e+26,2.2058098099045422e+24,1.5288486087160501e+21,8.803642050250327e+27
iter_0707,7.999802438660534e+27,7.725598929477488e+26,1.9762453859571683e+24,1.0722275611309665e+20,8.774338684216996e+27
iter_0708,7.939935517985497e+27,7.58663184693812e+26,2.1547290825177725e+24,1.0352541969540366e+20,8.700753535287246e+27
iter_0709,8.044929636720051e+27,7.733705378660471e+26,2.4966987194805047e+24,1.5288486087160501e+21,8.820798402154188e+27
iter_0710,8.07468004184787e+27,7.65253223034317e+26,2.3395591288687515e+24,3.697336417692988e+19,8.84227286098442e+27
iter_0711,7.931913449398002e+27,7.795142397850875e+26,2.045635243221553e+24,9.982808327771069e+19,8.713473424254394e+27
iter_0712,7.963169301667692e+27,7.700949120041595e+26,2.337774185930988e+24,1.6878340746768493e+21,8.735603675691858e+27
iter_0713,8.021718389660781e+27,7.70216949645155e+26,2.4422461813383796e+24,3.660363053516056e+20,8.794377951523579e+27
iter_0714,8.03650887114906e+27,7.705656409917432e+26,2.3925133004785686e+24,9.243341044232467e+20,8.809467949775387e+27
iter_0715,8.016549967892165e+27,7.654552211755122e+26,2.1531243692833936e+24,1.6878340746768493e+21,8.784160001271034e+27
iter_0716,8.033475947373957e+27,7.556556955518566e+26,2.1984587148950219e+24,9.982808327771069e+19,8.791330201468793e+27
iter_0717,8.041551256236212e+27,7.766012987571629e+26,2.3448625207701201e+24,1.6878340746768493e+21,8.820499105348219e+27
iter_0718,8.028543422269964e+27,7.603690443113782e+26,2.148070603915054e+24,4.288910244523867e+20,8.791060966076281e+27
iter_0719,7.901233476965539e+27,7.759893697420868e+26,2.3501626147423094e+24,8.817962489376882e+22,8.679661188947262e+27
iter_0720,8.050884112355872e+27,7.690411777895024e+26,2.337889223536881e+24,1.0352541969540366e+20,8.822263282894332e+27
iter_0721,7.994604638155085e+27,7.661027544914289e+26,2.3935407244900212e+24,2.88392240580053e+20,8.763101221763244e+27
iter_0722,8.023623402250862e+27,7.723827762283545e+26,2.2972834596763668e+24,7.579539656270625e+21,8.79831104147855e+27
iter_0723,7.998918890403156e+27,7.723149747257084e+26,2.1449730376660935e+24,8.817962489376882e+22,8.773467017791424e+27
iter_0724,7.995530952700607e+27,7.626858868532498e+26,2.319204108051608e+24,1.5528812954310545e+20,8.760536198950038e+27
iter_0725,7.905945888542175e+27,7.583802192282205e+26,2.151664300968798e+24,1.0722275611309665e+20,8.666477879294121e+27
iter_0726,8.023154452799373e+27,7.696326986132283e+26,2.2648876368002853e+24,2.88392240580053e+20,8.795052327441642e+27
iter_0727,7.927680382618012e+27,7.761746729662482e+26,2.273613992691289e+24,8.00473334430532e+20,8.706129470050286e+27
iter_0728,7.976049899748664e+27,7.609862326557836e+26,2.1886865197504927e+24,9.982808327771069e+19,8.739224918752281e+27
iter_0729,7.939915111099602e+27,7.647867541627511e+26,2.1739482971009036e+24,9.982808327771069e+19,8.706875913387538e+27
iter_0730,7.99249044804497e+27,7.761624472148047e+26,2.2662942013475308e+24,7.579539656270625e+21,8.770926769000778e+27
iter_0731,8.004727934258166e+27,7.685856962452448e+26,2.2396184081599167e+24,3.660363053516056e+20,8.775553614947876e+27
iter_0732,8.030285340082192e+27,7.812556241137162e+26,2.3855543236591295e+24,3.0133291804197834e+20,8.813926819852484e+27
iter_0733,8.007868455134355e+27,7.635525241181954e+26,2.4731038061844115e+24,1.3040505545203173e+22,8.773907123564281e+27
iter_0734,8.03678911037133e+27,7.774049339159449e+26,2.2438686922126275e+24,9.243341044232467e+20,8.816438837313593e+27
iter_0735,7.979242290035623e+27,7.690719220001387e+26,2.2100400612833638e+24,2.2923485789696528e+20,8.750524481331903e+27
iter_0736,7.934790288814026e+27,7.565129433041256e+26,2.2720010178874008e+24,9.982808327771069e+19,8.693575332964123e+27
iter_0737,8.024611847912539e+27,7.675221457282253e+26,2.2679621586273286e+24,3.0133291804197834e+20,8.794402257132309e+27
iter_0738,7.99198110575918e+27,7.670859724860602e+26,2.183736282208974e+24,1.0352541969540366e+20,8.761250918052869e+27
iter_0739,8.038052562961319e+27,7.634718760171277e+26,2.285281872538844e+24,1.0722275611309665e+20,8.803809828073742e+27
iter_0740,7.958596622225775e+27,7.698395350412608e+26,2.350383608971683e+24,1.5528812954310545e+20,8.730786696164137e+27
iter_0741,7.99501607772012e+27,7.67420334463997e+26,2.4650259236968044e+24,3.697336417692988e+19,8.764901475081178e+27
iter_0742,7.982527248121468e+27,7.592409950994328e+26,2.097796724795917e+24,3.0133291804197834e+20,8.743866341278614e+27
iter_0743,8.025775511851801e+27,7.663106777576776e+26,1.9497233064178043e+24,1.5528812954310545e+20,8.794036068204026e+27
iter_0744,7.995336626739819e+27,7.662417540955781e+26,2.3507649334539395e+24,1.57136797751952e+20,8.763929302905649e+27
iter_0745,8.012251960041395e+27,7.661308925845813e+26,2.2386164874736292e+24,2.2923485789696528e+20,8.780621698348308e+27
iter_0746,8.088903629385564e+27,7.670938559333436e+26,2.192433799118475e+24,7.579539656270625e+21,8.858197498657682e+27
iter_0747,8.048403824161743e+27,7.653297630714763e+26,2.0857353519318718e+24,7.579539656270625e+21,8.815826902124808e+27
iter_0748,8.085061612418765e+27,7.773428466643322e+26,2.03539146041327e+24,1.3040505545203173e+22,8.864452891049056e+27
iter_0749,7.871803490566944e+27,7.753082990381224e+26,2.0726912607711714e+24,3.0133291804197834e+20,8.649184782198754e+27
iter_0750,7.939546920370809e+27,7.775624306597806e+26,2.0571597394498647e+24,3.697336417692988e+19,8.719166547743403e+27
iter_0751,8.024942947840788e+27,7.712665874490109e+26,2.0614875000521825e+24,9.243341044232467e+20,8.798271947123956e+27
iter_0752,7.956405103256438e+27,7.586535206210115e+26,2.2290733103654347e+24,1.5528812954310545e+20,8.717287852475944e+27
iter_0753,7.987669739694495e+27,7.696138407166033e+26,2.5416043036835856e+24,1.0352541969540366e+20,8.759825288240201e+27
iter_0754,8.004375651253198e+27,7.749803366854375e+26,2.5191111890411943e+24,7.487106245828303e+20,8.781875847838302e+27
iter_0755,8.08630244737289e+27,7.634830092998099e+26,2.122849851004006e+24,1.5528812954310545e+20,8.851908461811833e+27
iter_0756,7.840345712647671e+27,7.638463407606936e+26,2.355117094889361e+24,1.5288486087160501e+21,8.606548699351863e+27
iter_0757,8.018076916222155e+27,7.74178416878743e+26,2.3235544269984327e+24,4.288910244523867e+20,8.79457931641892e+27
iter_0758,7.917422715221914e+27,7.75696785921147e+26,2.164987361003599e+24,9.243341044232467e+20,8.695285412838168e+27
iter_0759,7.998301588595159e+27,7.739015844601758e+26,2.1884728342519372e+24,3.697336417692988e+19,8.77439168286295e+27
iter_0760,7.959584532451087e+27,7.642659409991133e+26,2.1505044728408252e+24,2.88392240580053e+20,8.726001266315282e+27
iter_0761,8.045914297381829e+27,7.656051961879201e+26,2.3576605117549579e+24,1.3040505545203173e+22,8.81389019458705e+27
iter_0762,8.015008181966127e+27,7.738172160583724e+26,2.1900124310524794e+24,1.3040505545203173e+22,8.791028450961097e+27
iter_0763,8.04248738208588e+27,7.71824124710809e+26,2.1401282502924814e+24,1.3040505545203173e+22,8.816464675552528e+27
iter_0764,7.935943789764473e+27,7.6798481929083e+26,2.2875664451956726e+24,3.0133291804197834e+20,8.706216476833416e+27
iter_0765,7.950129988891051e+27,7.598185242666699e+26,2.0142092350861292e+24,1.0722275611309665e+20,8.711962829615564e+27
iter_0766,8.030490734110035e+27,7.764853811352558e+26,2.445744538292466e+24,9.982808327771069e+19,8.809421959611667e+27
iter_0767,7.987627271443141e+27,7.644374140981732e+26,2.2307806160154217e+24,1.3040505545203173e+22,8.754308506662875e+27
iter_0768,7.949962655599168e+27,7.706478475395606e+26,2.3598682684110726e+24,2.88392240580053e+20,8.722970659799381e+27
iter_0769,7.956877500340736e+27,7.722850384130276e+26,2.4000055603955342e+24,1.5528812954310545e+20,8.731562699602288e+27
iter_0770,7.942839101619216e+27,7.56469262595699e+26,2.0852605366017306e+24,4.288910244523867e+20,8.70139405364254e+27
iter_0771,7.942055008537202e+27,7.714864955522382e+26,2.127279741260572e+24,3.0133291804197834e+20,8.715669085163618e+27
iter_0772,7.964596864740524e+27,7.722469313885772e+26,2.1107472893161708e+24,3.697336417692988e+19,8.738954580391782e+27
iter_0773,8.00835157683872e+27,7.732516196820713e+26,2.468365625842002e+24,7.487106245828303e+20,8.784072310857258e+27
iter_0774,8.028085725534865e+27,7.665340308157654e+26,2.3072029387540607e+24,1.6878340746768493e+21,8.796928647123459e+27
iter_0775,8.076905934084565e+27,7.593503898605947e+26,2.3409813984989075e+24,7.579539656270625e+21,8.838604884883315e+27
iter_0776,7.981881563560046e+27,7.623082194623872e+26,2.2842633726106017e+24,1.5288486087160501e+21,8.746475575243652e+27
iter_0777,8.041794444232416e+27,7.675860908775773e+26,2.491636078684448e+24,3.697336417692988e+19,8.811872208162042e+27
iter_0778,7.998133142785624e+27,7.687807070823323e+26,2.1124320694449048e+24,3.660363053516056e+20,8.769026647973706e+27
iter_0779,7.949416238810714e+27,7.558380429159296e+26,2.2572489628501658e+24,3.0133291804197834e+20,8.707511832022411e+27
iter_0780,7.926093625806779e+27,7.781508221248501e+26,2.289039318645083e+24,4.288910244523867e+20,8.706533916141299e+27
iter_0781,8.011745603568764e+27,7.650711964919916e+26,2.005685631692633e+24,1.0352541969540366e+20,8.778822589217868e+27
iter_0782,7.928267885031737e+27,7.687986059389062e+26,2.0181696244125206e+24,3.660363053516056e+20,8.69908502663136e+27
iter_0783,7.976044480751566e+27,7.652147498944998e+26,2.1339077367744926e+24,8.00473334430532e+20,8.743393938856176e+27
iter_0784,7.914949170632311e+27,7.721444484168894e+26,2.4635803682106515e+24,1.0352541969540366e+20,8.68955730294283e+27
iter_0785,8.094630685173273e+27,7.594798099004662e+26,2.280311837320881e+24,1.57136797751952e+20,8.856390964047858e+27
iter_0786,7.941659100896931e+27,7.713382159060737e+26,2.0271637597975307e+24,9.243341044232467e+20,8.715025404896907e+27
iter_0787,7.953787955327267e+27,7.731459935507695e+26,2.2733666287386428e+24,7.487106245828303e+20,8.729208064217398e+27
iter_0788,8.108204152060274e+27,7.806862047670697e+26,2.3322418696001918e+24,8.817962489376882e+22,8.891310778321836e+27
iter_0789,7.997111691573003e+27,7.609452807358968e+26,1.9538440087652463e+24,3.0133291804197834e+20,8.760011117650583e+27
iter_0790,8.054359880818095e+27,7.556494884796697e+26,1.9607238528248023e+24,1.5528812954310545e+20,8.811970248438719e+27
iter_0791,7.977404804587644e+27,7.676493711398012e+26,2.0870595232555259e+24,1.5288486087160501e+21,8.747142764099309e+27
iter_0792,7.996263377371292e+27,7.670703203247938e+26,2.222911903806095e+24,7.579539656270625e+21,8.765564189139548e+27
iter_0793,7.954786230357437e+27,7.616350427391847e+26,2.175691515584563e+24,9.982808327771069e+19,8.718597064440289e+27
iter_0794,7.869359356561186e+27,7.661718098799585e+26,2.2190368532897295e+24,2.88392240580053e+20,8.637750491686675e+27
iter_0795,7.895942048337548e+27,7.747048698041551e+26,2.408618430665549e+24,4.288910244523867e+20,8.673055965463392e+27
iter_0796,8.041170788814294e+27,7.7150211634659e+26,2.0558036141773227e+24,8.817962489376882e+22,8.814816888399955e+27
iter_0797,7.922444067596964e+27,7.73661611598506e+26,2.2718543730013812e+24,2.88392240580053e+20,8.698377821960711e+27
iter_0798,7.959988893429005e+27,7.813179506162948e+26,2.2848643528265582e+24,3.660363053516056e+20,8.743592074434431e+27
iter_0799,7.997494298999858e+27,7.656083992610663e+26,2.474613639405091e+24,4.288910244523867e+20,8.765577740791353e+27
iter_0800,7.954102052968615e+27,7.550955727381058e+26,2.3250220443964602e+24,1.0352541969540366e+20,8.711522751276538e+27
iter_0801,8.083061909008876e+27,7.787765580576346e+26,2.3302574362926444e+24,4.436803701231583e+19,8.864168768870841e+27
iter_0802,8.039222047901117e+27,7.572850419322073e+26,2.146401396409341e+24,9.243341044232467e+20,8.798654415563838e+27
iter_0803,7.993245202848529e+27,7.706026068984415e+26,2.3336870503546701e+24,7.579539656270625e+21,8.766189076336981e+27
iter_0804,8.015017796531808e+27,7.582219019421244e+26,2.2548121105044245e+24,1.57136797751952e+20,8.775494667721234e+27
iter_0805,7.962758623180861e+27,7.761077690630374e+26,2.3354245307700516e+24,3.660363053516056e+20,8.741202182810974e+27
iter_0806,7.953925520793899e+27,7.577774268535578e+26,2.1840986305359157e+24,9.243341044232467e+20,8.713887970612098e+27
iter_0807,8.036051539810642e+27,7.506149461600952e+26,2.465392808945507e+24,9.243341044232467e+20,8.789132803113788e+27
iter_0808,8.040909750187625e+27,7.6729350644172e+26,2.130129726610624e+24,3.660363053516056e+20,8.810333752392261e+27
iter_0809,7.934868226557148e+27,7.622622930215822e+26,2.3854705225299437e+24,9.982808327771069e+19,8.699516089929342e+27
iter_0810,8.007592822738797e+27,7.678617581880099e+26,2.1414179543339355e+24,1.3495277924579403e+20,8.77759613383392e+27
iter_0811,7.910898769893417e+27,7.722985858033783e+26,2.293725990773627e+24,1.3495277924579403e+20,8.685491216640348e+27
iter_0812,8.001865372747308e+27,7.700321515026308e+26,2.3651125371961606e+24,2.2923485789696528e+20,8.774262866021994e+27
iter_0813,7.939460798030757e+27,7.70092759179328e+26,2.144380172561359e+24,7.487106245828303e+20,8.71169868609327e+27
iter_0814,8.005577641880491e+27,7.507760781992601e+26,2.3037158482346726e+24,2.88392240580053e+20,8.758657724320227e+27
iter_0815,8.069958002418481e+27,7.682677369056409e+26,2.483486057276645e+24,1.5288486087160501e+21,8.840710754230006e+27
iter_0816,7.935928944716767e+27,7.47940443032145e+26,2.2853690239157644e+24,3.0133291804197834e+20,8.686155058105745e+27
iter_0817,8.040034902973602e+27,7.739167058970295e+26,2.2377469694133003e+24,1.5288486087160501e+21,8.816190884688653e+27
iter_0818,8.035565098325951e+27,7.676102365619192e+26,2.2057937075986345e+24,1.5528812954310545e+20,8.805381283883599e+27
iter_0819,8.018369719461621e+27,7.594833867225494e+26,2.2008806963471147e+24,7.487106245828303e+20,8.780054735591142e+27
iter_0820,7.985482899820943e+27,7.720778367665415e+26,2.1520721670980192e+24,7.487106245828303e+20,8.759713557465207e+27
iter_0821,7.948438071125628e+27,7.729159981287108e+26,2.418014084832432e+24,1.5528812954310545e+20,8.7237722386273e+27
iter_0822,8.000991832281336e+27,7.810430859637135e+26,2.0841081879379235e+24,1.0352541969540366e+20,8.784119129958407e+27
iter_0823,7.996154186102268e+27,7.77929477149521e+26,2.3093904537483e+24,1.3040505545203173e+22,8.776406094211083e+27
iter_0824,7.956410103490461e+27,7.626895363808029e+26,2.1309969574120802e+24,3.0133291804197834e+20,8.721230938161594e+27
iter_0825,7.935145046532006e+27,7.721434346659028e+26,2.1042365664392664e+24,2.88392240580053e+20,8.709393006156589e+27
iter_0826,8.031121553145799e+27,7.784326488931317e+26,2.504380445024504e+24,1.0722275611309665e+20,8.812058689706712e+27
iter_0827,7.985966622506777e+27,7.786263528745456e+26,2.3914943031906995e+24,1.57136797751952e+20,8.766984626821311e+27
iter_0828,8.063071667678626e+27,7.73247439703641e+26,2.4171135793916966e+24,9.982808327771069e+19,8.838736320789742e+27
iter_0829,8.015561955416769e+27,7.501608294915316e+26,2.0837561817413218e+24,1.0352541969540366e+20,8.767806644615462e+27
iter_0830,8.010037934828533e+27,7.615858177916207e+26,1.9418493852697966e+24,9.982808327771069e+19,8.773565701833508e+27
iter_0831,8.015806129129796e+27,7.731539086661268e+26,2.1507148767751317e+24,1.0352541969540366e+20,8.791110856198118e+27
iter_0832,8.040057720174617e+27,7.52644728104412e+26,2.3131305849436195e+24,1.0722275611309665e+20,8.79501568608673e+27
iter_0833,8.018419580271524e+27,7.738367290972494e+26,2.27868776439412e+24,8.00473334430532e+20,8.794535797606502e+27
iter_0834,8.027788445717178e+27,7.761301508430389e+26,2.435263586142093e+24,7.579539656270625e+21,8.806361439686016e+27
iter_0835,7.979979019382244e+27,7.8361083274779e+26,2.1764742516482255e+24,8.00473334430532e+20,8.765767126855016e+27
iter_0836,8.029389348813014e+27,7.718905370058302e+26,2.1159625109832764e+24,2.88392240580053e+20,8.803396136722068e+27
iter_0837,7.972963568247109e+27,7.619920598257599e+26,2.0962632161683663e+24,2.2923485789696528e+20,8.737052120523896e+27
iter_0838,7.931506751446155e+27,7.758113405236165e+26,2.299966601973508e+24,1.0722275611309665e+20,8.709618165794502e+27
iter_0839,7.856918010178949e+27,7.632119487543751e+26,2.3094070090929774e+24,7.487106245828303e+20,8.622440114653041e+27
iter_0840,7.998101716413628e+27,7.678169146658828e+26,2.123477537832389e+24,9.982808327771069e+19,8.768042208445426e+27
iter_0841,7.931989975757738e+27,7.706924459246559e+26,2.2219654718667675e+24,8.00473334430532e+20,8.704905187627596e+27
iter_0842,7.968705321142761e+27,7.609278762060168e+26,2.411300392920246e+24,9.982808327771069e+19,8.732044597569782e+27
iter_0843,8.047262586912525e+27,7.661526169590556e+26,2.4496586122973744e+24,1.0722275611309665e+20,8.815864969706635e+27
iter_0844,7.952569877216871e+27,7.842560311424618e+26,2.17120393198002e+24,1.57136797751952e+20,8.738997269428111e+27
iter_0845,7.964342291402405e+27,7.785685931281792e+26,2.33345269384645e+24,7.487106245828303e+20,8.745245085935055e+27
iter_0846,7.994100108183423e+27,7.541249901646197e+26,2.0075719723780526e+24,9.243341044232467e+20,8.750233594654526e+27
iter_0847,8.012957756616615e+27,7.708495530394753e+26,2.1971124893184182e+24,1.0352541969540366e+20,8.786004525670829e+27
iter_0848,7.99287176082532e+27,7.817667220821044e+26,2.2993459166274617e+24,8.817962489376882e+22,8.777026008448945e+27
iter_0849,8.017635882530592e+27,7.650525149205258e+26,2.2705180170551226e+24,1.57136797751952e+20,8.784959072604971e+27
iter_0850,8.105098598565375e+27,7.716363315132742e+26,2.328796252637126e+24,9.982808327771069e+19,8.87906382615937e+27
iter_0851,7.960664908140545e+27,7.66718558690162e+26,2.263457734354431e+24,7.579539656270625e+21,8.729654504104717e+27
iter_0852,7.976698886194509e+27,7.634490498742949e+26,2.0449370347707844e+24,7.579539656270625e+21,8.74220045264323e+27
iter_0853,8.066529931232862e+27,7.736954347564681e+26,2.25509715627377e+24,3.0133291804197834e+20,8.842480764478521e+27
iter_0854,8.037724335171411e+27,7.843157280745998e+26,2.1865987859051653e+24,3.0133291804197834e+20,8.824226963364833e+27
iter_0855,8.093342027611604e+27,7.708198939636298e+26,2.144256610030028e+24,7.579539656270625e+21,8.86631375772492e+27
iter_0856,8.046386243707125e+27,7.655664703378437e+26,2.1076320267852323e+24,8.817962489376882e+22,8.814148525696647e+27
iter_0857,8.021516583543852e+27,7.65977124937197e+26,2.1612708623623003e+24,1.3040505545203173e+22,8.789668019848957e+27
iter_0858,7.953329107021488e+27,7.608134781574657e+26,2.0740699994923268e+24,3.697336417692988e+19,8.71621669215181e+27
iter_0859,8.065203106678301e+27,7.664815881681135e+26,2.3116783642061514e+24,1.5288486087160501e+21,8.83399790205923e+27
iter_0860,7.901957955811489e+27,7.593768844802585e+26,2.355131100522967e+24,1.5288486087160501e+21,8.663691500240878e+27
iter_0861,8.113178242565736e+27,7.632218908554765e+26,2.269518675269425e+24,1.0352541969540366e+20,8.878669755621902e+27
iter_0862,8.052430533812776e+27,7.801275186229203e+26,2.2339530600629945e+24,1.0352541969540366e+20,8.834792109021179e+27
iter_0863,8.019122163802551e+27,7.684910592844844e+26,2.3902000038082208e+24,9.243341044232467e+20,8.790004347424948e+27
iter_0864,7.984841172597017e+27,7.679302366119701e+26,2.1502113402645984e+24,7.579539656270625e+21,8.754929200088908e+27
iter_0865,8.022245517983011e+27,7.50968128387444e+26,2.0149881470435233e+24,7.487106245828303e+20,8.775229383228123e+27
iter_0866,8.02872572977296e+27,7.73186095065733e+26,2.3600678334375944e+24,1.6878340746768493e+21,8.804273580506205e+27
iter_0867,8.025424748271997e+27,7.625288036741383e+26,1.7858551415775446e+24,1.57136797751952e+20,8.789739564224511e+27
iter_0868,7.994183684352588e+27,7.689362592382999e+26,2.0392484922604317e+24,4.436803701231583e+19,8.765159236451186e+27
iter_0869,8.049532600798996e+27,7.65255987329744e+26,2.302313639362815e+24,1.0722275611309665e+20,8.817091008990859e+27
iter_0870,8.050283707895904e+27,7.544237170563985e+26,2.3091927217926192e+24,2.2923485789696528e+20,8.807016846908953e+27
iter_0871,8.018002990424923e+27,7.776314525261439e+26,2.386744396995834e+24,9.243341044232467e+20,8.798022111682167e+27
iter_0872,7.987551001577362e+27,7.682519435895284e+26,2.1898293399177003e+24,8.00473334430532e+20,8.757993574980143e+27
iter_0873,8.089605978666317e+27,7.632692766318389e+26,2.1913015783629043e+24,1.57136797751952e+20,8.855066714013317e+27
iter_0874,8.069668794294632e+27,7.643043200310197e+26,2.1950154421562428e+24,3.660363053516056e+20,8.836168495804113e+27
iter_0875,7.989252755675931e+27,7.684121452574269e+26,2.3070699331319116e+24,7.487106245828303e+20,8.759972719577115e+27
iter_0876,7.969129991843382e+27,7.578348163822317e+26,2.2717899572453847e+24,7.579539656270625e+21,8.729244177722516e+27
iter_0877,7.990308962867355e+27,7.685473050682684e+26,2.1637650586037348e+24,3.0133291804197834e+20,8.761020334327145e+27
iter_0878,7.958697574937147e+27,7.72337254844692e+26,2.0419294423214454e+24,2.88392240580053e+20,8.733077047616402e+27
iter_0879,7.958170026792817e+27,7.579870318005273e+26,1.8675819594134893e+24,3.660363053516056e+20,8.718025006589062e+27
iter_0880,8.037309886142632e+27,7.683731276061909e+26,2.1724215238462723e+24,8.00473334430532e+20,8.807856235746005e+27
iter_0881,7.989400085745675e+27,7.662593905914565e+26,1.9477971405286706e+24,1.3495277924579403e+20,8.757607408430439e+27
iter_0882,7.972127733138398e+27,7.700051505257654e+26,2.2809663307273267e+24,4.436803701231583e+19,8.744413894362929e+27
iter_0883,8.006769537024163e+27,7.661003169394745e+26,2.279119545493708e+24,7.487106245828303e+20,8.775149722219756e+27
iter_0884,8.024024586612616e+27,7.642911821179951e+26,2.1324930269446528e+24,3.697336417692988e+19,8.790448298730921e+27
iter_0885,7.988104347026491e+27,7.700349828222605e+26,2.3453835485034392e+24,1.5288486087160501e+21,8.760486242245863e+27
iter_0886,8.048459104150123e+27,7.699533694484632e+26,2.444333332609306e+24,2.2923485789696528e+20,8.820857036166053e+27
iter_0887,7.960450418104803e+27,7.782362364409652e+26,2.2542173099267125e+24,1.0352541969540366e+20,8.740940975381115e+27
iter_0888,7.985403127445033e+27,7.575474186203392e+26,2.1618885061745908e+24,7.579539656270625e+21,8.745120014111203e+27
iter_0889,8.05074656772805e+27,7.64814917272641e+26,2.3015712161513167e+24,7.487106245828303e+20,8.817863804927466e+27
iter_0890,8.040037023754831e+27,7.681735207621034e+26,2.2781597673382277e+24,1.57136797751952e+20,8.810488861421071e+27
iter_0891,8.016209837969836e+27,7.64289828340575e+26,2.0980398314929657e+24,4.436803701231583e+19,8.782597750509941e+27
iter_0892,8.082784653147595e+27,7.61178142280156e+26,2.2586695163342948e+24,8.00473334430532e+20,8.84622226541742e+27
iter_0893,7.985561301541332e+27,7.662631697057964e+26,2.256717321274282e+24,4.288910244523867e+20,8.754081617459426e+27
iter_0894,7.980933456783079e+27,7.500800425642309e+26,2.2359694321506813e+24,1.3040505545203173e+22,8.733262509285005e+27
iter_0895,7.954593954954666e+27,7.49725042031083e+26,2.2777602381711852e+24,2.2923485789696528e+20,8.706596986458779e+27
iter_0896,7.926610449288975e+27,7.696282734073275e+26,2.261032623481476e+24,4.436803701231583e+19,8.698499799687821e+27
iter_0897,7.977208115472764e+27,7.753476679042288e+26,2.135415015404261e+24,9.982808327771069e+19,8.754691298220481e+27
iter_0898,7.980789862971096e+27,7.739888918970804e+26,2.0379670003954055e+24,3.0133291804197834e+20,8.75681702320149e+27
iter_0899,7.993191597586894e+27,7.549941751517288e+26,2.003545210238446e+24,1.3040505545203173e+22,8.750202358454407e+27
iter_0900,7.965743513945377e+27,7.874603473216229e+26,2.222490213780628e+24,3.660363053516056e+20,8.755426717517086e+27
iter_0901,8.011615715937465e+27,7.606235850305952e+26,2.128174533416103e+24,1.57136797751952e+20,8.774367632638275e+27
iter_0902,8.00500697756002e+27,7.649484701469174e+26,2.3645821877408782e+24,8.817962489376882e+22,8.772408209519571e+27
iter_0903,8.058789079911468e+27,7.745252728971964e+26,2.3930484894349985e+24,1.5288486087160501e+21,8.835708930146707e+27
iter_0904,7.969845964299177e+27,7.697300080188806e+26,1.9719192082402078e+24,9.982808327771069e+19,8.741547991354383e+27
iter_0905,8.052670408034532e+27,7.541622577420206e+26,2.515502243877599e+24,1.5528812954310545e+20,8.80934832330856e+27
iter_0906,8.093399327507916e+27,7.777626274424298e+26,2.2406222234224762e+24,9.243341044232467e+20,8.873403501507873e+27
iter_0907,7.966125926557907e+27,7.698962510243731e+26,2.0527246781808384e+24,2.88392240580053e+20,8.738075190652702e+27
iter_0908,8.038036381392593e+27,7.56805279247835e+26,2.242362431219641e+24,9.982808327771069e+19,8.797084122899731e+27
iter_0909,7.958872818063508e+27,7.605564417898389e+26,2.4486403924425856e+24,1.6878340746768493e+21,8.721879588079864e+27
iter_0910,8.051685290328744e+27,7.704949320363368e+26,2.2542810615680032e+24,8.817962489376882e+22,8.824522683051542e+27
iter_0911,7.972661470854177e+27,7.649436645598698e+26,2.1043111443948375e+24,2.88392240580053e+20,8.739709734950683e+27
iter_0912,8.02977386127994e+27,7.68851985223218e+26,2.517635014652369e+24,1.57136797751952e+20,8.801143638654608e+27
iter_0913,7.957744854835899e+27,7.805106885588839e+26,2.1252281757996443e+24,2.88392240580053e+20,8.740381059962823e+27
iter_0914,7.965316617956723e+27,7.700955447843038e+26,2.202389537255312e+24,4.436803701231583e+19,8.73761459664632e+27
iter_0915,8.007102548831415e+27,7.644487190518193e+26,1.956577497621932e+24,2.88392240580053e+20,8.773508133773096e+27
iter_0916,7.993801520238633e+27,7.698865389494559e+26,2.442601078420285e+24,3.0133291804197834e+20,8.766130961599426e+27
iter_0917,8.011303931114505e+27,7.766204154838863e+26,2.0866335297335638e+24,1.0352541969540366e+20,8.790011083653544e+27
iter_0918,8.011224096769665e+27,7.707624549992421e+26,2.300973027125942e+24,2.88392240580053e+20,8.784287813188274e+27
iter_0919,7.956588767003764e+27,7.707746737692458e+26,2.211112050523623e+24,9.982808327771069e+19,8.729574652651617e+27
iter_0920,8.021561485170125e+27,7.796072590712747e+26,2.2695273730444e+24,9.982808327771069e+19,8.803438371442528e+27
iter_0921,7.98266610805955e+27,7.624083916669556e+26,2.1464390325772423e+24,1.3040505545203173e+22,8.747233979264629e+27
iter_0922,7.999673081024672e+27,7.660322859064829e+26,2.259503204620025e+24,4.288910244523867e+20,8.767965299026799e+27
iter_0923,8.108261583273401e+27,7.767559932266828e+26,2.2869891543946843e+24,1.0352541969540366e+20,8.887304669179899e+27
iter_0924,7.981622468247913e+27,7.766530982664669e+26,2.3504887254209952e+24,3.0133291804197834e+20,8.760626356572718e+27
iter_0925,7.987261397955442e+27,7.816967453063974e+26,2.342726103050493e+24,2.88392240580053e+20,8.771301157757132e+27
iter_0926,7.921292247947285e+27,7.579511516635299e+26,2.0679956242198298e+24,8.00473334430532e+20,8.68131219570837e+27
iter_0927,7.920153692886855e+27,7.794675285034617e+26,2.219767020219077e+24,9.243341044232467e+20,8.70184191274464e+27
iter_0928,7.981711224577325e+27,7.607230759991126e+26,2.180239945513199e+24,3.697336417692988e+19,8.744614577495316e+27
iter_0929,7.977931759148362e+27,7.651616546003089e+26,2.1710069039173264e+24,7.487106245828303e+20,8.745265169363212e+27
iter_0930,7.991058541843383e+27,7.57495761834692e+26,2.221344313683454e+24,4.288910244523867e+20,8.750776076882782e+27
iter_0931,8.007459866647454e+27,7.625988639473291e+26,1.9330719497992832e+24,9.982808327771069e+19,8.771991902372666e+27
iter_0932,8.025721379565982e+27,7.671524302927266e+26,2.2937632927009965e+24,3.0133291804197834e+20,8.795167874484328e+27
iter_0933,8.038702815823917e+27,7.655972428559899e+26,2.3855934268811077e+24,4.288910244523867e+20,8.806686080997813e+27
iter_0934,7.96536973017966e+27,7.581886238110623e+26,2.3557796850572385e+24,7.487106245828303e+20,8.725914882386404e+27
iter_0935,8.010959439479182e+27,7.539485223538301e+26,2.2676613612592068e+24,9.982808327771069e+19,8.767175723022355e+27
iter_0936,7.957835363057576e+27,7.665585932178804e+26,2.2936200633497773e+24,3.0133291804197834e+20,8.726687877671724e+27
iter_0937,8.044602410430555e+27,7.661161038921443e+26,2.2886999730306243e+24,4.288910244523867e+20,8.813007643186753e+27
iter_0938,8.105839693321553e+27,7.778002379085102e+26,2.246496748200824e+24,2.2923485789696528e+20,8.885886657213122e+27
iter_0939,7.89451394297891e+27,7.583850798696168e+26,2.012669150543756e+24,8.00473334430532e+20,8.654912492472406e+27
iter_0940,7.987351873841682e+27,7.696970082700447e+26,2.0668923092693968e+24,8.817962489376882e+22,8.759203954045889e+27
iter_0941,7.968752472512992e+27,7.70467252778415e+26,2.439677883601695e+24,7.487106245828303e+20,8.741660151885633e+27
iter_0942,7.997801039003892e+27,7.803469185004949e+26,2.2222094339755737e+24,1.0352541969540366e+20,8.780370270463782e+27
iter_0943,7.987795594666814e+27,7.791965907802288e+26,2.3694304213328874e+24,2.2923485789696528e+20,8.769361845103235e+27
iter_0944,7.988533142962993e+27,7.666490024165939e+26,2.2866725755137612e+24,1.0352541969540366e+20,8.75746892148052e+27
iter_0945,8.071168725411971e+27,7.598674646279198e+26,2.3947468831049603e+24,3.697336417692988e+19,8.83343097389636e+27
iter_0946,7.854495849036493e+27,7.586629912712328e+26,2.2329477818333894e+24,9.982808327771069e+19,8.615391887917643e+27
iter_0947,7.971902470535403e+27,7.750468254608394e+26,2.204859779276765e+24,1.5528812954310545e+20,8.749154311063648e+27
iter_0948,7.97336575490444e+27,7.722972676800474e+26,2.4020355818063033e+24,1.0722275611309665e+20,8.74806516538905e+27
iter_0949,7.992316813395888e+27,7.74794662190349e+26,2.3189838470062726e+24,8.00473334430532e+20,8.769431259906577e+27
iter_0950,8.01475321051901e+27,7.547143144885236e+26,2.2250402679305702e+24,1.3495277924579403e+20,8.771692700228244e+27
iter_0951,8.089267257559018e+27,7.619734945169905e+26,2.320756432147519e+24,1.5288486087160501e+21,8.853563037356764e+27
iter_0952,8.059297903380553e+27,7.675364441498121e+26,2.3518450226719732e+24,1.5288486087160501e+21,8.829187721401645e+27
iter_0953,7.936510401793546e+27,7.705763262362162e+26,2.2346621036871866e+24,7.487106245828303e+20,8.709322138844073e+27
iter_0954,7.995691180051393e+27,7.636199311989052e+26,1.919026353511225e+24,3.0133291804197834e+20,8.761230438936726e+27
iter_0955,8.035236716840256e+27,7.68079000972244e+26,2.1746418694617268e+24,1.3040505545203173e+22,8.805503400187508e+27
iter_0956,8.030843898937913e+27,7.601061370819688e+26,2.0664492609073536e+24,8.00473334430532e+20,8.793017285754124e+27
iter_0957,7.938032877710024e+27,7.765673449728031e+26,2.368182792233393e+24,1.3495277924579403e+20,8.71696854042784e+27
iter_0958,8.033736226296046e+27,7.710758959226137e+26,2.400447552906561e+24,1.3495277924579403e+20,8.807212704724345e+27
iter_0959,8.027813355507918e+27,7.68849075268241e+26,2.193490011999953e+24,4.436803701231583e+19,8.798855965156196e+27
iter_0960,8.06159014270299e+27,7.63051635882073e+26,2.2490832626754982e+24,1.3495277924579403e+20,8.826890996800519e+27
iter_0961,7.940327181433627e+27,7.71581630554831e+26,2.3578746817609234e+24,4.436803701231583e+19,8.714266731038256e+27
iter_0962,8.069281305898449e+27,7.66344701679865e+26,2.1791712409737165e+24,3.660363053516056e+20,8.837805544855594e+27
iter_0963,7.917919555494473e+27,7.621673997618644e+26,2.1415953104931582e+24,3.0133291804197834e+20,8.682228851899748e+27
iter_0964,8.068118568401172e+27,7.697301430895748e+26,2.1124432542567687e+24,3.0133291804197834e+20,8.839961456077921e+27
iter_0965,7.9714915744417e+27,7.77423202037108e+26,2.2893272873397035e+24,3.0133291804197834e+20,8.751204405099065e+27
iter_0966,8.05124522211792e+27,7.705355793367304e+26,2.484137985037735e+24,9.243341044232467e+20,8.824265863773793e+27
iter_0967,7.9905663719019e+27,7.679464413708107e+26,2.140211680704334e+24,1.5288486087160501e+21,8.760654553802023e+27
iter_0968,8.011856495410897e+27,7.747480853832232e+26,2.56554797898012e+24,2.2923485789696528e+20,8.78917035800796e+27
iter_0969,7.990245587963125e+27,7.802252779542665e+26,2.1795443008588196e+24,1.3495277924579403e+20,8.77265054517103e+27
iter_0970,8.090072435038927e+27,7.658969074841964e+26,2.4123742184639454e+24,7.579539656270625e+21,8.858389296281243e+27
iter_0971,8.025647160848585e+27,7.684221649544144e+26,2.1834561551285507e+24,8.817962489376882e+22,8.796340961583022e+27
iter_0972,8.023812436302215e+27,7.637925519453507e+26,2.576945017420259e+24,4.436803701231583e+19,8.790181977633023e+27
iter_0973,7.998490402140387e+27,7.740657524720188e+26,2.323997507891806e+24,1.57136797751952e+20,8.774880309257095e+27
iter_0974,8.029484517223374e+27,7.798275889082398e+26,2.4327696029289703e+24,8.00473334430532e+20,8.811745676207877e+27
iter_0975,8.021513547004233e+27,7.730445509244927e+26,2.0707827913925948e+24,1.3040505545203173e+22,8.796641921225664e+27
iter_0976,8.050168342976542e+27,7.743502092902543e+26,2.0690046609526436e+24,1.5528812954310545e+20,8.826587712215878e+27
iter_0977,7.984117373237672e+27,7.742915398551733e+26,2.3284560140082408e+24,1.6878340746768493e+21,8.760739056940928e+27
iter_0978,8.082381593925002e+27,7.726315405287326e+26,2.3034825472368634e+24,8.00473334430532e+20,8.857317417474306e+27
iter_0979,7.942653934161141e+27,7.73086906504899e+26,2.1177600711989168e+24,8.00473334430532e+20,8.717859401210574e+27
iter_0980,8.06714908996704e+27,7.822921310312144e+26,2.2150176716261475e+24,2.2923485789696528e+20,8.851656467904738e+27
iter_0981,7.97647498224607e+27,7.533172121762608e+26,2.1857190340621489e+24,3.697336417692988e+19,8.731977950429757e+27
iter_0982,7.956770141613583e+27,7.475576872135122e+26,2.1880547440003503e+24,2.2923485789696528e+20,8.706516112805953e+27
iter_0983,8.023735633494024e+27,7.751684096927155e+26,2.1396593162795275e+24,3.660363053516056e+20,8.801044068539323e+27
iter_0984,8.068096783513709e+27,7.659688104172559e+26,2.0890923469382785e+24,9.243341044232467e+20,8.836155610612008e+27
iter_0985,8.065604141035057e+27,7.665836634114277e+26,2.305553687820956e+24,1.5528812954310545e+20,8.834493513422434e+27
iter_0986,8.021101145376142e+27,7.808309279934826e+26,2.232677363629121e+24,3.697336417692988e+19,8.804164787706617e+27
iter_0987,7.931507745608254e+27,7.719685353099465e+26,2.299297915348712e+24,2.2923485789696528e+20,8.705775808068407e+27
iter_0988,8.047794527007959e+27,7.631539770940437e+26,2.1373893166167835e+24,1.5528812954310545e+20,8.813086048706749e+27
iter_0989,7.977828828688449e+27,7.629640319931304e+26,2.390535683271526e+24,9.982808327771069e+19,8.743183496192934e+27
iter_0990,7.907866727942227e+27,7.643371836215871e+26,2.235783980988678e+24,9.243341044232467e+20,8.674440619878908e+27
iter_0991,7.955892677152022e+27,7.583717544506406e+26,2.2622845544849345e+24,1.0352541969540366e+20,8.716526819682568e+27
iter_0992,7.93964091331673e+27,7.599173306270721e+26,2.2220777786999302e+24,1.3495277924579403e+20,8.701780456675282e+27
iter_0993,7.985631893766655e+27,7.724084764733105e+26,2.14844940184591e+24,1.5528812954310545e+20,8.76018897492994e+27
iter_0994,7.921722976604499e+27,7.797190286475079e+26,2.2342150737067452e+24,9.243341044232467e+20,8.703677144659817e+27
iter_0995,8.022936345491635e+27,7.733820260272879e+26,2.1879352786100427e+24,2.88392240580053e+20,8.798506595189773e+27
iter_0996,8.072232461526282e+27,7.738212791794665e+26,2.2155677752415168e+24,3.697336417692988e+19,8.848269345454354e+27
iter_0997,7.970795086247036e+27,7.772334488962004e+26,2.3881144479466014e+24,1.0352541969540366e+20,8.750416753116603e+27
iter_0998,8.015846853664377e+27,7.734817261234869e+26,2.33517359891995e+24,7.579539656270625e+21,8.79167133292644e+27
iter_0999,7.966732776194202e+27,7.643154107409638e+26,2.2572249655429232e+24,1.5528812954310545e+20,8.733305567188838e+27
iter_1000,8.067818549404327e+27,7.550780653404367e+26,2.2959570157439613e+24,4.436803701231583e+19,8.825192616128546e+27
