iter,Upper Crust,Middle Crust,Lower Crust,Mantle,Total
iter_0001,5.617947403429342e+27,1.1417222523149496e+27,2.272203917362393e+26,1.1555597731035798e+26,7.102446024790889e+27
iter_0002,5.795515551074155e+27,1.1053085906312735e+27,2.0509938545698e+26,1.2162745166785233e+26,7.227550978830261e+27
iter_0003,5.833087568232732e+27,1.1363300139553476e+27,2.0649169550959448e+26,1.479314183745974e+26,7.323840696072271e+27
iter_0004,5.750484552301824e+27,1.1629717317560098e+27,2.0139534351814276e+26,1.17844195708823e+26,7.232695823284799e+27
iter_0005,5.729905744973683e+27,1.0989798901083319e+27,2.0384517552788832e+26,1.255797145056715e+26,7.158310525115576e+27
iter_0006,5.665798019644746e+27,1.0883494950567691e+27,2.06470576334438e+26,1.0342977381531099e+26,7.064047864851265e+27
iter_0007,5.827456322425179e+27,1.1131982245888202e+27,2.1138299200480343e+26,1.2634828523859154e+26,7.278385824257393e+27
iter_0008,5.816919891813646e+27,1.1563491888108543e+27,2.1977304158230912e+26,1.085239776408344e+26,7.301566099847644e+27
iter_0009,5.674093235286127e+27,1.1144372097986825e+27,2.054673949819464e+26,1.1792701571183816e+26,7.111924855778594e+27
iter_0010,5.751055135572998e+27,1.1273698203017403e+27,2.1732141381956835e+26,1.2048853474547119e+26,7.216234904439777e+27
iter_0011,5.636022840529107e+27,1.1352227618913851e+27,2.0660806789773937e+26,1.23239034002243e+26,7.101092704320474e+27
iter_0012,5.831670374277195e+27,1.1488837116645027e+27,2.0225814241711684e+26,1.1845013527746704e+26,7.301262363636283e+27
iter_0013,5.705361592267452e+27,1.135713575684893e+27,2.0545690512697496e+26,1.218299018096279e+26,7.168361974888947e+27
iter_0014,5.901235598539401e+27,1.1313820982375116e+27,2.073766282539369e+26,1.0681964275812872e+26,7.346813967788979e+27
iter_0015,5.742533608985494e+27,1.1761117297114139e+27,2.065637514827051e+26,1.171677154078343e+26,7.242376805587447e+27
iter_0016,5.757670888512286e+27,1.0985515186485571e+27,2.2198770713695498e+26,1.0369582662990625e+26,7.181905940927703e+27
iter_0017,5.755883905382814e+27,1.1403272126997034e+27,2.186136122123303e+26,1.2287747399155285e+26,7.237702204286401e+27
iter_0018,5.725035256758887e+27,1.1284511366401055e+27,2.2584021936772047e+26,1.239251825927117e+26,7.203251795359425e+27
iter_0019,5.860274894694044e+27,1.1364330996384981e+27,2.0230943239940422e+26,1.1317434980476511e+26,7.312191776536712e+27
iter_0020,5.850625967868304e+27,1.1339252108707763e+27,2.1438628791573916e+26,1.2721454065974694e+26,7.326152007314567e+27
iter_0021,5.702183519915773e+27,1.1269344149086819e+27,1.866281744059317e+26,1.1324406878103958e+26,7.128990178011425e+27
iter_0022,5.755688259297581e+27,1.1845418909353641e+27,2.116432845944501e+26,1.1807194656925759e+26,7.269945381396654e+27
iter_0023,5.791501690154796e+27,1.1184569976488245e+27,2.0311665811767096e+26,1.349486097285552e+26,7.248023955649848e+27
iter_0024,5.72001916542739e+27,1.1350338731416339e+27,2.150672466991355e+26,1.1576129391247334e+26,7.185881579180634e+27
iter_0025,5.672877936190357e+27,1.1232375707592976e+27,2.0920959346821266e+26,1.2164270020186094e+26,7.126967800619728e+27
iter_0026,5.768327907281995e+27,1.1130851669623725e+27,2.100445972457188e+26,1.3711095048169305e+26,7.228568621971778e+27
iter_0027,5.750000663590281e+27,1.117888012203733e+27,2.0567363335071417e+26,1.338781096729509e+26,7.20744041881768e+27
iter_0028,5.71639515700023e+27,1.1192921408934457e+27,2.2103682311025694e+26,1.024828423074014e+26,7.159206963311333e+27
iter_0029,5.80109695636775e+27,1.1551876057429649e+27,2.2616121698212338e+26,1.1853540840267167e+26,7.300981187495509e+27
iter_0030,5.770811226701189e+27,1.1264242689507617e+27,2.1650199935409113e+26,1.1287235012736136e+26,7.226609845133401e+27
iter_0031,5.767507965166812e+27,1.1348913281666305e+27,2.144581633299671e+26,1.135801415237228e+26,7.230437598187133e+27
iter_0032,5.716410864744785e+27,1.092689796308782e+27,2.1485983766433203e+26,9.901311163250182e+25,7.122973610350401e+27
iter_0033,5.791086101658345e+27,1.1229746322830642e+27,2.337929988442078e+26,1.0738609029350332e+26,7.25523982307912e+27
iter_0034,5.767565491648625e+27,1.1290734833811453e+27,2.1536128603984198e+26,1.2143123504413674e+26,7.233431496113749e+27
iter_0035,5.85894932959008e+27,1.0961100514021473e+27,1.8826068367663118e+26,1.352758812330627e+26,7.278595945901922e+27
iter_0036,5.769710596827207e+27,1.1302202414170474e+27,2.1022405235402062e+26,1.0379339848140335e+26,7.213948289079677e+27
iter_0037,5.791134079529575e+27,1.107262771104833e+27,2.1078355066877237e+26,9.65875701997223e+25,7.205767971502903e+27
iter_0038,5.732537075830041e+27,1.1053839910013299e+27,2.2061408174542156e+26,1.326671566345757e+26,7.191202305211368e+27
iter_0039,5.734864024373116e+27,1.130907940408828e+27,1.8641265608637998e+26,1.2514558654540838e+26,7.177330207413733e+27
iter_0040,5.757578686374343e+27,1.135813123249093e+27,1.9768113790335457e+26,1.3219091909901774e+26,7.223263866625808e+27
iter_0041,5.763015235258562e+27,1.1458715888447581e+27,2.209025679056295e+26,1.0599703436266574e+26,7.235786426371616e+27
iter_0042,5.776217101983716e+27,1.151279393371233e+27,2.0376705422750644e+26,9.811419645848666e+25,7.229377746040943e+27
iter_0043,5.702351112190023e+27,1.087142830587653e+27,2.1242239373012182e+26,9.242716436930711e+25,7.094343500877106e+27
iter_0044,5.734889120992911e+27,1.1220114320521357e+27,2.3388566484722482e+26,1.177006436628077e+26,7.20848686155508e+27
iter_0045,5.662557707851862e+27,1.1006460680920613e+27,2.0403780782313923e+26,1.1545581054980992e+26,7.082697394316873e+27
iter_0046,5.753665744543862e+27,1.1399216203635458e+27,1.9996201369330493e+26,1.2175738613166628e+26,7.215306764732378e+27
iter_0047,5.664268494899494e+27,1.1247237359917135e+27,2.018733778972472e+26,9.511258481540963e+25,7.085978193603865e+27
iter_0048,5.768524919372786e+27,1.132911429215144e+27,2.180996561103108e+26,1.1357708064532274e+26,7.233113085343564e+27
iter_0049,5.785154080477183e+27,1.1751956786029816e+27,2.033281561424288e+26,1.314013466914546e+26,7.295079261914047e+27
iter_0050,5.741334329274887e+27,1.1140543430342825e+27,2.172599632837988e+26,1.1740387976463181e+26,7.1900525153576e+27
iter_0051,5.674338678200596e+27,1.1425087659935357e+27,2.119189720254307e+26,1.4477468922779894e+26,7.173541105447361e+27
iter_0052,5.761925780438862e+27,1.1131793409718e+27,2.2608092660561834e+26,1.0885772242762151e+26,7.210043770443901e+27
iter_0053,5.701083510382201e+27,1.0989979995788471e+27,2.1064548825243757e+26,1.0734753077621434e+26,7.1180745289897e+27
iter_0054,5.736000424906154e+27,1.1340671592067274e+27,2.15724394982211e+26,1.2643258200845676e+26,7.212224561103548e+27
iter_0055,5.751714548073471e+27,1.1211162552206076e+27,2.0219535869006028e+26,1.2678661129288599e+26,7.201812773277026e+27
iter_0056,5.790406063587542e+27,1.121986076010472e+27,1.9854563856898295e+26,1.073177265425402e+26,7.218255504709537e+27
iter_0057,5.787654585434857e+27,1.1423330190202692e+27,1.9025953909632674e+26,1.2829670270667035e+26,7.248543846258123e+27
iter_0058,5.616574815923901e+27,1.1513047952694413e+27,2.0699363609180005e+26,1.186764695359614e+26,7.093549716821102e+27
iter_0059,5.828510767449931e+27,1.1609988301998624e+27,2.1623877650852128e+26,1.2670955312528222e+26,7.332457927283596e+27
iter_0060,5.685469941328121e+27,1.1479489614809016e+27,2.049553598282659e+26,1.0609126299580516e+26,7.144465525633094e+27
iter_0061,5.747645806180463e+27,1.1151145729655353e+27,2.0084753213821153e+26,1.0914079514714092e+26,7.172748706431352e+27
iter_0062,5.783236104842828e+27,1.1015454752344614e+27,1.9910530644275423e+26,1.0584808601838623e+26,7.18973497253843e+27
iter_0063,5.898127086166571e+27,1.1230783905997117e+27,2.1660785312387844e+26,1.4192469240276887e+26,7.37973802229293e+27
iter_0064,5.769262388674139e+27,1.1264025556348653e+27,2.0737244483845577e+26,1.1102178697132888e+26,7.21405917611879e+27
iter_0065,5.78367455319652e+27,1.1545210701985179e+27,2.1524166066075545e+26,1.2589620717579398e+26,7.279333491231587e+27
iter_0066,5.728375628290846e+27,1.1235284380929921e+27,2.0858887301204032e+26,1.4580548592798106e+26,7.20629842532386e+27
iter_0067,5.761117589120869e+27,1.1588717979127682e+27,2.0507052620111666e+26,1.142879659846816e+26,7.239347879219435e+27
iter_0068,5.793440321689553e+27,1.1326125692626345e+27,2.3114555873609758e+26,1.1986324486457453e+26,7.277061694552859e+27
iter_0069,5.83078391537311e+27,1.1372578959465249e+27,2.2287666448788862e+26,1.2625206422983408e+26,7.317170540037358e+27
iter_0070,5.854126371738724e+27,1.128956746684974e+27,2.095610807379172e+26,1.1251209574414813e+26,7.305156294905763e+27
iter_0071,5.772944943504425e+27,1.1070610121889671e+27,2.0826364795666353e+26,9.74031024328259e+25,7.185672706082881e+27
iter_0072,5.758631605261684e+27,1.1086627847979118e+27,2.0352423721940127e+26,1.549075643789735e+26,7.22572619165797e+27
iter_0073,5.77564160238989e+27,1.1457717221311735e+27,2.0333462248448963e+26,1.1527745163049973e+26,7.240025398636052e+27
iter_0074,5.720410804905322e+27,1.1244526117071851e+27,2.0937210296458418e+26,1.0963748129499334e+26,7.163873000872085e+27
iter_0075,5.622638370244336e+27,1.1290129896886179e+27,2.2235249196703316e+26,1.0782469395326045e+26,7.081828545853248e+27
iter_0076,5.64763482644264e+27,1.1706274133270085e+27,2.195223749451128e+26,1.2591019623073718e+26,7.163694810945499e+27
iter_0077,5.782620364890013e+27,1.1084928340201015e+27,2.0763239426345607e+26,1.3050296299953186e+26,7.229248556173101e+27
iter_0078,5.695760277409216e+27,1.1555919764959565e+27,2.0749236292225757e+26,1.3099141988653769e+26,7.189836036713968e+27
iter_0079,5.864241789958713e+27,1.1475147143510963e+27,2.0852846340062746e+26,1.3634705485766709e+26,7.356632022568104e+27
iter_0080,5.815598541020719e+27,1.1086553976773469e+27,2.0627107523944422e+26,1.2474805924896238e+26,7.255273073186472e+27
iter_0081,5.668680032562929e+27,1.1191200594401363e+27,2.2424449031532075e+26,1.1469895192972777e+26,7.126743534248113e+27
iter_0082,5.837484928942264e+27,1.1413986273916455e+27,2.2519440251541136e+26,1.186393103776434e+26,7.322717269226965e+27
iter_0083,5.811028100688861e+27,1.1207382690110172e+27,1.979221254914504e+26,1.3566156636384915e+26,7.265350061555178e+27
iter_0084,5.740554465378398e+27,1.1384588905294838e+27,2.3314009313200152e+26,1.1845743123653817e+26,7.230610880276422e+27
iter_0085,5.787369422210849e+27,1.1358617393311802e+27,2.090996811713117e+26,1.2057099087401786e+26,7.252901833587358e+27
iter_0086,5.698703200302508e+27,1.1277488811906481e+27,2.1677732850512503e+26,1.2807978618062877e+26,7.171309196178908e+27
iter_0087,5.777347860327775e+27,1.1629771084799766e+27,2.1481238295600104e+26,1.3324275599265934e+26,7.288380107756411e+27
iter_0088,5.695168945045125e+27,1.1459275958911426e+27,2.2005954990284378e+26,1.2728394429174465e+26,7.188440035130856e+27
iter_0089,5.807973802257581e+27,1.1474560476546637e+27,2.1184531103250337e+26,1.0240360018634714e+26,7.269678761131095e+27
iter_0090,5.636501166617378e+27,1.1196707407426563e+27,1.9719835155825087e+26,1.2233974129540679e+26,7.075710000213692e+27
iter_0091,5.823620113747398e+27,1.1407676061960403e+27,2.299163793741159e+26,1.2357612643570103e+26,7.317880225753256e+27
iter_0092,5.824102395456979e+27,1.1320351440415526e+27,2.1382008422092793e+26,1.167195868776524e+26,7.286677210597111e+27
iter_0093,5.765587691496936e+27,1.1115918925610476e+27,2.215809549430132e+26,1.3557057657499506e+26,7.234331115575992e+27
iter_0094,5.766055554960033e+27,1.1228155027162761e+27,2.1386464913655837e+26,1.2473601740735064e+26,7.227471724220217e+27
iter_0095,5.784017416979428e+27,1.1190117018884474e+27,2.1362493494896075e+26,1.0568298952581367e+26,7.22233704334265e+27
iter_0096,5.713951596491356e+27,1.1503903033715809e+27,2.0347616420457527e+26,1.2176993055556175e+26,7.189587994623074e+27
iter_0097,5.623895644261055e+27,1.1335818603053217e+27,2.0152211537797606e+26,1.3169298855509153e+26,7.090692608499444e+27
iter_0098,5.752536580291511e+27,1.1391132455575883e+27,2.009192641826335e+26,1.316816975624915e+26,7.224250787594224e+27
iter_0099,5.657957066316566e+27,1.114162662067186e+27,2.1052894333489046e+26,1.0510512602422796e+26,7.08775379774287e+27
iter_0100,5.78731062213948e+27,1.1466855530179514e+27,2.1570458197841423e+26,1.1629088610741964e+26,7.265991643243265e+27
iter_0101,5.812837373474642e+27,1.1094378972462095e+27,2.255502357185167e+26,1.2598572952070914e+26,7.273811235960077e+27
iter_0102,5.746762247877399e+27,1.1466606385293332e+27,2.0670942178794737e+26,1.2320233649871043e+26,7.223334644693389e+27
iter_0103,5.797181880212577e+27,1.1318666610612277e+27,2.1868315163587604e+26,1.1044905881838275e+26,7.258180751728064e+27
iter_0104,5.73655000099076e+27,1.1383328455051892e+27,2.2451052034598843e+26,1.1878995834921065e+26,7.218183325191147e+27
iter_0105,5.662139565846179e+27,1.1589708155051166e+27,2.0869617342613174e+26,1.2027173689686708e+26,7.150078291674296e+27
iter_0106,5.82743247493848e+27,1.14577851654097e+27,2.1393521182276973e+26,1.0952654963933805e+26,7.296672752941558e+27
iter_0107,5.813385726618803e+27,1.1431073642889892e+27,2.1127828613108872e+26,1.2386758653805801e+26,7.291638963576938e+27
iter_0108,5.742531986639711e+27,1.1307295584972828e+27,2.1793350596496336e+26,1.0636200535524836e+26,7.197557056457206e+27
iter_0109,5.675691589220993e+27,1.1393911440671273e+27,2.18757533017617e+26,9.328425253860405e+25,7.127124518844343e+27
iter_0110,5.837859448366185e+27,1.1056135294889699e+27,2.1404732392847268e+26,1.1439854496189353e+26,7.271918846745521e+27
iter_0111,5.875107690518192e+27,1.1690492742540585e+27,1.997792024172194e+26,1.3873680438365533e+26,7.382672971573126e+27
iter_0112,5.837177874905774e+27,1.1084026496579763e+27,1.9174903843330062e+26,1.2288536634488095e+26,7.260214929341931e+27
iter_0113,5.774318748231141e+27,1.132094698930902e+27,2.0481406873542605e+26,1.1352860800145728e+26,7.224756123898927e+27
iter_0114,5.710537480875637e+27,1.0692827537584406e+27,2.2304584350094932e+26,1.3389403353848887e+26,7.136760111673515e+27
iter_0115,5.83308550939374e+27,1.1202675827585815e+27,2.2857881090031577e+26,1.214349107400149e+26,7.303366813792653e+27
iter_0116,5.78183525996405e+27,1.1531176635533048e+27,2.2021050291451048e+26,1.040217135540046e+26,7.25918513998587e+27
iter_0117,5.762275540863266e+27,1.1294193778107547e+27,2.1010128334111894e+26,1.0541770214807723e+26,7.207213904163216e+27
iter_0118,5.828082439165277e+27,1.1410355326873841e+27,2.3466086347263844e+26,1.2343392336217836e+26,7.327212758687477e+27
iter_0119,5.676306553477473e+27,1.1295268722402307e+27,2.005557569835036e+26,1.1784098763637168e+26,7.124230170337578e+27
iter_0120,5.772182390065742e+27,1.1515167037572595e+27,1.925939545259063e+26,1.4891309860608404e+26,7.265206146954993e+27
iter_0121,5.743067057259934e+27,1.1123415097851478e+27,2.0893753088109533e+26,1.2447244735072865e+26,7.188818545276904e+27
iter_0122,5.728236191441301e+27,1.1322264696046873e+27,2.2322994031343248e+26,1.1079929266674157e+26,7.194491894026162e+27
iter_0123,5.725673799655984e+27,1.1289681453894794e+27,2.1259238724024273e+26,1.1948824291515612e+26,7.186722575200863e+27
iter_0124,5.736861722976163e+27,1.1445602288417278e+27,1.912327932226938e+26,1.3535188269517262e+26,7.208006627735758e+27
iter_0125,5.819939443080351e+27,1.1515767011839614e+27,2.146008776926047e+26,1.3031555384792495e+26,7.316432575804841e+27
iter_0126,5.657137372832027e+27,1.1627135643628358e+27,2.207186629743406e+26,1.2216489993569481e+26,7.162734500104898e+27
iter_0127,5.755280867205104e+27,1.1192927425272226e+27,2.1752758504971203e+26,1.158243398285611e+26,7.2079255346106e+27
iter_0128,5.736648329123044e+27,1.1474078763858329e+27,2.1755867085548234e+26,1.1459898669089635e+26,7.216213863055255e+27
iter_0129,5.626247039721847e+27,1.1444038857337775e+27,2.2406508069865718e+26,1.356094292632796e+26,7.130325435417562e+27
iter_0130,5.640806517933988e+27,1.1459036340813966e+27,2.3032848747899424e+26,1.242514320511633e+26,7.141290071545542e+27
iter_0131,5.727837249372795e+27,1.1508969637248406e+27,2.1504592748110565e+26,1.18342113321906e+26,7.212122253900647e+27
iter_0132,5.710188483131637e+27,1.1330918430586408e+27,2.064836524454332e+26,1.1526376056374603e+26,7.165027739199457e+27
iter_0133,5.611792699774833e+27,1.1391684084159e+27,2.2511842810258322e+26,1.0451690802730713e+26,7.080596444320625e+27
iter_0134,5.885328465382065e+27,1.14915145465354e+27,2.259860319058516e+26,1.1784086671011939e+26,7.378306818651576e+27
iter_0135,5.771530212371749e+27,1.135059229225903e+27,2.1687268749135843e+26,1.1129665846672366e+26,7.234758787555735e+27
iter_0136,5.768177200452099e+27,1.1524235296391101e+27,2.2932420291208626e+26,1.4001536661309022e+26,7.289940299616386e+27
iter_0137,5.6877752656631e+27,1.1229674685892848e+27,2.2668055050415085e+26,1.177196330832215e+26,7.155142917839758e+27
iter_0138,5.801833751636142e+27,1.136971955486821e+27,2.080592654311328e+26,1.1038332498872199e+26,7.257248297542818e+27
iter_0139,5.754688044959565e+27,1.129979646714281e+27,2.123349950874294e+26,1.2038767729916584e+26,7.217390364060441e+27
iter_0140,5.6978051970415e+27,1.1456739830683983e+27,1.938207015864543e+26,1.0275464653302667e+26,7.140054528229378e+27
iter_0141,5.828147470428062e+27,1.1303758158712546e+27,2.164601356069808e+26,1.2846280127967944e+26,7.303446223185976e+27
iter_0142,5.872552655000642e+27,1.1451162878144471e+27,2.3835923399144646e+26,1.0907017087928429e+26,7.36509834768582e+27
iter_0143,5.747553397161035e+27,1.1671691505360412e+27,2.187635158287138e+26,1.292223898684853e+26,7.262708453394275e+27
iter_0144,5.706418989954948e+27,1.1142594726730372e+27,2.222619624977517e+26,1.22637536731124e+26,7.16557796185686e+27
iter_0145,5.73618919201077e+27,1.1369257227459003e+27,2.272696994751397e+26,1.1543202613354003e+26,7.21581664036535e+27
iter_0146,5.718687718757971e+27,1.1471374990225929e+27,2.271324253789888e+26,1.3077428648715612e+26,7.223731929646709e+27
iter_0147,5.711979266042862e+27,1.1555805617941087e+27,2.3801722160965786e+26,1.2106482922552764e+26,7.226641878672156e+27
iter_0148,5.679519726780865e+27,1.1370294443332005e+27,2.2039607218349938e+26,1.1146517988454046e+26,7.148410423182106e+27
iter_0149,5.656073117312222e+27,1.110490911171164e+27,2.20711774164845e+26,1.287079133158542e+26,7.115983715964086e+27
iter_0150,5.742186794048597e+27,1.1476190683614043e+27,2.0043520626344388e+26,9.990169400830909e+25,7.190142762681755e+27
iter_0151,5.880803883633527e+27,1.1003132189955784e+27,2.1403925764091514e+26,1.0323576830182786e+26,7.298392128571848e+27
iter_0152,5.754877042684444e+27,1.1144722077403425e+27,2.0214510720522816e+26,1.2417775990588851e+26,7.195672117535903e+27
iter_0153,5.759556524722224e+27,1.1456742340166753e+27,1.9087569063193933e+26,1.2501555836028607e+26,7.221122007731126e+27
iter_0154,5.667360520512041e+27,1.1376374004284338e+27,2.070145654633304e+26,1.247761763916413e+26,7.136788662795447e+27
iter_0155,5.647562510913586e+27,1.153239519022527e+27,2.1557742759793137e+26,1.0764548165402474e+26,7.12402493918807e+27
iter_0156,5.70435598915179e+27,1.1920175953841868e+27,1.9751255341413096e+26,1.2979599652576564e+26,7.223682134475873e+27
iter_0157,5.814239513876345e+27,1.1027487165291608e+27,2.0049890862337104e+26,1.0826688412641493e+26,7.225754023155292e+27
iter_0158,5.844825861434191e+27,1.1358109238041791e+27,2.2295791836843956e+26,1.2306856283744418e+26,7.326663266444254e+27
iter_0159,5.714466111086666e+27,1.1591434740155042e+27,2.015490480990204e+26,1.2502434125000425e+26,7.200182974451196e+27
iter_0160,5.671315332629705e+27,1.1215494356314727e+27,2.129479227716641e+26,1.2640030667634324e+26,7.132212997709185e+27
iter_0161,5.728153113740527e+27,1.112026871649206e+27,2.0883421014321348e+26,1.1604713125372868e+26,7.165061326786676e+27
iter_0162,5.73590717530727e+27,1.1360758511739997e+27,2.121961664147926e+26,1.001189569911869e+26,7.184298149887249e+27
iter_0163,5.802411015203024e+27,1.143228061205101e+27,2.0565914013571386e+26,1.2822189959633797e+26,7.279520116140177e+27
iter_0164,5.803743795913074e+27,1.1415883424655227e+27,2.1396558616769162e+26,1.1975763156385192e+26,7.27905535611014e+27
iter_0165,5.786768568898057e+27,1.1107985042009519e+27,2.305445467558997e+26,1.0531524755207613e+26,7.233426867406985e+27
iter_0166,5.769774501748862e+27,1.1089731527377102e+27,2.3006858971342002e+26,1.024423112348156e+26,7.211258555434808e+27
iter_0167,5.677566674119972e+27,1.1369987017632571e+27,2.026406512648038e+26,1.2372974092428729e+26,7.14093576807232e+27
iter_0168,5.663128087794372e+27,1.1348759868578215e+27,2.057692516507573e+26,1.2518703534988987e+26,7.128960361652841e+27
iter_0169,5.696920153443033e+27,1.1338742302846321e+27,2.3382032090124877e+26,1.1668700734950484e+26,7.181301711978418e+27
iter_0170,5.761834914161685e+27,1.1337123879931101e+27,2.0367997275348955e+26,1.4504866389328001e+26,7.244275938801566e+27
iter_0171,5.629915889702697e+27,1.1017013134785454e+27,2.1374248876657716e+26,1.0489798478968592e+26,7.050257676737505e+27
iter_0172,5.763314049502224e+27,1.1245939864360095e+27,2.234550785527797e+26,1.1526668510043493e+26,7.226629799591449e+27
iter_0173,5.730563579767262e+27,1.165207190954594e+27,2.338619767434976e+26,1.2516736406402627e+26,7.254800111529378e+27
iter_0174,5.744799868178563e+27,1.1109829499228593e+27,2.1772434462019262e+26,1.2161391611195476e+26,7.195121078833568e+27
iter_0175,5.750183385146614e+27,1.1353479643046189e+27,2.112980970483467e+26,1.1553161421779513e+26,7.212361060717376e+27
iter_0176,5.765485288195775e+27,1.16748456989169e+27,2.2497620925438654e+26,1.060597657325224e+26,7.264005833074375e+27
iter_0177,5.850011231926908e+27,1.1477668233728974e+27,2.1430128722019292e+26,1.2874303723032854e+26,7.340822379750326e+27
iter_0178,5.696119960493623e+27,1.1449719132797704e+27,2.1041318478208843e+26,1.2800672500945562e+26,7.179511783564938e+27
iter_0179,5.740816262916378e+27,1.1457236156735193e+27,1.9781731834077695e+26,1.1551804875952025e+26,7.199875245690195e+27
iter_0180,5.714808466436109e+27,1.1717620809476308e+27,1.9064823265641473e+26,1.233118985200736e+26,7.200530678560228e+27
iter_0181,5.809174855824444e+27,1.1372340847828773e+27,2.065306673274142e+26,9.23907649803067e+25,7.245330372915042e+27
iter_0182,5.616435266784863e+27,1.1335253325966302e+27,2.1414474991110298e+26,1.2645334913575078e+26,7.090558698428347e+27
iter_0183,5.758071553750807e+27,1.1300422416870198e+27,2.067374437798452e+26,1.3465196482052262e+26,7.229503204038196e+27
iter_0184,5.708908014542229e+27,1.1527339240387348e+27,2.0557099130629356e+26,1.0467298857211835e+26,7.171885918459376e+27
iter_0185,5.84631652014706e+27,1.1066082462806584e+27,1.9714762132086353e+26,1.4082189054433127e+26,7.290894278292913e+27
iter_0186,5.793280290579356e+27,1.143884279234303e+27,2.011569510518706e+26,1.2235606632923664e+26,7.260677587194765e+27
iter_0187,5.765737068714047e+27,1.136169578117124e+27,2.2212905462732737e+26,1.2674070750785076e+26,7.250776408966349e+27
iter_0188,5.76223034459996e+27,1.140449841846085e+27,2.3676728293225916e+26,1.1918557549034702e+26,7.258633044868652e+27
iter_0189,5.873614119881757e+27,1.1488546712945464e+27,2.2195831608734332e+26,1.1967118035706746e+26,7.364098287620714e+27
iter_0190,5.722950176437822e+27,1.1259707432048278e+27,2.001500260588914e+26,1.5483310231853185e+26,7.203904048020073e+27
iter_0191,5.657531215832623e+27,1.1254349812062065e+27,2.1210530774540118e+26,1.3190996345846307e+26,7.126981468242693e+27
iter_0192,5.80313795825388e+27,1.1189040746940514e+27,2.1982419319555715e+26,1.0212806951373687e+26,7.243994295657225e+27
iter_0193,5.813364826892609e+27,1.1557526248543359e+27,2.1415628729677633e+26,1.2982070013597136e+26,7.313094439179692e+27
iter_0194,5.650854441671613e+27,1.1708467354793562e+27,2.132618039394018e+26,1.0074804226937979e+26,7.135711023359752e+27
iter_0195,5.744158557825545e+27,1.1257225302065837e+27,2.0471063104450525e+26,1.2012295716577601e+26,7.194714676242412e+27
iter_0196,5.700501152539492e+27,1.1302648319906572e+27,2.2887762719221036e+26,1.2598332491432256e+26,7.185626936636683e+27
iter_0197,5.652850244905896e+27,1.1380834299799617e+27,2.0697107719317902e+26,1.0500727912905827e+26,7.102912031208096e+27
iter_0198,5.825727403752667e+27,1.1486726718916688e+27,2.2828706506688832e+26,1.1997742085713616e+26,7.32266456156836e+27
iter_0199,5.743327116375482e+27,1.1246730718649608e+27,2.180489178812529e+26,1.1261085462817077e+26,7.198659960749867e+27
iter_0200,5.684391610377713e+27,1.1403516265953613e+27,2.147820622402425e+26,1.1182026799248427e+26,7.151345567205801e+27
iter_0201,5.724141274252156e+27,1.1588930225349442e+27,2.117054848821856e+26,1.1762039559696465e+26,7.21236017726625e+27
iter_0202,5.764299169480612e+27,1.1338679320723506e+27,1.9951509987814973e+26,1.1665695471669885e+26,7.214339156147811e+27
iter_0203,5.727475371705853e+27,1.122826421832506e+27,2.0447187284850452e+26,1.1730093828981136e+26,7.172074604676675e+27
iter_0204,5.603380784529945e+27,1.1325015765119922e+27,2.251629616626396e+26,1.1680772808228006e+26,7.077853050786856e+27
iter_0205,5.718610590949085e+27,1.1041450838795186e+27,2.1962209771610984e+26,1.2428574682986183e+26,7.166663519374576e+27
iter_0206,5.805257352248652e+27,1.1038174909741792e+27,2.1321831428036164e+26,9.819036767639366e+25,7.220483525179587e+27
iter_0207,5.802346058027183e+27,1.1289523158568495e+27,2.1784880331012916e+26,1.1761666859043758e+26,7.2667638457846e+27
iter_0208,5.60842172208701e+27,1.121417098250724e+27,1.9883754391003343e+26,1.1394242353591285e+26,7.04261878778368e+27
iter_0209,5.68571226454324e+27,1.1201495235188237e+27,2.1987186738943877e+26,1.2980519944177665e+26,7.15553885489328e+27
iter_0210,5.864079669623406e+27,1.1211982921644998e+27,2.15005601130329e+26,1.3204720662740303e+26,7.332330769545639e+27
iter_0211,5.739865951087143e+27,1.1411904764297282e+27,2.158319215400559e+26,1.167710529879805e+26,7.213659402044906e+27
iter_0212,5.732124829533087e+27,1.0948432683662502e+27,2.2285156702664647e+26,1.0671300095996791e+26,7.156532665885951e+27
iter_0213,5.689676593553886e+27,1.1491922916067304e+27,2.262205135467906e+26,1.0735016067518346e+26,7.17243955938259e+27
iter_0214,5.683178714964441e+27,1.1041153712169456e+27,2.140189977964642e+26,1.2470660067210724e+26,7.126019684649958e+27
iter_0215,5.7110606670837e+27,1.1433721900862687e+27,2.019620499369285e+26,1.3515163639134076e+26,7.191546543498236e+27
iter_0216,5.731674144056389e+27,1.1099018340972044e+27,2.110762338434443e+26,1.2674174666550772e+26,7.179393958662545e+27
iter_0217,5.640758122809805e+27,1.1483180662110863e+27,2.1101904295735626e+26,1.166753044224925e+26,7.116770536400739e+27
iter_0218,5.819385375510311e+27,1.1504848743403655e+27,2.1669722612880636e+26,1.12583519413349e+26,7.299150995392831e+27
iter_0219,5.724482749938665e+27,1.154438199480252e+27,1.9861134592781467e+26,1.1102966230882807e+26,7.18856195765556e+27
iter_0220,5.745930615303739e+27,1.1608918380691799e+27,1.9397962279261357e+26,1.2520893336226526e+26,7.226011009527797e+27
iter_0221,5.855310838046542e+27,1.1423332173855056e+27,2.1926088020158928e+26,1.0017803357770705e+26,7.317082969211343e+27
iter_0222,5.888026482843784e+27,1.1198837434907894e+27,2.1294992378777744e+26,1.334539543191928e+26,7.354314104441543e+27
iter_0223,5.734312500903335e+27,1.155594501038583e+27,2.179111808389127e+26,1.1409621495481769e+26,7.221914397735649e+27
iter_0224,5.678107865967942e+27,1.1379872398478606e+27,2.3023387961848473e+26,1.3762906330430417e+26,7.183958048738591e+27
iter_0225,5.772279488152044e+27,1.1458345229552546e+27,2.2364110293185305e+26,1.0330313989648563e+26,7.245058253935637e+27
iter_0226,5.753278526970212e+27,1.1170218249039903e+27,2.2228393943605522e+26,1.0237616584605521e+26,7.194960457156313e+27
iter_0227,5.70529851662017e+27,1.1356189708485395e+27,2.0964618751458864e+26,1.1173156915646491e+26,7.162295244139763e+27
iter_0228,5.777058994039868e+27,1.1157391495412669e+27,2.12396141238573e+26,1.4169631061479244e+26,7.246890595434501e+27
iter_0229,5.782006508354488e+27,1.1188463880350712e+27,2.1190364289138836e+26,1.0100998545428759e+26,7.213766524735234e+27
iter_0230,5.775874661847868e+27,1.1280846247242385e+27,2.1573005363217403e+26,1.2061382486455087e+26,7.24030316506883e+27
iter_0231,5.757410959411893e+27,1.1514480938763144e+27,2.008557265873263e+26,1.3541633628070988e+26,7.245131116156242e+27
iter_0232,5.818783182032677e+27,1.1296662614801535e+27,2.2260549549769142e+26,1.2797719698832497e+26,7.299032135998846e+27
iter_0233,5.726224863235129e+27,1.106231102563244e+27,2.063954246829891e+26,9.903343740946746e+25,7.13788482789083e+27
iter_0234,5.897096471898258e+27,1.1055827953951659e+27,2.1105523281817554e+26,1.2552010699524927e+26,7.339254607106848e+27
iter_0235,5.629523569851814e+27,1.1398583063644739e+27,1.983557845056463e+26,1.2348015873804682e+26,7.091217819459979e+27
iter_0236,5.644120292063409e+27,1.1040723628129516e+27,2.1354320230384284e+26,1.1634616986103633e+26,7.07808202704124e+27
iter_0237,5.740385035152578e+27,1.0902396057818989e+27,2.196388239331431e+26,1.1788995783640404e+26,7.168153422704023e+27
iter_0238,5.893439374800246e+27,1.1541461978661356e+27,2.176007918740213e+26,1.0761404291426955e+26,7.372800407454673e+27
iter_0239,5.776220363493469e+27,1.1503210104133759e+27,2.01885484417461e+26,1.0666915402653822e+26,7.235096012350845e+27
iter_0240,5.738400304383342e+27,1.1410146235534075e+27,2.1815623106055343e+26,1.1524379676547219e+26,7.212814955762774e+27
iter_0241,5.729172431014044e+27,1.1329622601590843e+27,2.1533654001524495e+26,1.125468277220174e+26,7.190018058910392e+27
iter_0242,5.815218561261223e+27,1.1317776000461656e+27,2.0417850647731826e+26,1.299186767377087e+26,7.281093344522417e+27
iter_0243,5.765253457947202e+27,1.1411128854332186e+27,1.9599665923243463e+26,1.3822662662175828e+26,7.240589629234611e+27
iter_0244,5.872171562663333e+27,1.1523396886214225e+27,2.014194986268606e+26,1.0950873226772954e+26,7.335439482179347e+27
iter_0245,5.831616820361999e+27,1.1790867738578139e+27,2.1171711039924512e+26,1.1235754558110356e+26,7.334778250200161e+27
iter_0246,5.782324774648225e+27,1.104996472277068e+27,2.0417035981601966e+26,1.2748911622467327e+26,7.218980722965986e+27
iter_0247,5.703887351578329e+27,1.1457602815637458e+27,2.0441757698504042e+26,1.3154425922610898e+26,7.185609469353224e+27
iter_0248,5.732357239748722e+27,1.1483793938055475e+27,1.9822601846683833e+26,1.2097495863268666e+26,7.199937610653794e+27
iter_0249,5.770900397139172e+27,1.1150314380805508e+27,2.1054753473583977e+26,1.096197607945528e+26,7.206099130750115e+27
iter_0250,5.697852043310398e+27,1.1537468896535937e+27,2.1040606909087044e+26,1.040630354830257e+26,7.166068037537887e+27
iter_0251,5.680814909904495e+27,1.1348312682172907e+27,2.1177085078544944e+26,1.08995699345336e+26,7.136412728252572e+27
iter_0252,5.764778605803052e+27,1.1041594512709685e+27,2.1285118889368046e+26,1.1571443348643233e+26,7.197503679454133e+27
iter_0253,5.809845024116316e+27,1.1374258413452078e+27,2.1506391762096207e+26,1.2334380917477606e+26,7.285678592257263e+27
iter_0254,5.622800781459608e+27,1.121377764736234e+27,2.1928700873962126e+26,9.557240939787143e+25,7.059037964333336e+27
iter_0255,5.792106004136963e+27,1.156958407590267e+27,2.0958766504389647e+26,1.3941160233016105e+26,7.298063679101286e+27
iter_0256,5.852084994017958e+27,1.119792693416299e+27,1.8274172274818638e+26,1.2089006600685904e+26,7.275509476189301e+27
iter_0257,5.895776715941132e+27,1.1285124179435008e+27,2.246564752380591e+26,1.1399922363604288e+26,7.362944832758734e+27
iter_0258,5.762902398270369e+27,1.1336137956627149e+27,2.066992276891421e+26,1.1594346151199668e+26,7.219158883134222e+27
iter_0259,5.78479249638438e+27,1.1582938165882853e+27,2.0845024160285276e+26,1.1932208051956974e+26,7.270858635095088e+27
iter_0260,5.7116049893038e+27,1.1563942242248568e+27,2.2990974350269127e+26,1.1248637056764444e+26,7.210395327598993e+27
iter_0261,5.731319203520188e+27,1.1109040801487669e+27,2.154591932497915e+26,1.3709120969713997e+26,7.194773686615885e+27
iter_0262,5.853854995838812e+27,1.108359140848963e+27,2.2384778218956245e+26,1.214415912974924e+26,7.30750351017483e+27
iter_0263,5.723777727457818e+27,1.1351226758150289e+27,2.1753372489764788e+26,1.1020383495847556e+26,7.18663796312897e+27
iter_0264,5.743746455159738e+27,1.151557338539627e+27,2.1373269207339694e+26,1.0161069864960312e+26,7.210647184422364e+27
iter_0265,5.709153829914638e+27,1.1389550053463922e+27,2.043402764507767e+26,1.0119797524947203e+26,7.153647086961279e+27
iter_0266,5.732649865781434e+27,1.1246164037013397e+27,2.2727155860885702e+26,1.2607478925933934e+26,7.21061261735097e+27
iter_0267,5.667358823714067e+27,1.122732167875628e+27,2.0150651276911063e+26,1.2153844139173765e+26,7.113135945750543e+27
iter_0268,5.793268562977285e+27,1.154673465344396e+27,2.093186484803186e+26,1.1083200248576998e+26,7.268092679287769e+27
iter_0269,5.717431971706054e+27,1.1085688062487558e+27,2.2442124094679626e+26,1.3215335248986995e+26,7.182575371391476e+27
iter_0270,5.700288946289542e+27,1.1158387191907652e+27,2.2086978595499564e+26,1.2553190577167253e+26,7.162529357206975e+27
iter_0271,5.725468977220034e+27,1.1291995079992264e+27,2.174556498512224e+26,1.4109050615613973e+26,7.213214641226623e+27
iter_0272,5.694733527828712e+27,1.1444156506843096e+27,2.0613324018908095e+26,1.236642145354512e+26,7.168946633237554e+27
iter_0273,5.747924654675507e+27,1.1144146645364898e+27,2.1092264258305234e+26,1.2556620509165514e+26,7.198828166886703e+27
iter_0274,5.852569445633842e+27,1.1359218137230482e+27,2.229671237282339e+26,1.0949389179827732e+26,7.320952274883402e+27
iter_0275,5.742657744374663e+27,1.1639563769044266e+27,2.215688126804806e+26,1.1228553594886361e+26,7.240468469908434e+27
iter_0276,5.734673997605506e+27,1.1027869537242635e+27,2.1870918255987374e+26,1.3074805798327872e+26,7.186918191872921e+27
iter_0277,5.727624210317605e+27,1.1295601026414178e+27,2.2167888459091054e+26,1.3261095638037426e+26,7.211474153930309e+27
iter_0278,5.84625673561094e+27,1.1343205357915861e+27,2.1015265105048797e+26,1.2860722009456786e+26,7.319337142547582e+27
iter_0279,5.819044155712657e+27,1.1346934209223083e+27,2.1902013025755283e+26,1.1766638531371995e+26,7.290424092206239e+27
iter_0280,5.756726127915355e+27,1.1139816596536972e+27,2.1808219953018607e+26,1.2274767944005408e+26,7.211537666539293e+27
iter_0281,5.741226068508655e+27,1.1292887617116736e+27,1.9473324366033864e+26,1.0493304699914481e+26,7.170181120879811e+27
iter_0282,5.712891376238288e+27,1.1193179155608861e+27,2.0804533758222593e+26,1.4865118308264837e+26,7.188905812464048e+27
iter_0283,5.764100526363024e+27,1.1455362851848759e+27,2.043711799503733e+26,1.5055042852156188e+26,7.264558420019834e+27
iter_0284,5.757774130969807e+27,1.162180812712691e+27,1.970002634755928e+26,1.1238527078410426e+26,7.229340477942196e+27
iter_0285,5.760987309552532e+27,1.1688860372836716e+27,2.083684133264362e+26,1.2834530713484306e+26,7.266587067297484e+27
iter_0286,5.720266907048586e+27,1.139191487119119e+27,2.1603989704118323e+26,1.1706964353459303e+26,7.19256793474348e+27
iter_0287,5.647717309817047e+27,1.1036362497068514e+27,2.067828034675379e+26,1.3069175660983705e+26,7.088828119601274e+27
iter_0288,5.736216231649799e+27,1.1328283400224082e+27,2.2224242784030514e+26,1.1622031421245939e+26,7.207507313724971e+27
iter_0289,5.698390038243758e+27,1.1348065428142076e+27,2.0382642000730527e+26,9.651051759992918e+25,7.133533518665202e+27
iter_0290,5.769434876878865e+27,1.1055360793941268e+27,1.931435425213764e+26,1.1258642725475878e+26,7.180700926049127e+27
iter_0291,5.705697315537657e+27,1.158447791860823e+27,2.1123588048687894e+26,1.5458690969220361e+26,7.229967897577563e+27
iter_0292,5.82662942197686e+27,1.1062205800581628e+27,2.165917292833242e+26,1.2882873345995377e+26,7.278270464778301e+27
iter_0293,5.768380295464736e+27,1.1168971517428235e+27,2.031926325928027e+26,1.0739543499584665e+26,7.195865514796208e+27
iter_0294,5.672294578065636e+27,1.167966155702717e+27,2.2354443852807787e+26,1.163186069473527e+26,7.180123779243782e+27
iter_0295,5.727989071305795e+27,1.1146772190198396e+27,1.9724363351672638e+26,1.3166667041529455e+26,7.171576594257657e+27
iter_0296,5.770587224752902e+27,1.1501265345425804e+27,2.2439954798468333e+26,1.3020093306311958e+26,7.275314240343285e+27
iter_0297,5.777996290306369e+27,1.1367659110568037e+27,2.1894816017438186e+26,1.2915917264351646e+26,7.262869534181072e+27
iter_0298,5.5862543418493e+27,1.1379854677969228e+27,2.1166201007163326e+26,1.220385097559785e+26,7.057940329473835e+27
iter_0299,5.696403353714239e+27,1.0993029002906901e+27,2.0872705452139403e+26,1.1000103447688528e+26,7.11443434300321e+27
iter_0300,5.78134268105881e+27,1.1231289678846973e+27,2.238319124875596e+26,1.1024827390025808e+26,7.238551835331325e+27
iter_0301,5.666637753780692e+27,1.1459653573294588e+27,2.1675157529108067e+26,1.4845136415063731e+26,7.177806050551868e+27
iter_0302,5.741806362432624e+27,1.1373349985519864e+27,2.2318359607416844e+26,1.0086124601864702e+26,7.203186203077425e+27
iter_0303,5.722805165118991e+27,1.1248414622673654e+27,2.163289106487856e+26,1.2609643994870809e+26,7.19007197798385e+27
iter_0304,5.75072018798608e+27,1.130171361857682e+27,2.259286803562867e+26,1.1125206019082502e+26,7.218072290390874e+27
iter_0305,5.721555821943308e+27,1.1264360017293364e+27,1.9668181313428453e+26,1.193570554614492e+26,7.164030692268377e+27
iter_0306,5.675135571147234e+27,1.1036743000040515e+27,2.0513404399357636e+26,1.0313189610417119e+26,7.087075811249032e+27
iter_0307,5.724824619724184e+27,1.1470821857229227e+27,1.98463101420703e+26,1.2214893026691383e+26,7.192518837134724e+27
iter_0308,5.761286441318858e+27,1.1319908938195816e+27,2.230737578729795e+26,1.108088248406323e+26,7.227159917852051e+27
iter_0309,5.800849515772481e+27,1.1476619983413412e+27,2.093883397466901e+26,1.1884062957408419e+26,7.276740483434597e+27
iter_0310,5.693991077041073e+27,1.1201447036333014e+27,2.2025113613603395e+26,1.4596610799993392e+26,7.180353024810343e+27
iter_0311,5.645630647333696e+27,1.126157949314512e+27,2.2579628218835383e+26,1.1861473763510318e+26,7.116199616471666e+27
iter_0312,5.749039999897113e+27,1.1280059708496178e+27,2.067766706129998e+26,1.2697011387105016e+26,7.21079275523078e+27
iter_0313,5.760575098683462e+27,1.1031172438327659e+27,2.0418334119564794e+26,1.1378425054037319e+26,7.18165993425225e+27
iter_0314,5.705807916667822e+27,1.1279559933515528e+27,2.326251187091977e+26,1.1225898904294496e+26,7.178648017771517e+27
iter_0315,5.655823149570239e+27,1.1273906017825351e+27,2.1480587613496398e+26,1.2206318311842207e+26,7.12008281060616e+27
iter_0316,5.842912545210043e+27,1.1339586424270809e+27,2.1764880257979927e+26,1.4890052374670045e+26,7.343420513963623e+27
iter_0317,5.804982913021491e+27,1.146410010814728e+27,2.195094802048077e+26,1.153166396718114e+26,7.286219043712838e+27
iter_0318,5.697114212894027e+27,1.1104908844014448e+27,2.019436300768276e+26,1.4126336853801117e+26,7.150812095910311e+27
iter_0319,5.806527671044747e+27,1.1441203881434382e+27,2.029435181788978e+26,1.3064451226316916e+26,7.284236089630253e+27
iter_0320,5.720962631963008e+27,1.1197761802398152e+27,2.1782973970190412e+26,1.1387275355922776e+26,7.172441305463955e+27
iter_0321,5.738099823976622e+27,1.1219406800206969e+27,2.0590667465403917e+26,1.2869428783358927e+26,7.194641466484947e+27
iter_0322,5.75292150738329e+27,1.148075184282331e+27,2.098220282184871e+26,1.2459259909404794e+26,7.235411318978157e+27
iter_0323,5.785839208351055e+27,1.1310561437460604e+27,2.10295014552776e+26,1.475675776646025e+26,7.274757944314494e+27
iter_0324,5.757704104762018e+27,1.1155460292316159e+27,2.0757144771326605e+26,1.0566951434632941e+26,7.186491096053229e+27
iter_0325,5.747261145484754e+27,1.1147042581349227e+27,2.0751747326156657e+26,1.1606300797776652e+26,7.185545884859009e+27
iter_0326,5.832927398208032e+27,1.1543359256891272e+27,2.242653435849194e+26,1.0965971296414771e+26,7.321188380446226e+27
iter_0327,5.774306714169116e+27,1.1437624969636697e+27,2.348941396290104e+26,1.2232023057897418e+26,7.27528358134077e+27
iter_0328,5.662882745308524e+27,1.1461939017012138e+27,2.1478071573029606e+26,1.1337478042350488e+26,7.137232143163539e+27
iter_0329,5.82285364747603e+27,1.1417513177774312e+27,2.3358132234387184e+26,1.164828359858498e+26,7.314669123583181e+27
iter_0330,5.803850390137334e+27,1.1427170300195049e+27,2.3187536345842504e+26,9.606942081455582e+25,7.27451220442982e+27
iter_0331,5.716799518879598e+27,1.1371464719939093e+27,2.2156263739428694e+26,1.1843401886771048e+26,7.193942647135505e+27
iter_0332,5.841413399429891e+27,1.1611355687731781e+27,2.1977877412059954e+26,1.2276454266470933e+26,7.345092284988378e+27
iter_0333,5.743495550787142e+27,1.1451861569458152e+27,2.1472995672887416e+26,1.0775183576374731e+26,7.211163500225576e+27
iter_0334,5.748477120174964e+27,1.1205170262942682e+27,2.159680646260048e+26,1.1363486700077584e+26,7.198597078096012e+27
iter_0335,5.697191075574942e+27,1.1262297098776285e+27,2.21021319615068e+26,1.013434126135758e+26,7.145785517681215e+27
iter_0336,5.829363679428312e+27,1.1202874146768113e+27,2.193821166599761e+26,1.2375298538355935e+26,7.292786196148659e+27
iter_0337,5.7613046095519e+27,1.159700918465109e+27,2.0563438451525184e+26,1.1801570658011922e+26,7.244655619112379e+27
iter_0338,5.677240582534925e+27,1.1048556161887862e+27,2.3012431050424217e+26,1.329178349132139e+26,7.145138344141167e+27
iter_0339,5.797498552312648e+27,1.1616514311668125e+27,2.1198500353443276e+26,1.224012030861155e+26,7.293536190100009e+27
iter_0340,5.694353458018294e+27,1.129007379278438e+27,2.237954877156453e+26,1.1889999427257506e+26,7.166056319284953e+27
iter_0341,5.710780088745085e+27,1.1213445153608316e+27,2.2569423756239364e+26,1.4381949754786402e+26,7.201638339216175e+27
iter_0342,5.721303596051253e+27,1.1362507232622428e+27,2.2211989864795228e+26,9.186305479815944e+25,7.171537272759607e+27
iter_0343,5.687234310641997e+27,1.1251251341950776e+27,2.0467046567606907e+26,1.3132108767157698e+26,7.148350998184722e+27
iter_0344,5.698921003008818e+27,1.1669154690836039e+27,2.081720649369392e+26,1.192996714186002e+26,7.193308208447961e+27
iter_0345,5.765523839475799e+27,1.1406209077436641e+27,2.215096034927771e+26,1.0544746096363565e+26,7.233101811675877e+27
iter_0346,5.74238696605402e+27,1.1277619776482835e+27,2.3367925133446186e+26,1.1783034711829877e+26,7.221658542155064e+27
iter_0347,5.691776160669147e+27,1.1432753039893929e+27,2.084550501555906e+26,9.741972381702114e+25,7.140926238631152e+27
iter_0348,5.824822027915333e+27,1.1306007704670357e+27,2.1939498719618493e+26,1.2240821893156979e+26,7.297226004510123e+27
iter_0349,5.756395290899244e+27,1.1432434912697304e+27,1.8779465283192105e+26,1.243740442137848e+26,7.21180747921468e+27
iter_0350,5.777606618524895e+27,1.1342001324407138e+27,1.963132698088351e+26,1.1354808558203428e+26,7.22166810635648e+27
iter_0351,5.78289425343678e+27,1.1829597324600201e+27,2.1661678373993196e+26,1.2163841712333369e+26,7.304109186760066e+27
iter_0352,5.69987962490762e+27,1.1470939464799318e+27,2.192422488204226e+26,1.218731680382517e+26,7.188088988246225e+27
iter_0353,5.837106163461463e+27,1.1433422899620791e+27,2.003878139913807e+26,1.4332987608995814e+26,7.324166143504881e+27
iter_0354,5.773673625042491e+27,1.1129049635022807e+27,2.14664731476287e+26,1.1257943486306547e+26,7.213822754884125e+27
iter_0355,5.673543566827688e+27,1.1461217627468584e+27,1.975407148618823e+26,1.331958107173559e+26,7.150401855153786e+27
iter_0356,5.812169982563338e+27,1.1283347204815517e+27,2.345638828050858e+26,1.062265888704947e+26,7.281295174720471e+27
iter_0357,5.799574244989389e+27,1.1276949284883643e+27,2.0427171246948564e+26,1.1183982957771552e+26,7.243380715524954e+27
iter_0358,5.824247914604877e+27,1.1783577049614756e+27,2.191093768056436e+26,1.1419037810096129e+26,7.335905374472958e+27
iter_0359,5.750233701139816e+27,1.1175008937784595e+27,2.070515785040228e+26,8.744599912425081e+25,7.162232172546548e+27
iter_0360,5.805608874661266e+27,1.126168936671589e+27,2.341978451147669e+26,1.3663432510179857e+26,7.302609981549421e+27
iter_0361,5.765429531826672e+27,1.1326943703685286e+27,2.372462601328209e+26,1.1905509157456272e+26,7.254425253902584e+27
iter_0362,5.753194100342764e+27,1.1439743529134343e+27,2.111120166364599e+26,1.0451969354142701e+26,7.212800163434085e+27
iter_0363,5.868101680177698e+27,1.1353667466679813e+27,2.0195901151996265e+26,1.2558417299429101e+26,7.331011611359933e+27
iter_0364,5.793812699717304e+27,1.1320616176962373e+27,2.2405278538763398e+26,1.1359901994218276e+26,7.263526122743358e+27
iter_0365,5.828678196542445e+27,1.1560769091122536e+27,2.3479643227365377e+26,1.2749895084191362e+26,7.347050488770265e+27
iter_0366,5.809591106394169e+27,1.128274940859126e+27,2.12057927173798e+26,1.0410721669953112e+26,7.254031191126624e+27
iter_0367,5.843144470228008e+27,1.1249714684395861e+27,2.0859330429912605e+26,1.183589957853796e+26,7.2950682387521e+27
iter_0368,5.789674529136914e+27,1.0944021468829879e+27,2.3602829954493826e+26,1.3821759224845045e+26,7.258322567813289e+27
iter_0369,5.795329996688095e+27,1.1314029598499128e+27,2.110176516053212e+26,1.3153547095998618e+26,7.269286079103316e+27
iter_0370,5.749924873549643e+27,1.1050477791491507e+27,2.1637226751226357e+26,1.0122804433061588e+26,7.172572964541672e+27
iter_0371,5.70829578765468e+27,1.1317571566997884e+27,1.977056816817058e+26,1.1361718252050958e+26,7.151375808556685e+27
iter_0372,5.782917714963392e+27,1.1285412744279602e+27,2.192892134337486e+26,1.381278204334892e+26,7.26887602325859e+27
iter_0373,5.788057434666502e+27,1.1388314060590258e+27,2.2134364121138623e+26,1.3256305756299955e+26,7.280795539499914e+27
iter_0374,5.726900006736451e+27,1.157547935950963e+27,1.8699380170127273e+26,1.191506294197892e+26,7.190592373808476e+27
iter_0375,5.762591814157157e+27,1.149676063040514e+27,2.1895588669012563e+26,1.3437565589226887e+26,7.265599419780065e+27
iter_0376,5.711241072839418e+27,1.1485649243089798e+27,2.090925391264443e+26,1.2279865973197048e+26,7.191697196006812e+27
iter_0377,5.783988675102436e+27,1.1442761350610947e+27,2.2594058874012682e+26,1.0746352797250559e+26,7.261668926876163e+27
iter_0378,5.678605940278972e+27,1.1186076159380134e+27,2.273979683228297e+26,1.3789181687449321e+26,7.162503341414308e+27
iter_0379,5.762069827754404e+27,1.150721835198452e+27,2.336592837304108e+26,1.2662762923532317e+26,7.273078575918592e+27
iter_0380,5.693772524667046e+27,1.1638737509957051e+27,2.266466152025055e+26,1.1830110979319562e+26,7.202594000658453e+27
iter_0381,5.757751090268358e+27,1.1130246627577353e+27,1.877628377177968e+26,1.2126194608804938e+26,7.17980053683194e+27
iter_0382,5.827172897123527e+27,1.1321140150445692e+27,2.043937789384989e+26,1.0849357838762667e+26,7.272174269494221e+27
iter_0383,5.831226019790889e+27,1.1546834023311922e+27,2.0415080494067155e+26,1.2432278642581556e+26,7.314383013488569e+27
iter_0384,5.694256411457201e+27,1.1789384443802619e+27,1.9509752124337634e+26,1.127917111596322e+26,7.181084088240472e+27
iter_0385,5.740015894789923e+27,1.1522317902073057e+27,2.0823411006946528e+26,1.1250131927941373e+26,7.212983114346107e+27
iter_0386,5.789717579438346e+27,1.1451379918601216e+27,2.0715509353132082e+26,1.5207210936617934e+26,7.294082774195967e+27
iter_0387,5.690084801579731e+27,1.1306906030858832e+27,2.1574203996756946e+26,1.148036997498139e+26,7.151321144382997e+27
iter_0388,5.677198484662741e+27,1.1520489528653944e+27,2.0627465692863606e+26,1.2406302347860106e+26,7.159585117935374e+27
iter_0389,5.746425620894587e+27,1.121376892431104e+27,2.1683319437749266e+26,1.3434341888273819e+26,7.218979126585922e+27
iter_0390,5.75439234592586e+27,1.1437406913389208e+27,2.2186426911086983e+26,1.216354790568072e+26,7.241632785432459e+27
iter_0391,5.782956561633631e+27,1.1632778461602829e+27,2.1328267471988453e+26,1.2050430967756953e+26,7.280021392191368e+27
iter_0392,5.700996721097748e+27,1.1001899356332128e+27,2.2483845514811802e+26,1.135959261002769e+26,7.139621037979355e+27
iter_0393,5.712429219890641e+27,1.1326792424529318e+27,2.2632819688961162e+26,1.3081580298415368e+26,7.202252462217338e+27
iter_0394,5.817158547099513e+27,1.0884493530242645e+27,1.997390430861579e+26,1.2742279863166435e+26,7.232769741841601e+27
iter_0395,5.824386197019406e+27,1.1203041835451164e+27,2.2374936975849535e+26,1.0533060336790271e+26,7.27377035369092e+27
iter_0396,5.788236447041537e+27,1.1024352632467439e+27,2.3363728782594134e+26,1.0608851469650722e+26,7.230397512810729e+27
iter_0397,5.712714594176502e+27,1.1324534377039031e+27,2.0953012505716598e+26,1.3051865640674869e+26,7.18521681334432e+27
iter_0398,5.82622409711998e+27,1.1386378684716734e+27,2.136858160114109e+26,1.1556501283280394e+26,7.294112794435868e+27
iter_0399,5.720297113535519e+27,1.1402070709074306e+27,2.2708461159214867e+26,1.0244032807589254e+26,7.190029124110991e+27
iter_0400,5.614025612113804e+27,1.1186578195131823e+27,1.9927274730962458e+26,1.3229666841765072e+26,7.064252847354261e+27
iter_0401,5.76933631032401e+27,1.1166049499426269e+27,2.0671963205081334e+26,9.996161296000289e+25,7.192622505277453e+27
iter_0402,5.765036592956715e+27,1.1054243835660352e+27,2.2111841232201606e+26,1.1025033584480021e+26,7.201829724689566e+27
iter_0403,5.766541900284824e+27,1.1185268861040698e+27,2.074253495609558e+26,1.204990560147182e+26,7.212993191964567e+27
iter_0404,5.797293897736534e+27,1.1038520568386078e+27,2.137336746596957e+26,1.194543698770937e+26,7.234333999111932e+27
iter_0405,5.754948092518608e+27,1.0975953417197381e+27,2.240058573002487e+26,1.0768722171193063e+26,7.184236513250525e+27
iter_0406,5.735525204563914e+27,1.1735213243192554e+27,2.1205289087631253e+26,1.1986805772189738e+26,7.24096747748138e+27
iter_0407,5.719457523624441e+27,1.135230768051e+27,2.145057510360073e+26,1.1654071850513463e+26,7.185734761216583e+27
iter_0408,5.758885444512285e+27,1.1697252970549026e+27,2.096960128818731e+26,1.1300873736624531e+26,7.251315491815306e+27
iter_0409,5.665788081970719e+27,1.1216748213742611e+27,2.082375860312759e+26,1.2133311267668417e+26,7.11703360205294e+27
iter_0410,5.73743253250236e+27,1.0824775957741006e+27,2.1455351564537386e+26,1.0452459417184353e+26,7.138988238093678e+27
iter_0411,5.70066952167243e+27,1.1377858865924546e+27,2.1264161344744607e+26,1.1559181187971965e+26,7.166688833592051e+27
iter_0412,5.693246291004783e+27,1.1316591661192416e+27,2.1894934361884468e+26,1.1392514613689872e+26,7.157779946879767e+27
iter_0413,5.664536819259591e+27,1.1236646883703554e+27,2.1289700302240143e+26,1.270117573975481e+26,7.128110268049896e+27
iter_0414,5.862440445334123e+27,1.0965789596347752e+27,2.2561300798444848e+26,1.2257787285335226e+26,7.3072102858067e+27
iter_0415,5.722151494002231e+27,1.1149915204290788e+27,2.0610317376605444e+26,1.1698948842917189e+26,7.160235676626536e+27
iter_0416,5.696030968354542e+27,1.1731219825305956e+27,2.092609865629431e+26,1.1487633861828649e+26,7.193290276066368e+27
iter_0417,5.80961183248812e+27,1.1172887728260733e+27,1.9307950440911742e+26,1.0080130078201867e+26,7.22078141050533e+27
iter_0418,5.729762018294686e+27,1.1670166052099576e+27,2.03904692907392e+26,1.1192345638762815e+26,7.212606772799664e+27
iter_0419,5.743900795446258e+27,1.1031137041640462e+27,2.2268438987149773e+26,1.1982608792387545e+26,7.189524977405678e+27
iter_0420,5.739873913273581e+27,1.1296809819229322e+27,1.9890377299996155e+26,9.991796685789583e+25,7.168376635054371e+27
iter_0421,5.789656422468222e+27,1.1348463281248099e+27,2.2473408056453247e+26,1.252530572768145e+26,7.27448988843438e+27
iter_0422,5.793780854538363e+27,1.1437277570123695e+27,2.2173236212282607e+26,1.3351830567613949e+26,7.2927592793497e+27
iter_0423,5.75615272023081e+27,1.1457172403378054e+27,2.079719381684709e+26,1.1793987918402615e+26,7.227781777921113e+27
iter_0424,5.687648136103933e+27,1.1242506815548354e+27,2.145243145433997e+26,1.1548862544767094e+26,7.141911757649839e+27
iter_0425,5.74382111801878e+27,1.1084929620332376e+27,2.1021993785368686e+26,1.179465113318184e+26,7.180480529237524e+27
iter_0426,5.74607017229175e+27,1.1415689833181151e+27,2.0659794753432343e+26,1.257362482178956e+26,7.219973351362086e+27
iter_0427,5.86645660363202e+27,1.1446434371453174e+27,2.1170587416025826e+26,1.365973312101848e+26,7.359403246147781e+27
iter_0428,5.687543852874592e+27,1.1358872735537769e+27,2.1033976925035644e+26,1.5012748246871886e+26,7.183898378147444e+27
iter_0429,5.775372137463921e+27,1.126770981392144e+27,1.9862382743544268e+26,1.1935497023293128e+26,7.220121916524439e+27
iter_0430,5.83973356217391e+27,1.1174688628054679e+27,2.2245325585771146e+26,1.2745102918506667e+26,7.307106710022156e+27
iter_0431,5.75145655070116e+27,1.1408892673766011e+27,2.0499601762807918e+26,1.1940389994703342e+26,7.216745735652874e+27
iter_0432,5.715995466442467e+27,1.1676484184632018e+27,2.2438511869896315e+26,1.1079218090609445e+26,7.218821184510727e+27
iter_0433,5.718151803369604e+27,1.14860662094118e+27,2.0684969238749635e+26,1.1161190190716626e+26,7.185220018605446e+27
iter_0434,5.668070573411238e+27,1.1467551537671376e+27,2.0814245026976133e+26,1.165324238782085e+26,7.139500601326345e+27
iter_0435,5.754871396313725e+27,1.1386513877787252e+27,2.236764973790067e+26,1.2921433855994265e+26,7.246413620031398e+27
iter_0436,5.734253438950156e+27,1.1360276400618051e+27,2.206628974087739e+26,1.2111560631671454e+26,7.212059582737447e+27
iter_0437,5.682424342982374e+27,1.119103279381296e+27,2.1165584891246576e+26,1.1543347940778396e+26,7.12861695068392e+27
iter_0438,5.848114153413834e+27,1.1257510926210728e+27,2.2516694292768612e+26,1.1207607253095944e+26,7.311108261493552e+27
iter_0439,5.66587053196778e+27,1.1120612946257735e+27,2.0737604506266745e+26,1.2201521254291892e+26,7.10732308419914e+27
iter_0440,5.710205009748405e+27,1.1316360701395692e+27,2.1587606448899638e+26,1.3680565387047552e+26,7.194522798247446e+27
iter_0441,5.744432150048276e+27,1.1290304116630751e+27,2.0490540470490566e+26,1.0640475765197955e+26,7.184772724068237e+27
iter_0442,5.71150133122931e+27,1.101130663189602e+27,2.0725147642869174e+26,1.2180253215158027e+26,7.141686002999183e+27
iter_0443,5.78246480344638e+27,1.1081173863196472e+27,2.2195456539632376e+26,1.2851623220881366e+26,7.241052987371164e+27
iter_0444,5.777636995615781e+27,1.1541720218962687e+27,2.0221881776945036e+26,1.2073427725132834e+26,7.254762112532828e+27
iter_0445,5.781490989786253e+27,1.1532813930723498e+27,2.1685214722605975e+26,9.642032245752906e+25,7.248044852542193e+27
iter_0446,5.809351208793778e+27,1.148422237843734e+27,2.31596433646997e+26,1.2644455534038784e+26,7.315814435624897e+27
iter_0447,5.901182430285304e+27,1.1468885057763932e+27,2.322729462919711e+26,1.279132530187194e+26,7.408257135372387e+27
iter_0448,5.72154064840717e+27,1.1523092088780933e+27,2.2607147386446462e+26,1.429023775465249e+26,7.242823708696253e+27
iter_0449,5.700907336455206e+27,1.1734906804654649e+27,2.22951649348225e+26,1.1136924889407145e+26,7.208718915162967e+27
iter_0450,5.677620381098998e+27,1.1313243080498334e+27,2.0874420694150434e+26,1.1702591265384384e+26,7.134714808744179e+27
iter_0451,5.793395533286417e+27,1.139644838444579e+27,2.1250384278751494e+26,1.1994629420564812e+26,7.265490508724159e+27
iter_0452,5.754893322844449e+27,1.1295312008934579e+27,2.2630514504292376e+26,1.3643933345987057e+26,7.247169002240701e+27
iter_0453,5.711030160059552e+27,1.1393013137846392e+27,2.0425782597012533e+26,1.2822049633046726e+26,7.182809796144784e+27
iter_0454,5.756109816839922e+27,1.1153022589230879e+27,2.1623657016337363e+26,1.0558464785814614e+26,7.193233293784528e+27
iter_0455,5.759645323642298e+27,1.1391033675766961e+27,2.1523083387285708e+26,1.2281069130073383e+26,7.236790216392585e+27
iter_0456,5.886257997991656e+27,1.129958009609287e+27,2.0901467738414203e+26,1.2432292745092364e+26,7.349553612436007e+27
iter_0457,5.728224335516919e+27,1.1237214060499958e+27,2.10268736284659e+26,1.2876387998185946e+26,7.190978357833434e+27
iter_0458,5.695371034442408e+27,1.1653905904355443e+27,2.034365304707377e+26,1.1453099866993998e+26,7.178729154018631e+27
iter_0459,5.711651693795092e+27,1.1437687737688906e+27,2.240251720177432e+26,1.392937065586318e+26,7.21873934614036e+27
iter_0460,5.651966481513734e+27,1.1505155546603677e+27,2.2068702246581027e+26,1.1532986441867994e+26,7.138498923058593e+27
iter_0461,5.735884915428859e+27,1.1422164727507958e+27,2.1402947946327027e+26,1.290113635433024e+26,7.221142231186228e+27
iter_0462,5.644243423190348e+27,1.1644969575314155e+27,2.1649787457794376e+26,1.1657494510178851e+26,7.141813200401496e+27
iter_0463,5.821720134914641e+27,1.1280025477447318e+27,2.117072418628038e+26,1.3345957908315138e+26,7.294889503605328e+27
iter_0464,5.687051296766581e+27,1.1116545705065507e+27,2.131307545206667e+26,1.4099019670778177e+26,7.15282681850158e+27
iter_0465,5.725850548473781e+27,1.1290717210400558e+27,2.1135877267720128e+26,1.2730418208604986e+26,7.193585224277088e+27
iter_0466,5.741661194514819e+27,1.1438418508137667e+27,2.0839840708168632e+26,1.2206372590589054e+26,7.215965178316161e+27
iter_0467,5.701962802367674e+27,1.1376953926763326e+27,2.302759762454669e+26,1.0419631600409718e+26,7.174130487293571e+27
iter_0468,5.75568324597646e+27,1.1354884536309397e+27,2.0760070675349445e+26,1.0875076052541495e+26,7.207523166886308e+27
iter_0469,5.781895722217708e+27,1.1776295481229395e+27,2.0931056829185822e+26,1.2203126574619585e+26,7.290867104378702e+27
iter_0470,5.697046109019778e+27,1.1420686820926538e+27,2.0696455745995555e+26,1.2530969061813452e+26,7.171389039190522e+27
iter_0471,5.72946946324295e+27,1.1384341914561008e+27,2.2572714377098848e+26,1.3408134150483264e+26,7.227712139974872e+27
iter_0472,5.733322534135804e+27,1.1261287239942042e+27,2.153291799535926e+26,1.157244337986324e+26,7.190504871882232e+27
iter_0473,5.728685861965345e+27,1.1526534198631091e+27,2.3387898243635605e+26,1.1300010202254031e+26,7.228218366287351e+27
iter_0474,5.704460696833886e+27,1.165176181635416e+27,2.147505823085886e+26,1.2067018545748375e+26,7.205057646235376e+27
iter_0475,5.789067678599072e+27,1.1464641437508838e+27,2.053226773038296e+26,1.2774690826491864e+26,7.268601407918704e+27
iter_0476,5.783917071899216e+27,1.1528117304310196e+27,2.202539637106376e+26,1.2821038121378144e+26,7.285193147254655e+27
iter_0477,5.782250370330779e+27,1.1358748984635917e+27,2.2795237754918007e+26,1.1493029445395108e+26,7.261007940797502e+27
iter_0478,5.648717370051619e+27,1.1334609693334896e+27,2.136666224279236e+26,1.2288655226813721e+26,7.118731514081169e+27
iter_0479,5.83364026138783e+27,1.1511518105720475e+27,2.2424921521895037e+26,1.2946596036882178e+26,7.33850724754765e+27
iter_0480,5.858708719527124e+27,1.1464354925057806e+27,2.198670782156139e+26,1.1761431605189227e+26,7.342625606300411e+27
iter_0481,5.810311997823668e+27,1.1819825174105339e+27,2.1479791588393323e+26,1.1467567203355954e+26,7.321768103151695e+27
iter_0482,5.854067746761906e+27,1.1111687805976563e+27,2.396037136974773e+26,1.061552112942249e+26,7.310995452351266e+27
iter_0483,5.755730819235934e+27,1.1535722881747635e+27,2.2579365655152112e+26,1.259042844291463e+26,7.261001048391365e+27
iter_0484,5.757197077977411e+27,1.0950200229878604e+27,2.2174611941573424e+26,1.1699962175961327e+26,7.190962842140619e+27
iter_0485,5.696432736957651e+27,1.1168334430887843e+27,2.2614036322684157e+26,1.1935291496046471e+26,7.158759458233743e+27
iter_0486,5.795102515194663e+27,1.1269412249272726e+27,2.2293631691670778e+26,1.0469753226849124e+26,7.249677589307135e+27
iter_0487,5.792335517657845e+27,1.1273302890764934e+27,1.9322135305168563e+26,1.2649920458980523e+26,7.23938636437583e+27
iter_0488,5.733151365637516e+27,1.1327621426334293e+27,2.022681518086708e+26,1.2688509011781141e+26,7.195066750197428e+27
iter_0489,5.810910181790447e+27,1.1299821245990483e+27,2.218364491412973e+26,1.0453600365470658e+26,7.267264759185501e+27
iter_0490,5.601081620660325e+27,1.1434587819085976e+27,2.268959097142878e+26,1.3157572325170818e+26,7.103012035534918e+27
iter_0491,5.693239569757311e+27,1.153764760344107e+27,1.8982236497925397e+26,1.1066048568744397e+26,7.147487180768116e+27
iter_0492,5.762135582306417e+27,1.1605142802362328e+27,2.3666938201988864e+26,1.2061970020934127e+26,7.27993894477188e+27
iter_0493,5.634401691512949e+27,1.1399174664353112e+27,2.1417259049354774e+26,1.3046000565127035e+26,7.118951754093078e+27
iter_0494,5.819761547454044e+27,1.1195491241616617e+27,1.997468607689165e+26,1.078037460807316e+26,7.246861278465354e+27
iter_0495,5.793078105496141e+27,1.1476744507045198e+27,1.9683488778782362e+26,1.15942759770586e+26,7.25353020375907e+27
iter_0496,5.76725843889851e+27,1.1360383394359583e+27,2.1858442892888263e+26,1.1664276662060164e+26,7.238523973883954e+27
iter_0497,5.880510169761976e+27,1.1285146329913583e+27,2.265923135442376e+26,1.1582430287897856e+26,7.351441419176551e+27
iter_0498,5.725248486776249e+27,1.130760610809244e+27,2.219138552054291e+26,1.2507052356853318e+26,7.202993476359455e+27
iter_0499,5.739392023675e+27,1.1430724449981059e+27,2.2436984534123944e+26,1.3201789004127694e+26,7.238852204055622e+27
iter_0500,5.685559331243106e+27,1.1442862379047462e+27,2.2055178088882406e+26,1.1806350908216172e+26,7.168460859118837e+27
iter_0501,5.810632378360638e+27,1.1563452925909724e+27,2.174974770254805e+26,1.160024570567448e+26,7.300477605033836e+27
iter_0502,5.676046412802707e+27,1.1351726464251453e+27,2.0056702942045744e+26,1.2392436313595794e+26,7.135710451784267e+27
iter_0503,5.735808335234229e+27,1.1120230649690656e+27,2.082997514173521e+26,1.3690526127776768e+26,7.193036412898415e+27
iter_0504,5.798119334039786e+27,1.138381102685569e+27,2.2999734994543854e+26,1.1072572625065063e+26,7.277223512921444e+27
iter_0505,5.846998529887784e+27,1.1446141998617382e+27,2.2143281283232768e+26,1.3995425232276496e+26,7.352999794904616e+27
iter_0506,5.836243344938103e+27,1.1311598477040685e+27,2.183777589214805e+26,1.0554704747127351e+26,7.291327999034925e+27
iter_0507,5.77013479173457e+27,1.1383889070207889e+27,1.9833539925818714e+26,1.159640540132239e+26,7.222823152026769e+27
iter_0508,5.749105226201724e+27,1.1374418520111598e+27,2.145917851250141e+26,1.0499628874224328e+26,7.206135152080142e+27
iter_0509,5.719600972739299e+27,1.1502385077151617e+27,2.1336559766435866e+26,1.2188422704320535e+26,7.205089305162025e+27
iter_0510,5.811629780465491e+27,1.1036968998415566e+27,1.976359578650308e+26,1.2433781968316801e+26,7.237300457855246e+27
iter_0511,5.673326838537087e+27,1.1464933762373816e+27,2.426119079234001e+26,1.3077744361582246e+26,7.19320956631369e+27
iter_0512,5.751820422723168e+27,1.1193623495864194e+27,2.0109494835191545e+26,1.1767972434897598e+26,7.189957445010478e+27
iter_0513,5.830978748054329e+27,1.1270413731602427e+27,2.279972314032411e+26,1.0965546128975231e+26,7.295672813907564e+27
iter_0514,5.713186783372338e+27,1.1302609542679726e+27,2.074346819905966e+26,1.255601842134701e+26,7.176442603844378e+27
iter_0515,5.811134196528706e+27,1.1274670142947947e+27,2.0403974526074295e+26,1.3208227087962535e+26,7.274723226963869e+27
iter_0516,5.738525795803142e+27,1.1185699469839269e+27,2.123881612515341e+26,1.1145368644505307e+26,7.180937590483654e+27
iter_0517,5.710016808849845e+27,1.1588319634119914e+27,2.0494952831614577e+26,1.2018053394436633e+26,7.193978834522348e+27
iter_0518,5.743410942321312e+27,1.1286123021372924e+27,2.0684866320944116e+26,1.0901893688059354e+26,7.187890844548637e+27
iter_0519,5.824248517867514e+27,1.174102035239421e+27,2.1386941948407556e+26,1.142215968074209e+26,7.326441569398433e+27
iter_0520,5.789926060708888e+27,1.140510675627826e+27,2.103959285679773e+26,1.3867760555852969e+26,7.279510270463221e+27
iter_0521,5.726929782172164e+27,1.1313894610738698e+27,2.0394473408725334e+26,1.1138030060081425e+26,7.173644277934101e+27
iter_0522,5.735118264358814e+27,1.1256529614174531e+27,2.0395212719404957e+26,1.0233306545480494e+26,7.167056418425123e+27
iter_0523,5.721701243991522e+27,1.1532375292656784e+27,2.2038846739853696e+26,1.174564293540698e+26,7.212783670009808e+27
iter_0524,5.723805374095585e+27,1.1371804292051142e+27,2.04913813543342e+26,1.1643222903906026e+26,7.182331845883101e+27
iter_0525,5.666202289769267e+27,1.1170460229231042e+27,1.988432472303507e+26,1.2351867973057589e+26,7.105610239653299e+27
iter_0526,5.800838082239088e+27,1.145077401137752e+27,1.9300887311288337e+26,1.0690604937166526e+26,7.24583040586139e+27
iter_0527,5.791906731213397e+27,1.1303007501757009e+27,1.9476579789728767e+26,1.1499339949759216e+26,7.231966678783978e+27
iter_0528,5.675142535070776e+27,1.1013452803418475e+27,2.1512674421980057e+26,1.4459184224892036e+26,7.136206401881344e+27
iter_0529,5.702852781991231e+27,1.1470135448326262e+27,1.9964582830199285e+26,1.20815900605865e+26,7.170328055731716e+27
iter_0530,5.593074694398492e+27,1.1362984257784696e+27,2.0365614063813126e+26,1.163596429403887e+26,7.049388903755481e+27
iter_0531,5.766975622696487e+27,1.1882689951095644e+27,2.2383049463586116e+26,1.2638407466797346e+26,7.305459187109887e+27
iter_0532,5.779808461881245e+27,1.143195426314158e+27,2.2791334179669622e+26,1.0805315074138542e+26,7.258970380733485e+27
iter_0533,5.665007649447305e+27,1.1355765522113782e+27,2.1337720705874646e+26,1.0137527423527326e+26,7.115336682952702e+27
iter_0534,5.649723778847842e+27,1.1266647799583827e+27,2.097169384140299e+26,1.3031394119973275e+26,7.116419438419988e+27
iter_0535,5.766674106870763e+27,1.1056298909280431e+27,2.476591759324204e+26,1.353526890124394e+26,7.255315862743667e+27
iter_0536,5.749261276960049e+27,1.1377593961719692e+27,2.2096994803317293e+26,1.2944540471651117e+26,7.237436025881701e+27
iter_0537,5.702853557891807e+27,1.1447780806745847e+27,2.1623208769697255e+26,1.1494724116497775e+26,7.178810967428342e+27
iter_0538,5.818865184463531e+27,1.1215540435935837e+27,2.1769447154936597e+26,1.2628018709978834e+26,7.284393886706269e+27
iter_0539,5.717848490499697e+27,1.1265351904688112e+27,2.438389123420073e+26,1.2589429209671166e+26,7.214116885407227e+27
iter_0540,5.678548893192504e+27,1.1222040457992639e+27,2.0544462504594452e+26,1.1068242934088679e+26,7.116879993378601e+27
iter_0541,5.711632766416393e+27,1.1057601184774719e+27,1.9948012660477834e+26,1.1746404550250768e+26,7.134337057001151e+27
iter_0542,5.786569667371707e+27,1.1162622648513662e+27,2.00646163121884e+26,1.142219305555848e+26,7.217700025900541e+27
iter_0543,5.740158185174077e+27,1.1432739202079794e+27,2.02258003736565e+26,1.1594158615037096e+26,7.20163169526899e+27
iter_0544,5.765014416773454e+27,1.1185417501272036e+27,2.244241924122987e+26,1.1782973733220252e+26,7.225810096645159e+27
iter_0545,5.723316353045293e+27,1.146914754864897e+27,2.247594354858712e+26,1.2990017013161262e+26,7.224890713527674e+27
iter_0546,5.802398577065258e+27,1.1055893765969328e+27,2.0717228960930884e+26,1.2416202306043051e+26,7.23932226633193e+27
iter_0547,5.730012953507074e+27,1.1441138149836378e+27,2.1059386477864385e+26,1.262624294745858e+26,7.210983062743942e+27
iter_0548,5.714605478861309e+27,1.1683873374659466e+27,2.1076014347278953e+26,1.359450755231199e+26,7.229698035323166e+27
iter_0549,5.833689840504252e+27,1.1106580633524038e+27,2.0367141146141745e+26,1.252211949582867e+26,7.273240510276362e+27
iter_0550,5.74918730345512e+27,1.1096976381524458e+27,2.112422366921642e+26,9.81618159534176e+25,7.168288994253147e+27
iter_0551,5.800042185224138e+27,1.1500639638729565e+27,2.453163134483806e+26,1.2635903546117136e+26,7.321781498006646e+27
iter_0552,5.812341944093872e+27,1.1325825031484054e+27,2.056027502891242e+26,1.2132115325516105e+26,7.271848350786562e+27
iter_0553,5.654425856389406e+27,1.123555447056424e+27,2.2019081534726946e+26,1.2497119930863126e+26,7.123143318101731e+27
iter_0554,5.669479093261184e+27,1.1413790182807598e+27,2.1404634620285772e+26,1.3404619930065584e+26,7.158950657045459e+27
iter_0555,5.700076389643106e+27,1.1572177158032047e+27,2.1357327078985762e+26,1.1840007113040675e+26,7.189267447366575e+27
iter_0556,5.786542961249675e+27,1.1129932490443946e+27,2.1196096283403134e+26,1.2855888280104884e+26,7.240056055929151e+27
iter_0557,5.642103581709674e+27,1.1488217126866699e+27,2.053763395463695e+26,1.1339065063080473e+26,7.109692284573517e+27
iter_0558,5.745267416791787e+27,1.1470903331886796e+27,1.9796953270020115e+26,1.1788745097309536e+26,7.208214733653765e+27
iter_0559,5.699056730335351e+27,1.1645428605475959e+27,2.1041295511662694e+26,1.072167327415808e+26,7.181229278741156e+27
iter_0560,5.74877913744988e+27,1.1383546403003953e+27,2.1457380821525995e+26,1.1624620741632667e+26,7.217953793381861e+27
iter_0561,5.813243286321261e+27,1.1241495631113921e+27,2.2234765752835908e+26,1.1346575625927695e+26,7.27320626322029e+27
iter_0562,5.710787424625067e+27,1.1015667483836879e+27,2.141853214935025e+26,1.1541087661164865e+26,7.141950371113906e+27
iter_0563,5.752672030113262e+27,1.1148797194995631e+27,2.278815289086313e+26,1.2815629166082608e+26,7.223589570182283e+27
iter_0564,5.759984388592913e+27,1.14357538074422e+27,2.1684458066921864e+26,1.3121997901402565e+26,7.251624329020377e+27
iter_0565,5.726767484397273e+27,1.1183613902257135e+27,2.0917311584156484e+26,1.0794561139802425e+26,7.162247601862576e+27
iter_0566,5.741446196727936e+27,1.1508423504128854e+27,2.062860370105029e+26,1.1650608632765589e+26,7.21508067047898e+27
iter_0567,5.745744594086791e+27,1.1354500322894145e+27,2.0687621278273784e+26,1.0441865103541647e+26,7.19248949019436e+27
iter_0568,5.779872737601383e+27,1.1482625291889196e+27,2.302781250065378e+26,1.1629587534086255e+26,7.274709267137702e+27
iter_0569,5.747407792551033e+27,1.1356074015682185e+27,2.10897985642485e+26,1.2098447281501982e+26,7.214897652576757e+27
iter_0570,5.801938812930219e+27,1.1215850288299154e+27,2.213018808426256e+26,1.1470870228063532e+26,7.259534424883396e+27
iter_0571,5.705979341798765e+27,1.1794555192737533e+27,2.329593466894943e+26,1.0245819582510883e+26,7.22085240358712e+27
iter_0572,5.777977585636372e+27,1.1409555957778752e+27,2.0947669019995198e+26,1.0622483519805758e+26,7.234634706812257e+27
iter_0573,5.827083169660359e+27,1.1465206373028049e+27,1.956598767488793e+26,1.2317893873744363e+26,7.292442622449486e+27
iter_0574,5.810638190119665e+27,1.1066270096267235e+27,2.1970902174691866e+26,1.3350890314598864e+26,7.270483124639296e+27
iter_0575,5.802072395995297e+27,1.1249856751587129e+27,2.076520439097748e+26,1.1268081916554421e+26,7.247390934229329e+27
iter_0576,5.664627637449452e+27,1.1094453438083496e+27,2.0255908263657106e+26,1.3187790817986564e+26,7.108509972074239e+27
iter_0577,5.751841995479141e+27,1.1334056451387375e+27,2.161441213373294e+26,1.243314849359835e+26,7.22572324689119e+27
iter_0578,5.781558165837824e+27,1.0981228191234894e+27,2.155539947437029e+26,9.990167089634661e+25,7.195136650601363e+27
iter_0579,5.776469009419387e+27,1.1507022953817562e+27,2.2184470133353088e+26,1.1847915282168064e+26,7.267495158956355e+27
iter_0580,5.848147436434953e+27,1.1471534811773904e+27,2.3165448213266297e+26,1.2862691717774486e+26,7.355582316922751e+27
iter_0581,5.720595030518701e+27,1.1159184804305928e+27,2.1089529317584564e+26,1.2019561367359524e+26,7.167604417798735e+27
iter_0582,5.811407467388248e+27,1.1527091818370446e+27,2.032611922514516e+26,1.1672254299518945e+26,7.284100384471935e+27
iter_0583,5.731320642269167e+27,1.136429994033725e+27,1.931714302865013e+26,1.2277619104595514e+26,7.183698257635349e+27
iter_0584,5.824912268940272e+27,1.1318812390416302e+27,2.013135086503682e+26,1.1412778490217236e+26,7.272234801534443e+27
iter_0585,5.784090637528536e+27,1.137491991727454e+27,2.1235057782031884e+26,1.3546518232305571e+26,7.269398389399364e+27
iter_0586,5.71182373135308e+27,1.1663143585264826e+27,2.044860401985692e+26,1.1189595324933532e+26,7.194520083327468e+27
iter_0587,5.779312403909556e+27,1.1297104765495963e+27,2.2643726385338476e+26,1.0104504085784504e+26,7.236505185170382e+27
iter_0588,5.769138669722914e+27,1.1666194601947524e+27,2.1357899925382902e+26,1.2598319047272334e+26,7.27532031964422e+27
iter_0589,5.775440750529282e+27,1.132821973450454e+27,2.1287876600329313e+26,1.3245426587126384e+26,7.253595755854293e+27
iter_0590,5.828775235202001e+27,1.1316958087045927e+27,2.11652326634545e+26,1.1331319124408325e+26,7.285436561785222e+27
iter_0591,5.810573663496162e+27,1.1264445774309152e+27,2.113064113241051e+26,1.2808690550630062e+26,7.276411557757483e+27
iter_0592,5.771547493195982e+27,1.1243898503994701e+27,1.9647169609233965e+26,1.2208684011686398e+26,7.214495879804655e+27
iter_0593,5.807072772501349e+27,1.1591199949497268e+27,2.1019407181672914e+26,1.0804247759703618e+26,7.284429316864841e+27
iter_0594,5.791600348392036e+27,1.1476350450115963e+27,1.9507074728287312e+26,1.2047550964395048e+26,7.254781650330456e+27
iter_0595,5.715925176012281e+27,1.1380196577535627e+27,2.074530852243268e+26,1.1129972312683727e+26,7.172697642117008e+27
iter_0596,5.783352499674772e+27,1.1279221602162302e+27,2.1805321091405208e+26,1.3489330239517714e+26,7.264221173200232e+27
iter_0597,5.788672758668741e+27,1.1305235503941179e+27,2.3016019581915856e+26,1.3119087162553208e+26,7.280547376507549e+27
iter_0598,5.836803744862385e+27,1.162136203534953e+27,2.0361866918437577e+26,1.1130025000922726e+26,7.313858867590942e+27
iter_0599,5.752985903054376e+27,1.1148773162546837e+27,2.088317695430702e+26,1.1233533278956331e+26,7.189030321641693e+27
iter_0600,5.805559463126295e+27,1.1792876863239241e+27,2.014522678674133e+26,1.2164283819563638e+26,7.307942255513268e+27
iter_0601,5.789124407357391e+27,1.1409929790665557e+27,2.2248950085156473e+26,1.1102888815916641e+26,7.263635775434677e+27
iter_0602,5.617770063669307e+27,1.145125388294347e+27,2.0541695893664004e+26,1.2949183546771547e+26,7.097804246368009e+27
iter_0603,5.747307566309492e+27,1.1152943243292239e+27,2.0833163198435952e+26,1.364297411262578e+26,7.207363263749334e+27
iter_0604,5.70412482344042e+27,1.1092044604629954e+27,1.9976008719336065e+26,1.190883762640888e+26,7.132177747360866e+27
iter_0605,5.820282210561807e+27,1.1524677736002745e+27,1.9729506849178894e+26,1.1429826363985219e+26,7.284343316293722e+27
iter_0606,5.642059932634742e+27,1.1383780432819605e+27,2.3823765564053656e+26,1.2465080671342146e+26,7.14332643827066e+27
iter_0607,5.805197267914087e+27,1.1369325906092161e+27,2.204683290456732e+26,1.0792859953192494e+26,7.270526787100901e+27
iter_0608,5.672737585043627e+27,1.1101244220502514e+27,2.269681390085291e+26,1.1258776123526984e+26,7.122417907337677e+27
iter_0609,5.792405236038204e+27,1.1198643660290781e+27,2.2066112428204784e+26,1.2232357067119039e+26,7.25525429702052e+27
iter_0610,5.696599892221828e+27,1.094417606633717e+27,1.975717839084823e+26,1.4175230589361164e+26,7.130341588657638e+27
iter_0611,5.840136318504237e+27,1.1381431867341982e+27,1.9887739955315303e+26,1.2961386872044869e+26,7.306770773512037e+27
iter_0612,5.810891846064798e+27,1.1032961330939789e+27,2.361360097770143e+26,1.2878604001528969e+26,7.279110028951083e+27
iter_0613,5.799714703440024e+27,1.1194194319298512e+27,2.096815582831897e+26,1.0337134807728764e+26,7.232187041730352e+27
iter_0614,5.730069669136207e+27,1.1571749869687835e+27,2.241057072286406e+26,1.2500076651472758e+26,7.23635112984836e+27
iter_0615,5.780321961863728e+27,1.1174287479126825e+27,2.0511743411683825e+26,1.3158579510519493e+26,7.234453938998444e+27
iter_0616,5.705029775127059e+27,1.1195524147384739e+27,2.1565428260181295e+26,1.1433631113406375e+26,7.154572783601408e+27
iter_0617,5.716049697585975e+27,1.1605306356028002e+27,2.3309966827838402e+26,1.0132172469640769e+26,7.211001726163568e+27
iter_0618,5.694050774974384e+27,1.1654530911891602e+27,2.176848061104851e+26,1.2339918383337185e+26,7.200587856107402e+27
iter_0619,5.730118901560924e+27,1.1532614229646756e+27,1.9822097358849985e+26,1.1251079001849273e+26,7.194112088132592e+27
iter_0620,5.742678141605077e+27,1.1136751668723925e+27,2.0967903691887717e+26,1.2247075658798659e+26,7.188503101984334e+27
iter_0621,5.657176264923068e+27,1.1591641490524092e+27,2.2369692041458678e+26,1.4077985174550693e+26,7.18081718613557e+27
iter_0622,5.684295591714801e+27,1.1203802785868523e+27,2.186531966936268e+26,1.0522709265708827e+26,7.128556159652369e+27
iter_0623,5.762284885870116e+27,1.1360382656678427e+27,2.0333351316428338e+26,1.1938316099652804e+26,7.221039825698769e+27
iter_0624,5.702563427815707e+27,1.1012124127978448e+27,2.0640250526132428e+26,1.0955117195698114e+26,7.119729517831858e+27
iter_0625,5.718047809117447e+27,1.1293568480641933e+27,2.022523325660064e+26,1.1076904627880192e+26,7.160426036026448e+27
iter_0626,5.692452496436446e+27,1.1350879209530654e+27,2.118603561442007e+26,1.4162385012046052e+26,7.181024623654173e+27
iter_0627,5.700867881388483e+27,1.1720625161095848e+27,2.2011139123548932e+26,1.1043231125142138e+26,7.20347409998498e+27
iter_0628,5.808749714099174e+27,1.1409129537982545e+27,1.949508919944485e+26,1.3166891077060937e+26,7.276282470662487e+27
iter_0629,5.735838929792621e+27,1.0983157353279118e+27,2.2680856494412344e+26,1.2689330205613253e+26,7.18785653212079e+27
iter_0630,5.74757683287884e+27,1.1604426796241955e+27,2.1069230261048966e+26,1.3053993332538098e+26,7.249251748438907e+27
iter_0631,5.718876758610437e+27,1.1344710339484856e+27,2.1791236512983458e+26,1.239022652811214e+26,7.195162422969879e+27
iter_0632,5.693097071188464e+27,1.1460612716120698e+27,2.1237797533240817e+26,1.0224946313573865e+26,7.15378578126868e+27
iter_0633,5.672436429696792e+27,1.1822816247323632e+27,2.1232136934097824e+26,1.2391019025958647e+26,7.190949614029719e+27
iter_0634,5.833446025461302e+27,1.1814982492908146e+27,2.0801016913773304e+26,1.1787981450113867e+26,7.340834258390987e+27
iter_0635,5.792344796057975e+27,1.1099874401805697e+27,2.016120294429733e+26,1.1789064963468775e+26,7.221834915316207e+27
iter_0636,5.70684944840603e+27,1.1341997518778028e+27,2.1011360985297333e+26,1.1366020645532705e+26,7.164823016592133e+27
iter_0637,5.772685904824372e+27,1.1521484537716322e+27,2.2059616732580992e+26,1.3147112382898197e+26,7.276901649750795e+27
iter_0638,5.748965394123287e+27,1.1362703819762846e+27,1.8845113515122316e+26,1.4301897377804923e+26,7.216705885028843e+27
iter_0639,5.833352209709118e+27,1.1461502624652778e+27,2.1743917926848155e+26,1.2552051412962973e+26,7.322462165572508e+27
iter_0640,5.771942247459895e+27,1.1081252863185884e+27,2.177617463949586e+26,9.3702657072865e+25,7.191531937246307e+27
iter_0641,5.816426438031159e+27,1.1175568650811357e+27,2.2867714596806716e+26,1.2428880868680674e+26,7.286949257767168e+27
iter_0642,5.720968490837449e+27,1.143190643666174e+27,2.183944196576356e+26,1.4413044452565339e+26,7.226683998686912e+27
iter_0643,5.740788787311171e+27,1.1363449366984887e+27,2.2022919933447853e+26,1.3291242280763887e+26,7.230275346151777e+27
iter_0644,5.733018380770241e+27,1.117424111794505e+27,2.009313291120073e+26,1.2997402643702985e+26,7.181347848113784e+27
iter_0645,5.748452048734642e+27,1.1547516403111333e+27,1.928455112290275e+26,1.1932232819734259e+26,7.215371528472145e+27
iter_0646,5.773462189554509e+27,1.123863501458886e+27,2.0090887271875803e+26,1.294114939424778e+26,7.22764605767463e+27
iter_0647,5.704142518153994e+27,1.1426567916765298e+27,2.0218544869902745e+26,1.2634527866670304e+26,7.175330037196254e+27
iter_0648,5.775597583403971e+27,1.1260784463607139e+27,1.9648418548472095e+26,1.3479716186302942e+26,7.232957377112436e+27
iter_0649,5.739540861507414e+27,1.1365128770840539e+27,2.3626619578665575e+26,1.0122237069177023e+26,7.213542305069893e+27
iter_0650,5.733257641792788e+27,1.1232770334886353e+27,2.0200332933348763e+26,1.3318084545897228e+26,7.191718850073885e+27
iter_0651,5.832670267652601e+27,1.1214029352259999e+27,2.161655548193175e+26,1.0386463858302416e+26,7.274103396280942e+27
iter_0652,5.791935631063012e+27,1.1344224233737752e+27,2.198865806172999e+26,1.1181153954640715e+26,7.258056174600493e+27
iter_0653,5.775794343795145e+27,1.1112774218733338e+27,2.0099481517187153e+26,1.1103761962260653e+26,7.199104200462957e+27
iter_0654,5.821704311415625e+27,1.1159253917038392e+27,2.04304047564342e+26,1.1065249216814898e+26,7.252586242851954e+27
iter_0655,5.738988792148509e+27,1.1074282313785083e+27,1.8977073421969685e+26,1.1357677879454272e+26,7.149764536541256e+27
iter_0656,5.756429697951792e+27,1.1366581144404756e+27,2.086382324676568e+26,1.2722547922413767e+26,7.228951524084063e+27
iter_0657,5.797842628338247e+27,1.140257275761756e+27,2.0007696679588934e+26,1.4213822203019333e+26,7.280315092926085e+27
iter_0658,5.797579483136099e+27,1.1019222496257947e+27,2.0523888660772397e+26,1.0713142910160474e+26,7.211872048471222e+27
iter_0659,5.782081108405232e+27,1.1531703374897875e+27,2.1257708740074456e+26,1.1992446565854883e+26,7.267752998954313e+27
iter_0660,5.713002616369147e+27,1.1808062829105173e+27,2.2564486142612322e+26,1.3075810950541263e+26,7.2502118702112e+27
iter_0661,5.757922526661427e+27,1.141640918509257e+27,2.3354754842276306e+26,1.3542591655717878e+26,7.268536910150626e+27
iter_0662,5.794402551290975e+27,1.1119988578724275e+27,1.9892390733681145e+26,1.3747374376522686e+26,7.242799060265442e+27
iter_0663,5.730086402404254e+27,1.1131468693480795e+27,2.2106551458339634e+26,1.3898675351518502e+26,7.203285539850915e+27
iter_0664,5.662329149934728e+27,1.1191081496668381e+27,2.0791211630409383e+26,1.220983777204403e+26,7.1114477936261e+27
iter_0665,5.725401177986452e+27,1.149487063685601e+27,2.1064723935997775e+26,1.446192897149324e+26,7.230154770746964e+27
iter_0666,5.716761183921192e+27,1.1028229071918595e+27,2.2434934977284016e+26,1.2637180527398404e+26,7.170305246159876e+27
iter_0667,5.761713752285504e+27,1.1656166797390433e+27,2.28522928723579e+26,1.044255086518463e+26,7.260278869399972e+27
iter_0668,5.736809544912223e+27,1.119741364374808e+27,2.295797248495952e+26,1.2844562478726731e+26,7.214576258923893e+27
iter_0669,5.704644504562666e+27,1.1205659329301545e+27,2.072324315052226e+26,1.0322059922092463e+26,7.135663468218969e+27
iter_0670,5.722830374105294e+27,1.1377547434283435e+27,2.3341015125023924e+26,1.219470290706761e+26,7.215942297854553e+27
iter_0671,5.789980259224032e+27,1.1195665551438759e+27,1.979928875414892e+26,1.2986142582056812e+26,7.237401127729965e+27
iter_0672,5.794301133610232e+27,1.1463318329292049e+27,2.2629870065930794e+26,1.2237560120875744e+26,7.289307268407503e+27
iter_0673,5.667273540452338e+27,1.1302162727336953e+27,2.0438748343640688e+26,1.3398086328212565e+26,7.135858159904566e+27
iter_0674,5.802792875418111e+27,1.1180103950719642e+27,2.1289997050932822e+26,1.238120054863496e+26,7.257515246485753e+27
iter_0675,5.67396023064689e+27,1.1174993348075713e+27,2.145830593501674e+26,1.3133925478612357e+26,7.137381879590751e+27
iter_0676,5.584633843434202e+27,1.1307565029255607e+27,2.020513312583425e+26,1.3700422787879731e+26,7.054445905496902e+27
iter_0677,5.713172660868672e+27,1.1412905761104605e+27,2.0876743551942047e+26,1.2337395319270245e+26,7.186604625691254e+27
iter_0678,5.820188564885464e+27,1.1459442276021647e+27,2.2000255685787315e+26,1.2988726958088997e+26,7.316022618926392e+27
iter_0679,5.751226594259078e+27,1.1378027547254493e+27,2.002899180270141e+26,1.2209240580420478e+26,7.211411672815746e+27
iter_0680,5.761594606586403e+27,1.122988657140969e+27,2.1753983514105193e+26,1.145882112221229e+26,7.216711310090547e+27
iter_0681,5.686004622383513e+27,1.1437849537940596e+27,2.032276730577188e+26,1.1575091050096855e+26,7.14876815973626e+27
iter_0682,5.89244631375473e+27,1.1459226522181163e+27,1.9899655128389048e+26,1.2997606225583271e+26,7.367341579512569e+27
iter_0683,5.706950898280145e+27,1.1219142933428426e+27,2.06233272288518e+26,1.090533834316252e+26,7.14415184734313e+27
iter_0684,5.795815768460685e+27,1.1239885627183379e+27,2.1199322488395016e+26,1.0434415207274266e+26,7.236141708135716e+27
iter_0685,5.638864686992492e+27,1.1195310004120259e+27,2.2345552549685565e+26,1.1657710463600725e+26,7.098428317537381e+27
iter_0686,5.634829871207213e+27,1.1497781517412978e+27,2.1748861420684534e+26,1.208553465269611e+26,7.122951983682318e+27
iter_0687,5.693800333653694e+27,1.136149462813513e+27,2.140101519279422e+26,1.1581163737231967e+26,7.159771585767469e+27
iter_0688,5.897603929053433e+27,1.1350762342933316e+27,2.0656105475405527e+26,1.353333881477728e+26,7.374574606248592e+27
iter_0689,5.857726644500366e+27,1.1130620609093857e+27,2.2411520576636755e+26,1.304701536958015e+26,7.32537406487192e+27
iter_0690,5.745188190146356e+27,1.1804746496766657e+27,2.1349659252334207e+26,1.1304691951379532e+26,7.252206351860159e+27
iter_0691,5.823059529980785e+27,1.1541539996139197e+27,2.0579190650244543e+26,1.0122240785165799e+26,7.284227843948809e+27
iter_0692,5.788223622640735e+27,1.1455679847229758e+27,2.1997099093574477e+26,9.362229796320957e+25,7.247384896262666e+27
iter_0693,5.800602352179372e+27,1.1838691921127571e+27,2.102100586409041e+26,1.0509974030802138e+26,7.299781343241054e+27
iter_0694,5.701991304396328e+27,1.1457579747163008e+27,2.2171483593391192e+26,1.2080970359684733e+26,7.190273818643388e+27
iter_0695,5.661279183792791e+27,1.1526507892307741e+27,2.1550766100695014e+26,1.1748180082416725e+26,7.146919434854682e+27
iter_0696,5.801464183861796e+27,1.1380905156416078e+27,2.2249673440977254e+26,1.0778609786035556e+26,7.269837531773533e+27
iter_0697,5.791831415972298e+27,1.0897576624342059e+27,2.194662946555916e+26,1.18521467910782e+26,7.219576840972878e+27
iter_0698,5.764282771610975e+27,1.1301986130085418e+27,2.3784978236058003e+26,1.4439738224078849e+26,7.276728549220885e+27
iter_0699,5.667885249561463e+27,1.1371014902893358e+27,1.8801270951685685e+26,1.0484871583017047e+26,7.097848165197826e+27
iter_0700,5.822152870343883e+27,1.146356027406933e+27,2.1600199913782234e+26,1.0762025738406089e+26,7.292131154272699e+27
iter_0701,5.755762565007961e+27,1.1270301450353927e+27,2.1725529975542406e+26,1.2569842640554816e+26,7.225746436204327e+27
iter_0702,5.795887225306758e+27,1.128021917975409e+27,2.06573410880467e+26,1.3761170004215274e+26,7.268094254204787e+27
iter_0703,5.697136728458397e+27,1.1505902111227444e+27,2.1817420875420935e+26,1.3227660164114387e+26,7.198177749976495e+27
iter_0704,5.759799034143652e+27,1.1529579183036593e+27,2.0032845859859675e+26,1.598020924347861e+26,7.272887503480694e+27
iter_0705,5.717182584165189e+27,1.1446387370421404e+27,2.256912231089163e+26,1.3243516402442125e+26,7.219947708340666e+27
iter_0706,5.717004009133612e+27,1.1037654408661312e+27,2.2062431435206974e+26,1.1620396520736448e+26,7.157597729559178e+27
iter_0707,5.729119693251092e+27,1.140296345019538e+27,1.9549671676681535e+26,1.0645454429204073e+26,7.171367299329487e+27
iter_0708,5.748187987212468e+27,1.1526924145137592e+27,2.0408913584815057e+26,1.1564478782815496e+26,7.220614325402533e+27
iter_0709,5.842394491767154e+27,1.1395970305679173e+27,2.17857604250632e+26,1.3196321763211127e+26,7.331812344217814e+27
iter_0710,5.710512732167666e+27,1.1593659250065813e+27,2.2706202904924745e+26,1.2438138236026657e+26,7.221322068583761e+27
iter_0711,5.851804060285673e+27,1.1161733566375505e+27,2.048223848415581e+26,1.1375101425399018e+26,7.286550816018771e+27
iter_0712,5.769323383333105e+27,1.107109450050147e+27,2.229791044566067e+26,1.2111152490236334e+26,7.220523462742222e+27
iter_0713,5.799139953551287e+27,1.1190601042533927e+27,2.0919303717576605e+26,1.0551512572150744e+26,7.232908220701953e+27
iter_0714,5.755820274951911e+27,1.1688668268188242e+27,2.252696147557367e+26,1.122869201561594e+26,7.262243636682631e+27
iter_0715,5.695537946685409e+27,1.1377118473221289e+27,2.2706461894489903e+26,1.2920120281335174e+26,7.189515615765789e+27
iter_0716,5.770858891466083e+27,1.1595521570570755e+27,2.0971404297499162e+26,1.081462838665182e+26,7.248271375364667e+27
iter_0717,5.776302621193474e+27,1.1532203108010635e+27,1.9692801314019832e+26,1.2823981617237236e+26,7.254690761307108e+27
iter_0718,5.786750241553373e+27,1.125981882784179e+27,2.207590792170969e+26,1.0270130137854593e+26,7.236192504933194e+27
iter_0719,5.752106254153355e+27,1.1548955465796499e+27,2.173748591130624e+26,1.3047195614384565e+26,7.254848615989913e+27
iter_0720,5.760098513588554e+27,1.1722239468597756e+27,2.2683653811366174e+26,1.161064724253757e+26,7.275265470987367e+27
iter_0721,5.690575900310343e+27,1.117736337292947e+27,2.119297142913219e+26,1.2143474159395665e+26,7.141676693488569e+27
iter_0722,5.697409064570832e+27,1.167850040607695e+27,2.1116767245045116e+26,1.2294298117010919e+26,7.199369758799087e+27
iter_0723,5.761069701868726e+27,1.1223257315077829e+27,1.9548072338692516e+26,1.0022232646973315e+26,7.179098483233167e+27
iter_0724,5.838324432948154e+27,1.1349456967546589e+27,1.9485560724708466e+26,1.1893044025111083e+26,7.287056177201009e+27
iter_0725,5.765456897816908e+27,1.1668467498920012e+27,2.2694311046930307e+26,1.2848957232434048e+26,7.287736330502553e+27
iter_0726,5.67568956449517e+27,1.1386466280875037e+27,2.1843761872538066e+26,1.228693922075063e+26,7.155643203515561e+27
iter_0727,5.740129973449848e+27,1.0981366494211121e+27,2.0166137873651095e+26,1.3420422559651152e+26,7.174132227203983e+27
iter_0728,5.731395192850255e+27,1.1441195832088643e+27,2.147256655006503e+26,1.397657883652341e+26,7.230006229925004e+27
iter_0729,5.76213990239322e+27,1.1551727744950554e+27,2.255990691229327e+26,1.2267609287242309e+26,7.265587838883631e+27
iter_0730,5.764583603850199e+27,1.137081551068957e+27,2.0415954927968508e+26,1.4326649381753893e+26,7.24909119801638e+27
iter_0731,5.668360970608648e+27,1.1295720494030612e+27,2.088282815625148e+26,1.1990357050507638e+26,7.1266648720793e+27
iter_0732,5.702697330291478e+27,1.1341615549015135e+27,2.1943969517567775e+26,1.316381710179199e+26,7.187936751386591e+27
iter_0733,5.734643531403487e+27,1.1302208018311972e+27,2.074922134214947e+26,1.1666460915746213e+26,7.189021155813641e+27
iter_0734,5.817642657286411e+27,1.1472784146548091e+27,2.2136770503215344e+26,1.2590695918202657e+26,7.312195736155401e+27
iter_0735,5.889790820925025e+27,1.1094885459339251e+27,2.193143754675492e+26,1.3757903819681921e+26,7.356172780523319e+27
iter_0736,5.721458278093847e+27,1.1603557472088538e+27,2.2405762159462942e+26,1.2109211931762907e+26,7.226963766214961e+27
iter_0737,5.69510038716588e+27,1.1429974751675073e+27,2.1950568073571456e+26,1.211276736532404e+26,7.178731216722341e+27
iter_0738,5.725803289947376e+27,1.1280234280300485e+27,2.0819139962529128e+26,1.2144486111656202e+26,7.183462978719277e+27
iter_0739,5.717478827851547e+27,1.129713203984023e+27,2.1501884528231918e+26,1.176416827303295e+26,7.179852559848219e+27
iter_0740,5.743676672814747e+27,1.1462993953162997e+27,2.1418784858375608e+26,1.4436794554760434e+26,7.248531862262407e+27
iter_0741,5.779466562754317e+27,1.162506539235716e+27,2.039257070105581e+26,1.4852951563444106e+26,7.294428324635031e+27
iter_0742,5.787556405666512e+27,1.1254343711760661e+27,2.2067788318820606e+26,1.3583292009231358e+26,7.269501580123098e+27
iter_0743,5.80614788724303e+27,1.1138050279137584e+27,2.13017204397824e+26,1.154219457242571e+26,7.24839206527887e+27
iter_0744,5.706579676369059e+27,1.1324561458630703e+27,1.9987850134171687e+26,1.0153232854903867e+26,7.140446652122885e+27
iter_0745,5.606820749422518e+27,1.1300299240787362e+27,2.1555401031461188e+26,1.2652651240051135e+26,7.078931196216377e+27
iter_0746,5.813482535482222e+27,1.0981204587179143e+27,2.199109747301001e+26,1.2253904451019017e+26,7.254053013440426e+27
iter_0747,5.828827765673245e+27,1.1122782899537476e+27,2.2037696339657232e+26,1.300362864216581e+26,7.291519305445224e+27
iter_0748,5.821847518159145e+27,1.1466789871584846e+27,2.3484859920625167e+26,1.0671064712979532e+26,7.310085751653676e+27
iter_0749,5.766321800912654e+27,1.1271731951445585e+27,2.173145403483254e+26,1.2720151657274566e+26,7.238011052978283e+27
iter_0750,5.779034202306741e+27,1.1217244114488879e+27,2.3834946919296403e+26,1.1310162272476107e+26,7.252209705673355e+27
iter_0751,5.784271574118072e+27,1.1164727854711684e+27,2.1358400417422218e+26,1.3028948218769615e+26,7.24461784595116e+27
iter_0752,5.832273149594545e+27,1.1235901683985769e+27,2.0943405085787713e+26,1.188694801229439e+26,7.284166848973942e+27
iter_0753,5.718643710973402e+27,1.1198974779787294e+27,1.9492948873666004e+26,1.363353560460295e+26,7.16980603373482e+27
iter_0754,5.753457267948221e+27,1.1649023830624314e+27,2.0312633266192315e+26,1.209700718931272e+26,7.242456055565703e+27
iter_0755,5.628271667595211e+27,1.1434686613330714e+27,2.1714658829726797e+26,1.0129608310951034e+26,7.090183000335061e+27
iter_0756,5.732209028754708e+27,1.1644564444201135e+27,2.1159441811863036e+26,1.1541045378454647e+26,7.223670345077999e+27
iter_0757,5.816095988856244e+27,1.1351880699480316e+27,2.131122685583364e+26,1.2035343190233043e+26,7.284749759264943e+27
iter_0758,5.707488620649996e+27,1.0979136953269396e+27,2.101873340234377e+26,1.0237969793562526e+26,7.117969347935999e+27
iter_0759,5.68907940508582e+27,1.133001092430459e+27,2.1804699064772957e+26,1.2253467348276046e+26,7.162662161646769e+27
iter_0760,5.702634160343634e+27,1.1485048290675998e+27,2.1350612590132214e+26,1.2302371629434105e+26,7.187668831606897e+27
iter_0761,5.83724197165456e+27,1.1399791618341949e+27,2.1877302652868785e+26,1.2720027768031196e+26,7.323194437697754e+27
iter_0762,5.828076193576105e+27,1.1313969731636967e+27,2.0658165921649067e+26,1.092810396046913e+26,7.275335865560982e+27
iter_0763,5.785783147503154e+27,1.1558028270227508e+27,2.118987791943678e+26,1.283306022900069e+26,7.281815356010279e+27
iter_0764,5.597794955453892e+27,1.1561781284993828e+27,2.0338608729455124e+26,1.2323649510199019e+26,7.080595666349816e+27
iter_0765,5.698166484283281e+27,1.1637885213184332e+27,2.1277281573597918e+26,1.2212573298289135e+26,7.196853554320586e+27
iter_0766,5.714245359806028e+27,1.1260767575375444e+27,2.0187183562037893e+26,1.2454085535456814e+26,7.166734808318518e+27
iter_0767,5.792391389605423e+27,1.1234250965125326e+27,2.3419957541552227e+26,9.596498030203884e+25,7.245981041835518e+27
iter_0768,5.702676861215587e+27,1.1241299425838164e+27,1.9309449870082396e+26,1.2270887705405679e+26,7.142610179554284e+27
iter_0769,5.84300890621704e+27,1.1233023369788567e+27,2.2173971027456647e+26,1.1339107006842725e+26,7.301442023538891e+27
iter_0770,5.830417146551349e+27,1.1317621971817925e+27,2.184343086054544e+26,1.0489015980250198e+26,7.285503812141098e+27
iter_0771,5.81154599690071e+27,1.1648601267471385e+27,1.972852023943581e+26,1.0406223349855934e+26,7.277753559540766e+27
iter_0772,5.761168744656674e+27,1.1026654071437691e+27,2.0085536178036024e+26,1.4668113757348221e+26,7.211370651154285e+27
iter_0773,5.827232969493111e+27,1.1184239204458785e+27,2.153220006579593e+26,1.3002523817924218e+26,7.291004128776192e+27
iter_0774,5.77750350565327e+27,1.1359520610186887e+27,2.255952239261011e+26,1.155398616683789e+26,7.254590652266439e+27
iter_0775,5.74303462386961e+27,1.0958792671847194e+27,1.9272631069165475e+26,1.1797885949802093e+26,7.149619061244004e+27
iter_0776,5.750845894882311e+27,1.1404058915647369e+27,2.293714040210948e+26,1.3510591902961163e+26,7.255729109497754e+27
iter_0777,5.795592721481285e+27,1.1531571672267653e+27,2.1542572644034555e+26,1.351197039560799e+26,7.299295319104475e+27
iter_0778,5.808350327645014e+27,1.1444943590700134e+27,2.0243329578469827e+26,9.740073546583666e+25,7.252678717965564e+27
iter_0779,5.801754388702628e+27,1.1280736343025816e+27,2.262527897890674e+26,1.1950649850588252e+26,7.275587311300159e+27
iter_0780,5.693350641666516e+27,1.1469461695323571e+27,2.005156935082824e+26,1.2408037407029893e+26,7.164892878777456e+27
iter_0781,5.732233759993647e+27,1.1645951344974592e+27,2.124797598871251e+26,1.1131574945265228e+26,7.220624403830883e+27
iter_0782,5.71608660010483e+27,1.1308675670437422e+27,2.1049274466373787e+26,1.227750763869583e+26,7.180221988199269e+27
iter_0783,5.742959314817988e+27,1.1418357635288313e+27,2.0466646190242352e+26,1.2470869334071415e+26,7.214170233589956e+27
iter_0784,5.776528010331629e+27,1.1169892539514298e+27,2.0903134187048255e+26,1.1399883814349135e+26,7.216547444297034e+27
iter_0785,5.88937596107131e+27,1.1266463252912181e+27,2.1159209681473174e+26,1.3490548141120634e+26,7.362519864588467e+27
iter_0786,5.802244707320915e+27,1.1433244014689785e+27,2.0253658055922892e+26,1.2732015593264964e+26,7.275425845281772e+27
iter_0787,5.757824058571866e+27,1.1526500237606764e+27,2.238438410720665e+26,1.0941755033952959e+26,7.243735473744138e+27
iter_0788,5.747633982024069e+27,1.1407877459158112e+27,1.9940895314748984e+26,1.2019588304205425e+26,7.208026564129425e+27
iter_0789,5.780024262385502e+27,1.1223388851383215e+27,2.1856895528512507e+26,1.2345510262976436e+26,7.244387205438714e+27
iter_0790,5.684928840844277e+27,1.1387161519689221e+27,2.067563113318177e+26,9.86890778467177e+25,7.129090381991734e+27
iter_0791,5.771782587558139e+27,1.1312967864440301e+27,2.063330734769037e+26,1.1968401157621989e+26,7.229096459055292e+27
iter_0792,5.756669690587678e+27,1.1280430050558705e+27,2.027899070224383e+26,1.1848951421956316e+26,7.205992116885549e+27
iter_0793,5.750442922586661e+27,1.1205508161063419e+27,2.108928365970166e+26,1.0046852618327844e+26,7.182355101473298e+27
iter_0794,5.690509942099641e+27,1.1395300867891243e+27,2.2468801798106704e+26,1.2686736985852265e+26,7.181595416728353e+27
iter_0795,5.822614205107859e+27,1.1391725199451282e+27,2.1223050934257544e+26,9.900435453985079e+25,7.273021588935413e+27
iter_0796,5.732180674365752e+27,1.1231070768945328e+27,2.2231453433317403e+26,1.1465738986635713e+26,7.192259675459815e+27
iter_0797,5.727217645418697e+27,1.1618636811266226e+27,2.1244620772978487e+26,1.2117935298973894e+26,7.222706887264843e+27
iter_0798,5.8111102167672e+27,1.1317159508349015e+27,2.3120438974058118e+26,1.260327341527564e+26,7.30006329149544e+27
iter_0799,5.627669259390603e+27,1.125342109067481e+27,2.042110533847026e+26,1.1218344359572635e+26,7.069405865438513e+27
iter_0800,5.712502936051128e+27,1.1472893816252063e+27,2.1580562903793294e+26,1.263313577868345e+26,7.201929304501103e+27
iter_0801,5.794481113935598e+27,1.1170365917983767e+27,1.9607937798826623e+26,1.319445581140023e+26,7.239541641836244e+27
iter_0802,5.76368435958707e+27,1.1319405186906869e+27,2.1070844993228944e+26,1.2049191590227724e+26,7.226825244112322e+27
iter_0803,5.654003730991777e+27,1.1467118836904257e+27,2.0474939445561442e+26,1.2056612507034494e+26,7.126031134208162e+27
iter_0804,5.798986303865075e+27,1.120877742556464e+27,2.3066126157641378e+26,1.1673039661550954e+26,7.267255704613462e+27
iter_0805,5.655861100739556e+27,1.1295190032623427e+27,2.290342956752977e+26,1.0638177773857517e+26,7.120796177415771e+27
iter_0806,5.709463254651638e+27,1.1641139908722406e+27,2.1563693727860096e+26,1.2334007202293e+26,7.212554254825409e+27
iter_0807,5.737730322263676e+27,1.130278315765575e+27,2.0638176991548057e+26,1.3537793730575537e+26,7.209768345250487e+27
iter_0808,5.698284647937081e+27,1.1176979898419868e+27,2.098895797951478e+26,1.2805023606320843e+26,7.153922453637424e+27
iter_0809,5.756527677330943e+27,1.1230495990097307e+27,2.1434308831519568e+26,1.0441976336166279e+26,7.198340128017533e+27
iter_0810,5.77379554075577e+27,1.126245279337095e+27,2.1199657744120338e+26,1.3549797329019144e+26,7.247535370824261e+27
iter_0811,5.699679829844257e+27,1.1256013881987483e+27,2.2540101410073506e+26,1.2062923209553947e+26,7.171311464239281e+27
iter_0812,5.77804602295575e+27,1.1043880966746241e+27,2.1314067550606178e+26,1.222227099813185e+26,7.217797505117755e+27
iter_0813,5.761831337524385e+27,1.1471008677894313e+27,2.09377236072099e+26,1.1019039368205186e+26,7.228499835067966e+27
iter_0814,5.781134550932864e+27,1.106764700486592e+27,2.2024553647360916e+26,1.1532325433201273e+26,7.223468042225079e+27
iter_0815,5.770229770332701e+27,1.1250756602908365e+27,1.9111325753433682e+26,1.3953839049164813e+26,7.225957078649522e+27
iter_0816,5.852229675122532e+27,1.1166768643859554e+27,2.2714367937255248e+26,1.1870277834981664e+26,7.314752997230858e+27
iter_0817,5.820209229583667e+27,1.1499610029219284e+27,1.9261574050949626e+26,1.2622472855529167e+26,7.289010701570385e+27
iter_0818,5.730487760228174e+27,1.1443722571058622e+27,2.100861706472962e+26,1.212042852173937e+26,7.206150473198727e+27
iter_0819,5.696637008917054e+27,1.1443674078123764e+27,2.227040457220411e+26,1.3603272294743716e+26,7.199741185398908e+27
iter_0820,5.734104616499499e+27,1.1367436319566946e+27,2.1716238696298833e+26,9.898932525262472e+25,7.186999960671808e+27
iter_0821,5.852549361413862e+27,1.1273177447169687e+27,2.0351177534671918e+26,1.1786548252934975e+26,7.301244364006899e+27
iter_0822,5.760899014510877e+27,1.1230997077855694e+27,2.2155968167316106e+26,1.199448107500489e+26,7.225503214719655e+27
iter_0823,5.738587992644486e+27,1.1171759913873509e+27,2.0000334498380954e+26,8.943762259155252e+25,7.145204951607199e+27
iter_0824,5.819171335224329e+27,1.1688613102830241e+27,2.2061911397035266e+26,1.2116349068335524e+26,7.329815250161061e+27
iter_0825,5.760220285543941e+27,1.081075874960366e+27,2.2388234460289758e+26,1.0720677207347936e+26,7.172385277180682e+27
iter_0826,5.762026477642174e+27,1.1247906824300526e+27,2.1154782326162008e+26,1.1828205206875328e+26,7.2166470354026e+27
iter_0827,5.678174606378087e+27,1.1589368528233724e+27,2.1679954524212658e+26,1.1814777901392082e+26,7.172058783457507e+27
iter_0828,5.816480451773495e+27,1.1083234442304704e+27,2.2105048339116388e+26,1.2956179385693484e+26,7.275416173252063e+27
iter_0829,5.6696928848978e+27,1.1697215089283241e+27,2.2530752730072883e+26,1.268289117010382e+26,7.191550832827892e+27
iter_0830,5.671942381060172e+27,1.1695609331940647e+27,2.166367664003759e+26,1.1031458041661746e+26,7.16845466107123e+27
iter_0831,5.715027908401449e+27,1.1794416595561474e+27,2.1153735564291123e+26,1.1440955199993597e+26,7.220416475600442e+27
iter_0832,5.750238193198363e+27,1.1468151160211464e+27,2.3347520969385647e+26,1.1092027218945308e+26,7.241448791102819e+27
iter_0833,5.699881897197437e+27,1.1434247298146617e+27,2.2906712765662617e+26,1.392713644983772e+26,7.211645119167101e+27
iter_0834,5.668385125961132e+27,1.1577360207228089e+27,2.0947803186432675e+26,1.0813602641363173e+26,7.143735204961899e+27
iter_0835,5.76204281197497e+27,1.1414507388083336e+27,2.1732860602227696e+26,9.496177690667213e+25,7.215783933712252e+27
iter_0836,5.835426868949021e+27,1.1375844219972007e+27,2.2922732149470838e+26,1.3969695064833456e+26,7.341935563089264e+27
iter_0837,5.891726523942233e+27,1.1483401087700132e+27,2.1839029177414224e+26,1.2110106153299905e+26,7.379557986019388e+27
iter_0838,5.694951412204783e+27,1.1537796701701109e+27,2.2673675383031892e+26,1.2233351729555016e+26,7.197801353500763e+27
iter_0839,5.847284139041554e+27,1.1000215308786095e+27,2.122515691772548e+26,1.2131949753707856e+26,7.280876736634498e+27
iter_0840,5.715897779434331e+27,1.1159117942500309e+27,2.2160715843343078e+26,1.1771955403751615e+26,7.171136286155309e+27
iter_0841,5.773156717366382e+27,1.1215130680310661e+27,1.9864883520398047e+26,1.0317562327255737e+26,7.196494243873986e+27
iter_0842,5.793602757840199e+27,1.1457470930004933e+27,2.264127375620861e+26,1.1860692790363916e+26,7.284369516306417e+27
iter_0843,5.866724034331977e+27,1.1282254067072336e+27,2.2388004411526573e+26,1.2290894530726809e+26,7.341738430461746e+27
iter_0844,5.801288678444799e+27,1.1391278521385657e+27,1.9584569281669727e+26,1.1159620189862403e+26,7.247858425298685e+27
iter_0845,5.826231348666368e+27,1.1136393684308015e+27,2.033627834293805e+26,1.0486593867704053e+26,7.248099439203591e+27
iter_0846,5.862170557046656e+27,1.1644659067057048e+27,2.247236682509304e+26,1.1108623440395918e+26,7.362446366407251e+27
iter_0847,5.754555355857296e+27,1.094429811750121e+27,2.255367249950807e+26,1.117579000788423e+26,7.18627979268134e+27
iter_0848,5.706228545630665e+27,1.1338891205611135e+27,2.1092619341395876e+26,1.1829987769483287e+26,7.16934373730057e+27
iter_0849,5.784061747827965e+27,1.1462134260681665e+27,1.9771007834276072e+26,1.2049372390238595e+26,7.248478976141277e+27
iter_0850,5.80413908341383e+27,1.1212551273049692e+27,2.105441854110194e+26,1.1996678015625458e+26,7.255905176286073e+27
iter_0851,5.673588319479528e+27,1.1109485572511953e+27,2.1862434634113292e+26,1.231629675346272e+26,7.126324190606484e+27
iter_0852,5.622832858529783e+27,1.1221343119474053e+27,2.255030297873182e+26,1.3050227156218263e+26,7.100972471826691e+27
iter_0853,5.706075753044188e+27,1.1376785488341241e+27,2.0895428232495355e+26,1.0707071368100023e+26,7.159779297884266e+27
iter_0854,5.760171478414204e+27,1.1169695924886196e+27,2.0214770841920838e+26,1.171205713341252e+26,7.196409350656157e+27
iter_0855,5.788921114021105e+27,1.1535979972328565e+27,1.9779146361289336e+26,1.0463116235451728e+26,7.244941737221372e+27
iter_0856,5.651452061808682e+27,1.125598809521702e+27,2.1139030443089883e+26,1.3032944701798627e+26,7.11877062277927e+27
iter_0857,5.726470336307019e+27,1.1310009516884254e+27,2.0611404204677237e+26,1.1857074268399731e+26,7.182156072726215e+27
iter_0858,5.728695217219012e+27,1.1211002407612823e+27,2.06919179474631e+26,1.279474281568708e+26,7.184662065611797e+27
iter_0859,5.742470692348872e+27,1.1298951756675534e+27,2.1082375373804988e+26,1.2731149779106333e+26,7.210501119545538e+27
iter_0860,5.765523470004448e+27,1.1158320111081923e+27,2.143675392949129e+26,1.0254970902089894e+26,7.198272729428452e+27
iter_0861,5.826570914723339e+27,1.1437464888183163e+27,2.178634486127593e+26,1.1584024141207322e+26,7.304021093566488e+27
iter_0862,5.757689838614199e+27,1.1584979710444209e+27,2.2149924168920297e+26,1.045275601980004e+26,7.242214611545823e+27
iter_0863,5.697267052565734e+27,1.1160597116697552e+27,2.090742960648912e+26,1.1660734354949808e+26,7.139008403849879e+27
iter_0864,5.782847253336569e+27,1.170388316880658e+27,2.3014512143805325e+26,1.0235214978799844e+26,7.285732841443279e+27
iter_0865,5.827375947048185e+27,1.1183362464794557e+27,2.1606841968030714e+26,1.3207540170837718e+26,7.293856014916325e+27
iter_0866,5.715165767926572e+27,1.1107571108119647e+27,2.146157010425077e+26,1.2157544662009565e+26,7.162114026401141e+27
iter_0867,5.785493726379856e+27,1.1332727948622366e+27,2.288560124473649e+26,1.0870138476872977e+26,7.256323918458186e+27
iter_0868,5.748489130911018e+27,1.1652912861435734e+27,2.1635062217036297e+26,1.0885667203144212e+26,7.238987711256397e+27
iter_0869,5.750954989645271e+27,1.1166826109715336e+27,2.002500267172139e+26,1.1274239271066844e+26,7.180630020044687e+27
iter_0870,5.861565879756755e+27,1.152441420679269e+27,2.1372403021500415e+26,1.3737542214115019e+26,7.36510675279218e+27
iter_0871,5.802691455380729e+27,1.124776522931414e+27,1.9784046107377498e+26,1.1184993780757224e+26,7.23715837719349e+27
iter_0872,5.715205490129706e+27,1.1272746361272536e+27,2.1381898112430027e+26,1.1073546657418457e+26,7.167034573955445e+27
iter_0873,5.705476301287117e+27,1.1443491033554084e+27,2.03320493585599e+26,1.1793439136544388e+26,7.171080289593569e+27
iter_0874,5.657567402176654e+27,1.1195491795422138e+27,2.2720044040878322e+26,1.217014900391997e+26,7.126018512166852e+27
iter_0875,5.798836525459028e+27,1.1617252663742677e+27,2.286785801894103e+26,1.143313193482097e+26,7.303571691370916e+27
iter_0876,5.766464729794786e+27,1.1575891885694267e+27,2.3628475201534836e+26,9.485943370876194e+25,7.255198104088323e+27
iter_0877,5.789620937562277e+27,1.1396586211449337e+27,2.2090474780168677e+26,1.090218900707104e+26,7.259206196579609e+27
iter_0878,5.736310743489233e+27,1.1835432584004046e+27,2.0494654716785442e+26,1.0554975033263762e+26,7.230350299390129e+27
iter_0879,5.736625478521277e+27,1.1625429761217638e+27,2.3032486797815614e+26,1.4722877256970562e+26,7.276722095190903e+27
iter_0880,5.706392123797814e+27,1.1117630706927961e+27,2.133924266118376e+26,1.082614968508348e+26,7.139809117953282e+27
iter_0881,5.71142507067828e+27,1.1103736637211542e+27,2.146811658632558e+26,1.1092029976220208e+26,7.147400200024891e+27
iter_0882,5.794214696141398e+27,1.117609346820375e+27,2.0345934101474887e+26,1.227540863000213e+26,7.238037470276545e+27
iter_0883,5.748341742756653e+27,1.1042196128889573e+27,2.1784894401028916e+26,1.140497580309002e+26,7.184460057686799e+27
iter_0884,5.732098292906151e+27,1.1353845422389187e+27,2.2487191561849953e+26,1.2351561613220505e+26,7.215870366895776e+27
iter_0885,5.707220486538043e+27,1.152268308062999e+27,2.2707327279631736e+26,1.1520723423091812e+26,7.201769301628278e+27
iter_0886,5.855946065442739e+27,1.1403559052714852e+27,2.1424576580458987e+26,1.0887099955645161e+26,7.319418736075267e+27
iter_0887,5.741165025288366e+27,1.1239408423120814e+27,2.3522599954543866e+26,1.172456115177491e+26,7.217577478663634e+27
iter_0888,5.696017013569871e+27,1.1491277844101999e+27,2.1236559939056833e+26,1.2439057973596705e+26,7.181900977106605e+27
iter_0889,5.776446641728835e+27,1.1542097368489745e+27,2.1439237649970945e+26,1.2585264819334585e+26,7.270901403270866e+27
iter_0890,5.823748908078401e+27,1.125669372430119e+27,2.0821089851957097e+26,1.1345325753775223e+26,7.271082436565843e+27
iter_0891,5.673641840677436e+27,1.0981493181254872e+27,2.1610265017301765e+26,1.1128959291796901e+26,7.09918340189391e+27
iter_0892,5.677597422240599e+27,1.128699572069624e+27,1.9449811993233576e+26,1.3498688859612616e+26,7.135782002838685e+27
iter_0893,5.801762415511681e+27,1.1236770885821845e+27,2.1089277480385293e+26,1.0519084905768175e+26,7.2415231279554e+27
iter_0894,5.866274611701178e+27,1.1078455019421659e+27,2.3781748111807436e+26,1.1222322257792508e+26,7.324160817339343e+27
iter_0895,5.718196427059885e+27,1.1497808276312813e+27,2.2031332062191056e+26,1.0939092683623057e+26,7.197681502149308e+27
iter_0896,5.749867702736455e+27,1.135030937157847e+27,2.1291654116069427e+26,1.2469275713134657e+26,7.222507938186342e+27
iter_0897,5.810087655242173e+27,1.120558867421761e+27,2.083926200186434e+26,1.3280158481498048e+26,7.271840727497558e+27
iter_0898,5.701541820802159e+27,1.1172626344945801e+27,1.9738599233100333e+26,1.1785385766548542e+26,7.134044305293226e+27
iter_0899,5.915457764621113e+27,1.1516832351656332e+27,2.034521683081043e+26,1.199705052901384e+26,7.39056367338499e+27
iter_0900,5.740464712253191e+27,1.1187599768696256e+27,2.2342203107269762e+26,1.1917324656765169e+26,7.201819966763166e+27
iter_0901,5.732490896786034e+27,1.1176028082178761e+27,2.0934754958438983e+26,1.1549636857375061e+26,7.174937623162051e+27
iter_0902,5.699771928866729e+27,1.1441018284125051e+27,2.014169432449203e+26,1.0436790111793104e+26,7.149658601642086e+27
iter_0903,5.753732359252319e+27,1.1081908761591242e+27,2.2781303705827624e+26,1.2764862540112456e+26,7.217384897870845e+27
iter_0904,5.739182859736402e+27,1.1322443210837126e+27,2.0201512462937215e+26,1.2635787061836584e+26,7.199800176067851e+27
iter_0905,5.779661134130448e+27,1.1545367933695455e+27,2.376485901493114e+26,1.2714865231255818e+26,7.298995169961863e+27
iter_0906,5.676846220379893e+27,1.1362208388481189e+27,2.1322249394025208e+26,1.1254402779892237e+26,7.138833580967188e+27
iter_0907,5.744581621949822e+27,1.1475466262136861e+27,2.064896072707472e+26,1.3057116108067278e+26,7.229189016514929e+27
iter_0908,5.841577237891971e+27,1.1393754772604959e+27,2.0894627134319746e+26,1.1299255235313287e+26,7.302891538848796e+27
iter_0909,5.78205160226316e+27,1.1233411381715463e+27,2.0907283029042078e+26,1.517856106534317e+26,7.266251181378559e+27
iter_0910,5.812451132434447e+27,1.1048698139729804e+27,2.272463164748224e+26,1.1733071779296367e+26,7.261897980675212e+27
iter_0911,5.825705953699974e+27,1.0906732733197915e+27,2.145462904969232e+26,9.730111919374333e+25,7.228226636710432e+27
iter_0912,5.813037984051515e+27,1.1669373298425759e+27,2.0590500660227808e+26,1.1643156101380739e+26,7.302311881510176e+27
iter_0913,5.800001763088958e+27,1.1432422300530081e+27,2.1185363747282868e+26,1.1648233782584625e+26,7.271579968440641e+27
iter_0914,5.689130928309848e+27,1.0941774597039154e+27,2.200272597138005e+26,1.375409073158819e+26,7.140876555043446e+27
iter_0915,5.772880456286912e+27,1.1268101732174684e+27,2.0706871945326958e+26,1.2230600825431383e+26,7.229065357211964e+27
iter_0916,5.725676189733185e+27,1.15960165674814e+27,2.033821940153464e+26,1.3504633692613955e+26,7.223706377422811e+27
iter_0917,5.721650535071267e+27,1.1392801935778103e+27,2.076917694215874e+26,1.2825574502797324e+26,7.196878243098637e+27
iter_0918,5.759516917028813e+27,1.1333634869430585e+27,2.2288849102860084e+26,1.0341985295993612e+26,7.219188747960409e+27
iter_0919,5.733408160032099e+27,1.1353760056330921e+27,2.2645278678126164e+26,1.2580858336696944e+26,7.221045535813423e+27
iter_0920,5.736208960451807e+27,1.1636571174760219e+27,2.1236989312860232e+26,1.1386036887893741e+26,7.226096339935369e+27
iter_0921,5.692530936197145e+27,1.1447796421290128e+27,2.2472692093385314e+26,9.56233755518308e+25,7.157660874811841e+27
iter_0922,5.832821992478132e+27,1.1310033472132201e+27,1.9829934704706792e+26,1.1654565210492525e+26,7.278670338843345e+27
iter_0923,5.770908500601575e+27,1.1610040232462275e+27,2.1249312490050567e+26,1.3054111572370483e+26,7.274946764472014e+27
iter_0924,5.739844899707835e+27,1.1569724629957292e+27,2.2456905496466427e+26,1.0209521046911655e+26,7.223481628137346e+27
iter_0925,5.762046836219358e+27,1.1540121739598903e+27,2.26698907510372e+26,1.0837456169722552e+26,7.251132479386846e+27
iter_0926,5.693783177163576e+27,1.13282626095719e+27,2.1563834351283067e+26,9.520262471119588e+25,7.137450406344793e+27
iter_0927,5.668533708433048e+27,1.136090146641919e+27,2.1044939366932507e+26,1.2256952305930497e+26,7.137642771803598e+27
iter_0928,5.680620456611894e+27,1.1412242863570788e+27,2.2387854331186747e+26,1.2427267865150398e+26,7.169995964932344e+27
iter_0929,5.807294551297982e+27,1.1372753423867296e+27,2.2286069854359388e+26,1.313066722339754e+26,7.298737264462281e+27
iter_0930,5.696838398862626e+27,1.1391525011533612e+27,2.2112920659351455e+26,1.0496729208147594e+26,7.162087398690978e+27
iter_0931,5.716607316764405e+27,1.1090990017522538e+27,2.0929763988949866e+26,1.1963790264893315e+26,7.15464186105509e+27
iter_0932,5.733259814608261e+27,1.1483198102404974e+27,2.0718798075730367e+26,1.3964994819082045e+26,7.228417553796881e+27
iter_0933,5.87017564666689e+27,1.1332707182432245e+27,2.2075039356549145e+26,1.1974319460641987e+26,7.343939953082026e+27
iter_0934,5.864553168394549e+27,1.1322046913123381e+27,2.1909927150003193e+26,1.027952204160761e+26,7.318652351622995e+27
iter_0935,5.873211910073124e+27,1.0837628815988515e+27,2.0837400045613577e+26,1.2865988280116745e+26,7.294008674929279e+27
iter_0936,5.751847016520686e+27,1.1140643958134998e+27,2.0109036458995352e+26,1.1734869922355558e+26,7.184350476147695e+27
iter_0937,5.723438091347536e+27,1.1646913928170198e+27,2.1078411625090374e+26,1.3184399525007076e+26,7.230757595665531e+27
iter_0938,5.755523847265315e+27,1.15703641702583e+27,2.1395310487234254e+26,1.1334994532896822e+26,7.239863314492455e+27
iter_0939,5.741717754021217e+27,1.1377139234501401e+27,2.1494770261312885e+26,1.4159232591746375e+26,7.23597170600195e+27
iter_0940,5.725224916849545e+27,1.1140329790866849e+27,2.2273795196308466e+26,1.124879988753482e+26,7.174483846774664e+27
iter_0941,5.713531813445595e+27,1.1300001342953451e+27,1.9506350247518674e+26,1.1421404547324388e+26,7.152809495689371e+27
iter_0942,5.783593617740299e+27,1.1105726829542691e+27,2.199795379937623e+26,1.167895994806464e+26,7.230935438168977e+27
iter_0943,5.738192779776026e+27,1.1217192011504507e+27,2.1950079289756777e+26,1.221890124295919e+26,7.201601786253637e+27
iter_0944,5.768943856417866e+27,1.102236192230465e+27,2.1192176614984567e+26,1.3609952749898202e+26,7.219201342297159e+27
iter_0945,5.649092050599852e+27,1.117577899599061e+27,2.310633172874643e+26,1.2185497090904231e+26,7.11958823839542e+27
iter_0946,5.83948297183098e+27,1.1195683243089032e+27,2.240700285726735e+26,1.1726919228239036e+26,7.300390516994947e+27
iter_0947,5.78568774056005e+27,1.1272781492197545e+27,2.349527249612023e+26,1.2241884035234226e+26,7.270337455093347e+27
iter_0948,5.671000335094194e+27,1.1185382819009205e+27,2.091484183454807e+26,1.2559742032699526e+26,7.124284455667591e+27
iter_0949,5.706468889173934e+27,1.1550036352062094e+27,2.38849862535138e+26,1.1826737717674245e+26,7.218589764092024e+27
iter_0950,5.830945964222581e+27,1.1406774230738596e+27,2.1676171068062348e+26,1.4219164351203534e+26,7.3305767414891e+27
iter_0951,5.719869618651204e+27,1.1496729651645131e+27,2.24252292556586e+26,1.20760665546177e+26,7.21455554191848e+27
iter_0952,5.737155101434605e+27,1.1256127438085746e+27,1.990150004834331e+26,1.2583884235651644e+26,7.18762168808313e+27
iter_0953,5.748909843150222e+27,1.1674950457780983e+27,2.102581712687747e+26,1.2575319133250817e+26,7.252416251529603e+27
iter_0954,5.716307831743394e+27,1.1273774490014226e+27,2.120240604799756e+26,1.3004645177797341e+26,7.185755793002766e+27
iter_0955,5.845005753954687e+27,1.1438094295961981e+27,1.937985945926103e+26,1.0913351410000668e+26,7.291747292243503e+27
iter_0956,5.689767427609258e+27,1.161518081533399e+27,2.161423072662969e+26,1.2029200815246126e+26,7.187719824561415e+27
iter_0957,5.85284694007341e+27,1.1371639142463812e+27,2.0858600594869758e+26,1.1993544280248155e+26,7.31853230307097e+27
iter_0958,5.839705368262087e+27,1.1477022735411762e+27,2.3138858354013686e+26,1.3441521293668663e+26,7.353211438280087e+27
iter_0959,5.782089895029402e+27,1.1267288267753783e+27,2.1642023237917e+26,1.1780911453843134e+26,7.243048068722381e+27
iter_0960,5.794249828464681e+27,1.147264678282362e+27,2.183109739590452e+26,1.1935260846748423e+26,7.279178089173573e+27
iter_0961,5.767386449363946e+27,1.142581250845764e+27,2.0778358392523235e+26,1.2684781928082458e+26,7.244599103415767e+27
iter_0962,5.695184411537463e+27,1.1659854273497178e+27,2.310576221435283e+26,1.0883062134903685e+26,7.201058082379746e+27
iter_0963,5.649187377603334e+27,1.1121474207334665e+27,2.225769985602135e+26,1.17222306884334e+26,7.101134103781349e+27
iter_0964,5.824199506697343e+27,1.0909872535001196e+27,2.0144527047877848e+26,1.3077882113272469e+26,7.247410851808965e+27
iter_0965,5.765518433753653e+27,1.1265213854638951e+27,1.9862400667423414e+26,1.372310330282013e+26,7.227894858919984e+27
iter_0966,5.833491600342525e+27,1.1365315033250086e+27,2.3010748204192333e+26,1.0384891453450376e+26,7.30397950024396e+27
iter_0967,5.709202495939508e+27,1.1177627236726354e+27,1.9798230708329404e+26,1.2362171478545619e+26,7.148569241480895e+27
iter_0968,5.672517334806023e+27,1.1435086742163722e+27,1.8753639445504066e+26,1.1853154222539416e+26,7.12209394570283e+27
iter_0969,5.737536136861601e+27,1.1305317032782422e+27,2.2185574475030104e+26,1.2773887246467703e+26,7.217662457354822e+27
iter_0970,5.703011810065329e+27,1.1580953253273772e+27,2.0702325653523207e+26,1.308337740210855e+26,7.198964165949023e+27
iter_0971,5.751927028349574e+27,1.135660313549538e+27,1.941423098962167e+26,1.1673191307240815e+26,7.198461564867737e+27
iter_0972,5.747777485381489e+27,1.156126935381815e+27,2.3128689155117885e+26,1.1524759991115549e+26,7.250438912225638e+27
iter_0973,5.734998733063492e+27,1.1434144318763627e+27,1.9382805417803286e+26,1.3388137514831645e+26,7.206122594266205e+27
iter_0974,5.782272377959447e+27,1.1886784564841311e+27,1.9271518428476534e+26,9.80732005400916e+25,7.261739219268435e+27
iter_0975,5.659304893375298e+27,1.1514610059732205e+27,2.253417913221149e+26,9.980424084998545e+25,7.135911931520619e+27
iter_0976,5.757846742385017e+27,1.1458158702849131e+27,2.223560104359532e+26,1.1392237375630475e+26,7.239940996862188e+27
iter_0977,5.728292473749479e+27,1.1086657796403074e+27,2.140789976255786e+26,1.0758740101354472e+26,7.15862465202891e+27
iter_0978,5.660047393374169e+27,1.1423411135604952e+27,2.2508950556916514e+26,1.0101676211554734e+26,7.128494774619376e+27
iter_0979,5.777071257134265e+27,1.1267070038346358e+27,2.352428575694352e+26,9.435205480942673e+25,7.233373173347762e+27
iter_0980,5.767110045147608e+27,1.1418500965946071e+27,2.187053761900209e+26,1.2316139177439842e+26,7.250826909706634e+27
iter_0981,5.681483931184853e+27,1.150753157290154e+27,2.13183408587057e+26,1.1353941925742236e+26,7.158959916319488e+27
iter_0982,5.7653561103356e+27,1.1096475603631852e+27,2.214929967367354e+26,1.259842912096337e+26,7.222480958645153e+27
iter_0983,5.784627533574809e+27,1.1169400778519207e+27,2.0304277548470965e+26,1.2823231417838206e+26,7.232842701089819e+27
iter_0984,5.759249299928701e+27,1.1226575908189648e+27,2.0653508360989424e+26,1.2011330873225705e+26,7.208555283089817e+27
iter_0985,5.743141960669598e+27,1.1573180290818677e+27,1.9979430850645178e+26,1.0497896099843118e+26,7.205233259256349e+27
iter_0986,5.753618078791767e+27,1.1386720319191813e+27,2.208468232118877e+26,1.0053172893196398e+26,7.2136686628548e+27
iter_0987,5.627912775281963e+27,1.137952405735652e+27,2.1667734542482098e+26,9.400971382803274e+25,7.076552240270469e+27
iter_0988,5.855513055880205e+27,1.1293446007679655e+27,2.404646905224189e+26,1.2673262962659996e+26,7.35205497679719e+27
iter_0989,5.824686921157224e+27,1.1114285704365287e+27,1.956806298853521e+26,1.516638578864121e+26,7.283459979365517e+27
iter_0990,5.845673000283859e+27,1.105848085762912e+27,2.1246620443238012e+26,1.0578158346213287e+26,7.269768873941284e+27
iter_0991,5.80955538523856e+27,1.1217266188995955e+27,1.983008909307848e+26,1.2388332953223186e+26,7.253466224601171e+27
iter_0992,5.703221722318937e+27,1.1399951755286152e+27,2.340255346639773e+26,1.0900079549861937e+26,7.186243228010149e+27
iter_0993,5.686179795044551e+27,1.0967066205380681e+27,2.1494648144035708e+26,1.604207777203886e+26,7.158253674743365e+27
iter_0994,5.781162093468717e+27,1.1841884419796005e+27,1.974894438519383e+26,1.1174589512158451e+26,7.274585874421839e+27
iter_0995,5.762359673933262e+27,1.1433877850375218e+27,2.205389987501827e+26,1.1325346339995402e+26,7.23953992112092e+27
iter_0996,5.810485302858405e+27,1.146130731035299e+27,2.1395758057539306e+26,1.2447986848795549e+26,7.295053482957053e+27
iter_0997,5.707998341494749e+27,1.1633621578115336e+27,2.0592057485346634e+26,1.2927100140981775e+26,7.206552075569567e+27
iter_0998,5.764650622011204e+27,1.1335440820375638e+27,2.232675524261913e+26,9.848326961951193e+25,7.219945526094472e+27
iter_0999,5.734919165188463e+27,1.1017464336171282e+27,2.415950540434231e+26,1.2021273029459714e+26,7.198473383143613e+27
iter_1000,5.709756654429814e+27,1.1380696929011744e+27,2.076780185635812e+26,1.1624425358240027e+26,7.171748619476969e+27
