iter,Upper Crust,Middle Crust,Lower Crust,Mantle,Total
iter_0001,4.32236928932795e+29,6.905573673957708e+28,6.280408500156195e+27,6.179325455031441e+26,5.0819100671803135e+29
iter_0002,5.0859268842240376e+29,5.716173911010756e+28,5.029459299973309e+27,1.3303869923401295e+27,5.7211427382482474e+29
iter_0003,4.001475611107614e+29,6.995040772574253e+28,8.181271828699797e+27,2.1761005206440205e+27,4.804553411858478e+29
iter_0004,3.939054740924374e+29,3.292485072146514e+28,4.4116034399453264e+27,3.0290094702003415e+27,4.342709377240482e+29
iter_0005,3.584460919935416e+29,3.186402757931815e+28,4.6899757166472247e+27,6.894978315167552e+26,3.956895931210237e+29
iter_0006,4.388636803654122e+29,6.164975840031852e+28,1.330317224921877e+27,4.0360787135379605e+26,5.0224736386200646e+29
iter_0007,4.39236981633977e+29,6.6711587908553325e+28,8.595668311122554e+27,1.459831874824737e+27,5.160040697284776e+29
iter_0008,3.876863612608393e+29,6.639669633104535e+28,7.409406985526162e+27,6.277172233464071e+26,4.621201818007572e+29
iter_0009,4.181944068269719e+29,3.105852951571825e+28,4.214293367399229e+27,1.536341934730594e+27,4.5500357164482e+29
iter_0010,3.063914285382755e+29,3.55956425210492e+28,3.456779237509267e+27,1.8792829051048533e+27,3.473231332019388e+29
iter_0011,3.0063670463840642e+29,3.3582564318378356e+28,4.986869168426242e+27,1.6502140274570585e+27,3.4085635215266816e+29
iter_0012,4.8613851190638326e+29,1.0709554090067416e+29,1.900689337253023e+28,8.327436539344752e+27,6.205683827189324e+29
iter_0013,3.95928337629742e+29,3.289334348215511e+28,7.885932977978936e+27,1.8745900968271303e+27,4.385822041867032e+29
iter_0014,3.663393677290432e+29,4.565690090451992e+28,1.8226350430015896e+27,1.0602119859393277e+27,4.148791156625041e+29
iter_0015,3.631971125641505e+29,4.205582889047081e+28,3.162393923204383e+27,7.649814303135577e+26,4.091803168081392e+29
iter_0016,4.7146800656920485e+29,4.967562822245071e+28,6.02866964068141e+27,3.3630949300802484e+27,5.305353993624172e+29
iter_0017,4.3988444913106296e+29,4.450946847482011e+28,6.206627163178505e+27,3.658422810267102e+27,4.9425896757932866e+29
iter_0018,4.255558778158214e+29,6.071862852156619e+28,1.3238510468912994e+28,3.0618493110485953e+27,5.0257486611734916e+29
iter_0019,4.676690231895759e+29,5.3456710688127225e+28,3.8672630268050734e+27,5.131141899316574e+26,5.255061110944398e+29
iter_0020,4.696008493130587e+29,5.815068906641516e+28,5.141199531130444e+27,1.5844833769285112e+27,5.3447722128753285e+29
iter_0021,4.376325059292278e+29,5.19356700228998e+28,7.516864375783521e+27,4.5411801729856265e+27,5.016262205008968e+29
iter_0022,3.763402869106557e+29,6.399581529242997e+28,6.152830427297091e+27,1.7172168502626535e+27,4.4820614948064534e+29
iter_0023,5.036453778329349e+29,6.008255877084194e+28,4.7595652596511897e+27,1.3666560064993743e+27,5.698541578699275e+29
iter_0024,4.305596270796238e+29,5.343570901676531e+28,5.466740590012543e+27,5.155830365487805e+27,4.946179070518895e+29
iter_0025,3.71035179549831e+29,4.985887152780444e+28,6.44035794232359e+27,9.587129568627755e+26,4.282931219768219e+29
iter_0026,3.745184429295389e+29,5.323563867038551e+28,1.3763529436121756e+28,1.594930665863502e+27,4.431125417019096e+29
iter_0027,3.1862352305641166e+29,2.985662593598286e+28,3.176938384160485e+27,4.5611659037407773e+27,3.562182532802957e+29
iter_0028,3.92023807888442e+29,5.480365500661819e+28,6.53921808599215e+27,2.7583376148433035e+27,4.561250185958956e+29
iter_0029,4.373972827487599e+29,6.618212096619725e+28,2.4165828784514636e+28,2.06117017343919e+28,5.483569342338637e+29
iter_0030,3.0919675612807358e+29,3.747511591731265e+28,4.618836413424136e+27,1.1042839534338145e+27,3.523949924122442e+29
iter_0031,3.6225337920207155e+29,4.110106209235712e+28,4.395303367291834e+27,1.6040266034985976e+27,4.0935377126521915e+29
iter_0032,4.3306495953172654e+29,4.149397974800774e+28,3.6634226203238024e+27,1.0528404718271099e+27,4.792752023718852e+29
iter_0033,5.787424908968565e+29,4.85446526860139e+28,3.751901709859741e+27,3.7224734497434055e+27,6.347615187424736e+29
iter_0034,4.723496177489676e+29,6.925169637803346e+28,1.5475103775046077e+28,1.731030170637525e+27,5.588074480726846e+29
iter_0035,3.7766404195193424e+29,4.273804245946107e+28,6.270861267534013e+27,1.9131231253566142e+27,4.285860688042859e+29
iter_0036,4.6466714926636195e+29,5.532651616756898e+28,6.562793615902162e+27,6.50361765252971e+27,5.330600767023628e+29
iter_0037,4.771377573801715e+29,6.601301565490436e+28,5.089544540968223e+27,2.2263989866660626e+27,5.504667165627101e+29
iter_0038,4.4079934705745346e+29,5.392611570195556e+28,3.607460280339559e+28,6.412791645898723e+26,5.314413447273945e+29
iter_0039,3.705031659746191e+29,5.467505458386921e+28,1.2805801527987148e+28,3.674086594198563e+27,4.41658108680674e+29
iter_0040,4.01630779389559e+29,7.216000788271535e+28,2.583060475139597e+27,1.5176950909426567e+27,4.778915428383565e+29
iter_0041,4.401907741204083e+29,4.318147216331766e+28,1.1854480226503325e+28,7.667007446411079e+27,5.028937339566404e+29
iter_0042,4.362788418977755e+29,4.426412987351669e+28,2.9507204286066746e+27,4.644711163608392e+26,4.8395816331625966e+29
iter_0043,4.81495910662047e+29,6.163284404959723e+28,6.315931174744939e+27,7.025975857489533e+26,5.501472834721381e+29
iter_0044,3.321875430399787e+29,4.542568254615691e+28,1.237407617935348e+28,8.895141576837173e+27,3.9888244334232624e+29
iter_0045,5.215032552806433e+29,6.760995188066401e+28,9.74262134070269e+27,4.6172358797085625e+27,6.034730643817185e+29
iter_0046,4.087048529883312e+29,7.592468158800014e+28,4.323898315281805e+27,1.2767500098743116e+27,4.902301829014874e+29
iter_0047,4.6340744981653575e+29,4.831621400527308e+28,4.9356809863865846e+27,1.115497573543436e+27,5.1777484238173886e+29
iter_0048,4.857687277214013e+29,6.767997029552855e+28,1.0764263562205067e+28,1.9021394939417843e+27,5.661151010730768e+29
iter_0049,3.7406206289564e+29,4.005934474581608e+28,9.371116067293363e+27,1.9386843140572722e+27,4.254312080228067e+29
iter_0050,3.632815128170696e+29,4.283688036711452e+28,5.865852251116651e+27,6.666241847164199e+26,4.1265086962001715e+29
iter_0051,3.980623850904102e+29,4.771164289054313e+28,7.434054125386577e+27,1.7401621926659994e+27,4.5494824429900596e+29
iter_0052,3.839814095657016e+29,5.502129801720955e+28,1.1945254832934455e+28,2.2509608416900024e+27,4.5319892325753554e+29
iter_0053,4.349361480875333e+29,7.673228704170282e+28,1.3021425200202758e+28,5.398705734191817e+27,5.3008856606363076e+29
iter_0054,4.608229960118747e+29,5.251232670494769e+28,3.3665272516819315e+27,1.577731204805595e+27,5.182795811733099e+29
iter_0055,4.7132491026339696e+29,5.621842264607117e+28,5.959928715303073e+27,3.8310922485344086e+27,5.373343538733056e+29
iter_0056,4.8336734850361434e+29,4.7056040913152475e+28,1.0402423678476136e+28,6.705815098560159e+27,5.475316281938031e+29
iter_0057,3.6406491968178506e+29,4.21803576956811e+28,4.5827777865925715e+27,8.663025410208505e+26,4.116943577050796e+29
iter_0058,4.893959273837972e+29,9.607297034760274e+28,5.261117555654735e+27,8.600074296964542e+26,5.915900227167512e+29
iter_0059,3.0248117249799487e+29,5.329271500070863e+28,2.9774716974452574e+28,7.81513439196216e+28,4.6369994839277765e+29
iter_0060,4.29983402568623e+29,5.505999517061226e+28,8.658093653546454e+27,1.6270673663205174e+27,4.9532855875910225e+29
iter_0061,4.6944177670319255e+29,6.002958728113113e+28,1.1713189748851365e+28,4.659944196338591e+27,5.4584449792951355e+29
iter_0062,4.7046350666778016e+29,4.5318381196387825e+28,2.945304155745434e+27,5.1199905087467324e+26,5.192391910707881e+29
iter_0063,3.6499031750844844e+29,3.696146666875324e+28,4.0008038460465e+27,1.1027131962686191e+27,4.070553012195168e+29
iter_0064,5.002997036178125e+29,3.6337062046472104e+28,2.3115977857875865e+27,7.292983977383509e+26,5.3967766184781055e+29
iter_0065,3.452378365930416e+29,3.570106832672926e+28,8.286589113245977e+27,3.371858424216037e+27,3.925973524572328e+29
iter_0066,4.331533444336459e+29,4.547576693878859e+28,5.972983348855932e+27,7.62257180603301e+27,4.9222466652732336e+29
iter_0067,3.436180965079281e+29,3.5385154222802e+28,4.7384437756908514e+27,3.1453436822491114e+27,3.868870381886701e+29
iter_0068,3.860799326663037e+29,4.496535292959804e+28,5.251336677268234e+27,6.2925813701375e+26,4.3692588041018364e+29
iter_0069,3.626403261077064e+29,3.421619517054275e+28,6.194806054580913e+27,4.1694798114073386e+27,4.072208071442374e+29
iter_0070,4.0905659774738455e+29,6.8264010192970335e+28,3.4728474312112362e+28,6.9827226763763415e+28,5.818763090162307e+29
iter_0071,3.601438135921846e+29,4.394922530258819e+28,1.304459748208786e+28,7.023656677935588e+26,4.178400020446542e+29
iter_0072,3.1294319369928108e+29,4.016704121410731e+28,6.094815368313078e+27,4.368242174490931e+27,3.635732924561925e+29
iter_0073,5.420868905575299e+29,6.828067121948255e+28,3.814509386856224e+27,1.7667167430079312e+27,6.159487879068766e+29
iter_0074,3.729742271861685e+29,3.5493155418337816e+28,3.7821560873324085e+27,6.51476377543539e+26,4.129010150693823e+29
iter_0075,4.365394482061389e+29,3.929750613416165e+28,6.579371224449764e+27,7.833190930389635e+26,4.831996446577893e+29
iter_0076,4.312523613559385e+29,5.692454782540937e+28,7.683073831749104e+27,9.368062870185749e+27,5.0522804588328275e+29
iter_0077,4.214289748869394e+29,4.231782547040311e+28,7.154084882763253e+27,3.815396988375107e+27,4.74716282228481e+29
iter_0078,4.425712488623043e+29,5.892626786464394e+28,3.207753438374146e+27,9.399713972249035e+26,5.0564524156254734e+29
iter_0079,5.343161284101806e+29,6.8403382728339205e+28,1.0822520705078463e+28,2.1696198667675624e+27,6.157116517103658e+29
iter_0080,4.456219245217637e+29,6.013646180778303e+28,6.431911874371579e+27,9.85037633990017e+26,5.131753358379083e+29
iter_0081,3.564689265833504e+29,6.0341197612618095e+28,6.254634552323973e+27,6.105898881765494e+26,4.23675348636469e+29
iter_0082,4.394560605950565e+29,7.507183980270239e+28,4.1456071710327273e+27,1.269532866937176e+27,5.199430404357288e+29
iter_0083,4.245300502994413e+29,3.39598895087568e+28,5.80299257322043e+27,8.200376435531651e+26,4.6511297002497175e+29
iter_0084,4.071097971695501e+29,5.092303608434986e+28,3.5760195650076553e+27,2.737429125475851e+27,4.643462819443835e+29
iter_0085,4.572981505383973e+29,7.2819460677044115e+28,1.4481516042796202e+28,7.168044180624223e+26,5.453159316763e+29
iter_0086,3.818517392117969e+29,5.472635883630539e+28,5.08379883226461e+27,2.2228767825293578e+27,4.438847736628962e+29
iter_0087,3.4091533821079275e+29,2.7631589543627263e+28,3.0025191731744863e+27,1.2146370894428171e+27,3.7276408401703734e+29
iter_0088,4.2358816279514864e+29,5.842865637568892e+28,5.960690487544323e+27,1.3081668680224102e+27,4.8928567652640424e+29
iter_0089,4.415596008806086e+29,5.288164824105563e+28,9.304521710607436e+27,1.0502639072124247e+28,5.1424840990439595e+29
iter_0090,4.028722836250262e+29,4.187832788055815e+28,3.445952470622731e+27,8.020449231313532e+26,4.4899860889933844e+29
iter_0091,4.671227749222616e+29,9.04469431682603e+28,2.8487897847114176e+28,6.459062278889564e+27,5.925166782165257e+29
iter_0092,5.235246958872052e+29,8.398219792720436e+28,2.2952203179953122e+27,8.11234457709886e+26,6.1061334859011475e+29
iter_0093,4.084888717413458e+29,6.773408137478193e+28,9.91030839247016e+27,2.8305928064064723e+27,4.8896385431500434e+29
iter_0094,5.340144211160302e+29,5.078365725928592e+28,2.043845756833128e+27,8.626292653246302e+26,5.877045533974739e+29
iter_0095,4.5730989458961355e+29,5.547124674889766e+28,6.864883493740869e+27,3.2339985249016945e+27,5.228800233571538e+29
iter_0096,4.406390629229277e+29,5.752944454553973e+28,4.4874398754926897e+27,3.2099298173544335e+27,5.0586587716131466e+29
iter_0097,5.0242413609523834e+29,4.653654688754009e+28,7.768031966201582e+27,1.740657168837527e+27,5.5846937211781755e+29
iter_0098,3.76092762040436e+29,5.677142262538112e+28,6.228228601370224e+27,1.9343167131584558e+27,4.410267299803458e+29
iter_0099,3.171880963279391e+29,7.037878608133641e+28,1.9360769083905593e+28,1.4929904929719992e+27,4.0842064198615315e+29
iter_0100,5.067666367148076e+29,7.510456525843275e+28,2.1457404221893707e+28,2.9256550813138886e+28,6.32585157008273e+29
iter_0101,3.8104436920975345e+29,3.8701657034982853e+28,4.76589966305902e+27,2.00136658902186e+27,4.265132924968172e+29
iter_0102,3.239665087184047e+29,3.6656177839698183e+28,6.18517439118221e+27,1.1155615509304489e+27,3.679234225002155e+29
iter_0103,3.771975136358347e+29,4.008474922775468e+28,5.754425501107405e+27,1.0430603492930757e+27,4.2407974871398995e+29
iter_0104,3.559003318979758e+29,4.917707179372788e+28,6.2846126464442e+27,8.478180976461051e+26,4.12209834435794e+29
iter_0105,4.677494100504832e+29,3.5110107936007656e+28,8.417241394713511e+27,1.0932384128582596e+28,5.2220914350978704e+29
iter_0106,4.182943558814356e+29,3.725481178767007e+28,8.75389666637731e+27,2.4416640619617727e+27,4.667447283974447e+29
iter_0107,4.1478029867559256e+29,4.769059976428278e+28,4.1417795910888975e+27,1.9672637442321297e+27,4.685799417751964e+29
iter_0108,4.264775540308618e+29,4.663780754458589e+28,7.765202261859146e+27,1.9909857680925157e+27,4.828715496053994e+29
iter_0109,3.650723612523707e+29,8.580531355066974e+28,1.5872562273826385e+28,1.0927662257527217e+27,4.678430033026195e+29
iter_0110,4.5377172385278224e+29,9.595703945335102e+28,2.9801313144757293e+28,1.315118838625904e+28,5.926812648371496e+29
iter_0111,4.313605973922129e+29,5.0586380077055625e+28,5.8202028221628e+27,2.225434861631365e+27,4.899926151530627e+29
iter_0112,4.504615286982216e+29,3.383725578032003e+28,4.90305440175527e+27,1.4335731769698313e+27,4.906354120572667e+29
iter_0113,4.1965690682992235e+29,4.398606286209956e+28,6.48376421707653e+27,9.273013726267029e+26,4.710540352817251e+29
iter_0114,4.267421652643415e+29,6.02975813401474e+28,9.340282115420735e+27,2.650142777413412e+27,4.9903017149732306e+29
iter_0115,3.8094944315639334e+29,6.260872272880768e+28,2.5995266638011203e+27,1.8474564227997347e+27,4.480051489718019e+29
iter_0116,4.137519797208751e+29,5.444565480465071e+28,5.358928485941548e+27,2.459628500576558e+27,4.76016191512044e+29
iter_0117,4.334776775702774e+29,6.908060584049038e+28,6.922398170475616e+27,6.539020249145203e+26,5.101345836061579e+29
iter_0118,5.244342219978778e+29,4.811434703484968e+28,3.7260438658841427e+27,7.454632338684073e+26,5.7702007613248e+29
iter_0119,4.422991789919157e+29,3.546720052145889e+28,4.7582329137445435e+27,9.374960657809615e+26,4.834621084929001e+29
iter_0120,4.3140440639106095e+29,5.718294662602198e+28,9.80395062859102e+27,2.8008854412797585e+27,5.011921890869537e+29
iter_0121,2.985510630304355e+29,3.2583277238102295e+28,5.919797677866421e+27,2.416097787229791e+27,3.3947023573363404e+29
iter_0122,3.797122966386314e+29,4.263554107613995e+28,3.209216126264727e+27,1.623318759858684e+27,4.2718037260089475e+29
iter_0123,4.598790480432567e+29,5.427596398568444e+28,7.480859443188342e+27,1.575782291711414e+27,5.2321165376384085e+29
iter_0124,3.6065175625562146e+29,2.634803408081337e+28,2.5456425661617626e+27,4.068181902920109e+26,3.899522510928886e+29
iter_0125,5.053640779193901e+29,4.297625096311239e+28,7.604318967122826e+27,5.601579670958416e+27,5.615462275205837e+29
iter_0126,4.821906765696614e+29,5.796101296647212e+28,6.420713547341868e+27,2.2783406176983545e+27,5.488507437011738e+29
iter_0127,4.7957199092687225e+29,5.807863342790069e+28,3.3554822356199863e+27,1.5779730410771836e+27,5.425840796314701e+29
iter_0128,3.461306184244449e+29,4.129239157605294e+28,2.770946647671153e+27,4.856464192333202e+26,3.906796030674023e+29
iter_0129,3.517729014341354e+29,3.896067519030696e+28,8.575319390998208e+27,7.094313252882472e+26,4.000183273407288e+29
iter_0130,4.768626839043704e+29,7.5782992247747855e+28,1.24025613342329e+28,1.274597159707928e+27,5.663228346460591e+29
iter_0131,4.418003707789191e+29,4.312585932132217e+28,4.2006282354051954e+27,1.0768572643911176e+27,4.9020371560003765e+29
iter_0132,3.841139093789581e+29,4.401158599504359e+28,5.689470311276808e+27,4.048441561041126e+27,4.3786340724631966e+29
iter_0133,5.195844869287616e+29,5.8325331653590835e+28,1.2125978299499032e+28,6.528619275251089e+27,5.965644161571026e+29
iter_0134,5.3190064594420604e+29,7.1188703257761975e+28,4.6026334641549073e+27,4.7216379748930694e+26,6.0816414646361224e+29
iter_0135,4.606362208659033e+29,6.803126098261774e+28,1.2309274840278807e+28,1.2837955279323872e+27,5.422605522167322e+29
iter_0136,3.9577102730416696e+29,7.579175010281666e+28,1.837720969580992e+28,8.193841029991713e+26,4.9075937120579265e+29
iter_0137,4.745700229515951e+29,1.2057711893184445e+29,1.5299922960593607e+28,1.3656142036642516e+28,6.2410320688067564e+29
iter_0138,3.679492667976289e+29,6.565918328164032e+28,8.925737874750341e+27,7.745958453338794e+27,4.5028014640735835e+29
iter_0139,4.626037384540653e+29,6.646712006123908e+28,7.606415797150245e+27,1.5132557898735436e+27,5.3819053010232816e+29
iter_0140,4.914120227495107e+29,5.606597296704034e+28,4.225188438779992e+27,3.456886920605125e+27,5.551600710759361e+29
iter_0141,3.9976577373612195e+29,4.970431827165209e+28,5.928232383047006e+27,1.0054283810835574e+27,4.564037527719046e+29
iter_0142,5.542834445771922e+29,8.003457085486626e+28,4.971779470557239e+27,5.704797892489022e+26,6.398602746918645e+29
iter_0143,4.086674815162078e+29,8.526614322326561e+28,7.895198696906954e+27,4.396174795239114e+27,5.062249982316194e+29
iter_0144,4.558571103511688e+29,5.170884586983469e+28,4.953616293102135e+27,3.920977811516231e+27,5.1644055032562185e+29
iter_0145,3.508243677097651e+29,6.251965176597724e+28,8.086593157979877e+27,2.722172246848726e+27,4.2415278488057096e+29
iter_0146,3.521228490993814e+29,4.287367503691695e+28,6.595048391038624e+27,1.342573395758636e+27,4.0293414592309565e+29
iter_0147,4.270696126491107e+29,5.928649004996863e+28,1.1632815085152975e+28,9.824237698388993e+26,4.989713415540712e+29
iter_0148,4.740558399822258e+29,7.063083491103254e+28,6.740290743834822e+27,7.75648439383286e+26,5.522026140764764e+29
iter_0149,5.545062449766876e+29,7.1134110139248855e+28,5.680755271225535e+28,1.8691105271893276e+28,7.011390131000851e+29
iter_0150,3.370412804289419e+29,3.6035572760956227e+28,6.126185934407377e+27,1.985701763609065e+27,3.811887408879146e+29
iter_0151,4.224287879029429e+29,4.492791195950427e+28,3.843911352183829e+27,3.603165804978939e+27,4.7480377701960996e+29
iter_0152,3.750765215056624e+29,3.330995348893788e+28,2.186083998970305e+27,1.1040085343756175e+27,4.116765675279462e+29
iter_0153,4.3474230116032056e+29,5.66912244620584e+28,5.016235881291163e+27,2.305782529554877e+27,4.98755544033225e+29
iter_0154,3.637454441464451e+29,6.446555431410887e+28,2.333349612755426e+28,2.7279995473235777e+27,4.5427249413543176e+29
iter_0155,4.110042871234496e+29,3.568069898670311e+28,3.9576476931985416e+27,2.709070869821571e+27,4.533517046731728e+29
iter_0156,4.400580821818863e+29,5.327119972929287e+28,5.906172777039852e+27,2.8636185817391753e+27,5.020990732699582e+29
iter_0157,5.05624652092474e+29,6.156792822501823e+28,7.118806209854876e+27,1.232711986137353e+27,5.7554409851348445e+29
iter_0158,4.013234635084023e+29,4.908660293389658e+28,7.641725959936943e+27,9.655605515966192e+27,4.67707397918202e+29
iter_0159,3.0526051509764114e+29,3.072710149363616e+28,5.089315897720758e+27,2.837827490830215e+27,3.439147599798283e+29
iter_0160,3.898311392618261e+29,5.375925532348909e+28,8.964198556107653e+27,7.877394386813165e+27,4.6043198752823595e+29
iter_0161,4.4044305181877e+29,5.024038431654225e+28,1.224404623824557e+28,7.277297869982483e+27,5.1020478024354024e+29
iter_0162,4.9845291475840485e+29,6.99081364990231e+28,8.534905510492116e+27,9.258475875342918e+27,5.86154432643263e+29
iter_0163,4.5830815855486466e+29,4.718666410623428e+28,8.19297320490086e+27,4.715539154022274e+27,5.18403335020022e+29
iter_0164,4.117855591520427e+29,5.42191389259945e+28,4.5221341118744625e+27,2.981160793632542e+27,4.7350799298354424e+29
iter_0165,4.230356519516205e+29,4.760961491768038e+28,5.482142024691077e+27,4.7355544156542934e+27,4.808629633096462e+29
iter_0166,3.557308264550357e+29,6.179021273437693e+28,2.827155038083723e+27,5.262183611455907e+26,4.2087441258864195e+29
iter_0167,4.841910459628439e+29,6.615872947167789e+28,4.677090240224572e+28,1.1663849851236702e+28,6.087845276880042e+29
iter_0168,3.4824501578438206e+29,3.4886025697383e+28,4.1237363791020287e+27,4.7926029438501394e+27,3.920473808047173e+29
iter_0169,4.4887798701712256e+29,4.069454907171846e+28,3.629689226797756e+27,1.0774102524010406e+27,4.9427963556803984e+29
iter_0170,5.121913842195019e+29,9.17279769139941e+28,6.150767742924667e+27,1.0737295893473607e+27,6.1114385846576806e+29
iter_0171,4.77349351753253e+29,4.891110861616584e+28,4.568687077398583e+27,1.2230987003921257e+27,5.3205224614720955e+29
iter_0172,4.65642573751275e+29,6.006748691282209e+28,8.880355162054085e+27,4.059934673231019e+27,5.386503504993822e+29
iter_0173,4.25859068685632e+29,5.844326697799378e+28,3.556435695449971e+27,1.997445636728589e+27,4.8985621699580434e+29
iter_0174,4.437668507372273e+29,4.391683285348443e+28,3.441747607702065e+27,1.1387849528851607e+27,4.9226421615129895e+29
iter_0175,2.776684668249522e+29,5.5936400171285626e+28,7.090299338091899e+27,5.100832216160595e+26,3.412052495559458e+29
iter_0176,4.8323070062717896e+29,4.22197457346312e+28,6.562961099897535e+27,2.265195771287183e+27,5.342786032329949e+29
iter_0177,4.695321511205572e+29,6.211430412684246e+28,3.584966021433635e+28,7.432344723015883e+28,6.418195626918947e+29
iter_0178,3.9437671507302145e+29,3.6826691088564483e+28,2.6107658103114785e+27,1.7524507072004052e+27,4.355666226790978e+29
iter_0179,3.399081971170341e+29,4.28681677332759e+28,5.332365871869346e+27,3.362705500495958e+27,3.914714362226753e+29
iter_0180,4.181411868129222e+29,4.755420728426129e+28,4.334301814179798e+27,3.541740315081639e+27,4.735714362264449e+29
iter_0181,4.591518912239415e+29,4.2773177834423e+28,4.64229173109947e+27,1.2141848789476113e+27,5.077815456684116e+29
iter_0182,4.7406285006314284e+29,6.218445540313094e+28,1.3617751128489396e+28,7.984295231371986e+26,5.506634861179004e+29
iter_0183,3.597234716684088e+29,3.505160641674801e+28,3.971496759473389e+27,1.449132932669296e+27,4.001957077772995e+29
iter_0184,4.909197499846179e+29,1.0973963051338559e+29,2.6426346665566e+28,2.962204009670515e+27,6.3004793117324e+29
iter_0185,3.933884032920356e+29,4.738328434985931e+28,8.31127927034922e+27,1.0758196277295187e+27,4.501587865399737e+29
iter_0186,4.5493862187157465e+29,3.6787031736839488e+28,3.7067113486927266e+27,1.6040858687222524e+27,4.9703645082582915e+29
iter_0187,4.218548763748341e+29,4.32188141255895e+28,5.393048156611211e+27,1.745053555654558e+27,4.722117922126894e+29
iter_0188,4.347382950596971e+29,5.29005032273155e+28,4.165997961557606e+27,8.177049355016556e+26,4.9262250118407184e+29
iter_0189,5.0258473677032114e+29,5.532910350088391e+28,8.828967187136616e+27,5.55006153552051e+27,5.722928689938622e+29
iter_0190,4.5742633483077996e+29,6.537365901414087e+28,1.2799524113722013e+28,8.571330137668469e+26,5.364566509724097e+29
iter_0191,3.323157334577464e+29,2.9839055783351335e+28,3.221748726836676e+27,8.785054275353133e+26,3.662550433954698e+29
iter_0192,3.616366678629057e+29,3.1976745977181457e+28,4.0433591742150354e+27,5.01989908890992e+27,4.026766721032121e+29
iter_0193,4.5450006046386924e+29,6.500264584361722e+28,6.340801719726848e+27,2.4472129201747702e+27,5.282907209473881e+29
iter_0194,4.918511791143411e+29,4.620949930311578e+28,1.0364702451622566e+28,4.195837871183137e+26,5.488449646561978e+29
iter_0195,3.8163724298316126e+29,3.0003007198423693e+28,4.6508195320943604e+27,1.0393527873568379e+27,4.1733042250103615e+29
iter_0196,3.290643158962793e+29,3.3553712149027266e+28,5.1878162741175e+27,1.2143737023953176e+27,3.6902021802181935e+29
iter_0197,4.7448927447397786e+29,5.778208648106603e+28,6.832343494366396e+27,1.6268401943161676e+27,5.407305446437264e+29
iter_0198,4.497043493496719e+29,6.788769285889883e+28,1.1196296930922664e+28,4.861925852591269e+27,5.3365026499208466e+29
iter_0199,2.897956066886668e+29,4.255584309091106e+28,4.3919474731232687e+27,1.14829884586691e+27,3.37891696098568e+29
iter_0200,4.7381911367792284e+29,5.358580281698005e+28,3.2875358206502335e+27,3.896788114100704e+26,5.310821311269632e+29
iter_0201,5.155602106569841e+29,4.999703640590746e+28,5.817994947556791e+27,2.781289678266295e+27,5.741565316887146e+29
iter_0202,5.756956108409285e+29,6.336751149820866e+28,4.1087423230386034e+27,3.828365652149807e+26,6.435547012273909e+29
iter_0203,4.18624098487822e+29,6.225529537070687e+28,1.2873753569693788e+28,8.191362013879047e+27,5.019445094421017e+29
iter_0204,3.617407553777515e+29,3.9470021901743106e+28,6.067366942500068e+27,5.1603009881427145e+26,4.077941743208089e+29
iter_0205,4.61782192982558e+29,4.650024682820578e+28,8.871396397125174e+27,1.3764990018479413e+27,5.185303352097369e+29
iter_0206,5.767798595857411e+29,5.343664539801395e+28,6.236084134321975e+27,3.384496580360597e+27,6.398370856984376e+29
iter_0207,5.441899010495664e+29,6.65749636362202e+28,2.040092725717881e+28,1.21429281372053e+28,6.433087200801709e+29
iter_0208,5.012365443447007e+29,5.1617758130077305e+28,1.2932902290407683e+28,3.1695280075882523e+27,5.6895673277277394e+29
iter_0209,5.0083414549737726e+29,7.889715042051806e+28,3.375143163939137e+28,5.775098583365659e+27,6.1925782614065234e+29
iter_0210,4.885767871549498e+29,6.155698432999907e+28,1.154218719091029e+28,9.064111430242327e+26,5.625823698188834e+29
iter_0211,4.244458022940579e+29,8.22524658469529e+28,5.955100536661463e+27,1.0775467612528787e+27,5.137309154389251e+29
iter_0212,4.013779334916258e+29,4.614887259212325e+28,3.786793302315816e+27,2.748769662848744e+27,4.540623690489136e+29
iter_0213,4.1388559679943104e+29,2.965410656584311e+28,2.065466814557998e+27,9.42501285273841e+26,4.46547671465106e+29
iter_0214,3.545554491224346e+29,3.8096768153948147e+28,3.8798114214798566e+27,1.6348141517932318e+27,3.981668428496559e+29
iter_0215,4.5103870440236926e+29,5.308251441380844e+28,4.117533255841448e+27,1.3478447264847635e+27,5.0958659679850394e+29
iter_0216,3.7751336571034664e+29,3.0172769504271826e+28,5.464192241525835e+27,4.56813384240495e+27,4.177184612985492e+29
iter_0217,4.10463378698376e+29,3.2677030189429817e+28,2.983973174997132e+27,4.3643724383343805e+26,4.4656081930663634e+29
iter_0218,3.532848243196952e+29,5.489944952435484e+28,6.17454840363491e+27,2.0000440144558022e+27,4.163588662621407e+29
iter_0219,4.163023395182026e+29,5.785045969071847e+28,3.38297120840328e+27,3.298271935664432e+27,4.8083404235298874e+29
iter_0220,5.279199998626212e+29,6.18139881352186e+28,1.0927035008584513e+28,1.5706407916998942e+28,6.1636743092342335e+29
iter_0221,5.1647432503274876e+29,5.01498771432066e+28,1.1054442125657435e+28,1.082512973777031e+27,5.787611572753899e+29
iter_0222,4.1537229809818545e+29,4.738078165927856e+28,2.801242868825543e+27,6.195611487815035e+26,4.66173883775071e+29
iter_0223,3.786141256077189e+29,3.9458804073937983e+28,7.311793868850184e+27,3.115670350882913e+27,4.285003939013901e+29
iter_0224,3.6932525058554516e+29,5.3989608996626e+28,8.549706842309523e+27,7.941753527188065e+26,4.3265874177719945e+29
iter_0225,3.449010503252666e+29,5.453171411132544e+28,8.779848156255958e+27,1.4495556814848666e+27,4.096621682743329e+29
iter_0226,4.3294954404677415e+29,5.999778955291566e+28,3.8358554458573014e+27,8.281664880097231e+26,4.9761135553355685e+29
iter_0227,4.651708877345142e+29,4.590404896826251e+28,4.5701314323493704e+27,7.957837788980274e+26,5.164408519140241e+29
iter_0228,3.829310454785598e+29,4.909453982693957e+28,7.284069743405024e+27,1.7065942046295434e+27,4.4101624925353394e+29
iter_0229,4.842237810745921e+29,6.891300661769765e+28,4.9135080103086147e+27,3.2003312807484797e+27,5.612506269833469e+29
iter_0230,3.6506821318019736e+29,3.436188288634988e+28,5.363154534037161e+27,1.443543816719354e+27,4.0623679441730375e+29
iter_0231,3.6788597320823666e+29,3.6718902176345575e+28,5.98351313951005e+27,9.001853938007436e+27,4.195902424620998e+29
iter_0232,3.99667636434632e+29,4.1010433797034925e+28,2.477765647595691e+27,8.010018979782263e+26,4.4395683777724084e+29
iter_0233,4.594288608858637e+29,6.399863672323672e+28,1.3502387510268587e+28,4.3841139003065275e+27,5.413139990196756e+29
iter_0234,6.912755360560744e+29,7.546907542476775e+28,5.622715267842313e+27,1.9607899107992418e+27,7.743281166594838e+29
iter_0235,4.888394182352485e+29,4.894234237723167e+28,2.397432530473323e+27,8.667911754554667e+26,5.41045984318409e+29
iter_0236,4.298062954927069e+29,5.9416640326092755e+28,1.518196065999848e+28,6.642007706224454e+27,5.110469041850227e+29
iter_0237,3.4195061996755e+29,3.152995782212362e+28,3.486306835797974e+27,8.71970451282098e+26,3.778388550767537e+29
iter_0238,3.630211780225806e+29,4.419635164854402e+28,6.930522548693198e+27,4.8627502105111243e+27,4.190108024303291e+29
iter_0239,2.953513491268251e+29,2.936374144069334e+28,6.951548148017982e+27,2.6802479636544113e+27,3.343468866791908e+29
iter_0240,5.069112253550989e+29,7.793596486655473e+28,3.875920749306991e+27,1.0850531314158917e+27,5.8980816410237655e+29
iter_0241,3.361497634836167e+29,4.331844407618879e+28,1.103656386390275e+28,4.95051394240072e+27,3.95455285366109e+29
iter_0242,4.04707536040174e+29,6.006090132695382e+28,8.530382135232476e+27,3.803021221040052e+27,4.771018407234003e+29
iter_0243,4.61615800059962e+29,4.265972257040611e+28,2.4659751624943463e+27,8.15622075707003e+26,5.075571198685695e+29
iter_0244,4.809473923265996e+29,6.797315184142884e+28,1.0644133858262843e+28,2.3467639050262212e+27,5.6191144193131756e+29
iter_0245,3.847142703675153e+29,4.66457093765157e+28,4.262781740225898e+27,1.0497876255465377e+27,4.3667254910980346e+29
iter_0246,3.584253624136703e+29,3.964213351553284e+28,8.170483893360658e+27,1.4824174835574288e+27,4.077203973061212e+29
iter_0247,4.1575569318490565e+29,5.84266737758717e+28,2.6620415736952448e+28,2.7289214090014523e+27,5.0353170410673126e+29
iter_0248,4.054522637367762e+29,4.231099790159983e+28,3.536807434640698e+27,9.731596875076662e+26,4.5227322876052435e+29
iter_0249,3.555540027690355e+29,4.0701176755938125e+28,4.159201492394055e+27,1.8865345958720266e+27,4.023009156132397e+29
iter_0250,4.5434033650352646e+29,9.01804220099793e+28,1.0047792727853095e+28,5.848445378900595e+26,5.5515339577924894e+29
iter_0251,4.3094460688158654e+29,3.173454119212844e+28,4.1992951379877003e+27,1.9409604676698937e+27,4.6881940367937255e+29
iter_0252,4.417883585901785e+29,9.39748759691252e+28,2.260609504657207e+28,4.5237830381285385e+28,6.036071599871611e+29
iter_0253,4.573995664509563e+29,6.018917156020716e+28,8.34124413337047e+27,3.376555618298428e+27,5.293065377628324e+29
iter_0254,4.8047685813459784e+29,6.2460712016096885e+28,1.4276788083065587e+28,5.024501880816222e+27,5.6223886011457655e+29
iter_0255,4.6260840543021345e+29,5.282692961242103e+28,4.4672658168732053e+27,7.54534109028684e+26,5.2065713496853636e+29
iter_0256,5.670514828992087e+29,4.812276804852107e+28,5.221648968495174e+27,6.936481466726164e+27,6.273323813829511e+29
iter_0257,4.505199797408658e+29,4.3913391970827735e+28,3.5823323505343245e+27,4.61400857253555e+26,4.984771049194814e+29
iter_0258,4.423925873401324e+29,5.831099571028019e+28,9.920172427776393e+27,3.514640120987702e+27,5.141383955991767e+29
iter_0259,3.641626442217379e+29,6.142022939961546e+28,1.3803197864847033e+28,2.104396770211303e+27,4.414904682564117e+29
iter_0260,4.744016417480714e+29,5.5355809667326275e+28,1.1889839278204355e+28,6.374972296840824e+26,5.4228478792328604e+29
iter_0261,3.0601957300765096e+29,3.337960096920554e+28,4.582510672502847e+27,1.990826576041094e+27,3.4597251122540044e+29
iter_0262,3.904207550135414e+29,5.052857968832816e+28,4.2391934526489294e+27,5.164165530832926e+26,4.457049447076017e+29
iter_0263,5.1516647628659234e+29,4.843104160235621e+28,4.5103311729307587e+27,2.3600924035025751e+27,5.704679414653819e+29
iter_0264,4.022966395379454e+29,2.8270512296670116e+28,3.606110220845026e+27,8.319010778241705e+26,4.350051631332847e+29
iter_0265,4.474797156846312e+29,6.084622459890194e+28,1.241756618309404e+28,2.8614411316518284e+27,5.23604947598279e+29
iter_0266,3.984635360944142e+29,6.483910803415778e+28,2.304167478964614e+28,2.0008754095774346e+27,4.8834519432779554e+29
iter_0267,3.9204974796467916e+29,6.010210817786398e+28,3.583476507815174e+27,3.847109200364207e+27,4.595824418507225e+29
iter_0268,4.0913138345114824e+29,6.295135171308058e+28,4.913216559220589e+27,9.868405892448826e+26,4.7798279231269424e+29
iter_0269,3.979594686118166e+29,4.567283767807311e+28,4.2169870447449354e+27,3.0843001383586244e+26,4.481577233484705e+29
iter_0270,4.3380328780261076e+29,8.822890254889088e+28,1.3658653150101805e+28,1.471987832406174e+27,5.371628313340096e+29
iter_0271,4.291851862807548e+29,3.36684039299275e+28,2.6629205452367155e+27,4.083855332774531e+26,4.6592489628919645e+29
iter_0272,3.789583319592147e+29,4.242334723746751e+28,4.9486148261471733e+27,1.469018853500335e+27,4.277993128763297e+29
iter_0273,3.644598555820535e+29,4.255295763630354e+28,4.3530317890845917e+27,6.409613055500342e+26,4.1200680631299165e+29
iter_0274,3.536905138439315e+29,3.1302958472778624e+28,3.2706788025746155e+27,1.958170474761065e+27,3.902223215940459e+29
iter_0275,4.962660551488141e+29,7.805022595207487e+28,1.0927717466373525e+28,1.4750796992217704e+27,5.867190782664842e+29
iter_0276,4.6769223595015526e+29,7.8820184234315865e+28,2.529170510567543e+28,6.623337845488295e+26,5.724664590746953e+29
iter_0277,4.3440510315302724e+29,3.757253166735674e+28,4.431334893352197e+27,3.489449204543595e+27,4.798984189182797e+29
iter_0278,3.9854400112745186e+29,3.732424778735684e+28,6.250617035145973e+27,1.8030219263797887e+27,4.439218878763345e+29
iter_0279,4.1775833913244896e+29,5.844289038344129e+28,4.5429567842264074e+27,2.2868722673223732e+27,4.83031058567439e+29
iter_0280,3.903011097976555e+29,2.9360041850981554e+28,8.366193863442168e+27,2.3250409868967784e+27,4.30352386498976e+29
iter_0281,4.731162987547015e+29,6.094647892666267e+28,1.8625163986333144e+28,1.0528229294461238e+27,5.537407645971435e+29
iter_0282,3.717007474779101e+29,4.339556103850467e+28,1.2200625370943636e+28,1.2857190241142114e+28,4.4015412412850054e+29
iter_0283,4.030981231609116e+29,4.847863215937843e+28,5.681397378861172e+27,5.658594706073537e+27,4.629167474052248e+29
iter_0284,2.9085091417003006e+29,3.3083666710385854e+28,4.090913368179201e+27,2.8813065941680795e+27,3.3090680084276314e+29
iter_0285,5.099876001579745e+29,7.695527063037772e+28,1.8277024619194184e+28,9.836135161540339e+27,6.150560305690868e+29
iter_0286,5.2478388227592296e+29,8.010716254923303e+28,3.7569011130450875e+28,8.481059826366034e+27,6.509411157819728e+29
iter_0287,4.069853472096485e+29,4.267785727235777e+28,6.931638762841297e+27,2.7909069902675175e+26,4.568739339438743e+29
iter_0288,3.80361556702486e+29,4.911550572250413e+28,6.797587933324483e+27,1.3074295647036736e+27,4.3758207992301825e+29
iter_0289,3.8662119928369925e+29,5.343204799696529e+28,5.267748728693657e+27,2.2843750047852195e+27,4.476053710141435e+29
iter_0290,4.125346512826361e+29,5.188781303619538e+28,3.2459354977413984e+27,2.1555236645420795e+27,4.69823923481115e+29
iter_0291,4.9424209467932874e+29,5.337538354843328e+28,2.9778474726882484e+27,1.0943682583890303e+27,5.5168969395883924e+29
iter_0292,3.932351374789287e+29,3.8935417337618274e+28,7.82785071224714e+27,1.7596506693049395e+27,4.41758056198099e+29
iter_0293,3.949736198912108e+29,7.1216904379195335e+28,1.4745640484198236e+28,2.1994523135656083e+28,5.0293068789026045e+29
iter_0294,3.660670637593898e+29,8.362708145167131e+28,4.232019011600731e+28,4.628137321739703e+28,5.382957085444654e+29
iter_0295,3.782291016842528e+29,3.368094714429913e+28,2.3097076058979026e+27,5.8117563107027836e+26,4.1480093206552015e+29
iter_0296,4.7155522206387176e+29,7.0208768219853345e+28,2.3280004960497496e+28,4.5896017646349236e+26,5.655029554206861e+29
iter_0297,4.453696227546437e+29,5.700360483841992e+28,6.275986345505423e+27,1.1478441753065231e+27,5.097970581138756e+29
iter_0298,4.712737557497982e+29,5.30215355334218e+28,3.9972411078864526e+27,2.1573123632172843e+27,5.304498447543237e+29
iter_0299,4.4451399194347295e+29,4.559257618702394e+28,4.375584027936243e+27,2.0530463629822088e+27,4.965351985214153e+29
iter_0300,3.914479230355757e+29,7.797558755019813e+28,5.803233543325853e+27,2.6071156202416794e+27,4.778338597493414e+29
iter_0301,3.735189373400347e+29,4.9958912214260795e+28,6.428005271698623e+27,9.551128225256489e+26,4.308609676485198e+29
iter_0302,4.0066117932351136e+29,4.098402654299632e+28,4.62519662384343e+27,1.1953061810280661e+27,4.474657086713792e+29
iter_0303,4.696078440152199e+29,4.618458705573593e+28,5.937215419968667e+27,1.3107146071573488e+27,5.2304036109808184e+29
iter_0304,4.261355789911196e+29,6.460842291184442e+28,4.0898215420503527e+27,2.9507851480448714e+26,4.951289019598189e+29
iter_0305,5.077597815803207e+29,3.995852792254928e+28,2.7463153430664494e+27,3.1764899523828066e+26,5.5078227384117465e+29
iter_0306,4.3162838740676806e+29,4.54541061429375e+28,8.81150588135265e+27,2.1078094952259947e+27,4.8800180892628426e+29
iter_0307,4.444964328768998e+29,7.948461190365129e+28,1.3593244411767038e+28,4.338614106896426e+27,5.419129032992145e+29
iter_0308,3.410428340913322e+29,5.068743325240953e+28,6.569515917428611e+27,3.3972350753644634e+27,4.0169701833653485e+29
iter_0309,3.102781043413058e+29,3.318404516065351e+28,2.4584349087087958e+27,4.764410914269317e+26,3.4639702550209504e+29
iter_0310,3.754058058067539e+29,4.109635575648029e+28,6.683467710959809e+27,8.914292035374412e+26,4.2407705847773146e+29
iter_0311,3.362303050113851e+29,5.187140444272917e+28,4.0034193234386323e+27,1.1224927654313862e+27,3.9322762154298434e+29
iter_0312,4.87746040836618e+29,6.041344054171343e+28,1.384393267593342e+28,1.4408961254884155e+28,5.76412375309149e+29
iter_0313,3.366633167340632e+29,6.7053463518849784e+28,2.0843690116471906e+28,3.486680224788576e+27,4.2804715059417345e+29
iter_0314,3.577464314492113e+29,2.57639844628908e+28,2.780931165582728e+27,9.052527521952368e+26,3.871965998298801e+29
iter_0315,4.133974536170871e+29,5.786762922409879e+28,1.672010760396287e+28,4.197358273906673e+27,4.921825487190555e+29
iter_0316,4.0750958945790514e+29,6.220869635305651e+28,1.1804982320181329e+28,2.2052065723587892e+27,4.8372847470350175e+29
iter_0317,4.1932056354222095e+29,3.550662451140132e+28,6.125144160166375e+27,3.51013812006296e+27,4.6446247033385155e+29
iter_0318,3.85503794724925e+29,3.797987327365338e+28,5.925754486766257e+27,1.2839418680966862e+27,4.306933643534414e+29
iter_0319,3.812820817699381e+29,5.182600117267737e+28,6.186102120592892e+27,6.09116459082043e+27,4.4538534965402885e+29
iter_0320,3.689568418814053e+29,6.384151734469088e+28,4.0931623109216727e+27,9.62724923448522e+26,4.378542464604664e+29
iter_0321,4.078333779401889e+29,5.22911608218407e+28,3.0970466549075553e+27,2.633489132471943e+27,4.658550745494091e+29
iter_0322,3.987367593249859e+29,6.156379252436271e+28,2.84952603308455e+27,1.9869859224446784e+27,4.651370638048778e+29
iter_0323,3.8890344672493065e+29,3.6100425020739135e+28,3.2737950732387756e+27,1.383550808519404e+27,4.29661217627428e+29
iter_0324,3.472278934111444e+29,4.129892254208319e+28,5.784004219075886e+27,1.798615124343201e+27,3.9610943529664665e+29
iter_0325,3.9526596637836845e+29,4.108259420399819e+28,7.889730816670011e+27,1.4586489055656945e+27,4.456969403046023e+29
iter_0326,3.737434976909781e+29,4.51343728616617e+28,6.76583031204912e+27,1.8463908168808813e+27,4.274900916815698e+29
iter_0327,5.062850835135012e+29,4.21740804883154e+28,1.058797784762792e+28,1.3806611221311193e+28,5.728537530707558e+29
iter_0328,5.141806736064468e+29,8.634067816015904e+28,1.600624022781452e+28,5.972988824793488e+26,6.1712489087689976e+29
iter_0329,4.409046031721427e+29,5.3873739251413215e+28,3.32522086457763e+27,4.504057916524692e+26,4.98553969079786e+29
iter_0330,4.318689717731858e+29,5.99457492767672e+28,1.3328428070950016e+28,1.1881789044419019e+27,5.063313280253449e+29
iter_0331,4.538189080195514e+29,3.672953794046042e+28,4.884759898301688e+27,9.497649927966533e+26,4.963829708511101e+29
iter_0332,4.540421596887594e+29,5.515089839029236e+28,9.967516438862835e+27,1.3847460538250723e+28,5.330080350561653e+29
iter_0333,5.030019450320644e+29,4.535975765899781e+28,4.0416479017433486e+27,9.535897249062166e+26,5.533569403177118e+29
iter_0334,4.461330902068795e+29,6.418793339961569e+28,5.001859075769443e+27,7.91182918139953e+26,5.161140656004045e+29
iter_0335,3.871944094143602e+29,4.629320810539135e+28,1.112925484617968e+28,9.092645485443927e+27,4.537095178513751e+29
iter_0336,3.306458260302039e+29,3.3607075934743763e+28,3.2468135750356836e+27,1.899860284146683e+27,3.693995758241301e+29
iter_0337,4.428420295732478e+29,8.779226560334215e+28,2.2082959964192874e+28,6.578723226859314e+26,5.533751274634688e+29
iter_0338,3.808758906524358e+29,3.0787678196956912e+28,4.7279166396118527e+27,3.7760754386518907e+27,4.2016756092765646e+29
iter_0339,4.775128500129656e+29,6.34745696485633e+28,1.560182801781555e+28,1.1213070284525538e+27,5.57710554707797e+29
iter_0340,4.332610289388871e+29,4.155113206214509e+28,6.824318696343652e+27,1.4148129715884346e+27,4.830512926689643e+29
iter_0341,4.16194219799777e+29,6.002314389454968e+28,7.881820146530606e+27,3.10165027405623e+27,4.872008341149136e+29
iter_0342,4.414775322685763e+29,3.74345261760508e+28,3.4814120874476396e+27,3.44764834998024e+27,4.8584111888205496e+29
iter_0343,3.0790894575889078e+29,2.6289626318128877e+28,3.2810754999110996e+27,1.920593669865302e+27,3.3940024124679596e+29
iter_0344,4.64338244436694e+29,5.430374407312952e+28,5.686446217747024e+27,1.3502390976664451e+27,5.2567867382523705e+29
iter_0345,4.935817044719387e+29,4.438683867260215e+28,3.722178670646293e+27,7.263254044768083e+26,5.424170472196639e+29
iter_0346,4.8513937535764794e+29,6.930232970352259e+28,1.5017471283031438e+28,1.1508591228539227e+28,5.809677675727412e+29
iter_0347,4.075840598835622e+29,3.9978870747981475e+28,1.156762533079796e+28,1.9616456613529348e+28,4.78747012575871e+29
iter_0348,3.7864298802312136e+29,8.412158435796718e+28,2.6352526408819585e+28,8.949264169617318e+26,4.900120252068698e+29
iter_0349,4.4086324849850166e+29,5.083211776187894e+28,1.1318370719322889e+28,3.811680091225462e+27,5.06825417070929e+29
iter_0350,4.2402115904099686e+29,3.938971375218187e+28,9.810451511639214e+27,2.18715510816814e+26,4.734400398156348e+29
iter_0351,3.7452521733012176e+29,4.4171694297942e+28,1.208758677743064e+28,5.476481823475791e+26,4.31332146587842e+29
iter_0352,3.987431192019817e+29,4.666545362450336e+28,5.439270150876064e+27,3.9044833635418724e+26,4.5123829131371534e+29
iter_0353,4.4250678705802996e+29,8.904871502772649e+28,1.7092619774388222e+28,7.40788412260815e+26,5.493889102724055e+29
iter_0354,4.793680215449387e+29,5.95229779729943e+28,8.012626273837243e+27,4.4756438986522094e+27,5.5137926969042244e+29
iter_0355,4.4437525466853135e+29,7.624735436815589e+28,2.6037990602306616e+28,1.8849648456954793e+28,5.655102480959486e+29
iter_0356,3.442068260398599e+29,4.0117996075876655e+28,5.699357471793961e+27,2.7389374746278504e+27,3.927631170621584e+29
iter_0357,3.844077523576951e+29,5.168256645336448e+28,1.966687941091494e+28,3.1438270995761024e+28,4.871954692177356e+29
iter_0358,5.201537501210728e+29,6.742129963903817e+28,4.40504774395789e+27,6.733088204813335e+26,5.926534063245502e+29
iter_0359,3.756816548153992e+29,4.022759038269069e+28,3.6030395215978086e+27,1.1205880432902899e+27,4.20632872762978e+29
iter_0360,3.741646413358108e+29,3.9383700579111044e+28,2.5300539127204815e+27,1.0661354294479997e+27,4.171445312570903e+29
iter_0361,3.748447636458452e+29,2.9940029516794233e+28,3.172042871024055e+27,1.2418983830531105e+27,4.0919873441671656e+29
iter_0362,4.0280870717151126e+29,3.5735208927015644e+28,1.846932735034644e+27,1.0107130943136794e+27,4.414015619278752e+29
iter_0363,4.789031750959171e+29,4.169568860481439e+28,3.630732852271064e+27,1.3145415660830232e+27,5.2554413811908555e+29
iter_0364,4.3185291056110224e+29,5.028678024573641e+28,7.708014148561013e+27,2.7896299358886015e+27,4.926373348912882e+29
iter_0365,4.303525306092958e+29,4.702957801087041e+28,4.059434015796838e+27,1.0085050633201413e+27,4.824500476992832e+29
iter_0366,3.504524784259488e+29,3.919926174968164e+28,3.0186929156504915e+27,6.758889202974437e+26,3.933463220115784e+29
iter_0367,4.251487827715474e+29,6.364170645809804e+28,2.2049895014676777e+28,4.8031543018511813e+27,5.1564353854617344e+29
iter_0368,3.4826326442591335e+29,4.73234042849796e+28,1.0352998165355887e+28,5.370557526619937e+26,4.064767226289108e+29
iter_0369,4.877858069080587e+29,5.6703221940341925e+28,9.733148114049121e+27,4.813328635011142e+26,5.547035098259508e+29
iter_0370,3.873827461910365e+29,6.418255169286405e+28,1.0592460519504335e+28,1.8659269294405992e+27,4.640236853328454e+29
iter_0371,4.1258979007428276e+29,4.1447268257443e+28,6.531752119010158e+27,2.628063942133905e+27,4.631968743928698e+29
iter_0372,5.466232807222472e+29,8.499948787800124e+28,6.92029075536217e+27,1.6090410158366396e+27,6.401521003714473e+29
iter_0373,4.063080102140103e+29,5.323510844156743e+28,1.2557804284583921e+28,1.0697041872351081e+27,4.7317062712739666e+29
iter_0374,4.19933287330021e+29,4.987521664552691e+28,1.365112068924887e+28,1.5179093576695964e+28,4.986387182414927e+29
iter_0375,4.3821698127971746e+29,4.2157481924585405e+28,4.8966630676801396e+27,3.193650339799215e+27,4.884647766117822e+29
iter_0376,3.995588136048568e+29,4.171862125951917e+28,4.4903944767498984e+27,1.3862830129523228e+27,4.4715411235407815e+29
iter_0377,4.17496621459436e+29,3.5573475166082276e+28,4.6296707582465093e+27,1.7439821429508128e+27,4.594437495267156e+29
iter_0378,3.802031605911052e+29,5.403632174588421e+28,1.5427480637084671e+28,3.9543753931270503e+27,4.536213383672011e+29
iter_0379,3.980849927534672e+29,4.495669899223024e+28,3.1644929645927305e+27,1.1635410476416282e+27,4.473697257579318e+29
iter_0380,4.009211270255642e+29,5.409806656410599e+28,6.515356602784971e+27,1.3308710959427595e+27,4.628654212883979e+29
iter_0381,3.4004115400513736e+29,2.625018771275582e+28,5.363385054811985e+27,1.042157630672145e+27,3.7269688440337734e+29
iter_0382,3.8527726020094095e+29,4.910669393965098e+28,5.923687562927972e+27,1.47075452020857e+27,4.417783962237285e+29
iter_0383,3.8818261914840424e+29,4.028034230393936e+28,4.7996909736647496e+27,1.461149981755636e+27,4.347238024077639e+29
iter_0384,4.390963107251818e+29,6.6276506125852325e+28,5.53656577510782e+27,5.693953812305499e+26,5.114787780073725e+29
iter_0385,4.115876409220919e+29,4.502697590440974e+28,9.509332441752133e+27,9.092503666600548e+27,4.7521645293485435e+29
iter_0386,4.720650934260211e+29,4.748379632428502e+28,1.3633064615776418e+28,4.0746761136691887e+27,5.372566304797517e+29
iter_0387,5.616141565321075e+29,5.940972995993203e+28,6.900578204625937e+27,1.8301202186201983e+27,6.297545849152857e+29
iter_0388,3.652055396916088e+29,3.453289599097577e+28,3.368107251290988e+27,6.827145343385173e+26,4.03789257468214e+29
iter_0389,4.461241796175138e+29,5.217034669866754e+28,9.477297637332891e+27,3.384796647402684e+27,5.111566206009169e+29
iter_0390,3.768901166804034e+29,5.163919615161738e+28,9.855289350413036e+27,2.292457877103832e+27,4.4067706005953764e+29
iter_0391,4.763854275066627e+29,7.890255874350694e+28,1.6839869826510606e+28,1.854876012834259e+27,5.739827320895145e+29
iter_0392,3.640895836755443e+29,5.053029719983332e+28,1.361582641549924e+28,6.303805444003812e+26,4.288660878352772e+29
iter_0393,4.6401895350735415e+29,4.231322763258098e+28,5.784712783227245e+27,1.6447514495018676e+27,5.137616453726642e+29
iter_0394,3.775472118096719e+29,6.4729632151811875e+28,2.6959047330308537e+28,4.551048136875333e+28,5.1474637266054566e+29
iter_0395,4.416452464862629e+29,8.421382116388602e+28,5.166839950206013e+27,1.3188699291475077e+27,5.323447775295024e+29
iter_0396,4.895082558120485e+29,7.782822105103359e+28,6.59252116763836e+27,1.4941302321551157e+27,5.754231282628755e+29
iter_0397,3.7693751937747984e+29,8.344071702863846e+28,9.813179944743698e+27,6.17789347796786e+26,4.7080920569865884e+29
iter_0398,4.407810288310333e+29,6.167012711442414e+28,6.406790853906372e+27,2.3907950392497537e+27,5.112487418386135e+29
iter_0399,3.96318663573066e+29,4.954923902839095e+28,5.202676145747075e+27,1.1565248060778564e+27,4.52227103553282e+29
iter_0400,3.395481636754732e+29,4.256052579043627e+28,6.710876167601644e+27,1.646707634492428e+27,3.904662732680036e+29
iter_0401,3.839969863740322e+29,4.512215757040323e+28,1.0414339959217621e+28,3.768362004813762e+27,4.433018459084668e+29
iter_0402,4.0384253680838565e+29,7.978743892857703e+28,4.5697195246038385e+27,7.864145821375904e+26,4.8898610984370415e+29
iter_0403,3.985084593704609e+29,5.826673757526545e+28,6.389942060584325e+27,3.356979313031806e+27,4.665221183193425e+29
iter_0404,4.119377563119028e+29,3.661708745047097e+28,4.124127310050172e+27,1.3733292446514337e+27,4.5405230031707546e+29
iter_0405,4.3309548139747625e+29,4.0792492621154536e+28,3.9522327249947223e+27,3.009312869815286e+27,4.808495196134408e+29
iter_0406,5.370436034219654e+29,5.7968427088544734e+28,6.936170488539927e+27,3.897629635703958e+27,6.058458306347541e+29
iter_0407,4.111711465328946e+29,4.265515710447793e+28,5.058180178497449e+27,1.478216549634476e+27,4.603627003655045e+29
iter_0408,3.675311013287602e+29,4.867254161190054e+28,1.011070226439904e+28,2.012549853487071e+28,4.464398437399305e+29
iter_0409,4.183050556057923e+29,4.854635090405524e+28,5.985283270552592e+27,1.7365219987638547e+27,4.7457321177916394e+29
iter_0410,4.7955238501500525e+29,7.897586069734277e+28,1.3251500539438761e+28,6.094544459690212e+26,5.723892006977558e+29
iter_0411,3.219887424048505e+29,4.890903324444603e+28,1.3577462504504316e+28,8.282080435581229e+26,3.8530344619735895e+29
iter_0412,5.572682495893433e+29,6.795654124196207e+28,1.1683331003068518e+28,3.667555380873165e+27,6.40575677215247e+29
iter_0413,4.235739241374299e+29,7.2164605311508245e+28,2.3650572767814834e+27,5.812759732423801e+26,4.98684862698962e+29
iter_0414,4.905841811495733e+29,8.991145630364233e+28,2.9748824086847224e+28,8.755224655495594e+27,6.189996861955584e+29
iter_0415,3.36376958506373e+29,4.285193841673683e+28,3.0982058243664624e+27,1.9949150400807886e+27,3.84322017787557e+29
iter_0416,4.1559163660876445e+29,6.011116998719838e+28,2.5706261102424707e+28,6.173356018223382e+27,5.075824237166109e+29
iter_0417,3.6171066417140055e+29,3.7345095344873757e+28,4.804030219266042e+27,1.6983942657032752e+27,4.0555818400124364e+29
iter_0418,4.4193611299607036e+29,4.609263589056919e+28,3.7805866462598525e+27,1.7950420321496577e+27,4.936043775650491e+29
iter_0419,5.355248335699461e+29,1.049315168353745e+29,5.127854156510659e+28,1.3832458047777752e+27,6.93118137775205e+29
iter_0420,4.584198421838628e+29,8.053114661234758e+28,3.2813115068199295e+28,1.9983991513026224e+27,5.737625030157123e+29
iter_0421,3.90907237133508e+29,4.056835851958496e+28,2.8322119052223147e+27,9.036911288084683e+26,4.3521149868712374e+29
iter_0422,3.5741613389082886e+29,5.060632155154556e+28,7.90064799891543e+27,5.994981442176567e+26,4.165226015855075e+29
iter_0423,3.710198282805838e+29,5.663416337480442e+28,2.749767267599037e+27,9.001734885045559e+26,4.313039324114918e+29
iter_0424,6.1494825193647644e+29,7.844417767303443e+28,4.4260538469209476e+27,2.8569024746304156e+27,7.006753859310623e+29
iter_0425,3.3536245753088016e+29,3.973238924255125e+28,5.442811718504993e+27,3.818712948628276e+27,3.8435637144056466e+29
iter_0426,3.931605677575327e+29,5.854002149935907e+28,5.4685946391269585e+28,1.0942135267978286e+27,5.074807491749592e+29
iter_0427,5.0016746530089146e+29,4.224584567418766e+28,8.520997955416702e+27,6.002745079091566e+27,5.569370540095874e+29
iter_0428,3.6489484985005984e+29,8.873897079414054e+28,3.5381583768309677e+28,7.668218838013051e+28,5.6569759279264055e+29
iter_0429,4.794350385691569e+29,7.053849295544504e+28,3.1601953492886044e+27,1.0404248984988645e+27,5.541741517723894e+29
iter_0430,3.4374931915367424e+29,4.905207596519372e+28,1.1876773498366844e+28,5.401766092610653e+27,4.1007993470984545e+29
iter_0431,4.1798951191143175e+29,5.203595195457077e+28,7.713316642500817e+27,7.656450228197783e+27,4.8539523073670114e+29
iter_0432,4.112662273866847e+29,7.240792302976038e+28,3.2809383235467864e+28,7.428789339143026e+28,5.907714270433432e+29
iter_0433,4.7475299838432654e+29,4.521663886005507e+28,4.214216603111936e+27,4.7389626098947924e+26,5.2465775010848306e+29
iter_0434,3.807690615078722e+29,5.176306283125638e+28,1.2654305442007267e+28,8.738954387963662e+27,4.5392538416909946e+29
iter_0435,5.458639594166112e+29,3.421599259070981e+28,5.222923365642365e+27,2.922840477205197e+27,5.882257158501686e+29
iter_0436,4.1625489732902395e+29,7.29132050291925e+28,2.588050668514489e+28,1.7461612722426845e+27,5.16794770315604e+29
iter_0437,4.523811420064056e+29,3.4943153050209618e+28,4.2901164821376e+27,2.019701428830586e+27,4.936341129675834e+29
iter_0438,3.527188115034727e+29,4.979091513357212e+28,3.9633596245255737e+27,1.4336572290621346e+27,4.079067434906325e+29
iter_0439,4.874962305985871e+29,4.851827213069011e+28,5.086476490061019e+27,3.075979450195369e+27,5.441769586695336e+29
iter_0440,3.522059076534582e+29,4.841448184267502e+28,7.635972501904231e+27,2.5513512604547853e+27,4.108077132584922e+29
iter_0441,4.675166534147494e+29,3.231033093586471e+28,3.124292607678343e+27,1.2048537023934529e+27,5.041561306606859e+29
iter_0442,3.3035366286280686e+29,3.978988254833816e+28,2.284786517499644e+27,5.342098995847756e+26,3.7296254182822945e+29
iter_0443,4.6999860116768624e+29,7.176246039219168e+28,8.292236465699548e+27,1.5763413575318662e+27,5.516296393831093e+29
iter_0444,5.093828533038631e+29,4.324232387482774e+28,3.003783526461281e+27,3.822976409390455e+26,5.560112583460911e+29
iter_0445,4.641310469668425e+29,9.337179693606844e+28,3.3997369460411184e+28,8.210042464782475e+27,5.997102558281046e+29
iter_0446,3.961614691058199e+29,4.216789224404202e+28,3.319171684806816e+27,1.2670038009748374e+27,4.4291553683564356e+29
iter_0447,3.889447544667692e+29,4.862856402554487e+28,5.120649472748675e+27,3.083846250344773e+27,4.4577781421540754e+29
iter_0448,3.7107016666557754e+29,3.2797472269499373e+28,2.3052969342535187e+27,5.3142408812451585e+26,4.067043599574549e+29
iter_0449,3.7271809767000926e+29,3.651686916038564e+28,4.711933700686992e+27,7.811748165284198e+26,4.147280753476103e+29
iter_0450,4.270183462726221e+29,5.0319187009859365e+28,2.551147883263917e+27,4.291488073491819e+26,4.8031782997309455e+29
iter_0451,3.855298959519822e+29,4.064257519204827e+28,3.4593748728348237e+27,1.0377432327099513e+27,4.306695892495752e+29
iter_0452,3.930931561942012e+29,7.186365727216251e+28,3.428093843905091e+27,7.035147631668359e+26,4.690884220734357e+29
iter_0453,2.7479465396109473e+29,2.8914020184504848e+28,5.808130936728906e+27,1.9377886445282474e+27,3.114545937268567e+29
iter_0454,3.568119940896926e+29,4.4713404902397225e+28,9.095858436961282e+27,7.900643409209804e+27,4.1852190083826095e+29
iter_0455,3.490630647853114e+29,3.7884159460505795e+28,6.252779237960003e+27,9.268644757764404e+26,3.941268679595536e+29
iter_0456,4.328259837671105e+29,3.5321303714531024e+28,5.771024126883503e+27,1.0659681277279296e+27,4.74984279736253e+29
iter_0457,4.485512669401012e+29,9.265431599932752e+28,2.2950675229737923e+28,2.8653646632816905e+27,5.670216228324484e+29
iter_0458,4.203869560985979e+29,2.8557396801622343e+28,4.003367514996616e+27,1.2209948794085531e+27,4.541687152946255e+29
iter_0459,4.68240443343708e+29,5.901615235068225e+28,2.891123247363179e+27,1.1295157449189406e+27,5.312772346866724e+29
iter_0460,4.958326877432204e+29,7.002905410331224e+28,2.5093146874669436e+27,5.7735018705364025e+26,5.689484067210532e+29
iter_0461,4.210830875349811e+29,6.604822260086062e+28,3.849366612185017e+27,7.98172974656711e+26,4.917788497226835e+29
iter_0462,3.6286583862688105e+29,5.499395379164337e+28,1.2489277420473755e+28,8.364551120566865e+26,4.3118552495105485e+29
iter_0463,4.9935648251309774e+29,4.469813275128157e+28,7.325993411786795e+27,1.7656538937651315e+27,5.5314626256993124e+29
iter_0464,4.7102785864713526e+29,6.6499004455105e+28,1.7411183140841997e+28,6.953468773737999e+27,5.618915150168203e+29
iter_0465,3.651427477020229e+29,4.582101875368564e+28,2.9387028808088103e+27,6.733858257348704e+26,4.145758551622523e+29
iter_0466,4.392455570802077e+29,3.8861997804484757e+28,3.5086391186109195e+27,4.012674156181275e+26,4.8201746141892146e+29
iter_0467,3.703682067876105e+29,5.986596874364345e+28,1.2274597842008985e+28,2.287489343952043e+28,4.653836668127833e+29
iter_0468,4.1363182014536455e+29,4.992583063947948e+28,5.899350337653969e+27,5.306533035086717e+27,4.747635341575847e+29
iter_0469,4.845156147406026e+29,7.612731799790751e+28,1.5692017220434735e+28,2.657397058944326e+28,6.029089205483881e+29
iter_0470,4.318268395451956e+29,7.078150155902202e+28,1.7402435261116344e+28,7.382518701298651e+26,5.2074902823546386e+29
iter_0471,4.701612323244843e+29,8.05641152161045e+28,1.5396383472405307e+28,6.051023300036095e+26,5.667268333429977e+29
iter_0472,4.384393815436374e+29,4.51860684850965e+28,1.1224319674957871e+28,1.2379263479517011e+28,5.072290331832088e+29
iter_0473,3.904643854236616e+29,3.304704042968771e+28,2.8600910747370455e+27,8.013927433945418e+26,4.271729096714809e+29
iter_0474,4.055721518678565e+29,4.459284393117191e+28,1.3071484488605317e+28,2.8860208010868706e+28,4.920966882985024e+29
iter_0475,4.091882017354994e+29,4.724906596631281e+28,9.133968970630021e+27,1.3087992669672996e+27,4.668800359394095e+29
iter_0476,4.2579911829314265e+29,5.6149262767124605e+28,1.2661643640937545e+28,1.7838263982359167e+27,4.9639385109944076e+29
iter_0477,4.468946644557628e+29,4.800650384925973e+28,2.4836135074930887e+27,6.913616411276125e+26,4.9807614345364326e+29
iter_0478,3.8946194588716195e+29,4.941539915189583e+28,1.0700973386959542e+28,3.834767677173348e+26,4.499617951937346e+29
iter_0479,5.393102755413487e+29,5.348726870863838e+28,7.36688902909873e+27,1.391553957049989e+27,6.015559872361358e+29
iter_0480,3.943320013352859e+29,4.816868692797898e+28,5.059250146036185e+27,3.4554106138488217e+27,4.510153490231499e+29
iter_0481,5.011025416601749e+29,6.383449622671337e+28,9.980860793341762e+27,7.752930876019945e+27,5.8267082955625e+29
iter_0482,3.6928221479111706e+29,6.814066890333212e+28,1.0211003391625407e+28,1.532024891460739e+27,4.491659119775354e+29
iter_0483,4.158850341527031e+29,3.4924941804311766e+28,5.717902093058598e+27,3.0088908450112936e+27,4.595367688950847e+29
iter_0484,4.555375547004154e+29,1.0295824035974764e+29,4.0062964556314365e+28,5.053743510720196e+27,6.0361250312719765e+29
iter_0485,3.7063861790106364e+29,6.426158767091084e+28,9.313684884211429e+27,2.397287135557511e+27,4.4661117759174346e+29
iter_0486,3.4917552394083224e+29,2.967614166243911e+28,4.3283903861091774e+27,7.342573052384164e+26,3.8391431329461895e+29
iter_0487,4.329036586701752e+29,6.337751778997646e+28,5.810673936924091e+27,1.6658028149396587e+27,5.037576532120154e+29
iter_0488,3.7032760588396406e+29,4.774731548781032e+28,1.2789146180804893e+28,1.0055330994071365e+28,4.4091939854665066e+29
iter_0489,3.6970256207995584e+29,2.875930762822152e+28,3.215576041644641e+27,8.360957487645449e+26,4.0251354149858654e+29
iter_0490,4.875278078681856e+29,6.712751953566383e+28,2.1812167008754414e+28,2.4627405318181444e+26,5.767137684657857e+29
iter_0491,4.42190189191938e+29,3.5178001136338457e+28,3.156667655422448e+27,9.446536253644978e+26,4.8146951160906344e+29
iter_0492,4.0443956455494195e+29,4.865476768917306e+28,4.0506012139037267e+27,7.303558173010129e+26,4.5787528927531974e+29
iter_0493,3.258719992148318e+29,2.8012707376958947e+28,3.0203434531514453e+27,6.806721996396935e+26,3.575857222445819e+29
iter_0494,4.6935422119396065e+29,4.25566342372458e+28,1.3734254256316641e+28,2.800495623638357e+27,5.2844560531116154e+29
iter_0495,4.8229035784922846e+29,6.305705495705137e+28,4.097557443332351e+27,2.585501177560173e+27,5.5203047142717234e+29
iter_0496,4.03953840036681e+29,9.611100657349808e+28,3.0825353423473527e+28,5.413382922330329e+28,5.850240292569559e+29
iter_0497,3.6784495482379196e+29,3.3103080592708423e+28,6.183088858726914e+27,3.1445928560793543e+27,4.102757171313066e+29
iter_0498,5.123880973607707e+29,5.568805055120696e+28,5.887844670152712e+27,1.0205591858564785e+27,5.749845517679869e+29
iter_0499,4.523150506783948e+29,6.2079231918483695e+28,1.742702559765103e+28,3.6772024575385625e+26,5.3218902844028336e+29
iter_0500,4.017501768613093e+29,5.990463595524553e+28,1.5611154882254055e+28,9.708320305159029e+26,4.7823679972932475e+29
iter_0501,3.8636489661777545e+29,5.280453027139074e+28,3.3912318419731135e+27,9.576295717256342e+26,4.4351828830286495e+29
iter_0502,3.544317630059261e+29,3.024659725127212e+28,4.186674839971152e+27,1.8033103012672575e+27,3.906683453984366e+29
iter_0503,3.892607320241509e+29,5.828402441668056e+28,2.1344642497351658e+28,1.0940508296432761e+27,4.699834497678264e+29
iter_0504,4.58594732885124e+29,5.065502680255134e+28,7.792651387626051e+27,8.734953765554184e+27,5.257773648408556e+29
iter_0505,4.1934822665070544e+29,5.08089701662917e+28,5.54880591809519e+27,3.765974353418638e+27,4.7947197708851096e+29
iter_0506,3.424757027785254e+29,3.134027683668372e+28,4.6671902751551115e+27,4.455098076168551e+27,3.829382679665328e+29
iter_0507,3.610703966580983e+29,4.240357045844331e+28,3.527880208654256e+27,9.924901268626069e+26,4.079943374520585e+29
iter_0508,3.403087572816263e+29,3.7681782995819836e+28,4.8533763101479735e+27,1.6128093657091638e+27,3.8445672595330325e+29
iter_0509,4.192893644480912e+29,4.886376715961474e+28,3.761042647056269e+27,3.136633442365642e+26,4.722278375989987e+29
iter_0510,4.624989073667087e+29,6.345109370212409e+28,4.1616795192468377e+27,2.68406587558236e+27,5.32795746463662e+29
iter_0511,5.707255081535304e+29,7.139030895944201e+28,1.3059431486239932e+28,4.795703092364592e+27,6.59970951691577e+29
iter_0512,3.869573189538737e+29,5.165920631682753e+28,5.029772041412409e+27,1.350998410610448e+27,4.4499729572272416e+29
iter_0513,4.4531572938971e+29,6.985934226364404e+28,5.211879797158372e+27,5.929627258606817e+26,5.2097991417637304e+29
iter_0514,5.1176820995053765e+29,4.515406976446896e+28,3.1488414373016375e+27,1.6816703931680647e+27,5.617527915454763e+29
iter_0515,4.0222555395683376e+29,5.193093838970904e+28,3.7802269125400653e+27,2.0050958349822717e+27,4.5994181509406516e+29
iter_0516,4.2416684428909945e+29,9.350972446659797e+28,3.6700701903716054e+28,1.225363569669434e+28,5.6663090635610776e+29
iter_0517,4.261478179275241e+29,4.634791289589644e+28,4.9059014077420823e+27,2.091172237497884e+27,4.7949280446866054e+29
iter_0518,3.7631149370266556e+29,3.9107550397796974e+28,3.0533243235523583e+27,2.0680571480055795e+27,4.2054042557202044e+29
iter_0519,4.067385120406694e+29,2.732838717720792e+28,3.0120744118478153e+27,7.727796281397108e+26,4.3785175325786485e+29
iter_0520,5.013470351124078e+29,7.253386035255543e+28,6.48657546610051e+27,1.2013329828965003e+27,5.815688039139602e+29
iter_0521,4.0888198907153885e+29,5.039603101778218e+28,5.953564265471894e+27,3.029415812037056e+27,4.682610001668299e+29
iter_0522,3.891115029939687e+29,6.0349991726039634e+28,8.080132049948151e+27,4.7794867275293875e+27,4.623211134974859e+29
iter_0523,4.5752359938142964e+29,5.97841450905237e+28,4.8635274394952245e+27,4.9033909894667156e+27,5.270746629009153e+29
iter_0524,3.796207602288368e+29,9.058743555215936e+28,1.7774347647393788e+28,1.1256051839827895e+28,4.992385952682178e+29
iter_0525,5.345190547532539e+29,5.578645890827135e+28,1.0125071423917447e+28,9.649153191188533e+27,6.100797382766312e+29
iter_0526,4.137691914216109e+29,6.220715477677133e+28,3.536373752501682e+27,7.120333226145929e+26,4.802247532734986e+29
iter_0527,5.69243346088518e+29,4.310892154799808e+28,5.517562654958547e+27,2.4326903129690535e+27,6.203025206044437e+29
iter_0528,4.264905305273233e+29,5.0174954424690825e+28,1.1426537746044946e+28,5.40781356900015e+27,4.934998362670592e+29
iter_0529,4.127066697979579e+29,5.875026181926218e+28,2.6414037663534605e+28,1.9318934472847595e+28,5.1718990375360225e+29
iter_0530,4.269431963233817e+29,4.947532885927633e+28,3.8371172024581766e+27,1.1666515244967137e+27,4.8142229390961295e+29
iter_0531,5.1950729415872236e+29,6.866045641501699e+28,1.2626824466573235e+28,3.1899059415946554e+27,6.039844809819072e+29
iter_0532,3.865196960101599e+29,5.355821954882758e+28,3.7684231948329695e+27,7.733497089122462e+26,4.446196884627327e+29
iter_0533,3.942927193714633e+29,4.601547301897588e+28,7.350722698349453e+27,2.2858773998970903e+27,4.4994479248868575e+29
iter_0534,4.589555624123606e+29,6.631241627664036e+28,3.0588196976908855e+28,4.824779846928954e+28,6.0410397413519935e+29
iter_0535,4.068016754833448e+29,2.8513018223691583e+28,2.748652657245673e+27,8.863207949025677e+26,4.389496671591846e+29
iter_0536,4.141303497087677e+29,5.8267385843251065e+28,4.2954934371623423e+27,1.2571830607727378e+27,4.779504120499538e+29
iter_0537,3.8810237906081906e+29,4.748486726727695e+28,3.3075514446025784e+27,1.5856397154196422e+27,4.404804374881183e+29
iter_0538,5.3580192471507186e+29,7.653925282382719e+28,3.871841404767789e+27,3.5971726366451336e+26,6.1657273620733136e+29
iter_0539,4.114885923880805e+29,4.4248306673646595e+28,3.1220519345472106e+27,1.3934490739977122e+27,4.60252400070272e+29
iter_0540,3.1716742480211796e+29,4.231317923117324e+28,4.195595492866043e+27,2.3042823741008499e+27,3.6598048190025814e+29
iter_0541,3.8479005386191966e+29,8.377372584912303e+28,1.6827891934818355e+28,1.8921349094261455e+27,4.872838065552872e+29
iter_0542,4.068188590809079e+29,5.499677732816977e+28,8.025439725196013e+27,8.59690317249682e+26,4.707007664515234e+29
iter_0543,3.74672719700165e+29,4.109867915560242e+28,5.748313633539156e+27,2.3160006310546266e+27,4.2383571312036115e+29
iter_0544,3.806666588958476e+29,4.672889577554016e+28,5.372578046992488e+27,2.636607736867626e+27,4.354047404552479e+29
iter_0545,4.367130334919606e+29,8.614600994414428e+28,2.957095069082455e+28,1.7286766209800418e+28,5.697167603367298e+29
iter_0546,4.446265809595771e+29,9.589878811845527e+28,2.5700063706577905e+28,1.133926329637888e+28,5.7756469608098916e+29
iter_0547,4.988285269309656e+29,7.3366696403650775e+28,1.6533156422980347e+28,1.2522193017100947e+28,6.012505727746977e+29
iter_0548,4.6856715937268244e+29,7.4792890287387655e+28,4.1534052389871146e+27,1.630424247345739e+27,5.49143879146403e+29
iter_0549,4.683582839650096e+29,5.5400107347859475e+28,5.890795602018055e+27,3.4009124382765e+26,5.299892781587148e+29
iter_0550,3.8150113945336506e+29,3.675620380362161e+28,4.6914264747727145e+27,1.2613871751963957e+27,4.2421015690695575e+29
iter_0551,4.534121245872455e+29,7.2058980365135804e+28,9.058820049585749e+27,5.258731427068876e+27,5.3978865642903596e+29
iter_0552,4.805904580521462e+29,3.8349851035212157e+28,3.7649898734016384e+27,1.1418963791195598e+27,5.238471953398795e+29
iter_0553,3.933794675350031e+29,5.121360728218782e+28,4.7800845588510445e+27,2.208750403674254e+27,4.515819097797162e+29
iter_0554,5.7426831503308516e+29,6.502288831115677e+28,3.6489878137814134e+27,8.410431975287929e+26,6.437812343555521e+29
iter_0555,4.52766763698719e+29,4.135547363323942e+28,8.306540652078768e+27,1.756316283577938e+27,5.041850942676151e+29
iter_0556,4.649810475608726e+29,6.0397381350186965e+28,2.426664916146748e+27,4.346549089599522e+26,5.2823974873616626e+29
iter_0557,4.002391734681185e+29,4.481833484105075e+28,4.5012657287095663e+27,2.7049813124490794e+27,4.5226375535032785e+29
iter_0558,5.047354049213012e+29,5.038461556764544e+28,1.5401753655074764e+28,1.2885550553726568e+27,5.7181032919939406e+29
iter_0559,4.040818773315354e+29,3.276969481909303e+28,3.0154835745547566e+27,1.2595011333695363e+27,4.4112655685855274e+29
iter_0560,4.3531337715638894e+29,9.495151723248058e+28,6.259614559024978e+27,5.824168745834498e+26,5.371069258224779e+29
iter_0561,4.7492844364975725e+29,5.917486534882135e+28,3.270400025076984e+27,1.3588763642165342e+27,5.3873258538787215e+29
iter_0562,3.37117971875636e+29,4.607232068201905e+28,1.3468942261063604e+28,6.751882614610795e+26,3.9733442308017966e+29
iter_0563,3.5624751709576215e+29,3.2978177399340594e+28,4.335688443583181e+27,6.214757350877553e+26,3.941828586737736e+29
iter_0564,3.741262424583138e+29,3.0928921252179464e+28,3.6068458259634313e+27,5.709411671567024e+26,4.092329507036134e+29
iter_0565,4.8701870199249155e+29,6.966033658911756e+28,2.8395559524094927e+28,2.338114447695517e+27,5.874127125533996e+29
iter_0566,4.368349156571607e+29,8.543430653525237e+28,2.0921944885263214e+28,1.724487235118867e+27,5.4491565431279515e+29
iter_0567,5.158909523689326e+29,5.873485108880966e+28,7.739181911130981e+27,5.629546700921927e+27,5.8799453206979514e+29
iter_0568,3.738660710297911e+29,4.082717836906163e+28,1.3395658509678623e+28,1.1436539677767472e+28,4.3952544758629884e+29
iter_0569,3.621303046728523e+29,6.385336322470644e+28,1.2695126826417068e+28,3.503603118387932e+27,4.421823978423637e+29
iter_0570,3.9185851940640314e+29,6.396560030851148e+28,6.953322932424756e+27,1.0086616886911713e+27,4.637861043360306e+29
iter_0571,4.199583126102031e+29,6.753739644057233e+28,6.98341280086426e+27,2.496372515451809e+27,4.969754943670915e+29
iter_0572,4.186020532911818e+29,3.72132467363211e+28,3.103203610633333e+27,5.208299220640155e+26,4.5943933356020026e+29
iter_0573,4.2490924920287814e+29,4.4506961657320355e+28,6.816608550415852e+27,5.637644143882017e+27,4.818704635544964e+29
iter_0574,4.296304568603137e+29,4.567771489880491e+28,3.8080470221291245e+27,2.1393259096900468e+27,4.812555446909379e+29
iter_0575,5.341122146820085e+29,6.130975170085459e+28,6.251362018895177e+27,9.856950500963163e+26,6.0265902345185454e+29
iter_0576,4.0394191406612e+29,4.119508357750146e+28,1.0152210668213072e+28,1.480531412349151e+28,4.70094522435326e+29
iter_0577,4.579568268651138e+29,3.8425101700636162e+28,6.566678891888699e+27,4.396228866381139e+26,5.033882303442768e+29
iter_0578,4.947257178789925e+29,7.838581481823626e+28,4.217499780120332e+28,8.85347796983024e+28,7.038213101967345e+29
iter_0579,4.8907804609914735e+29,4.492933955749481e+28,4.907248275434335e+27,8.513286223527059e+26,5.397659625544292e+29
iter_0580,3.6795857744541525e+29,3.5934783016025273e+28,3.358230597168409e+27,7.684043728999487e+26,4.080199954315089e+29
iter_0581,5.414568445731039e+29,9.386375715893305e+28,1.670091573218059e+28,2.4146769264836583e+27,6.544361943907013e+29
iter_0582,3.0562559201591693e+29,3.254425690814672e+28,9.344770980593409e+27,5.712718263837233e+26,3.480858917310408e+29
iter_0583,4.910832454387196e+29,7.6468836252261385e+28,1.777265280838215e+28,2.131927996972643e+28,6.0664401446908956e+29
iter_0584,4.13383451661142e+29,3.909741804033878e+28,4.6709042210766363e+27,6.482950821537034e+27,4.636347247440944e+29
iter_0585,3.3582690810165824e+29,7.380338080208507e+28,8.299262249086433e+27,6.288397994984185e+26,4.185583909523282e+29
iter_0586,4.1430297391244354e+29,5.0135850634974905e+28,1.1096186501093657e+28,2.8863009121943004e+27,4.7842131196070645e+29
iter_0587,3.798994133794123e+29,7.019750194687726e+28,9.541575335925981e+27,1.8334611473474922e+27,4.61471951809563e+29
iter_0588,3.7286745442279595e+29,2.9518080056791247e+28,2.6804219521542195e+27,1.227775004794304e+27,4.062937314365357e+29
iter_0589,3.9739145746842205e+29,4.632973038064387e+28,4.92605636815432e+27,7.790225574915172e+26,4.4942626677471174e+29
iter_0590,4.5907017262923725e+29,1.0189885020874957e+29,5.301334667910363e+28,8.087156751042901e+26,6.147910851921948e+29
iter_0591,3.988687536017084e+29,4.579823051288835e+28,4.259711249103432e+27,2.7590173022929263e+27,4.5168571266599314e+29
iter_0592,3.8427297698923575e+29,7.540235552710236e+28,1.1284604421643889e+28,8.380820124991282e+26,4.7179801895048105e+29
iter_0593,4.350810282800965e+29,5.581692086675296e+28,2.502274632402395e+28,3.757372623731282e+28,5.534944217081862e+29
iter_0594,4.2918555570330225e+29,5.654295904962502e+28,9.475492658129837e+27,2.866136657713016e+27,4.9807014406877004e+29
iter_0595,3.853587267345736e+29,4.131901407119243e+28,7.129867997919902e+27,4.886201091231901e+26,4.342962289128092e+29
iter_0596,4.001163166394672e+29,4.373492725979992e+28,5.892978103121839e+27,2.8914807231149073e+27,4.526357027255038e+29
iter_0597,4.68198922145739e+29,5.887148921278024e+28,3.2373006898719137e+27,6.0604940884535214e+26,5.309137614572365e+29
iter_0598,4.8668849211844005e+29,6.297246921290284e+28,1.1466116440363692e+28,7.702569731543368e+27,5.688296475032499e+29
iter_0599,5.101984049460502e+29,4.349709240677963e+28,6.32499724200188e+27,4.919661148080437e+27,5.649401557429122e+29
iter_0600,4.915887530014447e+29,6.630687525224253e+28,6.398616481214327e+27,4.1116545495409177e+27,5.684058992844425e+29
iter_0601,4.928571943095845e+29,9.581580242791312e+28,1.0704987596146213e+28,9.114983397791338e+27,6.0849296773143516e+29
iter_0602,4.627305302554413e+29,5.85248457273175e+28,6.202762191474536e+27,1.9032918621169841e+27,5.2936143003635035e+29
iter_0603,5.01175923798143e+29,7.034509082860918e+28,6.730542051029873e+27,5.479645352129349e+26,5.78799521212995e+29
iter_0604,4.051661638560383e+29,4.687911577193457e+28,3.833799423177749e+27,9.756725250569708e+26,4.568547515762076e+29
iter_0605,4.428600511395028e+29,5.350807208920339e+28,6.821912196417632e+27,1.276366076106768e+27,5.044664015012307e+29
iter_0606,3.36062359713419e+29,4.693548746940123e+28,5.906496279354811e+27,4.785339843934855e+26,3.893828774465685e+29
iter_0607,4.016601328485224e+29,5.328086831935292e+28,9.918343954270166e+27,2.733913348517265e+27,4.6759325847066275e+29
iter_0608,4.1421045475595434e+29,3.8735461304358584e+28,2.2457900641522745e+27,4.296374371716193e+26,4.5562134356163684e+29
iter_0609,4.140847944190104e+29,5.186398222049234e+28,3.6781613216923985e+27,8.479233939397264e+26,4.704748613551348e+29
iter_0610,3.503618519176678e+29,2.826122194368521e+28,3.3011414563156213e+27,5.112928411700576e+27,3.870371437293692e+29
iter_0611,4.850659873904594e+29,6.333215635191793e+28,5.210640135086567e+27,2.3875910876367648e+27,5.559963749651007e+29
iter_0612,3.388355706951583e+29,2.8660712494710407e+28,2.3450530041497299e+27,4.5579597043529406e+26,3.702971321644537e+29
iter_0613,4.7326310828407305e+29,8.936698396990603e+28,3.5182103752369146e+28,5.809778466055062e+27,6.036219744724033e+29
iter_0614,4.190700924301877e+29,5.299732255353712e+28,1.0296255928750643e+28,7.435611285961196e+26,4.8310723204107154e+29
iter_0615,5.517836907438592e+29,6.913377342410804e+28,5.403208072697e+27,1.8982187853548103e+27,6.282188910260191e+29
iter_0616,4.019605914560882e+29,3.802412034648621e+28,9.283079389458118e+27,7.839000544250983e+27,4.5710679173628345e+29
iter_0617,4.2279807470877956e+29,5.5643820436887185e+28,4.9008880586479956e+27,1.5103026293805481e+27,4.848530858336953e+29
iter_0618,4.3976048219788874e+29,3.3253531958385185e+28,5.92622353839498e+27,1.0715035450170797e+27,4.80011741239686e+29
iter_0619,3.099018932477599e+29,3.541506336370474e+28,3.726755862684084e+27,1.6577875177561482e+27,3.507014999919049e+29
iter_0620,3.767643277054744e+29,5.9300570631619936e+28,2.6311071516271845e+28,1.7631926821491064e+27,4.641391625355153e+29
iter_0621,4.442257643051516e+29,5.744810142255786e+28,5.969146264849123e+27,1.0485810670827652e+27,5.086915930596414e+29
iter_0622,3.3577868284792224e+29,4.654369634425065e+28,3.42230600706025e+27,7.842243710669713e+26,3.865289095703001e+29
iter_0623,3.8290373576998616e+29,3.8759352737752514e+28,8.871660858151163e+27,5.480810898064814e+27,4.360155602639547e+29
iter_0624,5.713703852473043e+29,1.0233391927524774e+29,4.272637507870049e+27,8.597113219682329e+26,6.788366533523903e+29
iter_0625,3.8914886514539646e+29,2.7953249448112406e+28,3.9508197105485966e+27,1.0513709622889857e+27,4.221043052663465e+29
iter_0626,4.842281512024724e+29,7.147422428676563e+28,6.308712434512866e+27,8.67887070687139e+26,5.628789749944381e+29
iter_0627,5.754677590611193e+29,6.0372394797414235e+28,1.4812846960653795e+28,1.3527306139062618e+27,6.520057314330935e+29
iter_0628,4.390853454405477e+29,5.155332127918016e+28,2.0910021197499334e+27,1.0379331118516456e+27,4.9376760195132944e+29
iter_0629,5.0405302832979835e+29,7.824360479789322e+28,9.414523619971498e+27,1.0951385838070939e+28,6.0266254258573404e+29
iter_0630,5.11065335252004e+29,5.214859011997694e+28,6.606491574691521e+27,1.9869183990941454e+27,5.718073353457666e+29
iter_0631,3.950635844252587e+29,7.156786665332167e+28,2.199105967151999e+28,1.6127106638960644e+28,5.047496173890609e+29
iter_0632,5.374830111543783e+29,7.899969117967778e+28,1.5756706433482474e+28,4.807947886380411e+27,6.370473566539189e+29
iter_0633,4.434350628798287e+29,5.874840678948646e+28,1.3476118269954863e+28,7.24974264698512e+26,5.1638456220396856e+29
iter_0634,4.826784793475213e+29,7.55011134449564e+28,1.86207280573609e+28,3.03784057869796e+28,6.071787266368182e+29
iter_0635,5.181028066684228e+29,4.148357813421548e+28,3.3973720348630797e+27,8.474380771936568e+26,5.63831194914695e+29
iter_0636,4.4695051175214645e+29,7.938542920429516e+28,5.92481301003804e+27,6.932528850707359e+26,5.329540068515504e+29
iter_0637,5.424619873125215e+29,8.086102149965608e+28,9.545646872551804e+27,1.6710901891987438e+27,6.345397458739281e+29
iter_0638,4.0440143669543394e+29,3.8492378231670214e+28,2.574659295391883e+27,1.0667233531590322e+27,4.4653519757565506e+29
iter_0639,3.97938198789259e+29,6.20413227476659e+28,3.3117556558326787e+27,1.1680194419450705e+27,4.644592966347027e+29
iter_0640,4.420697999698044e+29,4.643782253228447e+28,4.326064533431455e+27,6.171845654232217e+26,4.9345087160094354e+29
iter_0641,4.099625948690022e+29,5.750576675124037e+28,2.2652693821494382e+27,1.966116780947363e+27,4.716997477833394e+29
iter_0642,4.822331124721425e+29,6.742422021991458e+28,1.8298514604031044e+28,2.0454691474716257e+27,5.7000131644355965e+29
iter_0643,3.589311099581459e+29,3.8940038072756755e+28,3.379097395233313e+27,9.180987278194886e+26,4.021683441539555e+29
iter_0644,4.723246032369946e+29,4.407429869304588e+28,3.9494362923592753e+27,4.1841726128963393e+27,5.2453251083529605e+29
iter_0645,4.5882970647471556e+29,7.92478334383462e+28,1.6340436646670727e+28,6.120533250462836e+27,5.605385098101953e+29
iter_0646,3.661459854477608e+29,4.796539736921374e+28,8.951146467507446e+27,7.169599901498018e+27,4.3023212918598004e+29
iter_0647,4.117676465781539e+29,7.156373240860189e+28,1.3104869338887199e+28,2.9895540967309723e+27,4.99425802422374e+29
iter_0648,3.9975161890573664e+29,8.885315883671604e+28,3.1346347115277826e+28,6.766576478585043e+27,5.267177013363156e+29
iter_0649,4.248325102737638e+29,4.3601988373182115e+28,8.608491798512919e+27,1.0662703290347676e+28,4.877056937358065e+29
iter_0650,4.447953390573693e+29,5.2332087612515235e+28,9.761546105016329e+27,1.5100574875559085e+27,5.083990302624567e+29
iter_0651,5.375947418086232e+29,7.192467544616496e+28,3.0561281209180957e+27,8.015732240529087e+26,6.1337711859975915e+29
iter_0652,3.912353523385236e+29,4.310402174540291e+28,4.5559913031938057e+27,2.63503335229837e+27,4.415303987394187e+29
iter_0653,3.5408551894522605e+29,4.4997343225268875e+28,1.3601057874681537e+28,9.170056774518879e+27,4.218539768196953e+29
iter_0654,3.203881160596134e+29,3.1755837558588956e+28,3.1790491414675303e+27,4.543748887738451e+26,3.5577737764844376e+29
iter_0655,4.371531631061563e+29,5.749487220261599e+28,8.390085022224242e+27,4.0088760722473195e+26,5.034390079382213e+29
iter_0656,4.1750718355700725e+29,3.2805332003654483e+28,6.505282722796867e+27,1.6951874188484552e+27,4.585129857023071e+29
iter_0657,4.986653074097352e+29,6.90054969664342e+28,6.76008216217315e+27,3.062915747283319e+27,5.774938022856259e+29
iter_0658,4.615499787090588e+29,6.546797704321235e+28,3.633885093389696e+27,3.623242302926317e+27,5.342750831485872e+29
iter_0659,4.1624075274491734e+29,3.197787638019039e+28,3.9041783152845553e+27,1.4690496817068036e+27,4.5359185712209906e+29
iter_0660,4.325286049383859e+29,5.522963267818275e+28,2.0611469581387603e+28,4.973109111397693e+27,5.13342816309354e+29
iter_0661,3.68664949299487e+29,4.042408341742772e+28,4.964778778155708e+27,1.0254985877564671e+27,4.150793100828269e+29
iter_0662,4.1299877497159035e+29,3.6095167927839704e+28,5.816775499242748e+27,4.0946595784751246e+26,4.553201843565203e+29
iter_0663,5.884297961615697e+29,5.6646248916701665e+28,7.956662980188181e+27,3.0760384990209047e+27,6.561087465574805e+29
iter_0664,4.658656282260352e+29,5.327691456947633e+28,2.1445613095399673e+27,1.1556469800241467e+27,5.2244275108507565e+29
iter_0665,4.32810481648841e+29,9.004772979699927e+28,7.23899719525016e+27,4.622044460684843e+26,5.305594130871589e+29
iter_0666,6.1269356426984636e+29,7.893047506277932e+28,1.202777954464236e+28,7.350661220838616e+27,7.110024800981067e+29
iter_0667,4.231200404268452e+29,5.190167322867012e+28,3.917105589373354e+27,3.045323674631379e+27,4.8198414291952005e+29
iter_0668,3.346429793214916e+29,3.777374033956804e+28,5.877733616213161e+27,8.865770058428052e+26,3.7918103028311566e+29
iter_0669,4.280383637226295e+29,5.240236395660076e+28,9.248526546026507e+27,5.772834533578633e+26,4.902665376786147e+29
iter_0670,3.845247576281777e+29,4.3358463236464886e+28,4.8588653327289735e+27,7.554295915382409e+26,4.334975157889098e+29
iter_0671,4.915725222972319e+29,5.1298460126073565e+28,9.639357859838503e+27,1.044610252752579e+28,5.6295644281066965e+29
iter_0672,5.430462195883951e+29,7.267751583769249e+28,4.7547987157703647e+27,3.2936909339896905e+27,6.2377222507584764e+29
iter_0673,3.637019753305958e+29,3.5577940618032976e+28,2.8904395852512533e+27,2.1280605934298906e+27,4.042984161273099e+29
iter_0674,4.233552823185136e+29,8.735267919293537e+28,1.3623337768917905e+28,5.487436729301996e+27,5.298187360096689e+29
iter_0675,3.7343313630108976e+29,3.496618610724207e+28,3.772645282268943e+27,1.5006732757496113e+27,4.136726409663504e+29
iter_0676,4.383063733066338e+29,4.508215579996321e+28,5.399187693099697e+27,3.0031026228290052e+26,4.890880270619797e+29
iter_0677,5.5543335320718465e+29,5.225222795051194e+28,2.534699271449759e+27,1.453692553917549e+27,6.1167397298306385e+29
iter_0678,4.1250297940702794e+29,7.765499775892001e+28,1.1875567241692753e+28,1.7200274058344527e+27,5.037535718134752e+29
iter_0679,4.7192515250678864e+29,3.7500972437790966e+28,2.2790598793033007e+27,8.050167667298125e+26,5.125102015906127e+29
iter_0680,4.6151206954405e+29,4.631097799046201e+28,4.3761920401041145e+27,6.0345547989460025e+26,5.128026950545107e+29
iter_0681,4.487680548664597e+29,5.8956511050046195e+28,5.91257325626359e+27,6.061127611002595e+26,5.1424325193386976e+29
iter_0682,5.352475044626595e+29,4.744751836729779e+28,3.9843237599196366e+27,5.5394782035142325e+26,5.8723329441022835e+29
iter_0683,3.79577345833434e+29,4.98096514865794e+28,2.7508379147503067e+27,1.2140611909326422e+27,4.333518964256963e+29
iter_0684,4.226111290197145e+29,7.278015558137722e+28,3.0093044567166176e+28,5.762165747502758e+28,5.831059866432855e+29
iter_0685,4.643723055904762e+29,4.780345247272588e+28,1.0402354842785981e+28,5.461520677619115e+27,5.280396335836072e+29
iter_0686,4.5572622210334325e+29,5.522761019680779e+28,5.021111856400347e+27,2.4523056157232886e+27,5.184272497722747e+29
iter_0687,4.4671306676667444e+29,3.1074584374756013e+28,4.617697089181337e+27,1.269255891095732e+27,4.836746041217075e+29
iter_0688,3.8733940347531996e+29,3.748102175914783e+28,7.166393443825897e+27,3.3210034405683065e+27,4.35307822118862e+29
iter_0689,4.273981243862087e+29,4.962239774639131e+28,2.6348469799929443e+27,5.398525236035003e+26,4.801952216361964e+29
iter_0690,3.585484074216741e+29,5.8388962466393605e+28,4.8474761085538066e+27,1.3251600641748086e+27,4.231100060607963e+29
iter_0691,3.731519802816575e+29,3.9170787430313435e+28,2.155504564365364e+27,5.431217025039585e+26,4.150213939788403e+29
iter_0692,3.2176964292455525e+29,2.7153908485336648e+28,2.247920211318248e+27,3.3739512381272814e+26,3.515088667450229e+29
iter_0693,3.9297853138862914e+29,4.097912643488051e+28,4.265387393563744e+27,1.2977424601231816e+27,4.395207876771966e+29
iter_0694,3.407348296378291e+29,3.58474284965504e+28,2.7294098206354125e+27,8.511412571686336e+26,3.801628092121835e+29
iter_0695,4.008000630494212e+29,5.963503543507842e+28,9.116689460661506e+27,9.852838602416858e+26,4.7053707180540286e+29
iter_0696,4.413354749713508e+29,7.138106617727559e+28,1.287188168982064e+28,1.9163793374185102e+27,5.2750480217586554e+29
iter_0697,4.053833372111225e+29,5.480245871383443e+28,6.681464056874516e+27,9.801200402592192e+26,4.678473800220907e+29
iter_0698,4.21134925524221e+29,5.279597037539471e+28,5.032248636081667e+27,1.181262095397991e+28,4.907757654896773e+29
iter_0699,4.014128909390201e+29,4.450821563330559e+28,5.026374668089613e+27,3.1549932580570056e+27,4.5410247449847225e+29
iter_0700,4.178001971662014e+29,6.316433265225502e+28,1.5235424549295975e+28,1.1440173198227501e+28,5.076401275659799e+29
iter_0701,5.70502879784623e+29,8.002414393656234e+28,6.401825956544005e+27,5.868975207943262e+27,6.627978248856726e+29
iter_0702,3.1307571237291997e+29,4.10442949440783e+28,2.987054537595945e+27,1.9379214450246226e+27,3.590449832996188e+29
iter_0703,4.797831890541708e+29,7.606143087680819e+28,7.123814999421647e+27,1.9353257692680832e+27,5.649037606996687e+29
iter_0704,5.4455909826074315e+29,7.432758263304131e+28,1.6523460976634964e+28,1.4207430026691023e+28,6.496175718971104e+29
iter_0705,3.600142363914174e+29,3.73159176161563e+28,4.899257808453047e+27,4.248933103201965e+26,4.0265430512634696e+29
iter_0706,4.241511754670842e+29,7.926713186538787e+28,1.3120805420923207e+28,1.1512329157819634e+28,5.2805144191121495e+29
iter_0707,4.194854396623283e+29,5.772384758983799e+28,6.130083242924878e+27,1.9177050352937388e+27,4.8525707553038496e+29
iter_0708,3.3492878749339245e+29,3.360812275502278e+28,5.230091330639567e+27,3.634155014069982e+27,3.774011565931247e+29
iter_0709,4.644168070498022e+29,6.13282844050456e+28,8.91555935927245e+27,1.9042050695078537e+27,5.365648558836281e+29
iter_0710,4.0033481887968586e+29,5.835227204527456e+28,3.308949988856177e+27,1.4818275072391823e+27,4.6347786842105575e+29
iter_0711,4.60049518652786e+29,6.730985462209675e+28,1.2369176495353912e+28,7.582800255656198e+26,5.404868297958023e+29
iter_0712,3.968722363109497e+29,3.7121889382439526e+28,3.847225473712824e+27,1.9482700138113667e+27,4.397896211809134e+29
iter_0713,4.1391978550397795e+29,6.238910892578947e+28,1.6309143020186728e+28,1.0153572732080054e+27,4.936333947231622e+29
iter_0714,5.0600108270221985e+29,3.73372398144352e+28,2.884942636138665e+27,8.470224321294554e+26,5.470702875849231e+29
iter_0715,3.300795771728298e+29,4.1374527011025525e+28,4.3557926369741794e+27,5.21237880413348e+26,3.763311347012429e+29
iter_0716,4.380936833005509e+29,5.415119674203305e+28,7.182428580821447e+27,7.973295869694523e+27,5.074006044930999e+29
iter_0717,4.0645482249204e+29,6.493520198760493e+28,1.3050303699526392e+28,2.423342497836824e+27,4.868636706770082e+29
iter_0718,3.901932411509624e+29,3.5223695399086913e+28,3.164828395098803e+27,1.6324269674229172e+27,4.3021419191257105e+29
iter_0719,4.03534280968714e+29,5.493131888713595e+28,4.901354663560832e+27,3.63135368842003e+27,4.669983082078309e+29
iter_0720,4.3143877813399254e+29,3.996561628870096e+28,6.818073555566997e+27,1.85378806175995e+27,4.8007625604002045e+29
iter_0721,5.328789965411112e+29,6.985518755699496e+28,1.6021569066556242e+28,1.4095829204983252e+27,6.201653360851607e+29
iter_0722,4.022589520291608e+29,7.377055476247391e+28,1.7499808192905353e+28,9.234686711917669e+27,5.027640016964577e+29
iter_0723,5.5681349392674814e+29,9.746073791501767e+28,1.1636297980181807e+28,3.8119667482608464e+27,6.697224965702084e+29
iter_0724,4.248427789549305e+29,3.9254497777837233e+28,3.896578154934119e+27,1.40899973307474e+27,4.694028546207767e+29
iter_0725,4.056692308105844e+29,4.251475693912665e+28,1.413097055051872e+28,3.146011756620587e+27,4.654609700568504e+29
iter_0726,4.9762335805510684e+29,6.156878492266648e+28,7.131905886778824e+27,4.906081200895915e+27,5.712301300654481e+29
iter_0727,3.821356329321596e+29,3.4464163654132176e+28,3.267782924665577e+27,2.769695891221363e+27,4.226372754021787e+29
iter_0728,4.658620940885767e+29,4.731272359868051e+28,9.825513083505408e+27,1.0254001428467318e+27,5.2402573091360936e+29
iter_0729,4.43458773768426e+29,6.016500420919937e+28,6.302298549698226e+27,4.439845258172364e+27,5.1436592178549594e+29
iter_0730,4.126003753556144e+29,4.0887372068269055e+28,2.7972938178593133e+27,5.257972742638919e+26,4.5681083851600664e+29
iter_0731,5.883475184429634e+29,1.0238511325011802e+29,2.9390880813303644e+28,1.3567286990263752e+27,7.214802412054113e+29
iter_0732,4.3736888890478104e+29,3.7714750773693363e+28,3.513042581679415e+27,6.027479172719826e+26,4.791994301774258e+29
iter_0733,4.12697479982733e+29,4.770204072859185e+28,5.290932594020427e+27,1.247456276873944e+27,4.669379095822192e+29
iter_0734,3.39468645091524e+29,5.471406661440872e+28,5.206019977286172e+27,6.798851816832631e+27,4.0618758350005154e+29
iter_0735,5.0993079361443814e+29,6.970786216181728e+28,9.767480414038708e+27,6.280878759488631e+27,5.956870149497827e+29
iter_0736,4.572686203791029e+29,3.7387220011320737e+28,7.387043267001541e+27,2.636428322461781e+27,5.046793119798869e+29
iter_0737,3.736073756849335e+29,4.05194149034459e+28,4.844794935265383e+27,1.3269371823881177e+27,4.202985227060329e+29
iter_0738,3.895464454859432e+29,3.657818531759764e+28,5.260590195199952e+27,1.0263697252665363e+27,4.3241159072400736e+29
iter_0739,4.649403311941895e+29,7.34154448132889e+28,3.244055534006786e+28,2.366193445507953e+27,5.731625247930542e+29
iter_0740,3.25495281375788e+29,2.5215597484748394e+28,2.528242674205222e+27,8.126430873663402e+26,3.540517646221079e+29
iter_0741,4.384763307236954e+29,3.6384537066152468e+28,5.523819322624858e+27,1.359940082051511e+27,4.817446271945242e+29
iter_0742,5.421159936630493e+29,6.13972889983618e+28,6.795434778423237e+27,7.982475204298166e+27,6.182911926441326e+29
iter_0743,3.949503165805405e+29,3.583683426290339e+28,5.707558718920398e+27,1.5592551349270813e+27,4.380539646972913e+29
iter_0744,5.3590002216992535e+29,8.190752241185106e+28,5.99183844304307e+27,1.2228895077221011e+27,6.250222725325416e+29
iter_0745,4.9209044102569026e+29,6.81273150889395e+28,1.2483510805283614e+28,2.78270757849041e+27,5.754839744984038e+29
iter_0746,4.62923910761943e+29,5.468726485287115e+28,7.195466470388415e+27,4.956387061488613e+27,5.297630291466912e+29
iter_0747,4.1020972741076314e+29,3.6225873338063074e+28,9.437606978794055e+27,1.5499828865015058e+27,4.5742319061412175e+29
iter_0748,3.597570462257406e+29,3.952321635327575e+28,1.5129040790828565e+28,1.466055580954601e+27,4.158753589507996e+29
iter_0749,3.661247211558494e+29,4.755020969576286e+28,5.192492392109992e+27,5.287796298974358e+26,4.193962028736197e+29
iter_0750,4.2369550037782685e+29,6.648856780771255e+28,5.608859157259759e+27,4.1674789141817044e+27,4.999604062569809e+29
iter_0751,4.200840907575276e+29,4.232205476937561e+28,1.148424214731953e+28,3.241966638779187e+27,4.7713235431300196e+29
iter_0752,3.847957270272444e+29,5.9918457549559705e+28,1.0118859370673804e+28,2.15530484863016e+27,4.569883487961081e+29
iter_0753,5.612101631479027e+29,7.515489207065516e+28,1.3965859825000716e+28,2.8654989577765577e+27,6.531964140013352e+29
iter_0754,5.0775123078135335e+29,4.5316731120023855e+28,3.162113452137536e+27,1.0255545337121631e+27,5.572556298872268e+29
iter_0755,4.091246570277068e+29,4.853272893932992e+28,7.004932433270785e+27,1.4961659648886504e+27,4.661584843651962e+29
iter_0756,4.179023614239445e+29,7.563920243038033e+28,1.0324977257447748e+28,1.2364177709987828e+28,5.162307188217604e+29
iter_0757,5.0542952922928495e+29,5.6718620196799815e+28,5.155795077461574e+27,1.4836979989839407e+27,5.687876425025303e+29
iter_0758,4.288354399789383e+29,5.223401493935646e+28,7.726765515545881e+27,6.294777495892985e+27,4.950909979297336e+29
iter_0759,4.063553196432715e+29,3.643081394179133e+28,3.161512243073719e+27,8.42162110437503e+26,4.46789807938574e+29
iter_0760,4.5775794005661666e+29,3.608801261704239e+28,2.3682978536451055e+27,4.6291249360959634e+26,4.966771630209137e+29
iter_0761,3.8676136791980494e+29,4.799700291111437e+28,3.131919466302286e+27,2.3616195682031154e+27,4.4025190986542476e+29
iter_0762,5.864234223051601e+29,5.315481319759369e+28,7.626748814139256e+27,2.0064291021947502e+27,6.492114134190877e+29
iter_0763,4.161393347129591e+29,4.157505940375842e+28,3.090119589991792e+27,8.66895020575792e+26,4.616714087272852e+29
iter_0764,6.046185652790508e+29,5.816192098715913e+28,2.4232279318150137e+28,1.000601401094284e+28,6.970187795953029e+29
iter_0765,4.22827069582241e+29,5.097620517339692e+28,4.242374924545721e+27,8.379196064599192e+26,4.788835692866435e+29
iter_0766,4.595604144457464e+29,5.765799390835185e+28,5.362663848593465e+27,4.8755538268425467e+27,5.274566260295343e+29
iter_0767,4.634581885360871e+29,6.010907034234583e+28,6.97509816317947e+27,1.7240797637613213e+27,5.3226643680537376e+29
iter_0768,3.822283570306843e+29,4.807629193278156e+28,6.600256473062547e+27,9.007235144153212e+27,4.459121405806816e+29
iter_0769,4.952514255230164e+29,7.383962464889282e+28,1.84458170435873e+28,1.444752821012514e+27,5.889816200365091e+29
iter_0770,4.160320011467668e+29,5.603809856317977e+28,6.639808713434174e+27,1.663478282892752e+27,4.803733867062735e+29
iter_0771,4.3783200958972596e+29,5.533955973890515e+28,4.6603215706534956e+27,2.1231143038120846e+27,4.999550052030967e+29
iter_0772,4.2992935016765666e+29,6.33947832424849e+28,1.4218738950138115e+28,4.901969936903817e+27,5.124448422971835e+29
iter_0773,4.113109608592786e+29,5.066341518362142e+28,4.7696168243433135e+27,1.9073751694534726e+27,4.686513680366968e+29
iter_0774,3.825021903071612e+29,3.9299023371673924e+28,3.5179316982880797e+27,6.272694677246573e+26,4.2594641484484786e+29
iter_0775,6.02113490547786e+29,9.30705034274122e+28,3.6005480801704114e+28,7.680828370289889e+28,8.079977584798013e+29
iter_0776,3.9411362130806525e+29,4.828716104630777e+28,4.054159541899625e+27,2.397047032672231e+27,4.488519889289448e+29
iter_0777,4.309178294196874e+29,6.30596624400171e+28,1.0851603019773215e+28,2.8546737460125813e+27,5.076837686254903e+29
iter_0778,3.715334833093839e+29,2.7454008493440678e+28,5.591547129052217e+27,3.6233366683786075e+27,4.0820237560025534e+29
iter_0779,3.5503344244807494e+29,4.319130531862032e+28,1.2523236182495644e+28,8.263553517332587e+26,4.115743393009242e+29
iter_0780,4.351676253230131e+29,4.916782368911907e+28,3.0667392906619685e+27,2.9023846415247266e+26,4.876924267669466e+29
iter_0781,3.9395685130142506e+29,4.472158898319082e+28,6.473182063815087e+27,4.63496431332031e+26,4.45615118779763e+29
iter_0782,4.620148286615919e+29,6.390936505014294e+28,6.418198910292735e+27,4.914116962351018e+27,5.372565095843786e+29
iter_0783,4.887998294694038e+29,7.978284862037643e+28,4.712704019766465e+27,1.2969794224619028e+27,5.745923615320086e+29
iter_0784,3.0289209666997272e+29,3.975986622608119e+28,1.5570475847170487e+28,1.0981024491050039e+27,3.593205411923295e+29
iter_0785,3.918136983248507e+29,5.09555947391276e+28,5.441299345883615e+27,1.364849371969242e+27,4.495754417818312e+29
iter_0786,3.7666790766270716e+29,5.899119581331728e+28,3.9663826473500667e+27,2.1895617813440654e+27,4.418150479047186e+29
iter_0787,5.99046980674265e+29,5.021253877280152e+28,2.3648668672753154e+27,5.415438591444415e+26,6.521659301734863e+29
iter_0788,5.044193664228112e+29,3.7491873949701906e+28,3.758579675696618e+27,5.137969471814794e+26,5.461836169953912e+29
iter_0789,4.682991919548887e+29,4.912965144277901e+28,7.587401279219774e+27,7.770175689347271e+27,5.3278642036623475e+29
iter_0790,3.5941946637919955e+29,7.513987411061908e+28,2.8698181307866797e+28,1.2383491369843625e+28,4.756410131675291e+29
iter_0791,3.728082580592859e+29,3.5652706790624774e+28,5.043082355863655e+27,2.7877933101685815e+27,4.162918405159429e+29
iter_0792,4.657146742281353e+29,4.231729018956155e+28,8.812507637007985e+27,3.190342466700125e+27,5.20034814521405e+29
iter_0793,5.464178459518095e+29,5.070876173306988e+28,2.5633610051333877e+27,1.4819075107466856e+27,6.011718762007595e+29
iter_0794,3.2908017835988e+29,5.3197675979382365e+28,2.6129557092004932e+28,4.608073740089383e+28,4.5448814883216106e+29
iter_0795,4.231825839707583e+29,4.662720445676856e+28,4.7340725490100845e+27,5.271729819005301e+26,4.750710339584374e+29
iter_0796,5.2031578569756874e+29,8.33349364004548e+28,2.4238887748298473e+28,8.558708537066135e+27,6.36448318383388e+29
iter_0797,3.9349967325910584e+29,4.17292898688799e+28,3.387745067062065e+27,9.586381661408275e+26,4.395753463611886e+29
iter_0798,3.764893257628259e+29,4.600071783842735e+28,6.211550716910915e+27,3.059120869052684e+27,4.3176071518721685e+29
iter_0799,4.471624789707792e+29,8.527949886969879e+28,4.6306462263599106e+28,3.7822261887931833e+28,6.165707019920089e+29
iter_0800,4.512696534643017e+29,5.195803432857066e+28,1.1589748187233104e+28,3.0524301823154746e+27,5.178698661624209e+29
iter_0801,6.085896963213979e+29,9.810582220153455e+28,3.161894702282309e+28,9.48649640360517e+27,7.478009619493608e+29
iter_0802,3.739989985867413e+29,7.0401488876258085e+28,2.4414370188329904e+28,3.342879677781485e+27,4.721577373291108e+29
iter_0803,5.120663589031392e+29,5.497431369429702e+28,4.5808351642411896e+27,1.747421144672289e+27,5.733689289063497e+29
iter_0804,3.538730647260175e+29,4.2609061962228775e+28,9.727096931551931e+27,6.529735398930607e+26,4.068621971596913e+29
iter_0805,4.3802459805476756e+29,5.397394173010199e+28,4.1133652881274454e+27,9.749164345030878e+26,4.9708682150750006e+29
iter_0806,3.714383014441721e+29,6.72524834213695e+28,4.239220962424252e+27,9.285476175394881e+26,4.438585534455053e+29
iter_0807,5.069809098431476e+29,7.985195506581501e+28,1.4709263544078407e+28,2.4839155532157917e+27,6.0402604400625684e+29
iter_0808,4.776256054016917e+29,7.6534607094973816e+28,1.2711009067515535e+28,1.4446232030594205e+27,5.6831584476724045e+29
iter_0809,4.18483789530859e+29,6.78998290667973e+28,1.0931511437493453e+28,1.4555801336003963e+27,4.987707101687502e+29
iter_0810,4.410487609338221e+29,7.615355081971471e+28,1.0631694158340053e+28,9.177697569644406e+26,5.287517756688413e+29
iter_0811,3.935029524807074e+29,4.1123720754200364e+28,4.2998373902944986e+27,4.141869417606952e+26,4.3934069756696296e+29
iter_0812,4.157355774400409e+29,6.208383123817775e+28,7.552173622321151e+27,1.25454142657672e+27,4.8662612372711656e+29
iter_0813,3.980655840272771e+29,5.799490934912901e+28,4.6542668072344704e+27,2.7634884295506047e+27,4.6347824861319115e+29
iter_0814,4.306576747246647e+29,3.5974615231913484e+28,3.977563487504435e+27,2.0415362499737456e+27,4.726513896940564e+29
iter_0815,4.46184826379955e+29,6.347539585013323e+28,1.1110418388842228e+28,2.903047939061763e+27,5.236736885579922e+29
iter_0816,3.820260884749484e+29,3.9203151806067313e+28,1.091461300802218e+28,1.0404729540064384e+28,4.425485828291023e+29
iter_0817,3.6323447430614544e+29,3.9308978421040653e+28,3.725650627171282e+27,9.268630725505395e+26,4.071959664269078e+29
iter_0818,5.057727110099149e+29,7.87333023320467e+28,5.517665348562006e+27,7.12640264767259e+26,5.9073631895529094e+29
iter_0819,4.4445191525843335e+29,8.524227256587071e+28,1.1289668399548574e+28,1.1416829084930926e+28,5.5240068530878355e+29
iter_0820,4.587700730290633e+29,5.7138017644621695e+28,1.7932730526310027e+28,1.3755095583325664e+27,5.352163307583277e+29
iter_0821,4.382347523065165e+29,5.285659170490286e+28,1.7139954098172037e+28,3.8284165239633065e+27,5.120597146335547e+29
iter_0822,4.19144499087711e+29,3.7976554274908472e+28,7.305675943645233e+27,5.272383014654389e+27,4.696991123209191e+29
iter_0823,4.9562614054627506e+29,7.068375021408789e+28,2.955966135576058e+28,1.6448000772209096e+27,5.975143521933445e+29
iter_0824,3.499149509424494e+29,2.9452143699342546e+28,3.301965918241182e+27,1.2251377717401446e+27,3.838941983317733e+29
iter_0825,3.901868453677457e+29,4.140680267439147e+28,1.1626866620696525e+28,1.3055897371059071e+28,4.5627641203389275e+29
iter_0826,4.5006869271502636e+29,7.993356681620433e+28,1.0255934069904156e+29,3.8958072364995484e+27,6.364574074667719e+29
iter_0827,3.851783234132834e+29,3.6893601810128067e+28,2.772514375420102e+27,8.117178780762603e+26,4.256561574769079e+29
iter_0828,4.985264019705557e+29,6.340121504505603e+28,3.3566485862997114e+28,1.784953584011162e+27,5.9727905646262005e+29
iter_0829,3.46225942559244e+29,3.2015284984878647e+28,3.628078128883161e+27,8.796014542134481e+26,3.8274890712721936e+29
iter_0830,4.563059364468584e+29,3.4163837761978003e+28,4.443496544660872e+27,2.329805372038327e+27,4.9724307612553564e+29
iter_0831,4.4169249786935356e+29,3.1044320846850766e+28,2.838129138916589e+27,1.2508213004992543e+27,4.768257691556202e+29
iter_0832,3.500725855170459e+29,4.551162000529002e+28,2.9554923720894087e+27,1.331259936588427e+27,3.998709578310137e+29
iter_0833,2.853276865468406e+29,2.6747948188790377e+28,2.8668736518601244e+27,8.378360523643158e+26,3.157803444398554e+29
iter_0834,3.504771796078632e+29,3.6261188905308737e+28,6.069053077431059e+27,1.4085279241951042e+27,3.9421594951479806e+29
iter_0835,4.715034056922584e+29,3.4529147928535644e+28,2.312092771859213e+27,2.1719999989489786e+27,5.1051664639160226e+29
iter_0836,4.430149143013114e+29,5.682152274289466e+28,4.437678266696031e+27,4.286389359344551e+26,5.047027542468366e+29
iter_0837,3.537507757229963e+29,4.159795190767423e+28,3.041420272857423e+27,6.376642584272385e+26,3.990278121619552e+29
iter_0838,4.76311358346523e+29,8.732206683689747e+28,3.442060066185263e+28,3.220242011687243e+27,6.012742678569604e+29
iter_0839,3.313973673419968e+29,4.100801702635855e+28,6.980594299741412e+27,4.979495315527501e+26,3.798839281996495e+29
iter_0840,4.163724353693019e+29,5.31460756363211e+28,2.677641291505752e+28,1.9068976316833747e+27,4.9820182155236385e+29
iter_0841,4.1729025840296206e+29,5.986254830271098e+28,1.0795371342611412e+28,1.807572120909914e+28,5.060238992573836e+29
iter_0842,3.4315452629050465e+29,3.3251837994469243e+28,2.8506694541510485e+27,4.314116332580692e+26,3.79688445372383e+29
iter_0843,4.4404514146404566e+29,7.506247189834993e+28,8.598850853985131e+27,3.021538101169788e+26,5.2800861802649766e+29
iter_0844,3.789980335519305e+29,3.957452034996062e+28,6.18607742547318e+27,2.900849908741136e+27,4.276594812361054e+29
iter_0845,4.253340889820796e+29,5.1636047675447425e+28,3.3438366713538095e+27,3.6294463201841766e+27,4.8394341964906504e+29
iter_0846,4.481418295633038e+29,7.913420708556286e+28,5.096268884548285e+27,9.123683878726922e+26,5.332846739212877e+29
iter_0847,3.360019902726061e+29,5.101552698341153e+28,1.077471326515363e+28,7.475917790958183e+26,3.985398223002671e+29
iter_0848,4.176093782428379e+29,5.49942998482365e+28,7.34799054864819e+27,9.977824721173083e+26,4.8094945111183986e+29
iter_0849,5.19794486094115e+29,5.55208865003151e+28,4.852208183680754e+27,7.182664184250562e+26,5.8088584719653584e+29
iter_0850,4.135044535282785e+29,4.501768019428642e+28,2.3998629315486935e+27,2.2891795659555277e+27,4.632111762200691e+29
iter_0851,3.937639212031948e+29,4.017697433459599e+28,8.280892170515906e+27,1.0914412084894356e+27,4.433132289167961e+29
iter_0852,4.847624064138282e+29,6.40700326617989e+28,2.2372142286795603e+28,1.1940415703453559e+27,5.723986229327681e+29
iter_0853,4.17612997130006e+29,7.375659936214946e+28,2.610716277520001e+28,7.991016985692772e+27,5.2546777625304824e+29
iter_0854,4.450549400928001e+29,6.381762325314078e+28,1.346695411513733e+28,8.475731216929246e+27,5.308152486780075e+29
iter_0855,3.825448536271392e+29,4.826294706909923e+28,4.988993323819774e+27,5.060189841839172e+27,4.408569838618973e+29
iter_0856,3.5511544504018444e+29,3.6261117275403656e+28,5.033889927028941e+27,2.7346444441460974e+27,3.991450966867632e+29
iter_0857,4.349875759263862e+29,5.9633402132032446e+28,3.7402899356728647e+27,1.1071294894967176e+27,4.994683974835883e+29
iter_0858,3.984824109941469e+29,3.929427511156712e+28,3.924445231342709e+27,2.0222340122359432e+27,4.4372336534929266e+29
iter_0859,4.060432879483039e+29,4.086402899665153e+28,4.192253560156191e+27,1.811951624159351e+27,4.52911522129271e+29
iter_0860,3.649299404600665e+29,3.527762433005972e+28,3.3222740801502697e+27,8.828419930374431e+26,4.044126808633139e+29
iter_0861,4.183479104128288e+29,3.0168853284312236e+28,3.024939205219292e+27,1.59011975601594e+27,4.531318226583763e+29
iter_0862,3.8740991065541e+29,6.206308082848596e+28,7.487344382570838e+27,6.879222024765831e+26,4.5764825806894335e+29
iter_0863,4.8895022275266996e+29,1.0999333750740593e+29,4.4654753088715524e+28,6.520562489542784e+28,7.088039382442193e+29
iter_0864,3.667698922739556e+29,3.070272710797206e+28,3.1376123812791976e+27,6.00297882516182e+26,4.012105296457231e+29
iter_0865,4.446145392452938e+29,5.720808714429787e+28,1.1916935591072313e+28,6.418249831930499e+27,5.201578118125945e+29
iter_0866,3.868868578163118e+29,3.983193681819637e+28,3.0471054575802676e+27,1.6395281467146958e+27,4.314054282388031e+29
iter_0867,4.219052727715769e+29,5.932867035125678e+28,8.7346074427821e+27,1.4524172551059316e+27,4.9142096782072176e+29
iter_0868,3.443263200998863e+29,4.906390191668096e+28,6.108114508640509e+27,4.292378294433037e+27,4.037907148196408e+29
iter_0869,3.982322455221213e+29,4.9878856942403915e+28,1.130578881168914e+28,4.898848982420682e+27,4.643157402586351e+29
iter_0870,5.309518822714649e+29,3.0983795777018234e+28,3.1030303130511337e+27,4.847033864211883e+26,5.6552341174795545e+29
iter_0871,4.014263969424554e+29,2.886923009981581e+28,2.6382096970249096e+27,1.7483298163184914e+27,4.3468216655561464e+29
iter_0872,3.946572442957224e+29,5.388228232760135e+28,6.646617317793929e+27,1.4905959980983765e+27,4.566767399392161e+29
iter_0873,4.5828555174518534e+29,3.463053372817721e+28,4.379486815240463e+27,3.687629739544611e+27,5.0098320202814765e+29
iter_0874,4.431929806067474e+29,4.443367950548144e+28,7.660464669021308e+27,2.494525103895244e+27,4.9778164988514544e+29
iter_0875,3.96780427753452e+29,5.800960585974952e+28,2.17522524530126e+28,9.236849912129644e+27,4.857791359783437e+29
iter_0876,4.083385998834687e+29,7.583816823397751e+28,8.267483248212982e+27,1.9042334426654977e+27,4.943484848083247e+29
iter_0877,4.0280455659630765e+29,5.6157460717729355e+28,8.25125093751361e+27,2.1263865574149228e+27,4.693396548089655e+29
iter_0878,3.29417206675449e+29,5.201724980940515e+28,6.877610300566492e+27,6.719611671801813e+27,3.950316784572224e+29
iter_0879,6.184952514648368e+29,5.853353858944073e+28,6.850358471131853e+27,1.897024827003429e+27,6.857761733524128e+29
iter_0880,3.821612123484679e+29,7.054166208851672e+28,9.456639166995673e+27,5.018537474560091e+27,4.671780510785403e+29
iter_0881,3.729178995064777e+29,5.00614232555885e+28,1.4531174046115382e+28,9.822251447639733e+26,4.384927219529456e+29
iter_0882,3.5823208682197176e+29,4.684047801500596e+28,2.1871916196099102e+28,9.060812180953236e+26,4.2785056225117214e+29
iter_0883,3.923584944576301e+29,5.017393595638007e+28,5.925510719677565e+27,4.511736098872085e+26,4.489091147435749e+29
iter_0884,4.378805851857771e+29,3.0215226871872607e+28,4.238935208855868e+27,5.838126308544467e+27,4.7817287357505e+29
iter_0885,4.2939271206834255e+29,5.625464269999568e+28,1.9563805397997106e+28,1.246817100673905e+27,5.064579772670093e+29
iter_0886,4.618639415415239e+29,4.194802945117442e+28,7.816067439061271e+27,1.9619212473605398e+27,5.135899596791202e+29
iter_0887,3.9520791343338285e+29,4.71401120995391e+28,4.209307048789587e+27,4.452784321826112e+26,4.4700261101389416e+29
iter_0888,4.1967764510857034e+29,5.385763088063555e+28,2.9952253677270475e+28,2.024387517171003e+28,5.237314048381864e+29
iter_0889,3.771654053548143e+29,7.055242512110795e+28,8.483908065793977e+27,9.010639015816997e+26,4.57102802443298e+29
iter_0890,3.476493544954654e+29,3.3329758882442144e+28,5.907611268483246e+27,4.185039182299175e+26,3.873052285646207e+29
iter_0891,5.3309570991642466e+29,6.783148693353096e+28,1.1945149599168155e+28,1.0977702772279905e+28,6.2385004922140364e+29
iter_0892,3.870783703776595e+29,8.10505231875655e+28,9.176942784031473e+27,1.4261782353724445e+27,4.787320145846289e+29
iter_0893,3.4701714205564934e+29,4.0863039421602e+28,3.206373433304468e+27,1.611926764698405e+27,3.926984816752542e+29
iter_0894,4.253106633963077e+29,6.033272628473739e+28,1.3050193039600088e+28,1.7499006486033717e+27,5.004434833692485e+29
iter_0895,4.2695061136502474e+29,8.043113184101493e+28,1.9709638923794026e+28,1.2787353482218247e+27,5.283701174780555e+29
iter_0896,3.746319255942245e+29,5.298433786307031e+28,4.827008259273845e+27,2.4311666966587795e+27,4.348744384132274e+29
iter_0897,4.547824773642242e+29,7.775432287241465e+28,3.308322783871592e+28,7.870153348259542e+28,6.443215615579502e+29
iter_0898,4.088587846462286e+29,6.092242565979053e+28,1.3304040717122317e+28,1.6547878342301867e+27,4.847400388573716e+29
iter_0899,5.795922711706967e+29,7.341584351214193e+28,3.3611357121019843e+27,1.4231150698340352e+27,6.577923654647746e+29
iter_0900,4.618334490650776e+29,4.45290475458145e+28,4.130977668836167e+27,1.4457505744783573e+27,5.119392248542066e+29
iter_0901,4.1098471054207844e+29,4.8811606673043285e+28,3.399078674104749e+27,2.047359812654366e+27,4.652427557018808e+29
iter_0902,3.8821513736963534e+29,5.175957326330664e+28,2.575407464810807e+27,1.2006551857101233e+27,4.437507732834629e+29
iter_0903,3.727305534049053e+29,4.473217528716011e+28,4.094631615075061e+27,1.245369223376467e+27,4.22802729530517e+29
iter_0904,4.938330564815962e+29,6.110539864726667e+28,1.321297192305882e+28,1.7303571159254868e+28,5.8545499821117656e+29
iter_0905,5.180693902061682e+29,5.440274184218677e+28,4.060390661902786e+27,1.4039827385654656e+27,5.7793650544882315e+29
iter_0906,4.2468477624836066e+29,5.136259222317463e+28,9.226840085608282e+27,2.413839281150042e+27,4.876880478382936e+29
iter_0907,4.901705525698102e+29,3.548136462293073e+28,5.123637644338056e+27,2.942236911382758e+27,5.337177917484618e+29
iter_0908,3.785307857119303e+29,7.356985947231804e+28,8.584287587535763e+27,1.96140044832742e+26,4.608810728166169e+29
iter_0909,3.1814608567899994e+29,3.8344705931380596e+28,5.592654469526716e+27,1.984647145517165e+26,3.622819107944589e+29
iter_0910,4.614472727647031e+29,4.593005315348748e+28,4.7947036504979826e+27,1.7667959567745013e+27,5.139388255254631e+29
iter_0911,4.07245018359844e+29,5.708318508911619e+28,8.130827258427972e+27,1.8818096716528373e+27,4.74340840379041e+29
iter_0912,3.7159934988133566e+29,3.6631013839171286e+28,6.481137139634054e+27,3.31833066123653e+26,4.150433339262646e+29
iter_0913,3.293506183373308e+29,4.199037879088213e+28,8.169667225262429e+27,1.1599919085829843e+27,3.8067065626205835e+29
iter_0914,4.639578651543541e+29,6.161597204554192e+28,5.293934168773552e+27,6.003173471218702e+26,5.314680887157914e+29
iter_0915,4.140755895383132e+29,4.585926553792055e+28,9.26302962926333e+27,5.7442234910014775e+26,4.6977230705459726e+29
iter_0916,4.0860159973356894e+29,4.384611821248386e+28,5.223227202180852e+27,4.2336718172157215e+26,4.5809431232995525e+29
iter_0917,4.909704558805461e+29,6.2110630248267665e+28,5.012516420839151e+27,8.42313354083917e+26,5.589359159037369e+29
iter_0918,4.3845644773037835e+29,7.237789254746908e+28,2.9766558178065227e+28,5.558610522070473e+28,5.9618700367661735e+29
iter_0919,5.271298945513387e+29,7.203112795436731e+28,1.4635184597152436e+28,1.0470774441079771e+28,6.242669815439382e+29
iter_0920,4.4985971129729354e+29,5.567932561282596e+28,7.290785351051141e+27,1.2276086419869166e+27,5.1405743090315764e+29
iter_0921,4.3438243658471496e+29,7.371009059695069e+28,6.330525188896482e+27,1.4206824003563336e+27,5.158437347709185e+29
iter_0922,4.205245456261641e+29,3.4503964390584507e+28,3.7827976792468606e+27,1.262505767563395e+27,4.600738134635588e+29
iter_0923,4.538440347896458e+29,5.957054261486983e+28,5.551915634891739e+27,4.955755435198658e+27,5.2392224847460604e+29
iter_0924,4.196088571863317e+29,4.24192165799675e+28,2.6520127951228255e+27,7.631543004007848e+26,4.654432408618228e+29
iter_0925,4.0870733787676666e+29,4.512175564229661e+28,5.596878987655835e+27,5.124017230137585e+27,4.645499897368567e+29
iter_0926,4.477830969502342e+29,4.878660370000204e+28,6.737847925562096e+27,8.248134037736119e+26,5.04132361979572e+29
iter_0927,4.081619588237802e+29,6.195637502532351e+28,3.2189281790674056e+27,6.121748532295897e+26,4.739494368814007e+29
iter_0928,4.53883516754753e+29,4.951597228868697e+28,4.2719190770942217e+27,4.978680711754398e+26,5.081692761917096e+29
iter_0929,4.420995066442552e+29,4.398139052002016e+28,7.013398779236786e+27,5.806878271231831e+27,4.98901174214744e+29
iter_0930,4.025811588537182e+29,5.859684486400829e+28,5.02664121555089e+27,2.757341868250101e+27,4.6896198680152744e+29
iter_0931,5.1980355189265924e+29,8.993489466958665e+28,1.0513906041023145e+28,4.02915020978802e+27,6.242815028130571e+29
iter_0932,3.304777427193211e+29,4.704115912872666e+28,1.0692168948265308e+28,1.4175511237092413e+27,3.8962862192002225e+29
iter_0933,5.138156452769121e+29,7.940327047110454e+28,7.488857660141246e+27,1.3265767091857464e+27,6.020343501173436e+29
iter_0934,3.962784630579893e+29,4.413825762869793e+28,7.761410240237447e+27,8.499993170270724e+27,4.566781240971954e+29
iter_0935,3.2194512412540655e+29,5.645986723364465e+28,6.178937653726431e+27,9.72700169570488e+26,3.855566291823481e+29
iter_0936,4.044999788067939e+29,5.712996226987415e+28,6.506458646310774e+27,2.2335508850558426e+27,4.7036995060803466e+29
iter_0937,5.109858938042376e+29,5.859380159883003e+28,1.718040909137383e+28,1.221092256967578e+28,5.989710270641172e+29
iter_0938,4.332809380214127e+29,4.5844664298613395e+28,3.3856702172962835e+27,1.297515895175565e+27,4.8380878843249794e+29
iter_0939,4.750566454388763e+29,4.204048724181121e+28,4.3612160918541195e+27,8.000173868578717e+26,5.222583661593995e+29
iter_0940,3.921442968063007e+29,5.402862336899299e+28,3.969018976044573e+27,2.4328679261095067e+27,4.525748070774477e+29
iter_0941,4.0417633747387e+29,4.9250083803829955e+28,1.5503625087308323e+28,1.1707972984497808e+28,4.806380193495061e+29
iter_0942,4.486141166815128e+29,6.130097116788312e+28,1.081764859829965e+28,9.731911190769748e+26,5.217059275667726e+29
iter_0943,4.126765752905684e+29,4.593860031512188e+28,4.6074657901346696e+27,1.738075493147293e+27,4.649607168889722e+29
iter_0944,3.398608047379076e+29,5.6550597662917e+28,8.604005759107055e+27,8.00345364378655e+26,4.0581575352431036e+29
iter_0945,4.747192780633842e+29,5.776380578322055e+28,9.625269355742267e+27,4.2911992958522684e+27,5.463995524981992e+29
iter_0946,3.455456621851617e+29,3.8887711492001757e+28,5.637823313990927e+27,2.4380833201185174e+27,3.9250928031127294e+29
iter_0947,4.190883739681076e+29,5.905565066750139e+28,7.69532733869562e+27,9.29472530375762e+26,4.8676882450468046e+29
iter_0948,4.643801182680032e+29,7.503120205329215e+28,1.7340903899195307e+28,5.183315381667917e+26,5.5727055575865736e+29
iter_0949,3.8573546271979025e+29,3.446023146588831e+28,5.955351805958961e+27,6.14782076370662e+27,4.3229886675534414e+29
iter_0950,3.6216668712486045e+29,4.205840441088962e+28,5.590494189720457e+27,3.6387013261789394e+27,4.134542870516495e+29
iter_0951,3.6316464266876135e+29,5.275170867826356e+28,4.7113199621065123e+27,2.8749204501078977e+27,4.235025917592393e+29
iter_0952,4.324508748852666e+29,6.181478988677351e+28,1.0467722668979209e+28,8.752754974828102e+27,5.134861424158475e+29
iter_0953,6.0638263017662724e+29,8.215395140280986e+28,3.7357516020873574e+28,7.829376161498064e+28,8.041878592152913e+29
iter_0954,3.331614834093952e+29,3.9202631028852567e+28,4.942095267573977e+27,2.9618414504172593e+27,3.80268051156239e+29
iter_0955,4.284810341620712e+29,5.2510598014012095e+28,8.24483608457333e+27,2.2620890333010066e+27,4.914985572939576e+29
iter_0956,3.695847994851101e+29,4.077578205852423e+28,3.783987672783786e+27,8.099538852028621e+26,4.1495452310162096e+29
iter_0957,3.6040465692289846e+29,4.983124823395936e+28,1.0011447421437185e+28,9.907961495158594e+26,4.212381487278109e+29
iter_0958,3.822951607927222e+29,3.720031212124419e+28,5.476789631218704e+27,3.156682727904416e+27,4.2812894527308946e+29
iter_0959,5.098864440780553e+29,4.264042382563526e+28,5.390724901740938e+27,4.8003771443396694e+27,5.627179699497712e+29
iter_0960,3.581458813767268e+29,3.9470076646961794e+28,5.57753871630192e+27,3.587981664713066e+26,4.035522949064619e+29
iter_0961,3.328388452143741e+29,3.667871385089107e+28,5.364222714675593e+27,2.0092882113758645e+27,3.768910699913166e+29
iter_0962,4.605651826464593e+29,5.7748665425712665e+28,1.552164690615778e+28,2.734113803241209e+28,5.611766330107418e+29
iter_0963,4.042494498449894e+29,5.487190717478119e+28,4.149372407404886e+27,2.330988048242535e+27,4.656017174754181e+29
iter_0964,3.626353882083548e+29,4.329313956844694e+28,4.573049061037518e+27,6.413789448567712e+26,4.1114295578269604e+29
iter_0965,3.935013688341181e+29,5.543794227674402e+28,3.5140806896267753e+27,1.8577295184549832e+27,4.543111213189439e+29
iter_0966,4.5561668644986275e+29,3.0955977069877454e+28,3.0982275533158345e+27,1.598730489739363e+27,4.912696215627954e+29
iter_0967,4.501173580004923e+29,4.740807954057349e+28,5.961061641709324e+27,2.6271952118775595e+27,5.061136943946526e+29
iter_0968,4.375476018936167e+29,4.667220397864274e+28,5.4087518693836e+27,3.3765982459491376e+27,4.930051559875922e+29
iter_0969,4.342009587354905e+29,7.371112420164666e+28,2.575607575858176e+27,4.204734945458454e+26,5.1090816400754116e+29
iter_0970,4.65837999232529e+29,5.4672075545714355e+28,8.494456252030791e+27,8.256113480120245e+26,5.298301423782862e+29
iter_0971,4.059021430219539e+29,4.203798862017582e+28,3.335113111205244e+27,1.6617605235685772e+27,4.529370052769036e+29
iter_0972,3.8471582194993385e+29,4.5674911047265674e+28,5.461161278675718e+27,8.86210194098051e+26,4.367381044699733e+29
iter_0973,3.519856693779643e+29,4.8047958575572095e+28,1.7037120449542994e+28,1.1972952446492656e+28,4.290437008495721e+29
iter_0974,5.254192702555152e+29,5.406538826125599e+28,2.693672316707172e+27,8.429866943201777e+26,5.830213175277985e+29
iter_0975,4.226050096313624e+29,5.142720514352138e+28,1.009662114674106e+28,5.270986085155168e+27,4.8939982200677994e+29
iter_0976,3.550047743775607e+29,3.069903843843993e+28,2.4265787532638255e+27,1.878726863402396e+27,3.900091184326669e+29
iter_0977,3.9910022815470514e+29,5.741575963123614e+28,5.404333901745649e+27,1.8391897614758396e+27,4.6375951144916274e+29
iter_0978,3.356156958099516e+29,4.724142873088146e+28,5.710147479317651e+27,2.143016000387454e+27,3.907102880205381e+29
iter_0979,4.3048614623084156e+29,5.9291909107978965e+28,1.0426592326646297e+28,1.095332059240637e+28,5.111579682578732e+29
iter_0980,4.9622959705457715e+29,1.0552894974683831e+29,2.3703673871683825e+28,6.0281415763425065e+26,6.260650348307335e+29
iter_0981,3.768602563655122e+29,3.020111861805199e+28,4.7679929234677346e+27,5.798252623948949e+26,4.124091931694268e+29
iter_0982,4.009400461019105e+29,5.611965192019952e+28,1.0378530741040567e+28,4.917072401806221e+26,4.679299360033312e+29
iter_0983,6.125151887977857e+29,6.483883241694095e+28,5.462744693471117e+27,5.0409357553761805e+26,6.833208594837353e+29
iter_0984,4.190071091493369e+29,4.334025196428814e+28,8.094624246657563e+27,7.080831475109722e+27,4.7752281683539234e+29
iter_0985,4.259122448075504e+29,4.527710417841684e+28,4.8835117974816775e+27,5.5966962296190186e+26,4.766325304064108e+29
iter_0986,3.6099570209948484e+29,3.7146847558819886e+28,5.765698902924626e+27,6.317398576868272e+26,4.045399884189162e+29
iter_0987,5.0551825651409e+29,8.530516957877928e+28,2.2988792870855177e+28,2.586358138618601e+27,6.16398577102343e+29
iter_0988,3.84424349665324e+29,5.927801097364622e+28,1.1751288941181819e+28,9.939765408244188e+26,4.564476261209765e+29
iter_0989,3.920900526976009e+29,4.655818591181516e+28,6.020939148790857e+27,9.214329241171292e+26,4.4559061068232405e+29
iter_0990,4.732914415618318e+29,6.5392341729387185e+28,1.4782755879506775e+28,4.173563156368312e+27,5.576401023270941e+29
iter_0991,4.5307336006692934e+29,4.223387381563511e+28,5.905606397454522e+27,1.3104565447184965e+27,5.025232968247375e+29
iter_0992,3.678526137286017e+29,5.969051424887643e+28,3.4494418579540663e+27,1.533705397090379e+27,4.3252627523252264e+29
iter_0993,4.47129005559875e+29,1.1033863475027154e+29,2.1281294810723435e+28,2.544967762894083e+27,5.8129390288376405e+29
iter_0994,5.226225725175078e+29,7.991171296140876e+28,1.1395976749775117e+28,1.0073611119101807e+28,6.240038733477935e+29
iter_0995,3.3762531685814e+29,3.5066016959675966e+28,5.067922737037229e+27,3.397811137990923e+27,3.811570676928441e+29
iter_0996,4.376196571318303e+29,9.392468267377036e+28,1.7366825230163706e+28,1.0035980289193702e+27,5.499147630646837e+29
iter_0997,4.9724606799660864e+29,4.006559551788652e+28,4.5320163048573794e+27,6.531761301628308e+26,5.424968559495154e+29
iter_0998,4.5897920545639485e+29,5.08530211256509e+28,8.262030575290971e+27,4.507377754429761e+26,5.1854499493277966e+29
iter_0999,4.265212434429138e+29,6.249054812118932e+28,6.345153921505132e+27,6.671846031229568e+27,5.020287915168378e+29
iter_1000,4.481214567279795e+29,7.206613468547159e+28,1.110191863068955e+28,5.047170321137466e+26,5.317942270762544e+29
