"V1","V2","V3","V4","V5","V6","V7","V8","V9","V10","V11","V12","V13","V14","V15"
8.00631245396957,-0.814671936595841,0.30416127352255,7.78201029242064,-0.865611947007017,0.439915532287254,7.58677141519554,-0.509046018767697,0.212939416384327,7.63563217156647,-0.566593631761614,0.189582737037468,8.16278649221452,-1.83923559021885,0.480959306288162
8.09437801631319,-0.897973476023294,0.251726855629188,7.92312762822904,-0.940044661496413,0.501210330815182,7.42286829223788,-0.442567653556291,0.171383638862276,7.39862690387834,-0.492013135414986,0.160417785465941,8.07608281292921,-1.75992898961127,0.479841012377534
8.25420633244251,-0.984890307387941,0.43414353578788,7.88900590118733,-0.928757734659056,0.507327023374954,7.48212425614227,-0.483316954255388,0.174434865996098,7.29402689205037,-0.418735996086522,0.110519865726303,8.11436412897094,-1.79360781375878,0.485387482019453
8.1266132182315,-0.911852912652368,0.311474161532301,7.85083887155202,-0.883930718209457,0.439645080375332,7.51273751199764,-0.525194438148904,0.203406845895034,7.46220980142887,-0.47501700817896,0.141975020229078,8.01067984758602,-1.7165952020045,0.476577304603862
8.17476478324774,-0.938128379342852,0.3518542031065,7.90727179334645,-0.928100717411771,0.493183050417366,7.55232779069098,-0.519490208541852,0.207211888680084,7.37053241781779,-0.439995734868547,0.109004598599223,8.3146775509933,-1.93335519956894,0.509870001628732
8.29044159342591,-0.964636590757609,0.35623900097148,7.75026161873523,-0.878291087692357,0.443540191778868,7.50186079587579,-0.491200589384707,0.190917130745482,7.49878510359561,-0.483832857733223,0.161189513650325,8.12523812718453,-1.7917551895757,0.455186121514477
8.14569466018684,-0.910312587332256,0.260856568914546,7.85532140405095,-0.898765300747089,0.486789251096571,7.47460543295386,-0.442924153497134,0.180071530158791,7.37958545733182,-0.439467545899622,0.114416451329079,8.247628571921,-1.85481953130324,0.485771614938211
8.40332027948533,-1.07840958774107,0.448335188240246,7.83468225657844,-0.894132481277947,0.493160914795403,7.57608054703534,-0.504843925547247,0.193393164858454,7.4894044006357,-0.482171553308416,0.187096388744664,8.02237637436544,-1.75038088355849,0.451478817535919
8.40134545861568,-1.05232176877468,0.430713780451215,7.83650098829114,-0.901161798956374,0.463914206288372,7.45521754555283,-0.463729554098445,0.177603713119068,7.65646525782009,-0.591405049259284,0.215983816415887,8.06233176088695,-1.73454623710773,0.47412738280465
7.99155606472782,-0.792331033923315,0.245320362334889,7.68833313724851,-0.828293055601356,0.429727515271044,7.51248853169655,-0.511040796628302,0.218540930332016,7.53380625762758,-0.541551184228918,0.19092234036457,8.1672804296713,-1.80961403513541,0.499469918508647
8.27987214591638,-1.01475247915345,0.413236226199025,7.76764429541255,-0.842016313622981,0.438023119988067,7.61549288067248,-0.547291070113247,0.248746117888879,7.30947679591489,-0.398395540300954,0.0975194964370428,8.24300860349116,-1.88408131570884,0.492773403578703
8.03055481138548,-0.870595832082328,0.256601884468409,7.76019948734061,-0.882780396551003,0.442783612757532,7.5550202950424,-0.488424126621249,0.19830967084213,7.43304546066669,-0.475516000950253,0.145631268743835,8.29322771360041,-1.92994788843947,0.514334920998157
NA,NA,NA,NA,NA,NA,NA,NA,NA,NA,NA,NA,NA,NA,NA
8.13625493240688,-0.95113331020429,0.308291508943875,7.85797690362669,-0.931110971516489,0.478337551045298,7.55276222810674,-0.545860054343765,0.212403935293461,7.3489150288387,-0.453447313187032,0.134122103960259,8.20316597738869,-1.81315664418186,0.455112976408477
8.15588069446056,-0.924612444937455,0.333134979858858,7.91081690141155,-0.896248880818051,0.473412221794694,7.57724131972326,-0.520820953337587,0.221566410716421,7.39983626247638,-0.447733614705471,0.125592337745503,8.11441577725222,-1.78905843808529,0.472215885483993
NA,NA,NA,NA,NA,NA,NA,NA,NA,NA,NA,NA,NA,NA,NA
8.19252934664759,-0.948141592407618,0.346677299286104,7.79199995005002,-0.873751633042204,0.452094588879747,7.60341279149549,-0.517404449785373,0.210687641465856,7.53080430471885,-0.511430550954673,0.162109326750039,8.25340625539417,-1.91861220664346,0.519274331322089
8.16404918965465,-0.907191142955554,0.330235969025936,7.77827223837284,-0.881914719922341,0.472625971400052,7.46739595123634,-0.456024931875032,0.168870144189287,7.37563716512891,-0.468321048085423,0.142405036654385,8.14448906800222,-1.81429585659439,0.488069967792822
8.19123722565361,-0.962683986420751,0.337537343519674,7.90097909607456,-0.925573107941545,0.530809167653432,7.60928199459976,-0.532586817316835,0.226602563798607,7.40624572785688,-0.463136038629699,0.146893262033278,8.28863688551036,-1.88862067054632,0.490994375887791
NA,NA,NA,NA,NA,NA,NA,NA,NA,NA,NA,NA,NA,NA,NA
8.10018811094686,-0.907753314852604,0.318236550828788,7.90959868455899,-0.922481890277173,0.487138202030254,7.45840589052341,-0.440507696033555,0.163156732719585,7.51299068287676,-0.518301728987118,0.187095699655064,8.11740929187697,-1.83597070412343,0.527123994056387
NA,NA,NA,NA,NA,NA,NA,NA,NA,NA,NA,NA,NA,NA,NA
8.07011518972411,-0.884581877933361,0.337530038386941,7.91250084087232,-0.92896672851019,0.502773960747487,7.53751418845216,-0.490641019434498,0.191219177783469,7.27972614583848,-0.433292628927917,0.112693066430682,8.23564210669656,-1.83063506690041,0.478747196189313
NA,NA,NA,NA,NA,NA,NA,NA,NA,NA,NA,NA,NA,NA,NA
8.18596407104693,-0.936155635749403,0.248741787054175,7.97408783579769,-0.958152972415734,0.511652643816403,7.48231507754329,-0.448005299732043,0.189324489096381,7.54980828855799,-0.540535440189856,0.174181766344086,8.20454434702977,-1.87305239829089,0.535583754438254
8.14028847043673,-0.923288235702084,0.333339108512585,7.74403932882914,-0.867756331385041,0.495297203173101,7.48268610614952,-0.46141246912678,0.166409105234053,7.37140339244063,-0.45476115246088,0.12821431665566,8.17827698603138,-1.82093745689069,0.47506759242866
8.0246105385199,-0.8183197296133,0.28148479368717,7.8695863267774,-0.93033169849712,0.500573444250283,7.51400172016851,-0.50467526128228,0.204807618993121,7.2143582845281,-0.396502775986115,0.106936392735049,8.25518924539649,-1.86986782907657,0.493897762110258
8.49795313587099,-1.08881927550278,0.435402134512013,7.98800663018849,-0.9839908907675,0.533340045254659,7.48252178873526,-0.500505917492928,0.199275452717909,7.49190484230665,-0.4984769809743,0.147160397144547,8.25401363884223,-1.855294321462,0.519655692750483
8.24516561080393,-0.969867762458209,0.342427843636445,7.83400738194281,-0.882812706819583,0.475576200291497,7.52838258236647,-0.479725331371404,0.205406680735071,7.16924419754939,-0.351495114343248,0.0720291386904061,8.22690634347655,-1.81687472691008,0.461063877683349
8.15569860989491,-0.943464886550582,0.32832195023635,7.92991771622192,-0.969470579225517,0.534888003123787,7.51088273654279,-0.488891369549864,0.192852808131745,7.31425787864533,-0.405526049853062,0.0876765304934783,8.15582516523364,-1.79165605374082,0.451514514926362
8.00698400477793,-0.879878807753549,0.305658216114373,7.90116133948218,-0.914686197168257,0.487394501220883,7.56788023780682,-0.525020457181294,0.214266700166547,7.57478217618273,-0.519889598777724,0.164483717912348,8.15445541781369,-1.81916274361468,0.473965665378463
8.16099135967596,-0.948594656277896,0.314363076681059,7.93795875289197,-0.903305720696902,0.480206846488999,7.53756637164604,-0.504655543458291,0.207405026470569,7.40896466270425,-0.458414765120843,0.142854001073074,8.11737649903031,-1.78776118436582,0.458690424972039
8.08859441018066,-0.871529611178847,0.290122363130502,7.97262891863459,-0.978789608498089,0.532033897910081,7.56699794217462,-0.512136721737232,0.214867950218526,7.32575889351825,-0.402040752956724,0.0996579616401718,8.18654890873096,-1.8435937288906,0.498906150978915
NA,NA,NA,NA,NA,NA,NA,NA,NA,NA,NA,NA,NA,NA,NA
8.07371850458855,-0.864981197516769,0.296609005126084,7.84231545008605,-0.871523064355049,0.44844825576718,7.46243492489791,-0.451940730258067,0.162717376237573,7.48677718733107,-0.50682120091173,0.15237299396508,8.12881482845194,-1.7923188614693,0.476775893561856
8.23929467870793,-0.957164844482412,0.328818485527043,7.7731810498756,-0.834166990577654,0.44730068409922,7.43317286310635,-0.454204547251374,0.154020807595134,7.61871973992884,-0.539953927837441,0.165198547309791,8.02107235733321,-1.74086572709797,0.45145657193112
NA,NA,NA,NA,NA,NA,NA,NA,NA,NA,NA,NA,NA,NA,NA
7.92260014854504,-0.776276833478135,0.190444120770353,7.95507363317105,-0.94318765934117,0.481964552029977,7.63652299530732,-0.581934031850674,0.285007353750516,7.4712447533054,-0.499692149147476,0.178953827252101,7.97101759966347,-1.71431800503234,0.447188424340493
8.37496730196373,-1.01631299902306,0.440099421787248,7.85847228630204,-0.885746470150168,0.467053509426286,7.51305286618618,-0.477578180879871,0.199760094374948,7.49641773769775,-0.516337130917519,0.140301946229673,8.03484593239882,-1.74608259919801,0.472667705452814
8.30989265491584,-1.01544907828218,0.38225843292177,7.82238966119268,-0.894995484396696,0.486464889615315,7.47048939177331,-0.467255429510945,0.165493592695246,7.45980601921256,-0.49791708763488,0.159453399697721,8.14439975725909,-1.81935599006951,0.506102075682282
NA,NA,NA,NA,NA,NA,NA,NA,NA,NA,NA,NA,NA,NA,NA
8.06210751383796,-0.867100995303925,0.292194378161894,7.80079033017117,-0.89130812978391,0.450607342121783,7.4450439344973,-0.458136945825739,0.170504309386842,7.7612069189678,-0.609469383599707,0.226219391791679,8.31487780507793,-1.88906223932362,0.507058399139047
8.21660253220313,-0.930951009542976,0.322296328765232,7.8051523733381,-0.853337030559865,0.463537653491512,7.50388945532437,-0.498774386877851,0.182685583251635,7.51645765296105,-0.527585559968172,0.180596879538478,8.11881776193047,-1.78161745206482,0.467137780246839
8.15849981360424,-0.956115934594197,0.372231583422581,7.69318062690109,-0.858132794416628,0.455581246281563,7.50063382978607,-0.490907304905437,0.182178137684531,7.49718799631353,-0.499898188313462,0.168353172266419,8.10432735852655,-1.76809201684928,0.480490937715399
8.23305970844405,-0.978987178771686,0.270658885918543,7.85682562846504,-0.890893196637809,0.441476035719186,7.4694593549969,-0.469095910756104,0.19428194027294,7.26670728645714,-0.410050220885808,0.0985457793703323,8.1896084889321,-1.86397522932577,0.510415540892968
8.2395188255103,-0.960000008109821,0.423461593286185,7.73649005860201,-0.836247894818376,0.474276270556791,7.53809250351582,-0.489237945868843,0.195364368968047,7.23450468218867,-0.39578970985162,0.0952433572166845,8.1360556105711,-1.81545589898634,0.449800502932697
NA,NA,NA,NA,NA,NA,NA,NA,NA,NA,NA,NA,NA,NA,NA
NA,NA,NA,NA,NA,NA,NA,NA,NA,NA,NA,NA,NA,NA,NA
8.12671627035832,-0.935598909868763,0.355969210637306,7.86277460555536,-0.926727300369328,0.498156965906336,7.6208857490469,-0.555958754035944,0.257882020257824,7.6236013766976,-0.570523415803537,0.187836652939115,8.30170189803549,-1.91676125890589,0.486441291161688
8.28820805268054,-0.982000865722789,0.354467376159209,7.86660426923333,-0.903985543552034,0.500243306016938,7.48618156147621,-0.504215700309963,0.192788912233165,7.40058862480533,-0.440325624781222,0.116808551379926,7.98429094861237,-1.71168760480195,0.472343127580711
8.5971019634326,-1.18601553242202,0.52729378119364,7.99758423508924,-0.964557869760268,0.500573102166265,7.61210140585512,-0.546837544578715,0.235024386936469,7.51968105472884,-0.505578674679252,0.148203433534103,8.16814647749682,-1.85554998354914,0.469453127365653
8.04657983250947,-0.813550405331459,0.309700862206938,7.87608557987537,-0.916527431954201,0.479086007041172,7.6580106885219,-0.53702683559328,0.239986818909862,7.42812105910996,-0.468579984115399,0.142967665401962,8.01551742875554,-1.74087331461679,0.473982959334885
8.32416936883113,-1.01970866566955,0.411127050514266,7.90862518706157,-0.93279383406107,0.492408316993855,7.49945553331471,-0.49907900665595,0.193558241227336,7.42607788405121,-0.511481017769797,0.155057471109149,8.40954538088359,-2.00014792248173,0.516976160216165
NA,NA,NA,NA,NA,NA,NA,NA,NA,NA,NA,NA,NA,NA,NA
8.13351724190677,-0.93634141830435,0.351228079002692,7.85686139808563,-0.911822955150671,0.460034089826359,7.40361054408547,-0.443038824009324,0.162942708131325,7.32675475632374,-0.447197977276169,0.10014483765607,8.11681261190562,-1.83683528974555,0.48043073528168
8.12616365113294,-0.902854663449157,0.332518055394098,7.91208182817631,-0.964531584320064,0.52444218754224,7.506105872377,-0.538419047122639,0.228461405765118,7.52771697952693,-0.488733726394591,0.151558231790686,8.10368036292992,-1.80933705815663,0.493296367475658
8.17078261384963,-0.938933862002384,0.343784993441844,7.91281875688616,-0.927368822227973,0.511456474822388,7.40572413434687,-0.416774762042199,0.144254199154239,7.26062523625184,-0.43410642491337,0.0975631770971229,8.14275984110131,-1.82124292307689,0.491641236957597
8.3611498531846,-1.0617211689682,0.456845676967726,7.83918077516899,-0.901706756530563,0.497704446633122,7.44530313119035,-0.473382837958517,0.176362873530904,7.38639296323016,-0.479314348502033,0.132843172863479,7.90604726919493,-1.69022929178786,0.468492369769553
8.12496032635017,-0.916953754124472,0.294253738372099,7.54512841440499,-0.797884821322919,0.434385176418255,7.63017102352628,-0.545716743000558,0.227758092446186,7.14779298227203,-0.374993953431313,0.082213508342915,8.20586194422016,-1.85182805913832,0.478167008590113
NA,NA,NA,NA,NA,NA,NA,NA,NA,NA,NA,NA,NA,NA,NA
NA,NA,NA,NA,NA,NA,NA,NA,NA,NA,NA,NA,NA,NA,NA
8.2836018050298,-0.998249694790268,0.39557787879531,7.96754024107636,-0.945255798175132,0.468805425969469,7.67294414752838,-0.532775730527245,0.241338318038663,7.14109035835499,-0.359674676781293,0.0830115785714369,7.95035600419769,-1.69567353667831,0.458512815834845
8.14553963455796,-0.950634035631009,0.313070954844374,7.98976761651686,-0.990788230032007,0.534327752789765,7.56565245923427,-0.498343694704599,0.196346156501038,7.65638077764345,-0.560067481215159,0.19857616282925,8.19803936184247,-1.8714548083918,0.512188368844092
8.04966816821868,-0.885967711051866,0.296228408919276,7.78456594041437,-0.903058280361582,0.510586831617819,7.54490075579567,-0.516470867299856,0.210726271476653,7.32160215123519,-0.436201941527767,0.134101433767629,8.17005799711004,-1.8347085496035,0.48369113007225
8.086464175106,-0.883064031720154,0.322176673704418,7.74867488495991,-0.88020822835628,0.510381179758072,7.43010197256643,-0.388607142353536,0.132604490725433,7.46003473604012,-0.490665853170479,0.147000531850954,8.28249094082835,-1.83493775929897,0.470986727999257
8.10051165436745,-0.899686290859946,0.305044425025157,7.93703114245094,-0.948452472734279,0.458827737949824,7.51885744446017,-0.516338003058187,0.214113689419057,7.13136436417325,-0.362586818579139,0.0917524333534613,8.11243357490335,-1.84063378653009,0.485570398117818
NA,NA,NA,NA,NA,NA,NA,NA,NA,NA,NA,NA,NA,NA,NA
NA,NA,NA,NA,NA,NA,NA,NA,NA,NA,NA,NA,NA,NA,NA
8.11239230892171,-0.873258044367211,0.309622848405828,7.86248132250142,-0.922458477312756,0.469093975625914,7.42005350634948,-0.434124858601921,0.162508920899897,7.45046634530911,-0.494851057302033,0.135065527927906,8.16033262301179,-1.83059189515171,0.514137910575441
NA,NA,NA,NA,NA,NA,NA,NA,NA,NA,NA,NA,NA,NA,NA
NA,NA,NA,NA,NA,NA,NA,NA,NA,NA,NA,NA,NA,NA,NA
8.06125360394928,-0.868600585885725,0.298659922536346,7.87050979241048,-0.946533585617609,0.529177376374228,7.56145421620175,-0.522313290019949,0.228061846621843,7.56690328704758,-0.541037837462286,0.171586168117726,8.13815635806425,-1.85531852924756,0.469371108404924
8.16182447477137,-0.927541839152261,0.311314632049202,7.92713099401863,-0.965361657101553,0.577852374512299,7.5394767378089,-0.481060379982519,0.180314241680623,7.53396783748315,-0.520432427539449,0.178983430488456,8.04892974039184,-1.70127052600488,0.476497614362093
8.10127123568928,-0.916553287051629,0.342707310499242,7.9371082546894,-0.965993018561417,0.535418295296089,7.53862656740946,-0.499570165699002,0.195336210870936,7.49991288630037,-0.492822717656569,0.144339194882272,8.24335111701725,-1.88096579787081,0.494016466038666
NA,NA,NA,NA,NA,NA,NA,NA,NA,NA,NA,NA,NA,NA,NA
8.13279788275979,-0.905289808774091,0.341610258929022,8.11698522439732,-1.06521676523162,0.538002032267769,7.50532727270136,-0.499723187239856,0.186012400779674,7.47395138615731,-0.485030489019267,0.146931018598942,8.1851476673616,-1.82877118754208,0.469051472011839
8.12791423111261,-0.907073900053806,0.274419603426144,7.77365429259285,-0.843760890510401,0.457236986242291,7.57194728344231,-0.531376854593162,0.222528049873262,7.66711397744956,-0.574737297630368,0.201502752628858,7.96559084827084,-1.72098211577352,0.4380446004488
NA,NA,NA,NA,NA,NA,NA,NA,NA,NA,NA,NA,NA,NA,NA
NA,NA,NA,NA,NA,NA,NA,NA,NA,NA,NA,NA,NA,NA,NA
8.16215706206458,-0.898888270726697,0.333965304588482,7.69549802073008,-0.830119145715784,0.447602399722498,7.47138918842813,-0.491867045505624,0.183873285323913,7.48485835479051,-0.482823078831169,0.134587470941183,8.18472354739508,-1.85784143305774,0.496037887907484
8.00301638090541,-0.836014652460747,0.281795411847803,7.77061992812268,-0.911587944779022,0.496909753838391,7.57781293049725,-0.538342286899595,0.227910350454281,7.77685368379696,-0.60623941810645,0.185918402030446,8.14655976390548,-1.79960178155525,0.461184013040032
8.08668661501257,-0.828910538245821,0.329332887947978,7.98215575906581,-0.965346714101066,0.523092578514853,7.54924097963828,-0.498553471963157,0.195583114932676,7.47466834179329,-0.484252747061525,0.143345563284025,8.14631481353036,-1.81252907974629,0.486728975403987
8.25237756798482,-0.967086214138125,0.302191721273565,7.94342559807139,-0.966620352967292,0.508117741168693,7.48672179882985,-0.456064353357877,0.182432070253644,7.38415055284974,-0.444269342380347,0.116717135457345,8.07427223440858,-1.77710412347983,0.479459674452636
NA,NA,NA,NA,NA,NA,NA,NA,NA,NA,NA,NA,NA,NA,NA
8.45118280299377,-1.08217823753126,0.447140394049356,8.01508235361813,-0.992110807121515,0.526383589956886,7.54814778355255,-0.530536601195246,0.21183783569814,7.57061462592633,-0.546606675276093,0.200099344897257,8.31736289204562,-1.89084320227393,0.539173308097701
NA,NA,NA,NA,NA,NA,NA,NA,NA,NA,NA,NA,NA,NA,NA
NA,NA,NA,NA,NA,NA,NA,NA,NA,NA,NA,NA,NA,NA,NA
8.20870887936519,-0.954855652920527,0.408403595770366,7.81449817954729,-0.889954171527067,0.46899664953351,7.42783012241772,-0.437623236728887,0.149474366668927,7.27110733166836,-0.414790360764457,0.120198258934127,8.1624771755567,-1.8477933651436,0.4795327608216
NA,NA,NA,NA,NA,NA,NA,NA,NA,NA,NA,NA,NA,NA,NA
8.09269298760117,-0.875839940211548,0.303437731067131,7.94593255482368,-0.976016811080314,0.545874200091484,7.50386840642395,-0.478855217064005,0.173095230622164,7.47988098967458,-0.501714790013968,0.162819802638142,8.14546093045181,-1.81576822057711,0.496146736953285
8.26703382499418,-0.998041858112312,0.390356988438267,7.79791547582976,-0.890776766491077,0.488927663963701,7.54734218975631,-0.521721350507528,0.209685293278357,7.29197381393667,-0.411744636603353,0.123437785602955,8.27112508480259,-1.90497046442983,0.488306870934489
8.26193984175893,-1.0145270013826,0.381358005080594,7.82085875607143,-0.900565007001165,0.482449437116432,7.47866635181887,-0.449130927999043,0.190121590783453,7.56121223868879,-0.544333361601585,0.188467997778003,8.36995340533542,-1.96997151074528,0.514742421003297
NA,NA,NA,NA,NA,NA,NA,NA,NA,NA,NA,NA,NA,NA,NA
8.26202797886401,-1.02295368891979,0.358229060797842,7.82139184782019,-0.889359916189458,0.477573251035469,7.54817773908994,-0.481436899081142,0.195287792003227,7.60948988955687,-0.523967242419376,0.181501853130746,8.13942403278759,-1.82514796253023,0.473563625189013
8.42500164579593,-1.08661659989743,0.402982533966469,7.87242599750767,-0.882799273730571,0.441521033073083,7.52798983922938,-0.502567813221741,0.210549114529272,7.5640113859737,-0.521759402150636,0.179161779472886,8.04300179906913,-1.77310716492508,0.487067608672339
8.25861485729906,-0.967065817517136,0.362553098303241,7.92548114265515,-0.936981098100255,0.516409163749075,7.5889983008712,-0.545915388166832,0.23805657119502,7.38657972140413,-0.460039772859295,0.120354652551632,8.09095147984706,-1.75077019227425,0.465856163484171
8.27975415733332,-1.00709200930505,0.334372379175126,7.93940732977693,-0.95680394594215,0.517152875994368,7.53115772142223,-0.526764278493706,0.20683526871451,7.56354082192099,-0.538961693569056,0.165641726370062,8.03221895647709,-1.7625935989882,0.475621576119241
8.1500938640439,-0.894854792222374,0.273340689034278,7.8748028374927,-0.910592871519033,0.454452238346597,7.60339949358622,-0.525136942288192,0.248357978874332,7.48572098471434,-0.483362273995877,0.150675507271975,8.11144566240196,-1.80140560999339,0.497300740853816
NA,NA,NA,NA,NA,NA,NA,NA,NA,NA,NA,NA,NA,NA,NA
8.07371717789747,-0.856846170730184,0.319230784370066,7.9003357266099,-0.884795354067131,0.467943442559331,7.46548656850952,-0.480629380912584,0.179626798245331,7.4138518691008,-0.473625683947569,0.127269944958068,8.25713972027945,-1.87991115959438,0.506258708316056
8.27540310746972,-1.01242480327695,0.391882025640553,7.8639436752033,-0.957740765761721,0.537313265992175,7.6069026654447,-0.556781494339023,0.244995081101054,7.38656274954435,-0.448255108080788,0.118155805885107,8.24252542733542,-1.87252216893185,0.500410210780639
8.0923606551474,-0.887032044146804,0.302388709298251,7.75725890749668,-0.873563373393864,0.462701511408854,7.54693512490125,-0.545655526398116,0.218782622815179,7.50739537872243,-0.511369633151735,0.168889602931096,8.33049803491289,-1.91662931679407,0.484883725456059
8.19473592927798,-0.974043478309752,0.354394657608253,7.94135269428724,-0.927408749344526,0.479846260502261,7.43637898045053,-0.445577769326558,0.158436613676973,7.43763040558328,-0.456655515689886,0.13417991297313,8.05541077741922,-1.7912785688571,0.496302376029376
NA,NA,NA,NA,NA,NA,NA,NA,NA,NA,NA,NA,NA,NA,NA
8.23363519044992,-0.977456475532965,0.304883306233663,7.90817210858861,-0.927783517190477,0.467237581623506,7.52739661154443,-0.462576086916064,0.191552327546933,7.53350490248392,-0.51948077124579,0.160510843106485,8.28464545313926,-1.92135089417939,0.532810565507964
8.18008199476422,-0.928230716417318,0.316440292488451,7.80286447466337,-0.904631866458807,0.487059971425983,7.61136088256619,-0.541300026637121,0.233992062297947,7.55720446529092,-0.534103245979315,0.170651590096131,8.09646373641711,-1.83361901157021,0.50446101684281
8.50887151043049,-1.16137267998678,0.457836714592857,7.75681636294278,-0.871833248659551,0.451356838737506,7.45628142207824,-0.459233302916962,0.155505797394483,7.52101237879634,-0.507102090014468,0.156898434460397,8.12765346182782,-1.8164575401074,0.495695695898446
NA,NA,NA,NA,NA,NA,NA,NA,NA,NA,NA,NA,NA,NA,NA
NA,NA,NA,NA,NA,NA,NA,NA,NA,NA,NA,NA,NA,NA,NA
8.08427517377955,-0.894962258327637,0.308840868341502,7.96297131548462,-0.970759185480454,0.504933587753606,7.52842151289003,-0.511185077230163,0.224879143717783,7.60409192613227,-0.556478710530122,0.164824490581214,8.24329856149685,-1.88764656349106,0.477181620875832
8.27375188076627,-0.994797350109128,0.393314347807498,7.8456859802321,-0.891000298728965,0.453259598814215,7.38932277736869,-0.44013000138353,0.154033202338274,7.31937783038035,-0.423683631729737,0.114637009570344,8.18556455525167,-1.808742171415,0.454493662487045
NA,NA,NA,NA,NA,NA,NA,NA,NA,NA,NA,NA,NA,NA,NA
8.36016049713176,-1.0433149321613,0.428597671462246,7.84045776762503,-0.864293497486119,0.440351717139068,7.52448413382983,-0.510411594990933,0.203001242722492,7.32478349430831,-0.427387992864478,0.111985213876902,8.14261529361772,-1.76919762876089,0.469239515268421
8.09678532611234,-0.854473391188537,0.293110734958972,7.86006741505561,-0.919281211094843,0.474431531131282,7.49631280411373,-0.488542806099013,0.188117077728409,7.74198723719047,-0.605237627491274,0.205373164069301,8.31472150538853,-1.90938465207485,0.504000455808651
8.27872220461231,-0.963990950635729,0.361853335090059,7.73886581464092,-0.916679737271484,0.530057325234647,7.53574973090408,-0.499833930259829,0.1989404217115,7.41578485468256,-0.4761386078384,0.144291249255974,8.22441487348753,-1.89221564905145,0.50857917188837
8.20397847957056,-0.964803113066483,0.359691398433508,7.99604198499457,-0.962754090239641,0.515134627838969,7.44884309024101,-0.460781642525354,0.170601205586859,7.57121324009022,-0.520189866089793,0.15321237960566,8.11001449313531,-1.77808103473492,0.500381941335861
8.11955118097572,-0.911483247266305,0.307608106767955,7.95046477593704,-0.914831907326091,0.493776026071445,7.53136940090106,-0.501665000464582,0.204761691040557,7.3678463211849,-0.436160150471897,0.111681665310955,8.17442883739639,-1.84102856674561,0.487060119650777
NA,NA,NA,NA,NA,NA,NA,NA,NA,NA,NA,NA,NA,NA,NA
7.94837276852442,-0.779838937773882,0.219899346222198,7.76024482321463,-0.856640155687021,0.454357356554925,7.53270930045935,-0.509739359664543,0.209629052070232,7.30106455659241,-0.439768700452876,0.127906969955538,8.4096634115438,-1.97921452812172,0.525120926328155
8.5193911338323,-1.14638011503043,0.409532738676089,7.74550264410701,-0.851972537119353,0.481108402758013,7.44577828137396,-0.448016802957304,0.166089454349709,7.42125443751658,-0.458824510213745,0.111146727688981,8.15377424953661,-1.8058221566889,0.493583766524828
8.1343964810891,-0.906966550557679,0.29879942728533,7.83890685627805,-0.933771966980652,0.500343590236719,7.53808966921746,-0.49236028823899,0.1990863003526,7.57168744482493,-0.509513637088863,0.188485072687635,8.29082180093349,-1.92266436035821,0.492937576868595
8.24623322750211,-0.974677934007342,0.31893425021461,7.93693576170784,-0.920881218242179,0.487353290614982,7.42725866666131,-0.463672927855353,0.176487673963001,7.40086265639772,-0.460677886443923,0.146306786867857,8.12521752062023,-1.80426938861863,0.490856042911821
NA,NA,NA,NA,NA,NA,NA,NA,NA,NA,NA,NA,NA,NA,NA
8.04173689248739,-0.829617148653126,0.285246932091396,7.91301269788221,-0.895045175761484,0.445978664286216,7.51871367923278,-0.510716519478092,0.227591125437388,7.46987644066772,-0.484127975058663,0.156579635949323,8.13405404799014,-1.81975423111171,0.522089513912992
8.11177114592726,-0.894030264962533,0.301083919302521,7.82628460305615,-0.897427329627526,0.478452152833874,7.51066169500162,-0.490161758820438,0.196990381884519,7.43321782605911,-0.46064122238274,0.139104787319471,8.40298939183268,-1.96924040899917,0.514990424823796
NA,NA,NA,NA,NA,NA,NA,NA,NA,NA,NA,NA,NA,NA,NA
8.03207919132238,-0.861158909324269,0.248570569866145,7.87093740842192,-0.920449748773188,0.481772723278624,7.53268779912633,-0.497699873549064,0.208400578769313,7.36883163348532,-0.430096216843488,0.128405169340226,8.26396874794532,-1.91842076818773,0.508805852329841
8.22721713171955,-0.974383206549234,0.348623306339474,7.98027636123876,-0.975955583162968,0.530390516412604,7.4331416420613,-0.451562954015995,0.153918783464412,7.74073563493985,-0.57475921497546,0.192163877295884,8.29548052936318,-1.87871414133102,0.516567968118229
8.17612979350934,-0.915017524718295,0.354828049635997,7.83312097028425,-0.897352389737385,0.477385460999941,7.50594460776172,-0.472689860891531,0.177636876797753,7.46951907970914,-0.491578618033474,0.133022331534101,8.23759157210287,-1.84738603579649,0.473023056950742
NA,NA,NA,NA,NA,NA,NA,NA,NA,NA,NA,NA,NA,NA,NA
8.16420798634104,-0.929431894893705,0.329307111046492,7.80134759659308,-0.848620534788152,0.436438988945821,7.62389207206167,-0.542088117306839,0.21295005673935,7.41970794119473,-0.474032193538296,0.145574900832049,8.12041204406296,-1.79018076065684,0.479061918400268
8.39120580280571,-1.06938332689937,0.487639597674437,7.79783833766759,-0.870755473226681,0.44797404996391,7.48301572299772,-0.484632025975744,0.177996753455184,7.76638575421671,-0.58071804584987,0.217090398843815,8.16670709768368,-1.8251257597995,0.497786627421151
NA,NA,NA,NA,NA,NA,NA,NA,NA,NA,NA,NA,NA,NA,NA
8.11557467987423,-0.910809246437635,0.325550172800185,7.85767190496556,-0.927333518691009,0.471535310564156,7.49864710714362,-0.480499780937812,0.190574593145176,7.75225144265505,-0.605738567599853,0.16753398551203,8.08777688225801,-1.80737387102849,0.470532681982871
NA,NA,NA,NA,NA,NA,NA,NA,NA,NA,NA,NA,NA,NA,NA
8.10941964855743,-0.89466379655096,0.291824423175973,7.82555105879349,-0.867992387877874,0.459631712630194,7.51201566419655,-0.464437226913292,0.188717371236146,7.40416131152031,-0.461516356041609,0.117784149864947,8.08228251022603,-1.745294961603,0.480026690744531
NA,NA,NA,NA,NA,NA,NA,NA,NA,NA,NA,NA,NA,NA,NA
8.12664726889939,-0.924593728197684,0.321283565883757,7.87250323801173,-0.93296860671106,0.475999121679032,7.46610664583712,-0.45784329825133,0.155689223748004,7.32880772651026,-0.41738381359163,0.110232698537335,8.07392694892051,-1.80722520012593,0.464101249903846
8.19289695353987,-0.964245252521186,0.361881737935964,7.92147083811682,-0.9125925371282,0.488269953499491,7.60901566680044,-0.542927871556097,0.236693111235555,7.32142844912946,-0.445627553069338,0.118319444507111,8.10936016624822,-1.78417294733292,0.461229226063315
8.23079004227058,-0.951449505520583,0.347496955889348,7.93932702533915,-0.943426950057867,0.462155129076165,7.43178534411638,-0.461381215710256,0.170944400040772,7.53346943741832,-0.522554570509925,0.156930111062429,8.03095781332838,-1.71153626168799,0.448723624418294
8.21510969140144,-0.922213281461907,0.371229762741558,7.68916407715098,-0.867345302259634,0.48823085007526,7.55144801894775,-0.495136368520379,0.196932992496003,7.72345564477116,-0.607111509641681,0.209916200922157,8.09493149801902,-1.77157993222865,0.48365068085489
8.1042484841896,-0.904787629088366,0.307549810859373,7.82862203169029,-0.866320220452751,0.469530811456081,7.45614545483352,-0.445616306437127,0.160490456679337,7.32287729666851,-0.45110659572529,0.139226646383161,8.08555476141417,-1.78570120624921,0.465968572128754
NA,NA,NA,NA,NA,NA,NA,NA,NA,NA,NA,NA,NA,NA,NA
8.51093753019181,-1.13017026205582,0.458808128068899,7.85418653513782,-0.907318917564714,0.471732379476224,7.5132739565042,-0.504906045255784,0.199941267319769,7.52082358922571,-0.520616548163422,0.150163203180069,8.24070578838145,-1.8637949269289,0.467506945632382
NA,NA,NA,NA,NA,NA,NA,NA,NA,NA,NA,NA,NA,NA,NA
NA,NA,NA,NA,NA,NA,NA,NA,NA,NA,NA,NA,NA,NA,NA
8.05799796152386,-0.861941660127468,0.331191404434115,7.91632858807047,-0.960971749533834,0.505218512673827,7.54392994252379,-0.529152512297009,0.216027587949478,7.47614531162744,-0.507943423884425,0.150132054461116,8.3293227705167,-1.97771458098571,0.509436216636331
8.37520323840126,-1.04959152464329,0.388668746456382,7.85563729988051,-0.917786304369901,0.506080478575041,7.54826672064346,-0.502228436553604,0.214747279677436,7.46006331685222,-0.489958098979593,0.154737966673174,8.04817892233867,-1.74306465997162,0.485322110403272
8.20364415949723,-0.931556931178183,0.330713519587108,8.05351316771097,-1.01202817343891,0.548038112940886,7.53601200437941,-0.506581958660794,0.193252069235157,7.50229186816531,-0.502823868098518,0.167917338914753,8.42708379354462,-1.97774355109397,0.508491235542139
8.03738754794521,-0.848345126658562,0.282760583145258,7.91166464207367,-0.908006636620817,0.477092645882216,7.54578314172516,-0.560124195819522,0.229364372152433,7.49874232535644,-0.495625800771362,0.126960635923144,8.19828207700936,-1.82004820891426,0.485277635681888
NA,NA,NA,NA,NA,NA,NA,NA,NA,NA,NA,NA,NA,NA,NA
NA,NA,NA,NA,NA,NA,NA,NA,NA,NA,NA,NA,NA,NA,NA
NA,NA,NA,NA,NA,NA,NA,NA,NA,NA,NA,NA,NA,NA,NA
NA,NA,NA,NA,NA,NA,NA,NA,NA,NA,NA,NA,NA,NA,NA
NA,NA,NA,NA,NA,NA,NA,NA,NA,NA,NA,NA,NA,NA,NA
8.09507957504545,-0.887078562900373,0.313343059181452,7.71908988138484,-0.874284879045083,0.494281724750909,7.47827467869021,-0.487850442261547,0.184319731037672,7.39338267652348,-0.454528874108321,0.116651452117239,8.17971829871955,-1.83244132167559,0.485413509269083
8.11520604603117,-0.91450431914224,0.330079876069242,7.89981751823016,-0.950726140041842,0.521087660609423,7.54014128694952,-0.503882538072565,0.19981703115733,7.38910989956354,-0.441164872142423,0.105801313251363,8.05465960871889,-1.7788144371312,0.499815171600949
8.2246839946655,-0.96011765037362,0.36754226306564,7.89505625480693,-0.899231028781529,0.466836051050563,7.52061401037583,-0.49778216029479,0.204873495529023,7.54247762739035,-0.507234421344604,0.179582497409311,8.09439074518688,-1.81494869803429,0.474231703448847
8.59889213788317,-1.16571420182501,0.389417325951395,7.85657276518,-0.908799265789919,0.499242552478743,7.42617800753074,-0.475196931132087,0.171846791621933,7.4268990749689,-0.474130922202579,0.132110250526308,8.21432138913162,-1.86954764416465,0.472789292424924
8.24061171287024,-0.954676975507389,0.344441632031265,7.84669365248851,-0.865768782385041,0.432610322801116,7.5062710605061,-0.504457849082348,0.195442486716092,7.54316170366765,-0.507439811401836,0.168980051563483,8.01125743977951,-1.70645280378833,0.471198714117469
8.59883696941846,-1.17985830057771,0.411282485695603,7.94370549693652,-0.947630664262822,0.477280861513988,7.5920986875817,-0.550589172991352,0.209538592751779,7.26097056213293,-0.413205373676554,0.113872748789784,8.13496550955766,-1.81450605723724,0.467368484938021
8.02878329152661,-0.88175527562208,0.324712966352736,7.95263548651751,-0.93458713376011,0.482468302613745,7.60257559348742,-0.517108120401274,0.212796894264832,7.27271187888834,-0.407215880045814,0.0962642072357559,8.22661077632801,-1.88748065887781,0.529968220650983
8.12504579401814,-0.882705397336667,0.320381992635,7.80279266016806,-0.896476233340817,0.475857040735128,7.58343764694819,-0.540192184490742,0.220055101263956,7.19641031263104,-0.359675004816275,0.0786456154597606,8.11135683062409,-1.80877259353267,0.469185526046379
8.05201388364543,-0.905656570438662,0.312156334142115,7.94588171802388,-0.945040001988675,0.481236912747992,7.47607211625914,-0.465357548374489,0.182103926102196,7.40211337379854,-0.49244056463928,0.166824571965217,8.1982178237673,-1.86294251263099,0.487605245638682
NA,NA,NA,NA,NA,NA,NA,NA,NA,NA,NA,NA,NA,NA,NA
8.40080146914705,-1.04865215630346,0.398144462439393,7.74067385328036,-0.852158605012691,0.445880098212332,7.594443626015,-0.529581817719502,0.211316632750636,7.33194078475462,-0.4478336259873,0.111652992689685,8.24763969380943,-1.8726578641293,0.491584501585264
8.07384991692637,-0.862262204503534,0.322277374290303,7.7757175396205,-0.892069122676718,0.497400576411627,7.56922251614256,-0.533204159104167,0.223956748243002,7.26987540374346,-0.40430623533631,0.0842776699530749,8.13012419537439,-1.80304923593583,0.500919506390836
NA,NA,NA,NA,NA,NA,NA,NA,NA,NA,NA,NA,NA,NA,NA
8.18351303374617,-0.943190531601545,0.296054553315945,7.96033631914167,-0.975592254035682,0.519201977277905,7.64464140947467,-0.585540124151715,0.259160651232946,7.39561659742376,-0.454383653502531,0.130183218365239,8.16851036667562,-1.80453229894106,0.460559768144921
8.12578701477873,-0.91335166823808,0.335115447647245,7.86294371732331,-0.950787835341089,0.51866369919418,7.57432171543153,-0.578973084205288,0.234547113662518,7.6135739326289,-0.537582425442463,0.218900661816581,8.08715181709267,-1.80774481757847,0.497612912910595
8.4127258498752,-1.05897984667342,0.422169688151817,8.04342755655799,-0.998987433365111,0.497769152034015,7.56597739015424,-0.528999245505911,0.241541779654042,7.41405087829912,-0.477517889314636,0.144032160020688,8.2710982130884,-1.91388268093621,0.499075361809988
NA,NA,NA,NA,NA,NA,NA,NA,NA,NA,NA,NA,NA,NA,NA
8.22737014240386,-0.949804004544595,0.326455449535528,7.85988925050051,-0.876140229222088,0.479694292037296,7.59663674444828,-0.49970354849291,0.203815659476772,7.23679056268455,-0.392918023961258,0.085924377807325,8.24109806358893,-1.87678668785471,0.469307833709939
8.2414647861658,-0.975263305171248,0.343443396287192,7.68160218100051,-0.825892074439178,0.425695506926732,7.64325752239673,-0.552578207104427,0.255531075031378,7.48377190275645,-0.483811903441325,0.155223622450565,8.04671777286643,-1.77731366133936,0.482629266698036
NA,NA,NA,NA,NA,NA,NA,NA,NA,NA,NA,NA,NA,NA,NA
8.1181428831879,-0.891626177703961,0.324276266177294,7.84671445168513,-0.905324707210406,0.503822319732122,7.61694470073657,-0.571261759208491,0.230623322709258,7.55138249592945,-0.505374190856425,0.149078185060843,8.24872547363309,-1.87614447106494,0.487929829234866
8.01383765042336,-0.841245238818247,0.289281958418581,7.86983406551096,-0.892183805759486,0.473510123758605,7.56420920216285,-0.51553282867941,0.221056678193593,7.49025203784549,-0.480937000083652,0.1687437527575,8.21221039250544,-1.85497534429546,0.501732546763766
8.1095359228186,-0.927399967946112,0.336794395656907,7.81208248718553,-0.881857963107088,0.448244020735562,7.53006508918718,-0.495785002093466,0.195276079786208,7.67513386586913,-0.587686329063461,0.216226366309616,8.16986810445817,-1.80921409594126,0.473081202676553
8.17062846104709,-0.94635769210798,0.325869620092444,7.84649889485269,-0.894855923756247,0.471675626800819,7.55427877168066,-0.52128846928624,0.202980606710543,7.33813133030355,-0.432779728158615,0.1314957047067,8.33950487874788,-1.92565131277778,0.483503413847797
8.31761619729178,-1.01426622754895,0.429192696398303,7.88127042913676,-0.940961602484763,0.515000114453586,7.42352589127441,-0.420246169730578,0.152169082009461,7.50090139537552,-0.509149002340624,0.186321864505295,8.1704758464872,-1.86204330549553,0.494355137884294
8.01594425299836,-0.831007562209438,0.254686397780205,7.92551692466681,-0.957053191846968,0.502057005661559,7.44475503938783,-0.493511878041605,0.183870647355653,7.58959195460135,-0.555675535124108,0.182945927743796,8.41758729354308,-1.97024377007545,0.510230826824826
NA,NA,NA,NA,NA,NA,NA,NA,NA,NA,NA,NA,NA,NA,NA
8.14820917125935,-0.912230035721094,0.321532338599165,7.85808984205629,-0.904692171098937,0.499652683638795,7.53893893342747,-0.50239836985496,0.201329683949286,7.38852883487094,-0.433395550377154,0.11661199941171,8.20763359350841,-1.86929014791289,0.491018494381768
8.44947268828716,-1.07384898821542,0.453808973627505,7.92574452501343,-0.96142697806867,0.520194865313351,7.57758011643754,-0.530205920559556,0.228228509153616,7.4116598888549,-0.473728395030939,0.141889450706046,8.16409851191809,-1.8200514402813,0.498813530304339
8.08952117179514,-0.905236586184985,0.309786055953369,7.69809597250762,-0.864018746933232,0.488049890237051,7.48080744333097,-0.472593259232204,0.195836327641956,7.64451482273525,-0.531017141261807,0.163516481684283,8.04115231430825,-1.78767448839809,0.500461527372226
NA,NA,NA,NA,NA,NA,NA,NA,NA,NA,NA,NA,NA,NA,NA
8.08479492669999,-0.880078166682103,0.315500217247409,7.77018682152645,-0.844197580433027,0.449111144798879,7.50730782784934,-0.474669406731545,0.178942044764958,7.30462846670561,-0.426143271234191,0.103703423717427,8.20090204233705,-1.81575112606887,0.487786096237983
NA,NA,NA,NA,NA,NA,NA,NA,NA,NA,NA,NA,NA,NA,NA
8.0168552770418,-0.841904502042643,0.316946823524372,7.77009055807831,-0.844097067361926,0.452902014623929,7.41501447251849,-0.443617358217626,0.15471580814016,7.33987455041197,-0.44110242713193,0.126702052610823,8.27026895905955,-1.92856397272612,0.503760420625453
8.05988734172612,-0.896583509028138,0.286616597919745,7.91886706101712,-0.933679884007574,0.500805850760225,7.52069533477106,-0.494747561792968,0.193319347931229,7.53954460618426,-0.492673193185469,0.175589508409549,8.40496750445089,-2.00281890026532,0.516165196683089
8.43078478934304,-1.07964948063276,0.409899286186864,7.89342809117983,-0.918353431315665,0.447808442368663,7.51211273345679,-0.469781640178456,0.176777375918341,7.37889239239228,-0.44724178207685,0.120115210281588,8.29306495938284,-1.93244928095743,0.501607014456851
8.29001482903028,-1.02869777039352,0.425996553719615,7.97058715725312,-0.946686234014797,0.503599693110097,7.54098405397537,-0.531309577442484,0.21229815893083,7.47197846352752,-0.436424444593922,0.135203182560322,8.2836644223749,-1.88093577085349,0.476183295705786
NA,NA,NA,NA,NA,NA,NA,NA,NA,NA,NA,NA,NA,NA,NA
7.99362359585266,-0.848660272712619,0.267886334380545,7.6663077093905,-0.840098446770353,0.457336528418168,7.42761263964765,-0.452347370258099,0.161238861642192,7.31360220713491,-0.42467255949721,0.131121467467658,8.21953280074097,-1.82324362359661,0.458022610453281
7.87557184439368,-0.739690438819898,0.196842506797846,7.92876468167036,-0.897877562099324,0.444874978297679,7.46056365623866,-0.470762706686456,0.179382263208078,7.56307804708755,-0.504764869206547,0.156368491000503,8.28181489928248,-1.90375896730013,0.483918810102617
8.24674070737592,-0.956789292082823,0.270157491717761,7.78096875831874,-0.867732546875371,0.436042437054815,7.61887196451794,-0.556712368315176,0.236139641048201,7.31074766420919,-0.42986806464315,0.101976002451102,8.06750676576694,-1.75435848033382,0.476036212283687
8.03901386156683,-0.834689716432143,0.274040925615023,7.88005417689767,-0.893993343957472,0.484073196492779,7.46105423215001,-0.472375492081516,0.178676262574479,7.38944532552284,-0.461949325700338,0.133902745291162,8.13706334587528,-1.80144998772404,0.454183352053103
8.07294820924337,-0.886618445619886,0.26815191189025,7.92912484326538,-0.942530139827833,0.504751021550619,7.46949089172108,-0.469329306754273,0.16649975286982,7.42634322140419,-0.468796537636423,0.121200195318723,8.28439616566743,-1.9048758915608,0.505309936754314
NA,NA,NA,NA,NA,NA,NA,NA,NA,NA,NA,NA,NA,NA,NA
8.08177013346337,-0.880407902861236,0.301513498952735,7.90589862084871,-0.945360431522342,0.515400595137061,7.6337762326929,-0.556407030913021,0.247183510551213,7.349200177163,-0.443858834879603,0.121503965997847,8.22271334990308,-1.81615124722421,0.491266385488524
8.19659872083636,-1.00070442146742,0.38456413941284,7.7450979923101,-0.814427361377712,0.392526083349124,7.55161510898906,-0.491943854929226,0.190929021976025,7.23104731667456,-0.380045778771054,0.107041502128176,8.07523725285737,-1.76600230767576,0.492590392519372
8.11614999046478,-0.905044015943924,0.333860100088474,7.81891001592897,-0.922795617345266,0.529483260675784,7.54200978283489,-0.513168910255398,0.191036646086509,7.40882870872103,-0.453493849501007,0.110785079837993,8.287495114069,-1.87450139332362,0.489744581994491
8.24070921719282,-0.967905314000512,0.34496570484737,7.87345746848703,-0.88305610206723,0.465615128609513,7.51369380743817,-0.491471703268078,0.193202006372131,7.46670411596484,-0.508192371081709,0.160023425261614,8.03748562791852,-1.72053191996475,0.475248912880201
8.38687032158771,-1.07624366967818,0.322796263099081,7.80543248801409,-0.926508494792785,0.507343866163391,7.45301535432749,-0.511983106482387,0.190928844683465,7.46140340857104,-0.488854480035541,0.130020248573823,8.25689293788156,-1.88923846973037,0.498078236540638
8.02659941779003,-0.854769638486942,0.284910376396833,7.74936420906733,-0.86569568198827,0.493033758419761,7.50683510914173,-0.520023976829214,0.200602796944195,7.54049908709736,-0.52176746881637,0.181335465803908,8.00657262818252,-1.73715475985878,0.468820222268269
7.93425923657029,-0.790274866106305,0.259438042769907,7.9359602776174,-0.958278336390074,0.535921585311592,7.52429047994176,-0.491484786404576,0.187270849904465,7.50217439771869,-0.491579766940601,0.172536252833743,8.19506644255947,-1.81856708579211,0.491916930087667
8.46624691063664,-1.08200427075324,0.457151734484917,7.90407851595395,-0.969673961979178,0.530924361556283,7.42686712931494,-0.453500098927109,0.173460515631357,7.49397390687407,-0.522705024761806,0.173268411037438,8.37590258720996,-1.93608601769824,0.490029461877952
8.12684388514243,-0.932127125718763,0.32554365629138,7.92014728283182,-0.970419147336553,0.538447194491555,7.5017796959185,-0.484731757395591,0.189106436535054,7.48329982073115,-0.502218251571775,0.137825680501248,8.30025269588971,-1.8846809348664,0.482793696818412
NA,NA,NA,NA,NA,NA,NA,NA,NA,NA,NA,NA,NA,NA,NA
8.24427262207949,-1.00150712533564,0.392374727294796,7.93651060807873,-0.994347086167283,0.538800512911046,7.3685990980402,-0.395198753046515,0.130538405064229,7.38152831837446,-0.473928653363969,0.143392713852117,8.24866751190942,-1.92477975830716,0.507037117118532
8.40377798476231,-1.05906665601824,0.471249370877747,7.86609099147044,-0.924539454224299,0.455896131167428,7.5372895920523,-0.493423098702994,0.196116644243269,7.62140491989555,-0.538319740159752,0.15989762054226,8.19388906639189,-1.86525858248658,0.495659889199983
8.11147550128196,-0.945015541504002,0.303323459233834,7.88250058592149,-0.909441513401716,0.501077418911966,7.51104543757522,-0.465403774260574,0.179315354067482,7.48354496969795,-0.483339678880491,0.183197085005234,8.02213558857058,-1.7773286163627,0.475753911487765
8.22198697832126,-0.958801584764102,0.348325968705732,7.80992812987527,-0.902186099280943,0.478005836080573,7.47570085182161,-0.449488240642424,0.179426252560631,7.36894921351521,-0.472046132005851,0.145701767362404,8.26625540471469,-1.86678417556889,0.485414470283008
8.08567257786342,-0.883916308884992,0.296573888121285,7.74632802263128,-0.832148219693548,0.410527408949403,7.57879722887582,-0.486767798750971,0.194258905887859,7.55807574138163,-0.531543372118249,0.16971997212597,8.11868256055931,-1.77318712622147,0.483568990085531
8.07627427392227,-0.889189098216521,0.271446435990699,7.89165745782137,-0.917277825197036,0.491547495210905,7.45487059945061,-0.46276738665425,0.184567407166809,7.48014526381522,-0.487760780405393,0.156373783290923,8.20275677358952,-1.899449975573,0.550329901080342
8.07504780943152,-0.876169227223496,0.332978365795482,7.79887665906218,-0.888681397178905,0.469071957454498,7.53909073790897,-0.479204590879089,0.192800755952944,7.42387687298083,-0.491445680892123,0.150620224418227,8.36913451609682,-1.96525442016676,0.547470889104662
NA,NA,NA,NA,NA,NA,NA,NA,NA,NA,NA,NA,NA,NA,NA
8.21961760528761,-0.94299004530002,0.378802413622627,7.86318121350845,-0.904463223362998,0.512958390948543,7.51916121605535,-0.459540398330792,0.179634007014488,7.57470359123018,-0.544446777147291,0.177450086106318,7.87952133582158,-1.6997176976204,0.485442714643295
8.72590788849416,-1.23021132547823,0.507479806683939,7.77746157160733,-0.867927207246866,0.422482628440742,7.50554151999708,-0.494625961946747,0.191205513195472,7.59954355661933,-0.542796683404076,0.187220082382492,8.05341608669747,-1.74094804445055,0.453910592522037
8.07709986261184,-0.866223771632216,0.299693689017103,7.91706775072102,-0.903938566102312,0.504400555089408,7.53703844946091,-0.489447717875679,0.190828237006081,7.40377037664388,-0.442078854182686,0.119882441411406,8.12397195026005,-1.79089654743053,0.508075249625941
8.13351255444092,-0.919657440125991,0.304112151953748,7.86093999765798,-0.903407216816043,0.483970738577873,7.5961454208427,-0.498234998123488,0.218308015452271,7.36050134181518,-0.432624861731597,0.115574868802542,8.07222578852145,-1.76082165170658,0.453854336638628
8.21006914957055,-0.931316514561085,0.355782963690812,7.91290469050868,-0.91353326870047,0.46093296061605,7.5493812317628,-0.537446508452677,0.225915812832761,7.7508977962193,-0.563666462459681,0.210124609217904,8.00847041089901,-1.75513723706637,0.443604829926666
NA,NA,NA,NA,NA,NA,NA,NA,NA,NA,NA,NA,NA,NA,NA
8.1856845585576,-0.978006924620153,0.336311793436801,7.91490319268061,-0.904103635126304,0.460785608902226,7.4831393060745,-0.464804889054273,0.176232117708589,7.35850783199589,-0.45264656969871,0.142264078654693,8.16691124846785,-1.85931566765841,0.469852662394406
8.16549199420982,-0.948312066584555,0.3538274330963,7.88549054425081,-0.926330312931602,0.503652290785947,7.60935066577413,-0.567417774012409,0.250906564434628,7.11762803419066,-0.372080092335931,0.076994733625527,8.22294443559759,-1.90727562149211,0.507736040836063
NA,NA,NA,NA,NA,NA,NA,NA,NA,NA,NA,NA,NA,NA,NA
NA,NA,NA,NA,NA,NA,NA,NA,NA,NA,NA,NA,NA,NA,NA
7.80982790972168,-0.721846789874047,0.237005508146696,7.80426393209942,-0.868706295094979,0.448793664904727,7.56848354456667,-0.525432486375864,0.216218083548375,7.58668157572845,-0.526132944546099,0.168524734070053,8.2965068917767,-1.91987458332199,0.506644268439201
NA,NA,NA,NA,NA,NA,NA,NA,NA,NA,NA,NA,NA,NA,NA
8.09829396301861,-0.931289627000894,0.341613596734179,7.82977468759479,-0.87218111296723,0.460612037687942,7.48807010149845,-0.442302197289747,0.17110527939297,7.13040217030032,-0.35681752340147,0.080453495071545,8.30656274089614,-1.92704513976276,0.501673243019685
8.18236317812556,-0.938533360923547,0.35654667099486,7.77020080059658,-0.880338591849343,0.469673090291662,7.36916963408908,-0.396914455472602,0.141102745004777,7.72128604979711,-0.591273146539463,0.198221884163295,8.08935909056426,-1.78001156871066,0.487980880122603
NA,NA,NA,NA,NA,NA,NA,NA,NA,NA,NA,NA,NA,NA,NA
NA,NA,NA,NA,NA,NA,NA,NA,NA,NA,NA,NA,NA,NA,NA
8.18863861152968,-0.928102269977976,0.271654066472267,7.88577327240349,-0.944402235272465,0.481645618431791,7.60823452668886,-0.594977933212679,0.244836238391405,7.4583417284273,-0.492286151759284,0.155647650327302,8.39411001255709,-1.95461109075281,0.474199099456317
NA,NA,NA,NA,NA,NA,NA,NA,NA,NA,NA,NA,NA,NA,NA
7.94089828774566,-0.784010102574169,0.227657801379984,7.96466939932419,-0.948272131177514,0.507170158428287,7.51052447006175,-0.466889263496538,0.194563590509422,7.45058152554722,-0.501408503234513,0.129348074526752,8.12217356881786,-1.8259392654672,0.459752359884585
8.19801230150989,-0.932928677651429,0.313734800076732,7.69206826632359,-0.840023449101092,0.446177620827181,7.57791535282085,-0.543042223147945,0.219683246483122,7.17624709753773,-0.376232560653864,0.10391048875086,8.06633336132569,-1.78376013172999,0.492697333175863
8.01579428949027,-0.833475252376763,0.262723332691187,7.73163038676017,-0.871117682767608,0.504593836821334,7.45711898216002,-0.467267688643226,0.166118004233989,7.43183507294589,-0.472088661534185,0.139221917204481,8.33561499750582,-1.86850513933087,0.476059223869273
NA,NA,NA,NA,NA,NA,NA,NA,NA,NA,NA,NA,NA,NA,NA
8.41864370911009,-1.09444513569432,0.425369934784951,7.84348766592047,-0.881932285944972,0.488871459509548,7.56220573981727,-0.51703620622532,0.197422392154269,7.4243630729615,-0.468222172518795,0.134058717479233,8.35235821614253,-1.97277193693727,0.50816669466337
8.41002265686515,-1.10471473662689,0.442813937431551,7.80984949972788,-0.873661566128511,0.420019577402951,7.50843334141519,-0.488018898661517,0.197185397316983,7.42444012728857,-0.457319112825402,0.138980836964151,8.11711085031554,-1.81035334867386,0.493019519256077
8.15926259608729,-0.936161526953709,0.287050123226189,7.86808776206749,-0.910934787140283,0.490682783434202,7.49436303654391,-0.487673697302669,0.170493315364451,7.49510083928051,-0.496339393019212,0.137972737409246,8.40435359130532,-1.97290377968108,0.505432628612464
NA,NA,NA,NA,NA,NA,NA,NA,NA,NA,NA,NA,NA,NA,NA
8.06698786222922,-0.886322893972802,0.30412017543778,7.90727529641277,-0.918878734941579,0.496364301206768,7.58973323485305,-0.564589329591561,0.256408013664385,7.47887113783435,-0.495135829085457,0.125692012543356,8.21664254789532,-1.88536001603243,0.490335536441024
NA,NA,NA,NA,NA,NA,NA,NA,NA,NA,NA,NA,NA,NA,NA
8.17131151064033,-0.959122513617517,0.333988108939564,7.79243116604474,-0.863018859499667,0.467497703001424,7.48654190772348,-0.515302324574968,0.203708512613072,7.54634712414292,-0.531947768400238,0.174839952880547,8.20325663164292,-1.85393733913001,0.479311419454062
8.0972519396961,-0.904160731006732,0.31267079187941,7.81408544368288,-0.891465057123704,0.46434335938219,7.59832053077634,-0.557534575690757,0.247840494150726,7.36212069953112,-0.445339597298058,0.119307648358479,8.17935318527917,-1.81585209545746,0.442646435211234
8.05493469780901,-0.883908339005213,0.32566050413622,7.93559745465975,-0.935762678170245,0.493852751105402,7.52203452916614,-0.466498896005984,0.174490424091857,7.11374662794352,-0.341645939226485,0.0647101745797487,8.06397128477933,-1.76247533478341,0.474369819903682
NA,NA,NA,NA,NA,NA,NA,NA,NA,NA,NA,NA,NA,NA,NA
NA,NA,NA,NA,NA,NA,NA,NA,NA,NA,NA,NA,NA,NA,NA
8.02506902091272,-0.848263273159344,0.249986840666571,7.90048613121981,-0.943014760176039,0.501824194320636,7.46669666329866,-0.465405382010842,0.176061648353489,7.48132860436141,-0.497637764852372,0.155510658216496,8.07504232393906,-1.76783573710108,0.455087969758085
8.28808996374719,-0.987763610810111,0.346729687229501,7.77066731291589,-0.876742995899093,0.418835699785851,7.42548526293644,-0.414542498477349,0.144477683069601,7.34263599524985,-0.426895939374502,0.11422331740209,8.29219335942692,-1.94807105139564,0.50204524309569
NA,NA,NA,NA,NA,NA,NA,NA,NA,NA,NA,NA,NA,NA,NA
8.19013174440394,-0.938241510030567,0.2766417491894,7.84919382755306,-0.914056657142335,0.516904039641552,7.51557354056509,-0.478658817625838,0.2027978386416,7.48815505351019,-0.495596263497998,0.142311778683569,8.12028190988928,-1.77666453391855,0.451852048016953
8.04699362818159,-0.847445878470745,0.302441732739027,7.90858841636383,-0.935376038200444,0.498768549117272,7.61018443454216,-0.565581055728482,0.233459647190208,7.46980448054879,-0.47502297885089,0.147639999047215,8.13485345467369,-1.80236118280371,0.487829631380666
8.1973809437704,-0.921298215797121,0.315965558257569,7.92506047688499,-0.96157934395854,0.508700948550712,7.53765280671404,-0.501170145640307,0.223356545972485,7.67447486531845,-0.554748945248177,0.17948465081935,8.2995761247301,-1.9134151300993,0.512038180890302
8.02989290693804,-0.820174626040906,0.286231669631015,7.85076471366255,-0.894086158374812,0.444741673357622,7.62366863535971,-0.500729336456958,0.223335756018404,7.52166953721176,-0.52141319554222,0.162891260096505,8.15584238400169,-1.82770445536576,0.497898754176122
8.04343292521894,-0.849916051820013,0.254261249098588,7.78784408227384,-0.892234707469831,0.476423049409447,7.57408486792597,-0.558783245897619,0.22001568323103,7.52273796208735,-0.502043266836874,0.17117172554044,8.10105412489206,-1.80201734807944,0.443495456437573
NA,NA,NA,NA,NA,NA,NA,NA,NA,NA,NA,NA,NA,NA,NA
8.08117161831279,-0.828279435829924,0.294549012350485,7.76902787235545,-0.883642905454557,0.474270618203616,7.48577173150679,-0.464136117252811,0.190065520306596,7.51725092683949,-0.493329601171236,0.165698267357754,8.13244209715114,-1.79354657671694,0.468971637247485
NA,NA,NA,NA,NA,NA,NA,NA,NA,NA,NA,NA,NA,NA,NA
8.17280310061689,-0.957373507240749,0.363109079386272,7.79910287609173,-0.841327398969846,0.440815296476997,7.42355007961334,-0.483908877694898,0.17499626678823,7.63312505918527,-0.557537086848135,0.16924486114416,8.11707106359448,-1.75186806101845,0.483460303818041
8.41281020384275,-1.03454700726988,0.471039738634225,7.84440752054572,-0.926962021202626,0.510947909352903,7.52046337421938,-0.48261358440485,0.183044077649961,7.47430134260225,-0.495953157228565,0.142965294817505,8.03990705916884,-1.73038717793199,0.496085199074267
8.05965146275592,-0.847672645854999,0.323976566343623,7.94411933952437,-0.945928134197118,0.52412107287656,7.51145645271306,-0.483695853418254,0.188327473269197,7.50852224234003,-0.50664663328989,0.163554075842415,8.00058303676986,-1.72556725647606,0.472892647353868
8.16661123385278,-0.932912035141037,0.346063092872822,7.8275289742066,-0.887946649253106,0.444435171885832,7.50279650437982,-0.487047581803897,0.190492002404109,7.59191820938414,-0.543544396144146,0.190979559756724,8.25645475134301,-1.9132408548713,0.49648526144836
8.13060168089209,-0.911566861465491,0.319563033469271,7.87054420329264,-0.900197427840776,0.45435821073345,7.49252060995905,-0.480435310671737,0.178199186665597,7.64851332075503,-0.572921582295439,0.191757178584042,7.98214132886254,-1.70405978533905,0.441079512845411
8.09279500260138,-0.872536617223448,0.286165388572763,7.90222013898114,-0.91607942252652,0.485401895490777,7.56054888880125,-0.570565560185041,0.231459392416461,7.51100131533361,-0.516748104444288,0.145727654995552,8.18726630105138,-1.88393909143478,0.501557189191629
8.46001103906352,-1.10101707852319,0.487460439594043,7.85956146092657,-0.911606875309455,0.503286269101281,7.49165820621106,-0.470957302530391,0.184981806884348,7.51809634240747,-0.489009651916934,0.154172990852539,8.17485631460899,-1.84634928337961,0.455077784340019
8.33672216987136,-1.03136368540081,0.440668342915928,7.85487501907338,-0.952840493020272,0.578585480597307,7.55903585827466,-0.50384912250222,0.202333538410862,7.50672835323423,-0.493778156459444,0.141060832747853,8.21384710007785,-1.88221051988514,0.517201865690994
NA,NA,NA,NA,NA,NA,NA,NA,NA,NA,NA,NA,NA,NA,NA
8.16762637381225,-0.951726945614639,0.316820307553463,7.76218246411104,-0.866061677056024,0.479158083414001,7.36341090688907,-0.425607980219912,0.145197020690795,7.59562834487289,-0.562467544881589,0.196239491764849,8.3007127237475,-1.94164991866026,0.528452522479617
8.2034275086658,-0.99056415851699,0.35062385633643,7.87193844125395,-0.872174727228552,0.458965870815953,7.62553373536879,-0.554151157493512,0.240497614369146,7.43563364702298,-0.480303306858661,0.119716233408023,8.17345969704325,-1.87139019600529,0.51796373917057
NA,NA,NA,NA,NA,NA,NA,NA,NA,NA,NA,NA,NA,NA,NA
8.22634988585406,-0.975857253331529,0.342335179237488,7.86258435286991,-0.905973339975886,0.463596252114392,7.5122443115719,-0.467973160710562,0.186597873029508,7.56705151694395,-0.518983036303978,0.157671776062781,8.14386085400979,-1.82123883959319,0.487224878739497
8.0485738513662,-0.874831307200054,0.295530328146075,7.90134330591833,-0.934000334824209,0.491521558835011,7.47240421003325,-0.453321227689827,0.161512049866345,7.32868429842508,-0.424740262512687,0.103071619552183,8.23386841464217,-1.87065678092375,0.475837416648794
NA,NA,NA,NA,NA,NA,NA,NA,NA,NA,NA,NA,NA,NA,NA
8.23307114508534,-0.979409713419998,0.369716775793276,7.85427677994074,-0.89156873909517,0.470250684252096,7.52241164770983,-0.477101661799268,0.182675594826495,7.43106056475476,-0.498574224604348,0.14107773601238,8.26546359287237,-1.86194800339227,0.504874622058662
8.11338074425496,-0.897477200874022,0.34109190376977,7.83512370725494,-0.887103512533421,0.476120030558943,7.61133591605418,-0.574823808882335,0.221669026604898,7.51602448021511,-0.5136014033231,0.174017299495713,7.91647486708537,-1.71633315039979,0.485051002433504
NA,NA,NA,NA,NA,NA,NA,NA,NA,NA,NA,NA,NA,NA,NA
8.08874499650139,-0.892694230837976,0.307969956563286,7.76809728474103,-0.855787709069812,0.427749983224097,7.45986309823143,-0.45204559018262,0.175784795955216,7.46588747944858,-0.478135640844125,0.166262099522071,8.26770196818106,-1.87336833139121,0.46802505983679
NA,NA,NA,NA,NA,NA,NA,NA,NA,NA,NA,NA,NA,NA,NA
8.3639078863496,-1.06686185005591,0.27412112871293,7.95301727273316,-0.902393151768271,0.48417320594684,7.66024960965403,-0.567989759066847,0.258286434364018,7.4098498179676,-0.459756621104118,0.137540376457318,8.05235309139105,-1.74051200881514,0.471817092144702
8.2157492190871,-0.947998247407596,0.356289795736828,7.80005140521698,-0.89216323619265,0.476450222479326,7.54799999739023,-0.44388751891933,0.172184916439257,7.33708660508542,-0.395500355784852,0.117203439854229,8.05337892529149,-1.78810096604653,0.471715341777911
NA,NA,NA,NA,NA,NA,NA,NA,NA,NA,NA,NA,NA,NA,NA
NA,NA,NA,NA,NA,NA,NA,NA,NA,NA,NA,NA,NA,NA,NA
8.27733674312422,-1.02689562606075,0.442490980101203,7.84790112212044,-0.889615328215638,0.474912394641322,7.60317888719513,-0.556228256276608,0.234493186391551,7.45281536334,-0.478280908761119,0.145784777098778,8.07449091342124,-1.83781032541641,0.519940737870736
8.14222895656304,-0.94502080789402,0.302620708579312,7.73962588719615,-0.85929828415348,0.486002202072072,7.54352315275007,-0.514987889160161,0.220401576334176,7.31515075120652,-0.445284803756283,0.107122230474655,8.28366202744142,-1.9262830469328,0.531367187496286
8.28041963204555,-1.05315257294326,0.355872802288462,7.92038309655671,-0.938977021550925,0.524557746587274,7.47330227878244,-0.473842903671236,0.181320945585175,7.21824202537244,-0.383568963825186,0.0902622192528059,8.10455754839574,-1.80734746257925,0.50086013977001
NA,NA,NA,NA,NA,NA,NA,NA,NA,NA,NA,NA,NA,NA,NA
8.10251090935999,-0.905315305638667,0.315275925894302,8.03205366400588,-0.95765204284754,0.511431182542951,7.4636737602728,-0.459882049349957,0.182172584999416,7.36413001204142,-0.467153116744312,0.126867966170164,8.03403899638484,-1.74369780520233,0.48370731166542
8.42716902329336,-1.12253176278866,0.36947568073748,7.82695254860479,-0.893451436742066,0.47797797594549,7.48456866742709,-0.473994865503765,0.174191629724953,7.32131283603012,-0.435472920253174,0.129690894900082,8.02559837806818,-1.76866420368435,0.439953441904371
8.13781178956612,-0.882923450172729,0.297054547542169,7.8011478781458,-0.89669768446039,0.488202368435236,7.41955774616508,-0.451745822389252,0.165510948850433,7.59329624058327,-0.527207003687512,0.160554455923429,8.19450461292025,-1.87770654634213,0.51499240486145
8.18246676801621,-0.957171377473341,0.353771795324919,7.72298716467195,-0.84351142800852,0.434935247266376,7.52045923569264,-0.531948633141961,0.220246992712123,7.60304147189861,-0.528934985798799,0.176857107361587,8.22979163105417,-1.85600827425877,0.496561357089722
8.20834404131537,-0.982104195732134,0.369104639768048,7.78974685006577,-0.8837590063289,0.47071526103158,7.54724306132419,-0.554627114083564,0.240857456670743,7.70929611937677,-0.57090069824183,0.185819330524236,8.15203413023776,-1.80168547447513,0.494225117356322
NA,NA,NA,NA,NA,NA,NA,NA,NA,NA,NA,NA,NA,NA,NA
8.05927338127889,-0.876669278697898,0.34714774407141,7.73310886231504,-0.850133675916746,0.434523008440838,7.57506366110619,-0.563584206917883,0.240293743561552,7.32573124609372,-0.454287322474019,0.124836720903521,8.20842213099296,-1.80702621080602,0.46731338403418
NA,NA,NA,NA,NA,NA,NA,NA,NA,NA,NA,NA,NA,NA,NA
8.05832861362706,-0.894876575162677,0.318611811122065,7.69680128180637,-0.817035509423959,0.414395721310111,7.51915424174876,-0.521987240650638,0.209714480676147,7.32874993024162,-0.431138366782965,0.10647903671945,8.32186507204247,-1.88666047310271,0.490462013425674
8.09121592165765,-0.869935873422689,0.319568212085302,7.88785241578484,-0.927959370026303,0.492317439947244,7.47856365589392,-0.500935438786444,0.197358414710069,7.55225933350467,-0.527564521764742,0.184884819694607,8.16623676484738,-1.80612879606344,0.497700530004388
NA,NA,NA,NA,NA,NA,NA,NA,NA,NA,NA,NA,NA,NA,NA
8.18658150173177,-0.93629035846393,0.300561160753063,8.0157440463272,-0.961290497129294,0.510690145222074,7.57124949259271,-0.510157175208873,0.220640951772749,7.33777246042725,-0.44436437991293,0.128611981843884,8.17919129592367,-1.82957519586527,0.491200955470391
8.10037730331199,-0.897325842415745,0.303010408368407,7.90138031237897,-0.950565522218631,0.505658512420196,7.48389236473544,-0.458767158966516,0.190835762315232,7.39366373324481,-0.466524842086657,0.116161400647924,7.97703009796666,-1.66977484005399,0.437863827424108
NA,NA,NA,NA,NA,NA,NA,NA,NA,NA,NA,NA,NA,NA,NA
8.0844905513023,-0.908817328292446,0.338538236837448,7.95982447796499,-0.938544056255486,0.491165738753222,7.50534375970485,-0.48760079357314,0.175377675532641,7.36675331581708,-0.429670983701472,0.113759223955906,8.09996252183568,-1.77352276678732,0.463952583230587
8.14040708784272,-0.91149581009241,0.270757779053085,7.84243580760235,-0.907135358256465,0.461106217899276,7.63823541189224,-0.551597047797931,0.240369120484191,7.57889423796203,-0.551110337749689,0.169467468736739,8.15637552401228,-1.83354133599066,0.46405130704909
8.17416413808896,-0.959208206926073,0.35695888962464,7.7448396853256,-0.886399238648518,0.447864654637265,7.49167454078993,-0.485900445112693,0.185138106195746,7.66695666724048,-0.577008113280226,0.190715266676356,8.24771903991723,-1.88798682588987,0.503570131987069
NA,NA,NA,NA,NA,NA,NA,NA,NA,NA,NA,NA,NA,NA,NA
8.41981299347776,-1.05007445922254,0.435276259776677,7.91682712882609,-0.911368937664258,0.507894517291099,7.4242016648794,-0.449062593123348,0.170517046526819,7.57129348011409,-0.53844057888388,0.179074054004694,8.09128856581514,-1.77373558818601,0.441879605930216
NA,NA,NA,NA,NA,NA,NA,NA,NA,NA,NA,NA,NA,NA,NA
8.03568875257494,-0.877490725627553,0.316383082981597,7.82613502158179,-0.904933347794774,0.467393983742865,7.54697208664449,-0.528151169777906,0.216057725010187,7.39103425464585,-0.456674889113775,0.12792537037997,8.37132105640628,-1.95873376745681,0.504630598993716
8.09099637023802,-0.896703214724739,0.33060937236768,7.90554865745788,-0.941115705340803,0.473904977268916,7.47363405386422,-0.489498249953844,0.195559844327058,7.40095152549525,-0.460793109787609,0.140194722282848,8.29528553927835,-1.8957032466725,0.506181621668981
8.29571880948584,-1.01597543257792,0.398070088155256,7.833757081899,-0.895919829592833,0.512703769538904,7.45939036603223,-0.487265853394774,0.179869137512272,7.40527113625416,-0.488354900809083,0.146283638747595,8.08177143585067,-1.74553247796151,0.452257289334098
8.22983035833843,-1.01781219576192,0.294485266041337,7.8818501227107,-0.873981202165207,0.44466927014247,7.46679440935944,-0.453155881607002,0.149829957766276,7.5447966403823,-0.498389008680547,0.148199468890782,8.14353884703957,-1.78699037232403,0.449794686686913
8.42157185130355,-1.09585700848576,0.41042111105432,7.87409456067683,-0.942886538679558,0.479151802791961,7.6551564122604,-0.528431936860853,0.22413214809318,7.47926192198909,-0.496396156448888,0.1420433079656,8.08496919364874,-1.8096094889244,0.471315404704162
8.18337452361473,-0.94922699215115,0.321765791793525,7.8183493484429,-0.89657030372287,0.500339019746529,7.54903715398518,-0.515672741107637,0.199953282337426,7.39133855778481,-0.488384222572792,0.155389493109261,8.16355331496835,-1.86951666461028,0.480288964202131
7.93215750137339,-0.823947750570251,0.222880685046559,7.8320738700801,-0.909631071955131,0.470267781191822,7.50076438446249,-0.473089174155395,0.181066380332983,7.41970993911022,-0.467130124631003,0.140157624434626,8.31561970200224,-1.91106772634754,0.52764505438376
7.92375074175312,-0.806400608680975,0.288014011071131,7.74984830398711,-0.840702121697873,0.453268799646156,7.51839416947021,-0.520372520196795,0.217635644407993,7.59903878553136,-0.540801008052959,0.162326027443597,8.28567645235019,-1.86000170410519,0.450755783542493
8.0914866987348,-0.891560060761795,0.367885530928688,7.66613721057684,-0.825990885873847,0.441222206635628,7.58787827380104,-0.5554308338394,0.228232197923528,7.47880385707067,-0.485878875582293,0.147929735279412,8.15513670961255,-1.81528735890545,0.471837433865464
8.14919153388423,-0.900442247020594,0.289182441009177,7.88997991580176,-0.938528119834379,0.527849232315488,7.57764413937513,-0.499757642387169,0.215647785430203,7.38370213344098,-0.44762952822469,0.126014978897244,8.3184148295502,-1.98066072574486,0.519643980100496
8.32947258018503,-1.01879040549933,0.382117572193643,7.74724633157414,-0.883550976691499,0.483453635807418,7.59593477092618,-0.558514583179273,0.23858366288806,7.28921526082714,-0.439332745921094,0.118067717742776,8.17661856177188,-1.86120068557131,0.512541684382447
8.22191690134183,-0.983763636208702,0.340192373275167,7.80736265969609,-0.866340135321449,0.437063126009859,7.37272544724787,-0.409761713713849,0.14441967747639,7.61975086981978,-0.547401517779012,0.173137681529446,8.17967981918136,-1.83711961833823,0.484111248420428
NA,NA,NA,NA,NA,NA,NA,NA,NA,NA,NA,NA,NA,NA,NA
8.13254645420707,-0.94433793713979,0.312703805509333,7.82393809724082,-0.867737551156009,0.467894124647079,7.42759221995113,-0.44765291331567,0.153792465291931,7.34216004971878,-0.454689332025542,0.133437848200686,8.30952305215757,-1.88794896949407,0.49049266618662
8.29543331093153,-0.98703828536843,0.404543435375696,7.93588037987987,-0.947875351068829,0.488417740194903,7.50420553843947,-0.457400908926002,0.186941843827779,7.42141214767773,-0.448876724326399,0.132454728404712,8.04744098351539,-1.7796182796176,0.48767308807766
NA,NA,NA,NA,NA,NA,NA,NA,NA,NA,NA,NA,NA,NA,NA
8.15146604425198,-0.938246288581862,0.332279658768154,7.90206294293179,-0.961076136491072,0.530679077160419,7.46001493923232,-0.477429512862685,0.181607155947264,7.41175667721946,-0.46700449606471,0.133906646573608,8.17225465448017,-1.87826430644835,0.475259473548041
8.14161427850575,-0.920050648368475,0.341314015324872,7.94295002385376,-0.946684732401049,0.514507915636389,7.48128490734949,-0.496128598624929,0.189005174663613,7.18902117779848,-0.393428017154145,0.102588401245779,8.20544248280482,-1.83022549713073,0.496072039251458
8.02087857320884,-0.840218154547806,0.306479054488625,7.90465749104335,-0.92506536453479,0.523996254869523,7.6024429517413,-0.537849241425773,0.225134326550143,7.38310121905649,-0.44043958390353,0.120437530298969,8.10364320300418,-1.81024000095899,0.523438454158824
NA,NA,NA,NA,NA,NA,NA,NA,NA,NA,NA,NA,NA,NA,NA
8.37961280848572,-1.06466994213289,0.357416218788874,7.86975441821386,-0.895916768267415,0.4972366087463,7.47346329102038,-0.450381445077993,0.160920065523122,7.41347377327862,-0.448548321262762,0.156588895890261,8.17212360558845,-1.81832219847805,0.506389921698725
8.22370278594992,-0.976733240065423,0.388662460295961,7.70233351887887,-0.811471206807491,0.441244057683418,7.49341918096131,-0.434667977904624,0.172415914876059,7.49666477845544,-0.492548966055073,0.160638781522591,8.11806474104603,-1.81449006509287,0.504290956001071
8.41456387531777,-1.07722104497478,0.4215192503713,7.94369804892118,-0.949089919521006,0.483059421731618,7.58512207041206,-0.538815526534463,0.219582823817678,7.57100480045471,-0.531692003937411,0.181438246160393,8.07493844548565,-1.77438051161502,0.476300064935086
8.06948601850724,-0.909782331418277,0.297273806848328,7.83177474369998,-0.911525647389535,0.510542656199465,7.43781067028256,-0.436225816716616,0.159734669312881,7.6317690006786,-0.565832158924131,0.19530410346528,8.19170365241848,-1.84598057819695,0.445397600414773
NA,NA,NA,NA,NA,NA,NA,NA,NA,NA,NA,NA,NA,NA,NA
8.10064490385895,-0.921393889026615,0.321664927832616,7.94953457273977,-0.960349755103159,0.499998384988318,7.50902772886779,-0.498545881467863,0.191796402168967,7.20738929260994,-0.360209987028402,0.0802499210543316,8.26796432029791,-1.87082108212053,0.491645437622785
NA,NA,NA,NA,NA,NA,NA,NA,NA,NA,NA,NA,NA,NA,NA
8.08707090290833,-0.901177100389035,0.326184265213287,7.91172760360459,-0.944417564710999,0.499475832334686,7.4806870289067,-0.45035638996151,0.170291321678401,7.34246347501245,-0.438991726309662,0.0988090784365426,8.14263822494708,-1.7986027027993,0.468900618604554
8.16945597923139,-0.894651131490907,0.362547928264829,7.9468223858791,-0.942455217430072,0.508148763563648,7.54551597678101,-0.515510296822167,0.231127483104875,7.30424110630917,-0.415182860614637,0.110931140929433,8.20130937275617,-1.86469783350571,0.490839462015212
8.01091085087961,-0.84473919891833,0.289562466168517,8.05791906153034,-1.00688518043504,0.544266271499971,7.52262141887355,-0.495199219281285,0.191652588582702,7.60305583535032,-0.547295370175955,0.186443359969069,8.14427354172012,-1.83027728621154,0.462730498199596
NA,NA,NA,NA,NA,NA,NA,NA,NA,NA,NA,NA,NA,NA,NA
8.131487261794,-0.89019431367682,0.293803414799943,7.83519791695694,-0.912065376938937,0.480074827138013,7.51875243808787,-0.460251713597264,0.169889875722395,7.45776997248045,-0.497881458804923,0.149817759589987,7.98483655822745,-1.75375494863055,0.482154229642882
8.37359984480663,-1.06931389944943,0.4545181514876,7.83515879071398,-0.90950484551923,0.457683998571619,7.59410752156456,-0.54782893434183,0.210382489751536,7.34505961234874,-0.434615763658146,0.111103888226229,8.27801026629788,-1.85754001290815,0.483291664311504
7.93354551926062,-0.812184087319892,0.279370729777527,7.89319733987473,-0.933071940559544,0.511500267170978,7.4210413898711,-0.441315813437967,0.152534143375014,7.22815207005735,-0.393337523489844,0.103038638124157,8.21099728625022,-1.85260299642833,0.438023664501283
8.27568577272926,-1.01910077794021,0.408441154641674,7.84488898010692,-0.917887973115868,0.506334003425718,7.52694423008657,-0.510200408656226,0.210393029310458,7.38892879968784,-0.434303988605571,0.121866247178739,8.15914908118185,-1.85984648825751,0.494016579886161
8.08612707666449,-0.897653909012771,0.243177581811806,7.84536874984326,-0.918073374771129,0.483646329285725,7.45479483608413,-0.447829229661266,0.169616471877852,7.48536744215168,-0.493605969780402,0.168636679385902,8.19378957484138,-1.83763382766527,0.490575597312985
8.40775528446738,-1.09098441872366,0.388292305675409,7.77449921010064,-0.862196294387653,0.432850409548275,7.52289405849399,-0.508715307033816,0.206606692310848,7.59005376279033,-0.522035700267795,0.180379474174035,8.32765210628996,-1.92998202956179,0.501963320628709
8.01601069227941,-0.858267309143117,0.27580117448601,7.85004966361879,-0.904551538088167,0.468587463335482,7.59518876972819,-0.556158882594212,0.265546539694324,7.43455673912253,-0.470967159384337,0.156682451125441,8.22888309111712,-1.87250929537561,0.467762571974508
8.09988025031037,-0.889078638573661,0.287523833938286,7.82252851980694,-0.873069055114784,0.461870826363377,7.50954122114879,-0.498336294912159,0.202708167718535,7.52670002391981,-0.509146543698046,0.147983958889137,8.24219185925822,-1.88126326456404,0.477406954963624
8.50808510594897,-1.16094091233018,0.490262036465354,7.90190150621999,-0.916453271296471,0.521443766679062,7.57601064928732,-0.552354419873718,0.238395356292189,7.60938743508967,-0.547679689115519,0.16328320997832,8.18338847973876,-1.87400544220828,0.490844005441726
NA,NA,NA,NA,NA,NA,NA,NA,NA,NA,NA,NA,NA,NA,NA
8.01868213865947,-0.824027670393371,0.318633732617389,7.90160365320555,-0.915137288145032,0.487420318932456,7.38674782799764,-0.453496918073303,0.163095448081706,7.33366133592789,-0.429449606245294,0.111895832479516,8.21678080901743,-1.89854957792603,0.496432916006082
8.04677147673103,-0.879113943790434,0.333064392703839,7.93788644622935,-0.928598839185387,0.493697405983032,7.50019791548557,-0.47009083079211,0.198217613425108,7.46325161660224,-0.522180953850146,0.192615297797625,8.10491289373136,-1.81084639172521,0.506208350024007
8.13276635010731,-0.904298953618459,0.263264112370824,8.0533531685718,-0.946001448052009,0.447192301662307,7.57325931409451,-0.545165043852472,0.216427076787948,7.55601317730764,-0.540124812144028,0.175523525431022,8.14281463066159,-1.79195681403445,0.470654217286902
8.07652933419087,-0.90204204179813,0.326906912949464,7.76160698884121,-0.853382774857876,0.425607770412092,7.53712963194762,-0.488925369555133,0.188796632890441,7.64189635887924,-0.556142831073238,0.180978643175925,8.29064374595879,-1.92205869413005,0.486096779074519
NA,NA,NA,NA,NA,NA,NA,NA,NA,NA,NA,NA,NA,NA,NA
8.21553148476813,-0.993578046161598,0.334827502741042,7.92386159493977,-0.9073723236482,0.478711265386192,7.52173106528617,-0.520404618163354,0.19885945737925,7.44330920685125,-0.444673018735274,0.143298551232303,8.17647467862262,-1.86908633955633,0.472077351517415
8.21628782407918,-0.981654139079412,0.305552406395002,7.86257917088172,-0.910203361792841,0.495254140328978,7.56535764123352,-0.574457760447112,0.256382347601869,7.33781342454165,-0.442173774066836,0.127442940103153,8.08413494524997,-1.76069822183945,0.463969396621759
NA,NA,NA,NA,NA,NA,NA,NA,NA,NA,NA,NA,NA,NA,NA
8.10592971903969,-0.918303712197006,0.353975829047149,7.92437178401948,-0.922208018124509,0.500362556977841,7.61238264046329,-0.524602452606865,0.210848321471512,7.23252498371024,-0.371360129794194,0.0947258780104446,8.22994663149147,-1.8643881688768,0.458824318837875
8.17325463828747,-0.948604647348943,0.269913534248292,7.86088868853145,-0.864367987062248,0.43792436375304,7.50549819874441,-0.476050976369284,0.166821205625057,7.33440196281254,-0.441631855738967,0.113163794937452,8.12405567949103,-1.82858872782801,0.497532987064946
8.08167104690654,-0.880427886208023,0.285462738695232,7.91776488468222,-0.931905457521039,0.538510507470187,7.43345319920447,-0.438893800531183,0.168794861310855,7.48988612908931,-0.486149933427909,0.144373442660756,8.0974365937549,-1.76432200619929,0.469855706314397
8.14912992365376,-0.932909334215906,0.333028521927943,7.89245811060309,-0.891081741304269,0.465315229107867,7.62259111246703,-0.541659880724301,0.238445028606452,7.48386369407615,-0.474102828300191,0.147052090318925,8.52056877723981,-2.08057424404272,0.526569856431853
NA,NA,NA,NA,NA,NA,NA,NA,NA,NA,NA,NA,NA,NA,NA
8.19636915860237,-0.957917980201993,0.327031029140421,7.89967637189749,-0.919204001724316,0.485603801760571,7.49552880104749,-0.470680639970586,0.174020159936064,7.39201188267475,-0.439926744432373,0.14115140238432,7.91528690036023,-1.65009877641364,0.421732690150208
8.11191235376376,-0.937171622959774,0.341859782158854,7.7517981288743,-0.874625028828131,0.484846487190022,7.45503561995259,-0.471165639887323,0.170786608178477,7.33202096678293,-0.459251398522331,0.133309974377496,8.14839888109459,-1.81074679414725,0.503545856345401
NA,NA,NA,NA,NA,NA,NA,NA,NA,NA,NA,NA,NA,NA,NA
NA,NA,NA,NA,NA,NA,NA,NA,NA,NA,NA,NA,NA,NA,NA
8.16812711795827,-0.916268583630165,0.340587646897645,7.86128661685385,-0.903225848822607,0.455537798151811,7.49396636277806,-0.50264818787612,0.190582115043334,7.30376114148318,-0.4123291056311,0.110753420174205,8.22429263203924,-1.88964181931024,0.519035554984317
8.14674374616586,-0.916539248261686,0.307885143108085,7.89830902541056,-0.892660655578229,0.506157097258529,7.46933420999384,-0.475261004866239,0.170045453116897,7.52261346299657,-0.517207912500616,0.16900532596326,8.28385861671142,-1.91169457156723,0.481222047112494
8.20953868548879,-0.933486279919266,0.317893971065954,7.96748865816822,-0.976761478778894,0.540957407077258,7.60946565306551,-0.53756343151269,0.22275983054346,7.52083964297144,-0.525330026237505,0.166357650554821,8.26099113529358,-1.87564124870815,0.475375649847042
NA,NA,NA,NA,NA,NA,NA,NA,NA,NA,NA,NA,NA,NA,NA
8.19670010952205,-0.967294548287846,0.344751783650383,7.99681881534782,-0.935169209112314,0.496208910999635,7.59409433095326,-0.536936505907478,0.213320511858376,7.47247279890205,-0.483799218491023,0.144770366086878,8.09598754563579,-1.79639456782111,0.49319993205258
8.10316867379647,-0.896211673975877,0.327137531689027,7.80926110329931,-0.91853098544582,0.523520366811505,7.58073235782119,-0.557925401406509,0.236449870261951,7.28828377621351,-0.417945101402816,0.116895760982864,8.13646447878932,-1.8328882390372,0.484635244062247
8.32968142404463,-1.06006846002991,0.426653612733535,7.90760628403507,-0.897021659836168,0.456283780996659,7.51002265057463,-0.543158647170067,0.225425446785125,7.63572964831071,-0.556366939831298,0.172574833799555,8.32148357253623,-1.93842248292528,0.490251586853137
8.21500860076954,-0.967235936641976,0.369064200092092,7.8472647536299,-0.900363025581032,0.444293733090259,7.48733587376507,-0.434040201624059,0.158068402631622,7.6598959090165,-0.557978464231742,0.203774256213151,8.14590077470009,-1.79880274992887,0.494298900631494
8.23801471922937,-0.956324777659393,0.351470186850358,7.90424835585429,-0.885647071483401,0.423473833021156,7.51742074997222,-0.514155364986576,0.197581064074713,7.36631167974859,-0.436323423785302,0.110002747087462,8.17443161846841,-1.854979731211,0.481442069007342
8.05455664559639,-0.842085326818626,0.250297121789747,7.66841080603591,-0.835980724785004,0.425774886763594,7.54283944142153,-0.549775273734153,0.211154831560026,7.40049824896685,-0.479208711867748,0.155587464738783,8.08103764190111,-1.83121895407891,0.464073281723203
NA,NA,NA,NA,NA,NA,NA,NA,NA,NA,NA,NA,NA,NA,NA
8.44797707853161,-1.09210167375177,0.379339772397661,7.84610832782684,-0.878788377697978,0.427612326018142,7.46167840768899,-0.473618116558262,0.18653404054631,7.31911407500521,-0.428184608258428,0.110781621322332,8.18956326423639,-1.78751823702537,0.484968754390182
7.91651090943075,-0.799030642620409,0.272271406743688,7.99654978269968,-0.974490261801237,0.502581418077623,7.48796691240725,-0.505284253006343,0.185893882199205,7.56274804555197,-0.505340908768795,0.163113144499498,8.20176271086078,-1.87156346743156,0.514846048405634
8.00524395841327,-0.809888449637874,0.288837069627801,7.96842399184538,-0.930883902261963,0.475937696519423,7.47057103879337,-0.485344990210447,0.196589328066432,7.41559554494724,-0.477854572835794,0.140527694771703,8.11249253473038,-1.76393967457479,0.456081123186751
8.02793625434609,-0.810878299430815,0.292566468969051,7.9306505297849,-0.947579225061391,0.529939904049636,7.51494429556993,-0.486463835340842,0.211156839630085,7.52511473903884,-0.498275655960734,0.170928329309485,8.21256923525833,-1.869720596093,0.509730026852145
8.04317161149589,-0.89862642238538,0.286920612193796,7.91474345598593,-0.953166692846014,0.52671718566056,7.5214371971046,-0.485421791873818,0.207205166154285,7.41109521366699,-0.475306978615034,0.136178050595985,8.22204508557742,-1.86120955646053,0.482928798221369
8.2502490521511,-0.985986488523257,0.364598671122592,7.7182181884433,-0.867869327273416,0.454282566841696,7.50348983356223,-0.465778289671925,0.180991890821279,7.50960748142718,-0.496605788605585,0.149340094021348,8.11311228521733,-1.82351256698239,0.493727566421808
8.13379943774284,-0.917308748229916,0.325005046049777,7.78068077900005,-0.915072133794852,0.531639876307468,7.58699032579573,-0.498052311384604,0.214894955901452,7.40939558858694,-0.467383169933601,0.135687425325077,8.12734763564849,-1.78361116207929,0.445645482813826
8.12588733693063,-0.899402830339907,0.337565327629692,7.75940220131822,-0.84689186465751,0.455079013163126,7.48578084953819,-0.469915278023271,0.177312341715388,7.57767775891115,-0.530728435716261,0.159051985694402,8.30952695887258,-1.91490661344352,0.457104158831636
8.31580080822757,-0.999694243516438,0.401790718685447,7.90594024915351,-0.919598638832264,0.464030524574673,7.5599139960042,-0.539008029577343,0.221945174840363,7.68906630653866,-0.563324061382886,0.190024735812226,8.00779029181165,-1.69878005582483,0.477328297076084
8.11160412398491,-0.908343925573917,0.322659890443415,7.83552481896229,-0.88396956599021,0.4772047624422,7.5829704279596,-0.541290985853431,0.24181972842194,7.35861072715176,-0.43051651015877,0.133399420243764,8.35827699126877,-1.92564602823828,0.513974291325268
8.07095704349428,-0.891116425714691,0.335615662441669,7.87397724367635,-0.901350383944976,0.487767908700593,7.62509472395969,-0.561752985288367,0.25493746070235,7.58006382152125,-0.55125296648998,0.196489562682585,8.23562064953229,-1.87464095820362,0.481216212314248
8.22861208953928,-0.946895589360767,0.345472045307376,7.91087952130985,-0.921172941756509,0.485168877770824,7.6346403902153,-0.539050533880544,0.231501614115367,7.37932001733267,-0.467771885663103,0.150268901349821,8.30674801009494,-1.90259379160991,0.496660302605986
8.01979499462289,-0.859440507763947,0.266985309883063,7.75787960307153,-0.884185046848403,0.498262194293631,7.55148762670635,-0.565800408863614,0.230112722095818,7.3723474794739,-0.441138025853989,0.130228815381424,8.21968816038139,-1.83803328647981,0.484028924963636
8.23940682822868,-0.938055001348746,0.392200437460368,7.78110724135903,-0.901886314567889,0.471518824153098,7.57453865061067,-0.509984200847164,0.213176973084147,7.3091636965968,-0.438402570192808,0.13853817142318,8.3245683480975,-1.90764560207876,0.469117233899205
7.84177291272782,-0.724603257384447,0.200366960090888,7.96040669836101,-0.992361779874653,0.527333239263647,7.50755138664904,-0.459897220439843,0.187615017628995,7.38529453738101,-0.475787439552463,0.118935980480134,8.33646044307387,-1.92715332985335,0.513639418904341
8.0837059825706,-0.926919238611851,0.317687620191734,7.74416048772708,-0.861632241910991,0.459681900857249,7.52881146813513,-0.512301628905269,0.199641425275302,7.56850591161145,-0.516770513993307,0.195367271541795,8.21066435395757,-1.86410655486988,0.496261636108057
8.21652066349144,-0.946039615571858,0.363767517378597,7.8885907811695,-0.930588683697563,0.507346694498388,7.3608593532833,-0.385432201372439,0.136954369187529,7.39324085148391,-0.469510569648478,0.152305355667915,8.07636631822645,-1.75337325342523,0.481232966753695
8.06050611249116,-0.858772289933028,0.289690802324842,7.92154925677867,-0.909946248142471,0.474198953088677,7.45875139689618,-0.458679212433414,0.161280678820182,7.22436416948577,-0.426414186537151,0.114147389239993,8.16116750299645,-1.85465786181757,0.452413245054748
8.1872931690111,-0.937938142210428,0.365342721722074,7.89558767553189,-0.930312561649256,0.488848786663163,7.52299605023368,-0.505456764154649,0.195103057819407,7.55014690505934,-0.512863453470491,0.161079949721257,8.12975985961578,-1.83876493221961,0.488320928205624
NA,NA,NA,NA,NA,NA,NA,NA,NA,NA,NA,NA,NA,NA,NA
8.28010824520012,-1.00747845096885,0.387508045617014,7.80464984519616,-0.865153080235179,0.450157017114134,7.60975628695726,-0.552181777544442,0.238487460551374,7.51923539291197,-0.525857978442991,0.190598407392049,8.22281907520321,-1.85908523659765,0.507695087168546
NA,NA,NA,NA,NA,NA,NA,NA,NA,NA,NA,NA,NA,NA,NA
8.22258834836567,-0.991210532434038,0.369433048260987,7.88422939434083,-0.932247378904247,0.49127855729664,7.61613964437511,-0.512437771471857,0.218690725022066,7.54752086198164,-0.531115509079151,0.175827372273107,8.21240710996281,-1.88966822306402,0.498218660887197
NA,NA,NA,NA,NA,NA,NA,NA,NA,NA,NA,NA,NA,NA,NA
NA,NA,NA,NA,NA,NA,NA,NA,NA,NA,NA,NA,NA,NA,NA
8.14494056134693,-0.875115866443334,0.317069448399992,7.75827898829967,-0.892214286528487,0.498447839797648,7.3806962649548,-0.391317859514548,0.126923234035237,7.46591957732182,-0.477816219629728,0.16491008370187,8.26694187292198,-1.86974822361191,0.485474240050287
8.10714283919106,-0.875154450907518,0.32300780771772,8.0301009517163,-0.968313759757275,0.510270924257395,7.46089247455663,-0.488266897812069,0.174679445114754,7.47425082492894,-0.498556871964754,0.153155561545259,8.26439485787322,-1.92193098676418,0.535618840479286
8.30575757912936,-1.00277340263228,0.397670492307685,7.92552357692749,-0.937166368547178,0.497028424669837,7.59807418826384,-0.549205395506604,0.260459162167034,7.33919415449062,-0.465453318210038,0.151323434007539,8.30523688781909,-1.89336317465008,0.452286209800925
8.07238955875176,-0.857431644100949,0.30110226329604,7.91819899334442,-0.933746683292494,0.491891255735926,7.54976360748687,-0.499726380158684,0.197272298459654,7.67684726529595,-0.563077045631225,0.170017473999918,8.34760805238125,-1.93551420002277,0.507373057659735
8.08573031551094,-0.885803764673172,0.31438043214729,7.91154157305469,-0.965236385631137,0.490953592279148,7.53259110326409,-0.495196069430524,0.207505703148977,7.43469998731755,-0.496438248836679,0.176667155720177,8.43630699145533,-1.97586286724216,0.522840119882904
NA,NA,NA,NA,NA,NA,NA,NA,NA,NA,NA,NA,NA,NA,NA
8.25964058639467,-0.993900386501011,0.367165971528334,7.79448085064859,-0.901683147490634,0.496278004297211,7.50855039334784,-0.477350704218565,0.178855331470005,7.33072929985179,-0.420569979026577,0.107160499737332,8.11100218106501,-1.77714474945219,0.473475199782849
8.19654892146867,-0.94269922297135,0.359982310544176,7.85252804343218,-0.9019470400386,0.476710506136642,7.56232591318391,-0.526816816542249,0.222020766166707,7.30208829666228,-0.423349251649848,0.114539579240472,8.19467153557464,-1.86176481267167,0.480635290786194
8.11774041674679,-0.931875114782744,0.325047316095693,7.79373942942638,-0.878001840187007,0.442156046873424,7.58900487767304,-0.514245869350089,0.216919939727091,7.2726397424682,-0.41881002042449,0.118652018356656,8.15770978213398,-1.8258643811686,0.487790380494885
NA,NA,NA,NA,NA,NA,NA,NA,NA,NA,NA,NA,NA,NA,NA
8.29077056973587,-1.02351833431768,0.350647529887266,7.95761983555215,-0.94065704983711,0.504436969381616,7.56636683827936,-0.490072383731121,0.19513593728361,7.67236775818293,-0.558554650833383,0.179493935394227,8.09186838630438,-1.75868572747125,0.466869671972288
8.15950964349694,-0.931224988185496,0.346215558024289,7.7748007646958,-0.879992177786266,0.482396605185733,7.44755922895888,-0.458388548138106,0.164749089105902,7.64205746791116,-0.558405900847105,0.180676335854569,8.11202321445826,-1.8060049580424,0.498694581265108
8.13630015249193,-0.886502505433783,0.307194648911766,7.92507802038793,-0.939889353759161,0.54393209473678,7.53584654334196,-0.500344507184253,0.197957262311036,7.51696628574646,-0.532724184076144,0.171769818607415,8.1865551891612,-1.85241169957542,0.488682913001953
7.9888138679878,-0.838252225348879,0.310044364995229,8.0281070725868,-0.97799950110049,0.543688506913918,7.46278176578635,-0.482769305706599,0.191863668495782,7.43503323463066,-0.459673654213865,0.154037096448524,8.31849599543995,-1.93913164795662,0.515205403493465
8.22091273674574,-0.941375477734987,0.369119704516935,7.84456172031499,-0.905634091548156,0.51027389387177,7.44768307743695,-0.499573199109067,0.188276497503676,7.50647243895068,-0.519267517202812,0.199350706140771,8.11156616783066,-1.87405296013144,0.474034120579274
8.06893598813711,-0.887830805898227,0.344238336563395,7.83794632882819,-0.923935166245278,0.503985149713609,7.51512758747946,-0.474784776754278,0.190274759348684,7.34203755364244,-0.42644916057706,0.093085914945067,8.06431582341428,-1.72292338835041,0.456487852788893
8.09116423006407,-0.883520778385051,0.312492304123327,7.95875320782046,-0.961472846049772,0.513382257159994,7.47975448950686,-0.461770243847378,0.168070800429448,7.35196598620828,-0.442781639368092,0.115549640764747,7.933697585586,-1.67886431576224,0.471835227256641
8.27461262654346,-0.992136670004525,0.391832077974194,7.84647852985781,-0.917429772777574,0.512532211347694,7.48116271965146,-0.478416873598831,0.196962550495334,7.43719490799785,-0.478825336051763,0.135349859538246,8.13034166590699,-1.794372996016,0.500772026523854
8.2806453867712,-0.993720013659448,0.359768355560038,7.98376131304247,-0.995145808519557,0.533466286300829,7.60056257504562,-0.552606700620311,0.223042973527981,7.58222245755342,-0.545722639822263,0.172253212979463,8.07930751630608,-1.80195830752377,0.470475306100078
NA,NA,NA,NA,NA,NA,NA,NA,NA,NA,NA,NA,NA,NA,NA
8.13790356315349,-0.8936920573645,0.356842809303251,7.80400402690684,-0.865966141589302,0.457542753367478,7.50359210179961,-0.471595757884151,0.201608358859289,7.25372881951516,-0.40085157757403,0.111553706045026,8.0307357069637,-1.765721660239,0.491075912287518
8.02522484248533,-0.860397770485554,0.261658203322656,7.84225877752625,-0.877415314262517,0.455727149392385,7.61142079361368,-0.492873924545834,0.220907741760227,7.51414679480883,-0.496379436440042,0.148614217121306,8.31003159191717,-1.90045360465277,0.541418987897119
8.57558501944938,-1.16173977651506,0.398838141283245,7.86879084756828,-0.91605714431461,0.433772553730615,7.50969696139557,-0.480549360403089,0.192417384873303,7.65832418102263,-0.592699535203235,0.217868573039087,8.15597101763629,-1.78342252629583,0.469626785151809
8.04539455471348,-0.878984602135631,0.290158637029997,7.86436128748622,-0.906866104698029,0.486493404942105,7.58135040484113,-0.539069202082004,0.220937844325297,7.40692738833086,-0.467529837560497,0.1277123286481,8.0981452272065,-1.81981012384877,0.49178560266023
NA,NA,NA,NA,NA,NA,NA,NA,NA,NA,NA,NA,NA,NA,NA
NA,NA,NA,NA,NA,NA,NA,NA,NA,NA,NA,NA,NA,NA,NA
NA,NA,NA,NA,NA,NA,NA,NA,NA,NA,NA,NA,NA,NA,NA
8.12641371878476,-0.919232461350377,0.350383768864014,7.76570146026955,-0.86281012514855,0.445588658125555,7.60954543603228,-0.553736336145782,0.223588164695404,7.61589664673987,-0.536828620397761,0.208964238394363,8.229564944503,-1.8761479041076,0.504999068193835
8.00510710380362,-0.839724028907228,0.288617285420569,8.00818984073537,-1.00686948863541,0.515036962393264,7.50702834425626,-0.472952647550088,0.18703930952716,7.23970148131181,-0.399009334932571,0.0959160903588753,8.10543139351648,-1.798714396152,0.480697281212474
8.26379611023849,-0.983436884618317,0.385056787205486,7.77140123449814,-0.861610347379139,0.453035751596589,7.44966117267478,-0.432232919023587,0.144321669762263,7.44455942031747,-0.481558658497437,0.141501689406115,8.08459959828731,-1.79109279901397,0.460275932974576
8.08953520535526,-0.874494050767357,0.273809169725493,8.01918351366473,-0.980225789267916,0.521563195798499,7.53413758041105,-0.549451213291834,0.226466072183859,7.20229559964456,-0.363066180463912,0.0986573528718124,8.27864878455308,-1.89911400693598,0.491526727781945
8.01710275376143,-0.872627071455167,0.287807936230096,7.84632869500693,-0.924190896021555,0.528532958715371,7.53784009238826,-0.509901942050699,0.203675896020364,7.38304561816905,-0.420184396217579,0.107571266997763,8.12275622016893,-1.78569575028645,0.435848667718967
8.43410656445133,-1.06473416830813,0.471217893290382,7.82245763976013,-0.908465300004738,0.465962510670388,7.60865971702114,-0.54022525749389,0.2353914949958,7.51251118889159,-0.52204429259171,0.159179658573406,8.16679463467183,-1.80792410743454,0.473372965190427
NA,NA,NA,NA,NA,NA,NA,NA,NA,NA,NA,NA,NA,NA,NA
8.17629123322139,-0.95710171092431,0.340494965861078,7.86791289019374,-0.898498480416869,0.473247898170327,7.46357020459707,-0.48762488754708,0.18386480771119,7.5284234967331,-0.507601113319279,0.167986411728639,8.39777592959066,-1.94132336612011,0.49955577253253
8.01266780145243,-0.802781306050407,0.269989154927797,7.84441588985012,-0.905680884644416,0.480918105471253,7.40106957128136,-0.462270048559687,0.163916897384205,7.62003470090735,-0.546465692597584,0.184623779363304,8.10246213783577,-1.83130049496938,0.516293943006528
NA,NA,NA,NA,NA,NA,NA,NA,NA,NA,NA,NA,NA,NA,NA
8.1951610264091,-0.967897778065153,0.348482648793644,7.8403147375852,-0.942129492503215,0.524008866998405,7.42726970817602,-0.4314189728365,0.15386435137038,7.45829468554231,-0.504097407665104,0.156367110382614,8.15701840868882,-1.8178089417684,0.492081728804302
8.19183065233405,-0.945768681878352,0.30938811703355,7.97304339761723,-0.97356261885307,0.491943828093673,7.66188654022896,-0.569304734057832,0.250788255364137,7.27353926817371,-0.432320688760268,0.122125956136707,8.00131381401742,-1.7320070021692,0.441227219437758
8.41776937032962,-1.09850985151344,0.394204206259166,7.87419631331255,-0.91580906575885,0.484726376154777,7.58066473030305,-0.539006303006334,0.225712933022656,7.61698488900367,-0.532343739128477,0.146214672281384,8.18004260056484,-1.87605863091,0.473660955490203
NA,NA,NA,NA,NA,NA,NA,NA,NA,NA,NA,NA,NA,NA,NA
8.18916193584001,-0.928892702046604,0.317845928444206,7.6698992007213,-0.821534511007302,0.430163100627624,7.4595113212441,-0.481533128289081,0.169165459761677,7.42031162490909,-0.468050905788913,0.142416343469225,8.16980699901052,-1.83325305635551,0.470838300727858
8.41305743447288,-1.1105758180661,0.475920547141042,7.82026697213047,-0.849274000465256,0.418728719318891,7.56306439013484,-0.505942294451512,0.210230873714542,7.37307644484115,-0.467719056399802,0.118711226854989,8.24353741687392,-1.87896444872636,0.510512251964721
NA,NA,NA,NA,NA,NA,NA,NA,NA,NA,NA,NA,NA,NA,NA
8.26314366814055,-1.00286433397734,0.349608557490265,7.97411916342062,-0.952771124278649,0.509913020430167,7.60348849675232,-0.525301883698702,0.246229627772446,7.37300197495053,-0.467504545938041,0.118950321142605,8.25327107018826,-1.88803018043213,0.50888079658584
NA,NA,NA,NA,NA,NA,NA,NA,NA,NA,NA,NA,NA,NA,NA
8.17673388295828,-0.925298296731287,0.356215420637626,7.86847402916741,-0.92204355160235,0.45823350169899,7.59012126244078,-0.534674229502269,0.206224578690249,7.35177318464342,-0.430110300539191,0.128278431700815,8.07430927474225,-1.75414205343187,0.447504995265598
8.46443724764758,-1.10456142228522,0.381454182903999,7.97562200471829,-0.958099951455272,0.484109047035848,7.58920927373653,-0.484296384904477,0.21253312393555,7.20758118085448,-0.409891980655433,0.110741765493713,8.38846928559345,-1.96303150925554,0.489407202172444
8.1077862219136,-0.902299986038974,0.319134405045187,7.93322788669237,-0.948256899858535,0.494772979038903,7.56813462534657,-0.495751044793249,0.211809526357815,7.52441056908808,-0.51711325924777,0.143809331617471,8.19595544395745,-1.81893532528843,0.484668486425271
NA,NA,NA,NA,NA,NA,NA,NA,NA,NA,NA,NA,NA,NA,NA
NA,NA,NA,NA,NA,NA,NA,NA,NA,NA,NA,NA,NA,NA,NA
8.21069144037292,-0.950606996099306,0.364505080020719,7.92335223083995,-0.933846837960644,0.498751316822313,7.44754117444714,-0.490012632620073,0.188104368409566,7.48847887596611,-0.489520788936778,0.15196156393413,8.09065398672366,-1.83040285485928,0.472508511571046
8.33110974026557,-1.0329552125727,0.395549896927576,7.78699145713758,-0.856179938977857,0.461320011341213,7.46797186990562,-0.475340064192883,0.17266901075326,7.48983944770282,-0.513546773564843,0.160889234319376,8.18412980791049,-1.81707554184617,0.49130187094222
NA,NA,NA,NA,NA,NA,NA,NA,NA,NA,NA,NA,NA,NA,NA
8.10196803003445,-0.871340354751806,0.323154075559924,7.71782524797531,-0.855840914955466,0.46574267429055,7.67653153751976,-0.597506689669,0.2777799459762,7.6702073801131,-0.548018807135789,0.160641168262179,8.04003608143369,-1.80222269031797,0.478615822831046
8.06462996297257,-0.876326525024879,0.292791878679934,7.86188420041754,-0.918389529081091,0.492263811565546,7.6747004436871,-0.608264577976732,0.280702955890228,7.30784697498286,-0.395804886951009,0.117437376022658,8.38003413167888,-1.95550990377645,0.474777088139618
NA,NA,NA,NA,NA,NA,NA,NA,NA,NA,NA,NA,NA,NA,NA
NA,NA,NA,NA,NA,NA,NA,NA,NA,NA,NA,NA,NA,NA,NA
8.00823792763634,-0.862796252317109,0.245051170712523,7.81883868474819,-0.894442558311557,0.463538465911009,7.4089802666254,-0.442155294863844,0.151985048286438,7.62964405682493,-0.559215150043427,0.188097581319589,8.13992058263255,-1.80624508051661,0.459471884046938
8.17870635045418,-0.936205383440692,0.310935634355183,7.91254997748767,-0.940667537827429,0.503167239657776,7.38553974901524,-0.429655625018696,0.154818611455842,7.53503688943224,-0.530255022617996,0.196015284901517,8.06878130470557,-1.73348326692068,0.449584036855846
8.10711656443636,-0.872190618424666,0.256176255248357,7.74388561989322,-0.842813337490906,0.435605877117652,7.54268702925648,-0.470427429466675,0.18332554751657,7.46939958588472,-0.507543848458078,0.141767496125179,8.24337104798694,-1.88806114968128,0.505209542191078
8.15486042030594,-0.965354086754295,0.341834208350751,7.9621576717164,-0.960688324096274,0.51228587393821,7.50385085079462,-0.456024721861516,0.169635270564426,7.30037633623763,-0.422290509404025,0.109718010299097,8.19045585455033,-1.78396644385761,0.446069330940953
8.02473193447082,-0.79996059050378,0.301215769666733,7.85875832056579,-0.926091132406109,0.505127266511111,7.54256540403724,-0.535319571499085,0.224229034568548,7.61921562628162,-0.57289423050787,0.193607089123035,8.36999040157699,-2.01662180021796,0.549900244567879
8.50142253118451,-1.10801787516151,0.427776661424574,7.74754510934233,-0.836615023418831,0.435352239364439,7.50199233877108,-0.475210713142869,0.189735051674968,7.18947010615631,-0.36866368131839,0.0990483513435804,8.25183655472116,-1.90124050289028,0.542753494102753
NA,NA,NA,NA,NA,NA,NA,NA,NA,NA,NA,NA,NA,NA,NA
NA,NA,NA,NA,NA,NA,NA,NA,NA,NA,NA,NA,NA,NA,NA
8.16619347058173,-0.969230872832248,0.284333424235172,7.69601884562222,-0.803332251495872,0.396986131705709,7.67061395025821,-0.613560409129406,0.275028879990664,7.26960569200923,-0.38998223341513,0.105214260422307,8.25647263249765,-1.89973449585951,0.530812715281024
8.1450185994038,-0.903640675090597,0.311206125272765,7.95112431668317,-0.954674331838334,0.505829300504989,7.53308292385399,-0.529427071498885,0.215196881007088,7.3120224833504,-0.41557333749555,0.135599955645554,8.14215210916216,-1.81454332067865,0.460234331684924
8.30599308551724,-1.01908211837627,0.373113504532027,7.76604293506581,-0.869448162064564,0.462200382795538,7.58250571671594,-0.520611766258213,0.214910443161237,7.34135770487404,-0.437192943237956,0.132257646015434,8.52484521703921,-2.03324519689373,0.548530377131359
NA,NA,NA,NA,NA,NA,NA,NA,NA,NA,NA,NA,NA,NA,NA
8.02728171180186,-0.861863424387473,0.322331189442144,7.78454771103553,-0.881824939983668,0.46932842403374,7.54873037722941,-0.500452341168769,0.193675383886827,7.22520108772373,-0.413250508479951,0.117320492616486,8.13465696261152,-1.79855845271985,0.471412100974024
8.06755736671951,-0.87194318186949,0.318214737713633,7.82496141606347,-0.881725837302172,0.452940668208047,7.50202193913468,-0.492189714287217,0.181643900304626,7.51723791455324,-0.503113473471468,0.163233917772778,8.06286755234637,-1.78706434486828,0.495593058324367
8.05979480834659,-0.879796117463669,0.283958738651738,7.84225254533537,-0.937049073807132,0.477902521704858,7.57724212517783,-0.498363423163424,0.20408520999994,7.72468455205328,-0.588158884419672,0.183943235551839,8.05579769365659,-1.72436570559504,0.489199744231612
8.09326652365556,-0.897356947661893,0.307431601960113,7.75529513238991,-0.895316796220942,0.511924941630881,7.5957992352111,-0.526584342928575,0.201218465591507,7.48266134191207,-0.503812786474295,0.156346274754931,8.11315010984955,-1.80026732119952,0.472978514734561
8.19449750028097,-0.957723692721677,0.350227193278082,7.79485023137734,-0.856630724721653,0.438774223371898,7.57690349795583,-0.50717234234325,0.227200973587718,7.36937067764935,-0.452549701918915,0.135870651481383,8.24476729552405,-1.89877563307617,0.489467212751902
NA,NA,NA,NA,NA,NA,NA,NA,NA,NA,NA,NA,NA,NA,NA
8.00254657475497,-0.839882676550837,0.291061684758827,7.92665770546169,-0.947099721582616,0.517213919494816,7.54106083101097,-0.517537329710215,0.211662018121514,7.39069403300641,-0.452660358405751,0.109963698069124,8.26754928157963,-1.88285576467979,0.515688244495086
8.09689372733671,-0.851380086326036,0.303645368974542,7.81798635548888,-0.900911012946036,0.473381241612638,7.50171695864714,-0.496626872998931,0.192918832169062,7.4057799609153,-0.472750050668714,0.136909592663494,8.09129608688895,-1.75787012515027,0.469780301836769
8.19342133068979,-0.980058649597294,0.329610609484074,7.87943904597215,-0.957338156245282,0.516538351793803,7.54625659195618,-0.499282161858248,0.220146032225896,7.51369219073457,-0.514759573705253,0.167930607559844,8.10346055682798,-1.76386350649007,0.466206764469398
8.04947760727117,-0.865670561861499,0.267839114059295,7.89045001570024,-0.892700111051686,0.466293238467404,7.45670444542334,-0.420415651860987,0.163674659813213,7.53977355902022,-0.526448880253398,0.18955756233848,8.30222409668257,-1.89905496793079,0.485956938478719
7.96741700083247,-0.815592199656114,0.261890362595137,7.91353194413107,-0.907050806256794,0.47226526907376,7.47357747680898,-0.44722458228239,0.166628318703602,7.52494792904429,-0.49802179782232,0.15883015085312,8.16977097579777,-1.83572707516492,0.490638564442339
8.33272014187583,-1.02776172946198,0.351257848227588,8.03176477255399,-1.00249492072962,0.529292233868243,7.43077967173568,-0.440270762134854,0.162439151680846,7.39387840891071,-0.450048206255337,0.115601358969591,8.10009504776191,-1.7813826443116,0.457964869086528
8.04725486648549,-0.827180171124357,0.3149456507687,7.82978622367739,-0.898358158021538,0.442549390948233,7.58623927277412,-0.561775261237638,0.229422564076673,7.46877677112021,-0.470569288476699,0.143970124703836,8.19079630600646,-1.85054543841098,0.506595314580514
NA,NA,NA,NA,NA,NA,NA,NA,NA,NA,NA,NA,NA,NA,NA
8.0101847125484,-0.845093490292954,0.286668738368026,7.81703981706084,-0.854201464568804,0.449231234523729,7.44523710257171,-0.443661179784481,0.173482352008525,7.63637297368213,-0.554260963074647,0.176381693693411,7.96187565049453,-1.71715384416943,0.471138240544718
8.38549469922391,-1.0358083058508,0.438498421000432,7.8242291351636,-0.905593594558504,0.501448826191841,7.52980961933323,-0.513232565309436,0.209170061417114,7.44836596040757,-0.473908135070703,0.137862815044712,7.99976884917487,-1.7375485718591,0.471451031256531
NA,NA,NA,NA,NA,NA,NA,NA,NA,NA,NA,NA,NA,NA,NA
8.47518134083104,-1.15529585396093,0.455829281116133,7.77363644652261,-0.881759863753526,0.492788264921695,7.53987807679125,-0.516190569443316,0.223154702554656,7.40005249136385,-0.456351222854113,0.126899628320481,8.13464765418003,-1.81592656808996,0.488901031225908
8.11460965935092,-0.928284526018036,0.317714298483617,7.8456719175126,-0.915656475935754,0.506876651469933,7.48996584498973,-0.466069525899662,0.190902269999345,7.29893707533318,-0.435250896004347,0.123040645920018,8.15912819531939,-1.84555729289485,0.469060506616128
8.12641248135327,-0.886928342603653,0.289603304300333,7.78447768128088,-0.846873016583482,0.454431663243219,7.50003267098499,-0.500800715271571,0.194876654109245,7.6609089385207,-0.589110589554005,0.181691574525157,8.07215812035607,-1.75980984364895,0.444314404148322
8.28801188857153,-1.03070836567962,0.410491968840305,7.7827910697759,-0.895942654216756,0.458436325915067,7.480689938822,-0.496620164862829,0.198131553487433,7.36299319423752,-0.463926862989549,0.149410247577714,8.15586371847273,-1.80397544582675,0.486855225391654
NA,NA,NA,NA,NA,NA,NA,NA,NA,NA,NA,NA,NA,NA,NA
NA,NA,NA,NA,NA,NA,NA,NA,NA,NA,NA,NA,NA,NA,NA
8.45595126408222,-1.10610258140349,0.412955877403537,7.87600575187945,-0.894362411308708,0.477195895422747,7.52970054996714,-0.461889207803801,0.165647331920915,7.7016454008503,-0.570289249173751,0.191694644465535,8.09510531677944,-1.76285856836158,0.462917932525478
8.26698869936889,-0.988198412068531,0.339030077730722,7.84401459057167,-0.881299449277291,0.4618966847063,7.52789866093799,-0.554302544260398,0.218773082130445,7.38127128152903,-0.417246501673313,0.114968462699637,8.04273976955863,-1.76224745113987,0.477401956861567
8.21157574167485,-0.972955443272975,0.397041320290833,7.7755596541393,-0.894076367057279,0.461364282611691,7.446892741523,-0.481131267376426,0.194596463747392,7.55765515056283,-0.525054873297337,0.145161259267812,8.19154162414655,-1.84609986984706,0.482976531832138
NA,NA,NA,NA,NA,NA,NA,NA,NA,NA,NA,NA,NA,NA,NA
NA,NA,NA,NA,NA,NA,NA,NA,NA,NA,NA,NA,NA,NA,NA
8.26334476028865,-0.969708715071426,0.269923774550332,7.82895684325979,-0.872761898440922,0.458866882827904,7.44180266492803,-0.463586202585117,0.169378959661243,7.53195338515856,-0.502256476574994,0.16193458034726,8.26517145891698,-1.90142183699796,0.438080851219954
NA,NA,NA,NA,NA,NA,NA,NA,NA,NA,NA,NA,NA,NA,NA
8.21778222118856,-0.921644167437263,0.263293330557263,7.92162355200016,-0.946273729414635,0.49626697022486,7.5843148053659,-0.527120191155967,0.208383611075865,7.39352511922855,-0.443075460511328,0.138420535579789,8.15747805136768,-1.85586116037945,0.47492626589427
NA,NA,NA,NA,NA,NA,NA,NA,NA,NA,NA,NA,NA,NA,NA
8.0670801023247,-0.879837607946398,0.320826454982334,7.71678774793109,-0.831723143244841,0.458997903423259,7.40362441007325,-0.427049665814561,0.147951047236562,7.35649001959228,-0.443923473182222,0.0939144604043833,8.32541786493414,-1.91763602275172,0.505930540490205
NA,NA,NA,NA,NA,NA,NA,NA,NA,NA,NA,NA,NA,NA,NA
8.30508277658049,-1.05340574773616,0.460147093026579,7.86533642004755,-0.923644983425433,0.501971475843752,7.55993522873386,-0.508251085319683,0.222737124545039,7.54999386865997,-0.522028707600614,0.150857580554635,8.04435718736397,-1.75711648687973,0.475843128709593
7.9744587198379,-0.819560206551105,0.243254771556814,7.76795228179353,-0.869639666572419,0.429303672520069,7.58044812859934,-0.555171898945881,0.224528072466622,7.6180963646203,-0.502381551634261,0.179408147746165,8.03237206330073,-1.72711347028879,0.449834685098817
NA,NA,NA,NA,NA,NA,NA,NA,NA,NA,NA,NA,NA,NA,NA
8.1761786794643,-0.958483196251018,0.323400460828413,7.73847517016419,-0.852728081487751,0.43013013616755,7.51401294299539,-0.498485482622769,0.186479989300476,7.49213463904738,-0.475450420237343,0.163673105005469,8.2057816154528,-1.8711955609404,0.488021759921682
8.17933264108688,-0.94923236957767,0.364288559896993,7.91922025921921,-0.937238043372411,0.486469073282211,7.5268015178951,-0.505466465655306,0.212905823372791,7.45179681815311,-0.492762342566451,0.150837879684286,8.32810835134184,-1.95025295980899,0.484821924124357
8.03663214149622,-0.831578522751132,0.320450815268343,7.85774267639348,-0.92869228475801,0.500223764061155,7.50552169316963,-0.506576260243109,0.187551892823634,7.31999894166233,-0.454633394414877,0.125542444099052,8.24928157895069,-1.84067827851939,0.518404441504847
8.05741312618755,-0.856052518566955,0.335809747794983,7.80655943187335,-0.897868067651853,0.485477801803543,7.46784209540775,-0.48132471812567,0.185092539565047,7.51334933908167,-0.512516685725726,0.166041332737672,8.21560305490745,-1.85440013806652,0.482471213210555
8.01372546131198,-0.862649042138165,0.253958621335688,7.77883981011563,-0.861894222427725,0.437154298406374,7.51838760137,-0.491441131050137,0.183234108276203,7.36971210600948,-0.47314374789421,0.158555582291147,8.02338518336519,-1.72202003957992,0.449392559334254
8.13253673383377,-0.896126713958732,0.283388451119799,7.92008825998992,-0.929311062450279,0.489766579939166,7.43280048100839,-0.457462279085307,0.170668634838016,7.32260709002797,-0.43500970524761,0.133760075612931,8.33416064782908,-1.94256033269416,0.503372569277952
NA,NA,NA,NA,NA,NA,NA,NA,NA,NA,NA,NA,NA,NA,NA
8.24236284656019,-0.992328840789261,0.419421520651049,7.94714801680857,-0.929466948313859,0.470595909955945,7.58042606411867,-0.483707043423341,0.205032588621101,7.71080405766316,-0.568516192920632,0.221388416190737,8.34537316186981,-1.92651089517546,0.496098349448615
NA,NA,NA,NA,NA,NA,NA,NA,NA,NA,NA,NA,NA,NA,NA
NA,NA,NA,NA,NA,NA,NA,NA,NA,NA,NA,NA,NA,NA,NA
8.26727412682103,-1.00434154767712,0.315153475627574,7.97825321757331,-0.95910695231032,0.495074792547914,7.50831062067378,-0.482783330527422,0.191200313213715,7.62240600710474,-0.555518691126872,0.193011595722929,8.09585270136421,-1.76005014200757,0.481003002158457
8.42236747673355,-1.0750391518248,0.431307899890536,7.91241133852999,-0.952010623988834,0.482507658645933,7.58524396865142,-0.515783285670879,0.207714774425706,7.53235156876853,-0.53435461306968,0.159629749909678,8.18964506503957,-1.81689102790784,0.489473272617828
8.20209879828615,-0.94483818263978,0.327562913409931,7.99888267550037,-0.989138880450328,0.522899858101274,7.54365619816542,-0.522392879133763,0.209511404842694,7.49318092141379,-0.488576601556302,0.140301104478393,8.34773597461064,-1.90761314993497,0.51925932752517
8.16085311098203,-0.963756939861993,0.348124422473214,7.94184947704572,-0.924048581543282,0.474208846908804,7.57363967946327,-0.545407146594134,0.233453730469283,7.40259076469052,-0.457337101313531,0.110274942226768,8.10364096448413,-1.82212720450877,0.506143434574157
NA,NA,NA,NA,NA,NA,NA,NA,NA,NA,NA,NA,NA,NA,NA
8.10932182092406,-0.903170683477585,0.285233248978443,7.86901901189076,-0.936055318494511,0.52158739661828,7.59316223379079,-0.531952628981905,0.236690478465372,7.38237280846018,-0.466624904553854,0.123985404091219,8.13781281863229,-1.808939193298,0.510139763430972
8.2198606188386,-0.972578171035559,0.310352848129426,7.83012177391072,-0.883629718373484,0.488965237364915,7.51608801595041,-0.518516317142852,0.211842523484335,7.4465676108167,-0.462454882553354,0.141784047863072,8.39916911478185,-1.94773380431872,0.548851191350727
8.133364357341,-0.910170060964322,0.29368936461443,7.87980416574499,-0.975712165315042,0.543670843232129,7.53215750004721,-0.499440526987636,0.188326221090852,7.65027636969822,-0.575074732389096,0.184561880068818,8.15762322371058,-1.81129271366964,0.46028973215942
8.14123776298085,-0.928742689091149,0.344025993263871,7.89316875785526,-0.95708197933232,0.52108302600445,7.58021786680826,-0.529665384410524,0.219119266223794,7.30669473832404,-0.417409917914766,0.113215713863864,8.15051465568099,-1.81265031018172,0.489060620537682
8.27756984414599,-1.00455062402378,0.328757416299403,7.92116198089084,-0.9375203094448,0.481653854321623,7.47326417444538,-0.473025996224725,0.167306331525988,7.4392854321542,-0.480824857834733,0.141546555838548,8.34163762055203,-1.9346472294917,0.472809317491911
8.21728801431726,-0.951734568487469,0.332974067768529,7.85066957875456,-0.869705240882664,0.488918018258953,7.39956575470914,-0.463768226686567,0.171571093661477,7.66838603718232,-0.564800527397423,0.184599256471992,8.19618004141159,-1.843187952968,0.493418906352271
8.10647599037959,-0.870253493611645,0.310553263686159,7.89953062858231,-0.939120318322893,0.529074465526237,7.44307296614486,-0.460657742350869,0.178184041162601,7.60423494745846,-0.547286171242437,0.156713947299991,8.15827860094093,-1.84220400743633,0.528849280161966
NA,NA,NA,NA,NA,NA,NA,NA,NA,NA,NA,NA,NA,NA,NA
NA,NA,NA,NA,NA,NA,NA,NA,NA,NA,NA,NA,NA,NA,NA
NA,NA,NA,NA,NA,NA,NA,NA,NA,NA,NA,NA,NA,NA,NA
NA,NA,NA,NA,NA,NA,NA,NA,NA,NA,NA,NA,NA,NA,NA
NA,NA,NA,NA,NA,NA,NA,NA,NA,NA,NA,NA,NA,NA,NA
NA,NA,NA,NA,NA,NA,NA,NA,NA,NA,NA,NA,NA,NA,NA
NA,NA,NA,NA,NA,NA,NA,NA,NA,NA,NA,NA,NA,NA,NA
8.09367934413481,-0.866593626233281,0.332479888723658,7.90612815103011,-0.892733515721003,0.477524498642436,7.44273506492683,-0.436636298689721,0.163321236425901,7.32325426880054,-0.415071063574347,0.120524081292129,8.05752416657859,-1.80351093100733,0.492405096320225
8.31704395367672,-1.02436865130088,0.391179257007435,7.80394729341799,-0.890988933278642,0.473038194304291,7.40840697241607,-0.441660338832145,0.147524369865409,7.35157683312659,-0.463571304928586,0.146881264016056,8.01905708016091,-1.72255328939469,0.421720417674437
8.17595114460483,-0.914283259747944,0.294336937505975,7.89365456172439,-0.920416461761981,0.494062600079379,7.38662967626055,-0.410691634435824,0.1379929807574,7.49094703451052,-0.520894648645296,0.155840185466816,7.95820095380126,-1.7483170537913,0.454466281135472
7.9824589380805,-0.821709262617474,0.281139998588032,7.86601425518964,-0.971179744864933,0.530099469089286,7.36833289177964,-0.408245398347151,0.129876762456644,7.5619913536601,-0.537791427757653,0.180129854304845,8.29224917916196,-1.913073002313,0.525646158526639
8.35490040421056,-1.03579645537994,0.345429129756092,7.80155181614746,-0.919833114080321,0.459400069766084,7.3887582508146,-0.431216933513861,0.148623526037823,7.5226562462465,-0.539181483964787,0.209982756105755,8.40073590157042,-2.02870756979253,0.52224244900924
8.47973134907709,-1.08953588458619,0.41934284501636,7.90494786948841,-0.913561444938753,0.473463984182117,7.58767631372279,-0.542282615132488,0.208062732289832,7.45421296589269,-0.493138824429161,0.162558556969777,8.12355747729374,-1.78038170447936,0.481477229346013
8.16856018927395,-0.946211969590812,0.295773715858741,7.7538887175388,-0.856979119208249,0.458358077799484,7.50623450992941,-0.480050243230057,0.186519513886621,7.42675219993861,-0.463159196327319,0.131108244820593,8.03841765008784,-1.74178975630957,0.475254553699973
8.13000262276111,-0.904759822566585,0.316175294160437,7.83592000843829,-0.931653335272746,0.503647937981545,7.5440003370833,-0.510771046171085,0.205784319693838,7.61509367431839,-0.566463624170943,0.170811647018656,8.18964690023909,-1.83431673904156,0.496508540332594
8.14875185744313,-0.922048571156815,0.298325236229022,7.93296928456715,-0.936287887438708,0.496021166171254,7.45378590839637,-0.450136092300954,0.156064757821787,7.54715331769479,-0.515999808739328,0.182148529935553,8.30632834892812,-1.89228332010284,0.49209328100466
NA,NA,NA,NA,NA,NA,NA,NA,NA,NA,NA,NA,NA,NA,NA
NA,NA,NA,NA,NA,NA,NA,NA,NA,NA,NA,NA,NA,NA,NA
8.1844128730881,-0.958106335672517,0.335294072089958,7.6239555239576,-0.76780180007299,0.398356534556888,7.48224165952759,-0.468373926718051,0.181715105367567,7.44542650744446,-0.481439864157303,0.132597852959107,8.21612286334009,-1.82385309464262,0.481426868829437
8.13278283341846,-0.94998343302161,0.347225683229739,7.83836208692775,-0.867338420992734,0.458490278059478,7.64251302972489,-0.553183571514517,0.248240752527095,7.48209445295907,-0.489060125607846,0.135240167524194,8.05486906847549,-1.76459426975699,0.472265819073843
NA,NA,NA,NA,NA,NA,NA,NA,NA,NA,NA,NA,NA,NA,NA
NA,NA,NA,NA,NA,NA,NA,NA,NA,NA,NA,NA,NA,NA,NA
8.13947735826687,-0.906351153212864,0.341715274812725,7.94738042317978,-0.916522712939809,0.51237701421498,7.49129534791797,-0.476014997619934,0.181632115439953,7.48839376025551,-0.491472460186797,0.121964907352535,8.25995590606739,-1.87243012704383,0.500993878945433
NA,NA,NA,NA,NA,NA,NA,NA,NA,NA,NA,NA,NA,NA,NA
8.38703744390815,-1.08384627453185,0.426118427064401,7.88227298841667,-0.902611001083163,0.460312581790951,7.62120544884455,-0.567199290182673,0.245448740250897,7.3430926211173,-0.456861653246616,0.121805427711644,7.98809452864497,-1.70562906406662,0.463999845589383
8.19875991100637,-0.950688925520764,0.327853503777849,7.79730733575489,-0.872989592650603,0.480715472244048,7.51701743236196,-0.495649582331484,0.195954895451755,7.50312874589409,-0.476791612557115,0.132739924248084,8.14819065337182,-1.87468432269588,0.507372091360194
NA,NA,NA,NA,NA,NA,NA,NA,NA,NA,NA,NA,NA,NA,NA
8.2604691230741,-0.975392831971876,0.353891648613901,7.75627931205266,-0.856499680468337,0.448546982752684,7.44982057443393,-0.464706618172549,0.191828057549421,7.27680301218928,-0.437668973976199,0.134393028347328,8.24953020266162,-1.88938666485774,0.498127820435671
8.16205886783649,-0.897127105378501,0.354419953804019,7.90863776597144,-0.958646148344103,0.509815020792332,7.42409699483711,-0.449395102122083,0.159569020068697,7.2833092941181,-0.42135410089458,0.105082817062355,7.95052380818625,-1.70716164016768,0.485331499182576
8.14119248183409,-0.887965980849836,0.320100907407676,7.93760016072259,-0.973398090734395,0.524274332533987,7.63081399404403,-0.558802082552892,0.237827241121375,7.23453937331238,-0.391179886504716,0.0944736663694039,8.32818681622228,-1.97553651920689,0.476487456969096
NA,NA,NA,NA,NA,NA,NA,NA,NA,NA,NA,NA,NA,NA,NA
8.12244088948586,-0.933618927960777,0.35287743762395,7.7833970001388,-0.872822354905583,0.452180762671394,7.53243595440633,-0.492694807710392,0.203413405970855,7.46201948700814,-0.49533475478271,0.155687430108169,8.042021096178,-1.74782813320372,0.450477948330939
8.16448800116893,-0.931362152489226,0.310206499984532,7.73636703335833,-0.857444183979556,0.443316321340975,7.60160596573757,-0.544696991057397,0.226474635568186,7.57601780702043,-0.542101393399091,0.163022963179999,8.33135545980091,-1.91490850839407,0.508150249031754
8.07688157469456,-0.868877944132365,0.308576197926831,7.80359794909302,-0.888778553787925,0.433501909950185,7.53926118971196,-0.520602412551168,0.20696619337626,7.54871999877892,-0.523321989752455,0.173325398812412,8.06927301928672,-1.79498259475098,0.501396353994255
8.34220564442433,-1.04549631760197,0.436752254256592,7.9566841939486,-0.945417891530288,0.482010745612864,7.57517025109856,-0.517597350374465,0.208635363250733,7.52812320678757,-0.501486156619513,0.148668487440235,8.29648204734074,-1.88396762184508,0.456734380987246
8.41016803951785,-1.05304107739165,0.439315024339819,7.86206485668382,-0.911524096824614,0.494419708551737,7.51409046925109,-0.486462892042206,0.194716784844652,7.5695666739051,-0.528615367668518,0.178121498420295,8.1898996211125,-1.82128443345849,0.480469483285184
NA,NA,NA,NA,NA,NA,NA,NA,NA,NA,NA,NA,NA,NA,NA
8.23449529212228,-0.965566177721629,0.317097045627169,7.8990685428727,-0.929160913471708,0.501710994649721,7.4929878615638,-0.515028861671327,0.201955629449382,7.4468464020271,-0.475186262593472,0.146652871473847,8.18634196305314,-1.84996857747865,0.44377348417797
8.19094253532892,-0.936091534121823,0.342477089135286,7.95847145984258,-0.975326457451265,0.528859572330571,7.57609852126787,-0.525439162289878,0.217044198236552,7.37962068836564,-0.462616482280053,0.125470190668563,8.23261787089445,-1.83763509265271,0.473301557333814
NA,NA,NA,NA,NA,NA,NA,NA,NA,NA,NA,NA,NA,NA,NA
8.36055720461295,-1.04951541088121,0.445760492876857,7.90330874157011,-0.953904169680443,0.493790744615148,7.56520247583094,-0.532267860237164,0.211976790340168,7.56763227310411,-0.534919571959835,0.1634328392381,8.10637522006622,-1.81175802764918,0.499246652060996
NA,NA,NA,NA,NA,NA,NA,NA,NA,NA,NA,NA,NA,NA,NA
8.56673721007742,-1.16832990787477,0.498703010737428,7.95019661094064,-0.94486578748664,0.509758916586397,7.44865152709084,-0.49271027527287,0.19313383947894,7.51482557856889,-0.53069454918548,0.177499501142974,8.1439052327111,-1.82084346304711,0.457441607668417
8.18704396362732,-0.93974725027626,0.366935737937597,7.76499978348083,-0.86467454622025,0.456712745298274,7.44320386889204,-0.452381747275747,0.167864847887532,7.39350571316888,-0.440331595515723,0.129953945689322,8.10803970786853,-1.76657434118855,0.459221183825249
NA,NA,NA,NA,NA,NA,NA,NA,NA,NA,NA,NA,NA,NA,NA
8.23133794263396,-0.963616945222768,0.305209685819947,7.95697177295572,-0.936584127004789,0.516949410802863,7.59343841981961,-0.521378421144133,0.220008625315522,7.53012451194939,-0.541392182343866,0.168415641497051,8.30112749479978,-1.87255896423364,0.528378042620883
8.1369519090548,-0.939510114427892,0.316910389932386,7.65737788297963,-0.802060521796358,0.423052214305471,7.48870908032813,-0.474948431887318,0.185022946677158,7.48154727846185,-0.479269303444044,0.14498253069998,8.26487131108994,-1.8531939194697,0.467437068304717
8.05473660566013,-0.829834899832721,0.285112742587531,7.88642647187145,-0.925681925500012,0.484014826233844,7.4894313324538,-0.4781997702308,0.174060826059172,7.55220815312941,-0.506694705546736,0.168496964562952,8.23866988007975,-1.8815423537317,0.496767445766141
NA,NA,NA,NA,NA,NA,NA,NA,NA,NA,NA,NA,NA,NA,NA
8.44475690557378,-1.08072169562448,0.432349682139863,7.84546906258292,-0.895251993946652,0.458005308903294,7.52887246596985,-0.495626349517496,0.206451012413624,7.38021237352954,-0.443838575797463,0.121975966175387,8.08926384850716,-1.7869510006822,0.48963925580271
8.01967864906955,-0.876429336485947,0.314411611368081,7.78351442939238,-0.853431974474626,0.462439308826334,7.54428757507583,-0.529196252696216,0.224810017091206,7.40590469619022,-0.450941536252701,0.131326041743009,8.17357695403701,-1.84297919088272,0.509957948840439
8.01554314869347,-0.883161037485556,0.291707089706931,7.72997957276787,-0.846618964963879,0.4594463246984,7.48334953228373,-0.493546566501056,0.170189920034821,7.54707044666439,-0.514953750649695,0.171056507682806,8.21402686484514,-1.83308861841155,0.484092247740181
NA,NA,NA,NA,NA,NA,NA,NA,NA,NA,NA,NA,NA,NA,NA
8.0481646827618,-0.857465735942097,0.294974922774031,7.80185988561034,-0.893728887614289,0.479112769514811,7.58398720529712,-0.540663253927234,0.214280461614592,7.47743781728868,-0.471123880776466,0.164980034257515,8.15252390310991,-1.81550800047917,0.482166077684884
NA,NA,NA,NA,NA,NA,NA,NA,NA,NA,NA,NA,NA,NA,NA
8.09836215127829,-0.892897625415367,0.30921595811413,7.91471380774197,-0.921726092897128,0.492601694957053,7.48648972445526,-0.466198451071615,0.184086565340547,7.43813742099995,-0.481834196200186,0.144132430182326,8.34515189458481,-1.88022163110313,0.493950735185498
NA,NA,NA,NA,NA,NA,NA,NA,NA,NA,NA,NA,NA,NA,NA
8.14039114987305,-0.954150268286052,0.297855557412047,7.8112811010987,-0.857955302740882,0.419565665417888,7.4817683823515,-0.494147101211847,0.192411411207574,7.51312425096251,-0.50358350930669,0.130406358595657,8.11546746979615,-1.81607125138478,0.516220082841019
8.05735500671755,-0.892952966436307,0.301749350509206,7.79820830971926,-0.887461461495679,0.477816375329314,7.59188456958695,-0.537253860189163,0.216239780338906,7.39663429218059,-0.469207306695898,0.160566079557473,8.16199901528526,-1.84825890355552,0.48581527262213
8.10919099446328,-0.868407524494265,0.29770708422854,7.97591368888381,-0.937952834886437,0.498489283957555,7.56315169142608,-0.507635578908286,0.205107557117862,7.50855618674369,-0.495996140839584,0.180883329119802,8.03485276910607,-1.77783345583362,0.517966786479899
8.09195394130577,-0.896797023267694,0.275403575418731,7.92450568095279,-0.918396376911125,0.49362014666918,7.42036301081976,-0.41438117044483,0.145127850998881,7.50624305594133,-0.490128904090833,0.147570246418141,8.2200517849424,-1.8714157667059,0.436369121432245
7.96209272782713,-0.799314393519151,0.266679012238462,7.80281465658518,-0.848882905610259,0.445169969742864,7.5674953039633,-0.522904786255416,0.215062396790305,7.62556111634049,-0.571639581181156,0.187002644187008,8.03593028603989,-1.76403008793415,0.487746521351631
8.26897154653315,-1.03387706401746,0.37413328295192,7.79423991139587,-0.862276354403518,0.451660569910841,7.52953166019549,-0.491017718821622,0.186810961620364,7.67819989216747,-0.573585246869779,0.207775133946599,8.08493951562463,-1.77111105482324,0.482132037904898
NA,NA,NA,NA,NA,NA,NA,NA,NA,NA,NA,NA,NA,NA,NA
8.06997391086918,-0.902776024474079,0.322310297641582,7.85388797448764,-0.928744945159906,0.496617989039736,7.53148241348299,-0.508398791602027,0.191958777078478,7.50822381358702,-0.50448044731882,0.155409532793659,8.38673582580522,-1.93838374082851,0.487963047293563
NA,NA,NA,NA,NA,NA,NA,NA,NA,NA,NA,NA,NA,NA,NA
NA,NA,NA,NA,NA,NA,NA,NA,NA,NA,NA,NA,NA,NA,NA
8.24631917828588,-0.985915765539918,0.371501224093559,7.84879032347158,-0.901848095697644,0.468213964318722,7.53450655055027,-0.524954170011535,0.230967136473813,7.62805221451478,-0.558546438767394,0.181729119268849,8.23788813914427,-1.87917201275174,0.523334562633815
8.10124163402424,-0.915898508215882,0.337822739174612,7.90032583561997,-0.915158452921742,0.479466749360948,7.5486270476886,-0.48987482400345,0.195942084772309,7.47260128579633,-0.479262501620291,0.142543791935972,8.18726317863415,-1.85618636342292,0.521790952771361
NA,NA,NA,NA,NA,NA,NA,NA,NA,NA,NA,NA,NA,NA,NA
NA,NA,NA,NA,NA,NA,NA,NA,NA,NA,NA,NA,NA,NA,NA
8.39685610136127,-1.07852226148021,0.420132753783605,7.90492187540723,-0.892360555378371,0.429244889712397,7.51771601850413,-0.485962452490725,0.191213427563997,7.49305697966512,-0.479685377518249,0.140252544870949,8.1033226362941,-1.80549784665137,0.495793666214242
NA,NA,NA,NA,NA,NA,NA,NA,NA,NA,NA,NA,NA,NA,NA
8.41815718119906,-1.11137682068792,0.393429160671898,7.90993591412855,-0.899352351821235,0.464064031870056,7.43261838722589,-0.451335699859366,0.150825428982804,7.4470482907862,-0.485003807394094,0.1394054226328,8.24979007902689,-1.85710295629904,0.503600082510673
8.33731376192685,-1.02647333911117,0.389542535841534,7.89807443202577,-0.893091476939265,0.465186264044917,7.62302520867273,-0.547238775228012,0.232312519624573,7.37648659375528,-0.45638419781507,0.147754440916678,8.28437459154878,-1.87027139798157,0.501961389565245
8.36021816145214,-1.0356000715757,0.336507970941375,7.72333497744145,-0.859924003308634,0.465091878692177,7.58150236342694,-0.499300807366131,0.208290555535005,7.46132804401794,-0.500604278279719,0.160209380773225,8.2061554827302,-1.86689788570173,0.514808185150316
NA,NA,NA,NA,NA,NA,NA,NA,NA,NA,NA,NA,NA,NA,NA
8.03969095357157,-0.866938532631683,0.280478793523825,7.94898856213899,-0.939966148847295,0.515630903825697,7.52873204663143,-0.531369286526008,0.216908135961003,7.40145467436806,-0.435792617316485,0.110409286189766,8.12132413197273,-1.83117199713435,0.465753072154086
8.69582582643768,-1.23343950721054,0.437900000328306,7.85348259617026,-0.89294525802391,0.465341133917675,7.47728871920093,-0.481612110528598,0.178996227933548,7.45421886226603,-0.467754020088555,0.14194754271526,8.02110185648793,-1.73016878087142,0.475800271978472
8.13648665793085,-0.912277967881184,0.289060159889716,7.81234613739582,-0.87978723722112,0.470726000764167,7.48602905740892,-0.48505878788518,0.185147512635241,7.54090059940019,-0.479256049443801,0.166685119280382,8.58134958364058,-2.13152898127126,0.550981912125943
NA,NA,NA,NA,NA,NA,NA,NA,NA,NA,NA,NA,NA,NA,NA
8.28026107554831,-1.01422001475004,0.261132806041643,7.83848406092217,-0.870935072988499,0.445946054852744,7.51858996031325,-0.499495499922425,0.19824061716817,7.5719295880518,-0.530005793874334,0.150187691639099,8.07117102383592,-1.76184967197285,0.459894132814686
8.02322477913904,-0.879944070371112,0.277446744064419,7.98076487558734,-0.967692953720358,0.492263255091831,7.57043775920258,-0.549447258354837,0.229010786144654,7.35940128228688,-0.439543466456191,0.112450943610009,8.27286328185572,-1.8783765306625,0.489253646406344
8.15687339533956,-0.944783326226465,0.343236748661301,7.92555737805903,-0.936345336174224,0.490740825519205,7.39227865086792,-0.45576720059679,0.164036531321508,7.59211740513004,-0.536517540665302,0.178824575295369,8.06243927812395,-1.7808230968792,0.433874429481122
8.2228490991601,-0.978524310053059,0.378698395431188,7.90652707533756,-0.952631146782064,0.527253845379659,7.5156354905038,-0.480094749199696,0.181570865422752,7.47999002326865,-0.484659229705207,0.14801486446116,8.21908163746441,-1.89743751102072,0.512662122733145
8.28781367942905,-1.00462590368626,0.40679330020946,7.93108473177326,-0.897273342526652,0.492653062712457,7.62564100070082,-0.554632989802328,0.251154290225345,7.30930807254147,-0.436446184842538,0.124936428951638,8.34048217614961,-1.87006263491964,0.486117238506901
8.19975659686214,-0.917131363193213,0.31245158809946,7.87556169006259,-0.909874935922117,0.486124415033741,7.45833176761731,-0.471965784301098,0.183142010404236,7.18958907196604,-0.399502244542728,0.0982782504469439,8.04133166769756,-1.77922776280081,0.496293969845188
NA,NA,NA,NA,NA,NA,NA,NA,NA,NA,NA,NA,NA,NA,NA
8.00968143012231,-0.846620013162683,0.31388282700176,7.81988486517896,-0.902743554825901,0.506124705056907,7.45587782650788,-0.437103431690615,0.154211998585383,7.20931834130953,-0.379218097071405,0.0838808982782036,7.96002262177393,-1.7326205905964,0.495335362080742
8.47459860678358,-1.08514202522323,0.4389938463699,7.85100636638695,-0.893223259384109,0.48782609336236,7.42290211082563,-0.456114000422897,0.164769594950543,7.57207691483707,-0.531329685965055,0.165736887724393,8.18293198104293,-1.86223154153845,0.485067724655976
8.1182183807925,-0.917276517938902,0.325772230081323,7.88610300135542,-0.944172175973617,0.508757142002999,7.42947132475959,-0.46015675843063,0.155287655324551,7.62032683539038,-0.549185869311234,0.181590085946895,8.32373900502295,-1.91776411331741,0.514028651310028
NA,NA,NA,NA,NA,NA,NA,NA,NA,NA,NA,NA,NA,NA,NA
8.14765199929122,-0.899697155691584,0.343499133787877,7.86623675183074,-0.875146868228213,0.475302790696457,7.5831999189552,-0.539030902894372,0.231579698380307,7.33655761267383,-0.44580297319064,0.136803347024394,8.20860805711765,-1.87310757415968,0.513279551664039
8.28428815209062,-0.991958973240285,0.356486516719758,7.84858836916663,-0.914551191249201,0.508662655893019,7.47610317536296,-0.489956948142413,0.192197530980819,7.27668942912467,-0.448731275207728,0.110677128146763,8.41318797991641,-1.97224459310503,0.476326947461565
7.97129246348786,-0.7805887126602,0.253658338742443,7.80488320199035,-0.859411327359569,0.457345621541366,7.5140708215396,-0.516349809034707,0.189199600531211,7.54671417769521,-0.504577990513718,0.152310865117381,8.14071322014735,-1.81984389993143,0.466534765571553
8.37111494047658,-1.06479083623671,0.397946873086383,7.7694147654913,-0.899894797171493,0.543101639926982,7.48427093788169,-0.48800967939353,0.191204905223476,7.27033956244835,-0.413429308881414,0.11733161471459,8.26620457101468,-1.8659927649732,0.474312319767252
8.1858505745303,-0.964328980974516,0.324614372486556,7.97449259118509,-0.925155464366136,0.457052545933454,7.40561744846146,-0.423993032729907,0.141180926627428,7.33087582389328,-0.447226116802081,0.131523569813419,8.295405276489,-1.92161448587444,0.480135254862422
8.16684803453658,-0.928265577418683,0.34295494350509,7.94286694581857,-0.932317954756618,0.494497558454611,7.51158302332117,-0.516182470584093,0.199525242368726,7.3363307510843,-0.431105093867498,0.113353591792989,8.23309746793372,-1.87394008348028,0.504075496387574
8.19059332809398,-0.968600301919733,0.362985318979129,7.87829348003822,-0.923277180896787,0.509545133893891,7.65371778551402,-0.55839665645454,0.225653927686159,7.57629069356384,-0.556185560428316,0.204796804771174,8.3470889224042,-1.95844333810871,0.499859926671742
8.29793450533522,-0.999621335098487,0.40607549377184,7.84875061942619,-0.911405187492374,0.431572521399146,7.53590185260467,-0.532568361935185,0.207560398515792,7.63566101311477,-0.564973116938805,0.208358414879399,8.07241692275025,-1.76672824582791,0.46387973978979
NA,NA,NA,NA,NA,NA,NA,NA,NA,NA,NA,NA,NA,NA,NA
8.49425777297687,-1.09737038389366,0.376766362915139,7.87557133987521,-0.906192653670101,0.456644696050202,7.45036622696372,-0.425012468660762,0.143574436120042,7.47796808901267,-0.520120096885622,0.161397931589047,8.12445102232638,-1.80177929394876,0.487236151219598
8.07918511677533,-0.852841325381708,0.29810950360129,7.82074781411393,-0.88104404822772,0.414845437509907,7.53849130582016,-0.520286663075488,0.214214888437193,7.35777652805839,-0.432274780236398,0.121592875468677,8.19091977774829,-1.830320370211,0.495824880875051
NA,NA,NA,NA,NA,NA,NA,NA,NA,NA,NA,NA,NA,NA,NA
8.02725099963304,-0.87665824606839,0.316938548453435,7.93817524196445,-0.984810730301558,0.542679770382553,7.39843925242519,-0.415406260823433,0.13183886006537,7.80231590080425,-0.632822276474251,0.213822286309931,8.24378707094208,-1.86417014864182,0.481288150250121
8.01421665689482,-0.899713333488807,0.317004618940477,7.83076537267075,-0.894077473743942,0.47622802308263,7.58149577657049,-0.520475204428711,0.205955201595769,7.44671381989428,-0.503691570244804,0.141830859817452,8.0849362184685,-1.7164876185512,0.447781644733884
8.00270698812143,-0.877916069625317,0.286742625197797,7.86033039690865,-0.893410938722125,0.498988233563352,7.43628871362219,-0.469338741384192,0.163075318977839,7.46482527573263,-0.490942433657653,0.172636206419168,8.37379695749481,-1.92014412837429,0.490815643922592
NA,NA,NA,NA,NA,NA,NA,NA,NA,NA,NA,NA,NA,NA,NA
8.12550683193167,-0.877056193711977,0.304406047277853,7.77945936441115,-0.850515819451486,0.432346305714543,7.47939475714594,-0.491285383740318,0.193376328665522,7.28502458821334,-0.407548179649919,0.100427243893313,8.14635097191305,-1.82051181489328,0.465103027382526
8.14995913354216,-0.931842553067696,0.305047571042517,7.89270744097769,-0.880525840674168,0.438123526329838,7.53560213084551,-0.507928485016407,0.202579859380663,7.64378787252324,-0.560874254465762,0.179134172757975,8.20214389503372,-1.8206331713287,0.488344885458059
8.1074886938211,-0.892366831282106,0.310999938794875,8.00074039303911,-0.975806521449129,0.486244643649989,7.40255649708902,-0.412731483708293,0.144076864975508,7.59074265889806,-0.540420041066491,0.186746320877967,8.17091436370509,-1.79104186438749,0.459194408705084
8.1973397328257,-0.958516332325645,0.341525120552347,7.94783220350108,-0.927589103435751,0.428153860103311,7.48186757403271,-0.492569120919395,0.183593467372823,7.59958839639027,-0.549331358920947,0.18975172226673,8.08676465763222,-1.78593379222822,0.499839992017969
NA,NA,NA,NA,NA,NA,NA,NA,NA,NA,NA,NA,NA,NA,NA
NA,NA,NA,NA,NA,NA,NA,NA,NA,NA,NA,NA,NA,NA,NA
NA,NA,NA,NA,NA,NA,NA,NA,NA,NA,NA,NA,NA,NA,NA
8.13010095990238,-0.910700753011039,0.31605448532562,7.81070654864779,-0.89657346953893,0.463397579860409,7.5464970018955,-0.485659573464868,0.180567309709911,7.65945973098793,-0.562696742397676,0.173817436504981,8.15306957392599,-1.79935156910986,0.471018189412155
8.03881186756729,-0.870635721402609,0.310134698143705,7.78489227056342,-0.896634527474044,0.482945310800099,7.4926594878649,-0.487253708554214,0.179909978457607,7.33407120335218,-0.418719457396899,0.104226772241462,8.26460676988363,-1.87646422220087,0.465507516891516
8.0837792057815,-0.898414232847093,0.312378394262553,7.88479744194661,-0.939155406786053,0.499832093992528,7.4604489302624,-0.475346781816634,0.195160365417527,7.52367019239881,-0.521738715895127,0.191393906761446,8.0235003630582,-1.70647198228709,0.451832901142425
8.06134833338753,-0.881450410690853,0.22066518731695,7.90934378669233,-0.93882065225257,0.437963917376386,7.4791364516991,-0.502642827906823,0.184473856940658,7.56686254597471,-0.510967935652075,0.179169066581864,8.1781444384959,-1.84387005738038,0.49933233408673
8.22397698362409,-0.95161965957055,0.397646024906832,7.74970294744084,-0.875156810464417,0.521653349656724,7.48461148011688,-0.460641399278919,0.168740244935469,7.40585279213137,-0.460952430055191,0.151193691052703,8.28184332037798,-1.86633123389526,0.485770956326896
8.0343538754883,-0.835502289315943,0.288406100058718,8.00801233867814,-0.98847169537178,0.505371488594092,7.58412075436128,-0.523863377090932,0.21540983727361,7.68842124188214,-0.566303108731299,0.181154321365529,7.99391762243852,-1.76779879783882,0.468291638010082
8.45082083698095,-1.08128813049582,0.420357741018276,7.86851812816489,-0.914929880851081,0.463876262055049,7.50396195831805,-0.519952822487966,0.210497124064085,7.64663696104219,-0.548120663038917,0.153969800778122,8.23190218985017,-1.87746753701769,0.486813136181784
8.06670289775636,-0.897413433320501,0.324541219051066,7.84591134388299,-0.941581236434965,0.550084189901818,7.53581070186631,-0.50843915873349,0.215316377244628,7.51765184186328,-0.500796953935242,0.168133179480154,8.09448905846151,-1.80853675449407,0.448828444778527
NA,NA,NA,NA,NA,NA,NA,NA,NA,NA,NA,NA,NA,NA,NA
NA,NA,NA,NA,NA,NA,NA,NA,NA,NA,NA,NA,NA,NA,NA
7.90106847820357,-0.777895819545707,0.198219623174658,8.06112237047143,-0.973997781110857,0.459806996506031,7.54319785766002,-0.502893703768385,0.193024042560093,7.49331227621436,-0.495565054166561,0.147684963658223,8.2408497068256,-1.89470106448167,0.519584062489865
NA,NA,NA,NA,NA,NA,NA,NA,NA,NA,NA,NA,NA,NA,NA
NA,NA,NA,NA,NA,NA,NA,NA,NA,NA,NA,NA,NA,NA,NA
8.1534872409282,-0.879999175078866,0.320351353345956,7.86929297258615,-0.901151893605361,0.487038727760035,7.51685832109857,-0.50340447506416,0.185886496425561,7.35888403336496,-0.440287902895225,0.11362992523963,8.1690272392779,-1.843834691943,0.496697780046671
8.17888046194936,-0.922350987229931,0.340980076444077,7.82941563199792,-0.856261317624447,0.424705317000273,7.47495920959839,-0.497857788710306,0.193053472719878,7.40136730333916,-0.475408971633917,0.116151471694167,8.31511068432647,-1.91614091903927,0.491554765889886
8.38390712928459,-1.04410298917752,0.428600013615555,7.81246146562248,-0.88974497395078,0.473164741616194,7.57323987283326,-0.52208504128507,0.228721684877089,7.43171705263412,-0.485004219388494,0.131137466078572,8.16462698864973,-1.85473621062981,0.486467829429165
8.21436220170146,-0.992337922519062,0.358525729414459,7.92428316613182,-0.969739599672797,0.538484780603911,7.55855169473484,-0.510687853441135,0.204775745206239,7.30942912098799,-0.436998999634383,0.114712169785172,8.15728335795823,-1.78058413791131,0.450759154686304
8.19065971400486,-0.970730068180281,0.365448811208425,7.77614966386971,-0.880990874155348,0.455511907350871,7.51091530289747,-0.508489428986982,0.22050213761627,7.34945529632198,-0.46356266387211,0.12411279861191,8.19859267176339,-1.87004517553945,0.494296427836562
8.15361551900685,-0.922772685168372,0.352109350064574,7.96259702312511,-0.950485057887938,0.524135540847366,7.52555159818136,-0.476353733131494,0.193370449940388,7.33370093773352,-0.437028933974606,0.0993968441159692,8.06502102253249,-1.73977843583609,0.488947363399023
8.09862677087413,-0.924975822182878,0.336203487300153,7.87005942640086,-0.927068961830105,0.519759836503751,7.59027632462991,-0.556707298115684,0.234417128697795,7.27962486934867,-0.414610195542728,0.105616853950457,7.83934090744523,-1.64015717810118,0.443801412879672
8.05170917954087,-0.897160426399873,0.281812289106724,7.81544650847739,-0.89154018236194,0.460316147187048,7.57419151368411,-0.517945793056568,0.209576619863658,7.72450707805587,-0.612703494305682,0.225020869311098,7.95566043348093,-1.68928843783353,0.473476530631116
8.46209420747356,-1.08722702227119,0.408684042313388,7.80151448045129,-0.911129312215477,0.461375930047279,7.40580006196494,-0.428088189740715,0.149455170207137,7.48339934424692,-0.509729299427347,0.184986208441035,8.0593849207626,-1.76154685312327,0.432682860985848
NA,NA,NA,NA,NA,NA,NA,NA,NA,NA,NA,NA,NA,NA,NA
NA,NA,NA,NA,NA,NA,NA,NA,NA,NA,NA,NA,NA,NA,NA
NA,NA,NA,NA,NA,NA,NA,NA,NA,NA,NA,NA,NA,NA,NA
8.11153120272893,-0.920810324388887,0.276677582919516,8.00995270430613,-0.975060832426057,0.517046157128475,7.55348267736607,-0.533649350490444,0.21351924135616,7.38073599866682,-0.465959362019096,0.128924488586226,8.03822473895027,-1.78941126148812,0.516982669158177
8.18712292103565,-0.939362217489667,0.316538717429918,7.82237394107913,-0.911377587048113,0.477817023823098,7.61619632168601,-0.547898110993549,0.232394042979581,7.4246251300136,-0.468619642868256,0.146029031377833,8.07604446978326,-1.79326711131102,0.470405383247332
NA,NA,NA,NA,NA,NA,NA,NA,NA,NA,NA,NA,NA,NA,NA
NA,NA,NA,NA,NA,NA,NA,NA,NA,NA,NA,NA,NA,NA,NA
8.01677935932939,-0.827520907692196,0.293930784554499,7.91201216280092,-0.947759588201115,0.50093229187811,7.36595267601362,-0.377714042789685,0.117234932551108,7.43434469088295,-0.492557392238358,0.154761495478599,8.2212527930895,-1.89110532417525,0.512917914785472
8.14323434073267,-0.940493455525385,0.322256708780521,7.71659325775704,-0.868558916681956,0.474190928045574,7.5179024408321,-0.485694800443749,0.187736167801947,7.61084869779538,-0.53744081683267,0.189524607932053,8.05585500444686,-1.79299040464789,0.505418795866362
8.23839011953096,-0.977159190960527,0.349255691036245,7.86869559570268,-0.935053409713953,0.507179694453305,7.5812357644823,-0.5313395463423,0.218513051596071,7.44635595900319,-0.493703693320782,0.152705373783856,8.23771257487463,-1.86906080115944,0.548582383601898
7.99607800040205,-0.835668573193022,0.285264021854937,7.87966066073571,-0.954699565144519,0.518237388997271,7.54605971593434,-0.530609036633023,0.211236222453611,7.47844098743202,-0.495956461198762,0.165890596518123,8.27457894724439,-1.91872312839534,0.476854979146878
8.15281959170072,-0.906821407877043,0.311195026220543,7.73490904145326,-0.886172880923118,0.453680022414805,7.57051441352148,-0.498524816859587,0.222801026841324,7.45483650833326,-0.469804416307716,0.139895777032639,8.07785043375239,-1.78813162245936,0.478424297417894
8.35646197342743,-1.06158184700053,0.413073431874565,7.7778636083968,-0.857848868390351,0.449366788798541,7.57327185070237,-0.53234882756416,0.217062970713383,7.43282769517216,-0.474769807261944,0.140556475179058,8.10919425558861,-1.83862833708854,0.490555057045837
8.20827244199447,-0.968919196121504,0.349730672089212,7.86658942173656,-0.911616690947894,0.483933077161584,7.44364953293144,-0.458992985246144,0.169733945557693,7.73237797250268,-0.599373139494498,0.239512907970132,8.30294875676993,-1.94393614988951,0.540123808676143
8.10005705270265,-0.892735124705794,0.33009077573749,7.78909040325563,-0.907053103158735,0.475949994880693,7.52388837787741,-0.521791018512946,0.20217468574242,7.5949548192059,-0.541892423498813,0.171913920707017,8.00745524602183,-1.71848920966537,0.424465764433063
8.20735536087769,-0.958913421932157,0.32484815137539,7.84906354525763,-0.886597007590417,0.488631506251591,7.50996485189132,-0.488085465204413,0.192009721204244,7.43632532530062,-0.448455261220559,0.133565448259076,8.17555857059446,-1.79970613803694,0.491960967965
8.35190530697728,-1.01623254573398,0.477581084232854,7.93148268173868,-0.941887752484334,0.483636345933279,7.50874417174895,-0.500404339589041,0.207200510712657,7.72408796845077,-0.597866094618759,0.218179882488819,8.14765967516413,-1.80439760132288,0.463663515954866
8.2914192839831,-1.02174996963424,0.371889586851274,7.85783178062469,-0.931830975489186,0.495195535812156,7.45482381036489,-0.467815627854745,0.179066994864105,7.30665606226644,-0.407857682706002,0.109711045729156,8.12067526306649,-1.79681251882497,0.504298140737459
8.0582967923329,-0.846378765402434,0.291905037562687,7.87005431701943,-0.931776084306125,0.532848997441657,7.4970686008136,-0.489355784304712,0.184727814253364,7.35859483416883,-0.476026479668621,0.130544938439889,8.09370433886528,-1.80452684283837,0.505832274948165
8.19869873505709,-0.924104680554008,0.367188683915984,7.76594314190635,-0.8659740829653,0.470650890649115,7.59870583290827,-0.519879055083111,0.216918945643636,7.43323367007459,-0.459990291969344,0.122255496759147,8.25474474229797,-1.92670348617732,0.539261396717742
8.14921886059395,-0.919017782477714,0.332997124502062,7.82435474423046,-0.923458168262897,0.508359339062126,7.49878912688996,-0.481992716020112,0.185028049760167,7.41592048332198,-0.456415914280226,0.135403887756742,8.15231507797742,-1.81697212810886,0.480905397202288
NA,NA,NA,NA,NA,NA,NA,NA,NA,NA,NA,NA,NA,NA,NA
8.20818202068905,-0.970896906714721,0.287680806871811,7.9391603666261,-0.979748571487448,0.544297579667811,7.5793384509937,-0.555045902234984,0.235832304427634,7.44036357933966,-0.45828481460032,0.13531912239084,8.26717721740413,-1.86250046685687,0.483589100753359
8.1590725972253,-0.933668606652755,0.288602814172329,7.74917540441738,-0.839682785855248,0.469537280828653,7.52872820957506,-0.503659061959788,0.194805933601909,7.54693637243327,-0.536510825300609,0.181104239192097,8.26391715388939,-1.89344639552016,0.483900207864511
8.12420362925018,-0.91076474640472,0.341604554756051,7.84938684288773,-0.884340957170487,0.45930606470498,7.34049674750858,-0.436054642451296,0.149403239455703,7.48945868638022,-0.465019701188862,0.113630239024884,8.12052862577782,-1.83267094922237,0.500697933622455
8.10872129050367,-0.886294719888459,0.3195765978932,7.81533568775042,-0.898465875972326,0.502057185529201,7.57503971421199,-0.510000797093229,0.21120925353949,7.37751897567693,-0.440050911655215,0.115893592901873,8.02398692029653,-1.69587642691964,0.447661458395382
8.05383056793044,-0.886407922637655,0.278860169854209,7.90084513101966,-0.925580525006396,0.469760249820002,7.66671835544589,-0.549629431672488,0.253794305763378,7.30674971940269,-0.42153839766303,0.121876296889038,8.1708104568314,-1.81234944873193,0.523098853402278
NA,NA,NA,NA,NA,NA,NA,NA,NA,NA,NA,NA,NA,NA,NA
NA,NA,NA,NA,NA,NA,NA,NA,NA,NA,NA,NA,NA,NA,NA
8.24736854962941,-0.96196809684883,0.331462635714157,7.77329335705288,-0.856445866526471,0.475931698858232,7.53099016321184,-0.521117330095453,0.232281737989477,7.50432044341605,-0.514598580816499,0.152700320435047,8.11563229023433,-1.81606838428432,0.453318372501601
8.3173824562482,-0.976204149005916,0.394722071780335,7.84356559335905,-0.881776995392132,0.441448502881014,7.58687638638665,-0.557804792011931,0.226140517565939,7.34983322355738,-0.460163719974925,0.139337937124517,8.12078106383805,-1.82168514363725,0.471022139771992
NA,NA,NA,NA,NA,NA,NA,NA,NA,NA,NA,NA,NA,NA,NA
8.19431991142393,-0.930650050956457,0.351771998719589,7.83406233380479,-0.893077926064028,0.489078684180421,7.61643969006618,-0.511401142895723,0.238400600139215,7.53192167114458,-0.506385033277529,0.159088772497844,8.2925617124785,-1.89998698763711,0.470051643383317
NA,NA,NA,NA,NA,NA,NA,NA,NA,NA,NA,NA,NA,NA,NA
8.23163465054017,-0.968617864753283,0.388320747084167,7.88357506658592,-0.898159333224215,0.454298076300233,7.61863760454191,-0.558884009120685,0.250202668882411,7.14877408675473,-0.347632347005782,0.0794095427961246,8.4633990406973,-2.01025365230813,0.48052297901302
8.13005796119346,-0.899179514156909,0.264458646343517,7.7934544451806,-0.897941956761928,0.494622196304538,7.47772217250241,-0.519491831995718,0.192928786581248,7.61592578326407,-0.532630142545809,0.195609104070214,7.89582660017448,-1.68229228421299,0.460671986174828
8.30980406977137,-1.01181468206986,0.404776542589481,7.92329233122847,-0.9487885643936,0.508003543872159,7.54426337850618,-0.54237194523395,0.226044366538177,7.61351728049223,-0.557890987005586,0.175911810901677,8.34066778170564,-1.94186389618884,0.480089591375877
NA,NA,NA,NA,NA,NA,NA,NA,NA,NA,NA,NA,NA,NA,NA
8.13443933682392,-0.905038828466193,0.32708269746699,7.81138377316218,-0.864265596670227,0.437721433880229,7.54290757255085,-0.49774237418542,0.180409930320835,7.43742079848303,-0.463273230721609,0.132904830698622,8.09258661605694,-1.77917724564428,0.487961644451224
8.15036321729276,-0.90618069836974,0.350237787025476,8.01269843139278,-0.974719016609807,0.509878787667752,7.6314128846479,-0.593960845764051,0.256315068963285,7.35830433701158,-0.462127532569306,0.117886473013306,8.22129293267764,-1.85370124787058,0.465531954884357
8.24707224072524,-0.975605939874731,0.338545065323336,7.89449565544622,-0.943372520061235,0.482867649619609,7.54331876357025,-0.516530058703482,0.223486475925743,7.3774462889386,-0.464606299863358,0.130321704811219,8.31280806914724,-1.90042098717207,0.517918962621531
8.4204403796273,-1.08840990134402,0.424271017442214,7.81194323884172,-0.929619867984862,0.543187750013571,7.4380889353225,-0.444728958686732,0.155957161831188,7.65928915761116,-0.586196019669536,0.184157525614758,8.14060245644973,-1.80540868892324,0.473734443426653
8.15014925752367,-0.922593714964597,0.32959012719024,7.83012363830257,-0.886504406200564,0.472094104858269,7.5663743300746,-0.545337405797681,0.228234877761691,7.3106530155765,-0.429732148822486,0.106052802177273,8.08716156414572,-1.76691851691334,0.476150947443969
8.10403919010087,-0.936615445190378,0.316732492772784,7.79496855955263,-0.877635373278894,0.500226063060034,7.47495937662076,-0.464386457366577,0.162888395529233,7.46671233274906,-0.488928602468743,0.14734257648026,8.23689767783615,-1.86395952487273,0.47863712646288
NA,NA,NA,NA,NA,NA,NA,NA,NA,NA,NA,NA,NA,NA,NA
8.19849016115823,-0.992819549733617,0.347067683534791,7.77740513896455,-0.879183401126176,0.478829340672814,7.51856083830867,-0.507789259945876,0.21943967510512,7.65916248458323,-0.563979767371717,0.162116925148644,8.15835992781182,-1.83269865985566,0.471979379399606
8.10945797220047,-0.887095830445708,0.338548044193183,8.07000003015212,-1.00877491972291,0.536334556299766,7.49920084634861,-0.454972589948121,0.180328323832138,7.33704673760361,-0.411909646089775,0.0976590381611468,8.07760428203032,-1.77805727501069,0.477150310223582
8.11992461494351,-0.901277885521063,0.287112714704359,7.87228436257468,-0.975011988031171,0.537828735716038,7.53915437778154,-0.510548895320897,0.206624590086141,7.24719318634668,-0.39825810965862,0.0928092333729088,8.13327218149748,-1.80400335633386,0.472368980812003
8.0328343410939,-0.874661128453343,0.264362535465457,7.90723820463619,-0.941723951214174,0.519616038292811,7.5417409700892,-0.507527740519274,0.194936244888003,7.77063065531517,-0.587436212023772,0.180143042035088,8.29405684097324,-1.9277275277817,0.496000861056164
NA,NA,NA,NA,NA,NA,NA,NA,NA,NA,NA,NA,NA,NA,NA
NA,NA,NA,NA,NA,NA,NA,NA,NA,NA,NA,NA,NA,NA,NA
8.19198410885382,-0.96448663802903,0.324727186824656,8.08403697738491,-0.997389248744812,0.509103879487696,7.57528307465327,-0.529259976474248,0.20663249767447,7.36972274380601,-0.465565748268437,0.150545654490344,8.31932157405325,-1.9314917272045,0.491749637505543
8.21781745495345,-0.964560434085577,0.380777269525312,7.93375455744776,-0.908893060815355,0.466708238860004,7.50621712333315,-0.470283437974271,0.180188757425126,7.47352420352621,-0.481550387229539,0.117641063136928,8.20385493176559,-1.81788129611733,0.468224828230912
8.07912892086444,-0.852900873744715,0.250559455358845,7.71385329576299,-0.802198277173897,0.428929138572236,7.69663032869897,-0.574976475616954,0.240159174734763,7.69775396547644,-0.588441305563243,0.206440697877696,8.35069671365349,-1.89108229994564,0.484944919533564
8.13606907326967,-0.920290608139834,0.332689610929801,8.06717043118641,-0.998749217913533,0.486696609422728,7.44380883518574,-0.479281611905453,0.191797697452319,7.45110070585229,-0.496035288750531,0.13855433741056,8.17251469977329,-1.85971227259382,0.50043932528532
NA,NA,NA,NA,NA,NA,NA,NA,NA,NA,NA,NA,NA,NA,NA
8.20927363403867,-0.96118091808057,0.32164320214913,7.85890826781654,-0.875039044515043,0.461924045928204,7.44390265426655,-0.455516909630438,0.17340237579532,7.64298984841394,-0.537797150303294,0.179505460194444,8.11372915489916,-1.80276521457309,0.513937670861087
NA,NA,NA,NA,NA,NA,NA,NA,NA,NA,NA,NA,NA,NA,NA
8.01694086251467,-0.858768279583196,0.232044268637144,7.70857116065224,-0.888198251304668,0.464613442680042,7.51940119062751,-0.479919240124406,0.204278691894603,7.24991906398969,-0.414621423923482,0.112441765334076,8.11027809347949,-1.78135618794462,0.483339679703486
NA,NA,NA,NA,NA,NA,NA,NA,NA,NA,NA,NA,NA,NA,NA
8.15233773665252,-0.940862270749756,0.327585057604419,7.9602568178083,-0.986165638444711,0.53651425538525,7.54410248270964,-0.519873207872359,0.214601293163682,7.7434083861993,-0.626141962824584,0.215592801571453,8.16783747705485,-1.83246821186369,0.511171142466873
NA,NA,NA,NA,NA,NA,NA,NA,NA,NA,NA,NA,NA,NA,NA
NA,NA,NA,NA,NA,NA,NA,NA,NA,NA,NA,NA,NA,NA,NA
8.07287746248715,-0.876937296374241,0.26467857098372,7.87116397539152,-0.890681962655054,0.459815624754548,7.5408549480934,-0.524622382895058,0.232632053478854,7.46078165449952,-0.49204972658316,0.145038429822045,8.16411348766729,-1.8234094538008,0.489526537744129
8.00683826549454,-0.843513048988528,0.247771344820155,7.84734615747089,-0.908325858219048,0.47252527299297,7.59691153356173,-0.558330239596139,0.221015334116161,7.56201910913513,-0.515512481845624,0.163216579258179,8.09407813872909,-1.78618210652914,0.465929834462689
8.06449865829441,-0.867371361531157,0.303842323468015,7.76170687134465,-0.864236190450127,0.457270732581905,7.41977382961424,-0.457307937032315,0.15741567804615,7.31469707372164,-0.425729941665581,0.127912962900891,8.04717604330888,-1.77513409932208,0.479720171036484
8.16675359145818,-0.925188370818446,0.329719075936202,7.82315407135033,-0.922361117164642,0.47813128693113,7.32268141741734,-0.365122117814377,0.0994589541049476,7.47797330742541,-0.495724095558827,0.14618638122875,8.3245857684955,-1.9690033057237,0.500020882423932
8.08013746417732,-0.913646978704067,0.246304584031462,7.84426433265095,-0.903097497003687,0.48227204306235,7.59469493972609,-0.546789161963503,0.238718969969604,7.31258637625489,-0.439385106919703,0.109992682559482,8.22751116541943,-1.86901798733008,0.533850907849707
8.17527217762181,-0.936541627904853,0.353016544006392,7.94928330611363,-0.92416734677639,0.482394264283959,7.62088396591245,-0.521346014410399,0.21308546552573,7.38876054897698,-0.477486349102034,0.133613933299402,8.10355200819805,-1.75201394808517,0.470970663590607
8.00895770467056,-0.830458373478991,0.275100195410781,7.86483900875181,-0.940035935173982,0.520734729322654,7.46065831263058,-0.482662402934489,0.174139521082629,7.36447453416461,-0.457527268930695,0.132190270742767,8.05521186783103,-1.78346717105554,0.484951812717485
NA,NA,NA,NA,NA,NA,NA,NA,NA,NA,NA,NA,NA,NA,NA
8.1452942523469,-0.915651300159621,0.341817339113901,7.85591402298614,-0.888747856981136,0.465105534542811,7.56995731579291,-0.584930876423393,0.241087164797878,7.53328155753227,-0.515338661537887,0.163570511389029,8.21909108389575,-1.85629875336569,0.451115821559734
NA,NA,NA,NA,NA,NA,NA,NA,NA,NA,NA,NA,NA,NA,NA
8.10038787349037,-0.846847115907658,0.334453334267674,7.86013610375959,-0.922044754684125,0.476389067423945,7.54595421355227,-0.477764309332773,0.201156046671124,7.55360004702855,-0.512560703344367,0.160150694902749,8.17218589606908,-1.81105451185448,0.485171781334651
NA,NA,NA,NA,NA,NA,NA,NA,NA,NA,NA,NA,NA,NA,NA
NA,NA,NA,NA,NA,NA,NA,NA,NA,NA,NA,NA,NA,NA,NA
7.93872475344827,-0.776397141664585,0.243534038153469,7.98933065667478,-0.973673803374985,0.511177048063695,7.53235920985611,-0.458940799304866,0.189353241006454,7.44520008839834,-0.503068866707311,0.152853875637578,8.28358207823248,-1.87585745047912,0.507178815994839
8.45296683877207,-1.06784653325247,0.445165098529969,7.96046732101974,-1.00234809472802,0.558583040840587,7.41753171179787,-0.436033820204224,0.150621638571015,7.30611785695864,-0.426183380239132,0.108122137643054,8.25416684399461,-1.87330497496645,0.504203947343319
8.53624427265473,-1.17952690361609,0.456099269465046,7.93670852260351,-0.903793389148036,0.437530070425165,7.5522388308761,-0.490498934086996,0.190999461981846,7.57791402827591,-0.546153300928039,0.184652106403149,8.10051968874467,-1.78319956652943,0.475096765601106
NA,NA,NA,NA,NA,NA,NA,NA,NA,NA,NA,NA,NA,NA,NA
8.15667422931214,-0.939634993923802,0.31432013971713,7.6432514520177,-0.813428113372305,0.447131565238402,7.4925989198983,-0.433364154366222,0.161168938350691,7.4676861966521,-0.472559861094614,0.165910667645164,8.16869881028144,-1.78193054754427,0.493001825184423
8.49116908050828,-1.10483718922357,0.477865464226483,7.83063873618827,-0.911190891732347,0.486117279569529,7.57498813242155,-0.534981562376388,0.232606305173531,7.62150278518167,-0.574978078094781,0.160894634606267,8.19513510817697,-1.7985726304852,0.491978341839748
8.4979781466838,-1.10771239056209,0.483175388627871,7.89569938758209,-0.915642942955785,0.477845956199031,7.55009364397281,-0.469466618258562,0.171008754793292,7.39125985100164,-0.471947989961077,0.143197666781885,8.44180801856521,-2.02313172772921,0.501114537078941
NA,NA,NA,NA,NA,NA,NA,NA,NA,NA,NA,NA,NA,NA,NA
8.13638427440164,-0.857054359632734,0.325136643757349,7.90833213569909,-0.939016603153482,0.489489400282275,7.49166468420326,-0.484232630218116,0.196701874568316,7.25742348354432,-0.393919568300531,0.0981859115275604,8.10516708087455,-1.79804871421695,0.486826939117179
8.28263008883269,-0.980470342304809,0.330637089785681,8.03000803818674,-0.974060209837206,0.519641116013468,7.56373602722945,-0.548376700157967,0.220051462947743,7.77491236601306,-0.586275891413406,0.204578666902341,8.18822893282617,-1.81412921651429,0.483802306898221
8.61868591107637,-1.23116861241269,0.471217682318565,7.80319458306531,-0.880601079019548,0.472302218399286,7.57323397963217,-0.507226912689983,0.188310372994462,7.75241701175429,-0.60009657485515,0.219762406529352,8.22352992693591,-1.88882862768766,0.513291660715406
NA,NA,NA,NA,NA,NA,NA,NA,NA,NA,NA,NA,NA,NA,NA
8.19166869780161,-0.964876615396609,0.36715475133585,7.85860485831453,-0.931807547015585,0.503792167319524,7.55642400084259,-0.523222091234795,0.215395971239524,7.56925655590642,-0.516767414120581,0.152608328806988,8.25619902793776,-1.86198622159271,0.46437028864659
8.22538593277773,-0.936509917752376,0.328511140678106,7.71127326314605,-0.823273342302066,0.421199113786665,7.46721277922691,-0.471572914281614,0.193915413849247,7.40140497604753,-0.443614765105863,0.132327703809679,8.21153826420404,-1.88705663681574,0.477017108150927
8.12361471495969,-0.929505236311639,0.295876136310225,7.85852411196832,-0.889468450339681,0.468453003818973,7.55785300239162,-0.503542853446928,0.195942886503499,7.39103156277667,-0.461481737082493,0.141831261873848,8.13283341858743,-1.81518675272551,0.465953534662619
8.16490531024062,-0.961036646824567,0.344216654192668,7.98220165504244,-0.990729749100082,0.524620031020972,7.58793474192827,-0.515950474223601,0.217960973830615,7.34049296615613,-0.432559511975592,0.0932005580406321,8.20403202961517,-1.87487810480123,0.477591634277504
8.26461233783986,-1.02005714158572,0.370436021869094,7.84942936730033,-0.948590100623881,0.527166135827202,7.62286073916867,-0.527241159338138,0.230816229150863,7.29932501705933,-0.415607711446054,0.101429271805113,8.24100648031211,-1.86268568413096,0.493730854683641
8.2252987288066,-0.946831547821128,0.360662425148671,7.74165147293497,-0.891311364889485,0.480036731918816,7.61417002792036,-0.536637021711686,0.24246619474767,7.20688811250725,-0.383286213579887,0.0911736164010214,8.03734113140318,-1.72490454882079,0.47311924550667
8.35721583295533,-1.08575079326872,0.425369608013044,7.94208296046923,-0.982848374659981,0.536514719730227,7.61603771027842,-0.564901067465449,0.247306342662213,7.3884563715883,-0.461554705064594,0.127734487307052,8.0966744322555,-1.74440484815105,0.451560707574448
8.19988140352847,-0.906083762464908,0.309773631039341,7.83381325795217,-0.892473333681628,0.468781392282569,7.48971322176996,-0.483009071804883,0.180425476522822,7.52660740175275,-0.493269227663993,0.177514669078585,8.0731820438744,-1.78973136251327,0.500060372739401
8.13823831225376,-0.929402261098506,0.362513649787653,7.86665837793978,-0.881496226818752,0.443446774491778,7.45499003591803,-0.496909242962612,0.17820652489784,7.59246093524186,-0.54867704891106,0.187671786885317,8.2699196604282,-1.88197627297548,0.450565643853967
8.18390509348075,-0.941127133291979,0.374078134448735,7.84887321091957,-0.908950026348953,0.461961685116219,7.64390737969549,-0.552372978876737,0.249634268873164,7.47919147891411,-0.510071436805377,0.172851146020894,8.09141122410708,-1.78236401079723,0.467512673379255
8.05375627985153,-0.852967958363397,0.25745665398756,7.86005571062472,-0.876397138984463,0.451637135068933,7.54280587327699,-0.475433239416178,0.182708037269444,7.56685801266783,-0.51952536291396,0.160860178423313,8.42132421953087,-1.9112211468793,0.490762238137159
8.44510771992577,-1.09068520553175,0.378765214406395,7.97841777447698,-0.953784159249299,0.463069546895897,7.65262885871272,-0.573200307494648,0.239145530725555,7.27740256564017,-0.436440703574315,0.123817163750962,8.0300975485774,-1.77896599819492,0.428672278758412
8.06419216678588,-0.89613664727573,0.308108913485878,7.75147606969821,-0.867630142134141,0.44885856553616,7.54313247547122,-0.49272696642168,0.197419880935685,7.55512927496863,-0.509972210258607,0.152650208761064,8.32153490984407,-1.91326240184688,0.482114817214609
NA,NA,NA,NA,NA,NA,NA,NA,NA,NA,NA,NA,NA,NA,NA
NA,NA,NA,NA,NA,NA,NA,NA,NA,NA,NA,NA,NA,NA,NA
8.02709902133209,-0.82884252011108,0.276112163808103,7.86175295682366,-0.883204972067279,0.451786979280459,7.52379970770873,-0.471056509077901,0.166797503671061,7.50112063297195,-0.503688076810191,0.148881085467259,8.17137822835234,-1.85308186268607,0.506388577330522
8.29466855543773,-1.0521118816132,0.371326016873337,7.82110045600129,-0.870874718049216,0.452780215855877,7.48111553486945,-0.468858874610075,0.174329878611562,7.49923634783468,-0.483536274610565,0.144513847714435,7.84643460777823,-1.66932209104339,0.433126862811463
7.99476555104062,-0.839908063335481,0.261250367540421,8.04023926524515,-0.953229276585511,0.479354426335549,7.59684972823187,-0.543689335531438,0.24254779197885,7.40095200516383,-0.459714742329995,0.119632109404042,8.17946026192363,-1.79901212878447,0.479166563084158
8.12038126630227,-0.908589333861694,0.32229189212287,7.83409606378699,-0.902583712106008,0.505155202301749,7.5997998109168,-0.556675364995288,0.243508583867185,7.58931677328238,-0.519381978054924,0.132512636867749,8.32030694624912,-1.91980923354544,0.492717071698226
NA,NA,NA,NA,NA,NA,NA,NA,NA,NA,NA,NA,NA,NA,NA
8.240408844845,-0.982787169657625,0.327986496642283,7.90577034437775,-0.941917650222716,0.523903711119076,7.50470217072403,-0.475381486027698,0.1804872211063,7.45019709342683,-0.496799011291493,0.143353286009488,8.16695265776904,-1.85419311646604,0.494346900201775
8.0349908242269,-0.848566130692263,0.284636780443266,7.82384430705768,-0.888085813454616,0.491736917759236,7.4769318576465,-0.46185312105829,0.17920497832547,7.41552634745309,-0.474005318788619,0.128467519731731,7.92180760815605,-1.71152541635231,0.441112527520587
NA,NA,NA,NA,NA,NA,NA,NA,NA,NA,NA,NA,NA,NA,NA
8.07062908616159,-0.843584199002304,0.323712078414074,7.87027870355192,-0.913188206211551,0.476995221115816,7.61087463469197,-0.527353186942722,0.221730646212057,7.48585671950317,-0.501912397485982,0.17432739908536,8.17062996742028,-1.84479049671921,0.476975742630536
8.05863187351521,-0.880953271586751,0.298546086800425,7.67993429048154,-0.78630463833434,0.416208946530226,7.5496704752548,-0.523015604615955,0.215177933337515,7.45767604925791,-0.465831393219207,0.138332805231177,8.25828224362517,-1.88082628458363,0.462512801493017
8.25377496857861,-0.946995006706377,0.394091970223679,7.90707260358815,-0.943329257574532,0.495647339011187,7.45470450969656,-0.476969663288483,0.171581907067972,7.39472233936265,-0.471867077818232,0.15339396576683,8.30788050666697,-1.91532152172129,0.493544518792961
8.13792734387299,-0.931336161521969,0.332075066929873,7.84663210991425,-0.908699313224682,0.496981464700511,7.39221684518477,-0.397682361340172,0.138818749779266,7.59771507927679,-0.53403846053655,0.15953669419694,8.19003835541418,-1.78345151730907,0.472446962855305
8.08736719664157,-0.891870938638776,0.244307454517955,7.86849547338984,-0.878643878619074,0.474262293584481,7.40068172166818,-0.401352386116051,0.130809558759115,7.42028045313678,-0.473654848786613,0.105397785554897,8.23927569898376,-1.90949205355305,0.505809522239929
8.24921551977861,-1.00346295337348,0.393424158046142,7.9476924189944,-0.948658292660224,0.506820918085381,7.473743502791,-0.427618554708704,0.161484316504552,7.63551259105211,-0.557462488371938,0.184387287977034,8.20949470102594,-1.84988256931648,0.491139481278009
8.12112147090986,-0.882099782529387,0.343351322640322,7.98272226387901,-0.950808010034336,0.494902600317662,7.47851466360594,-0.468830806321218,0.16686552668033,7.52492998521686,-0.492593618990419,0.140390441440819,8.32662530747706,-1.91211284362015,0.515734154207656
8.10937928886886,-0.888300735441646,0.312394093951334,7.78206187399599,-0.90627717049766,0.479179741920305,7.56632085050077,-0.538344899299692,0.208043901719125,7.6279329329595,-0.568220035561077,0.17596743736245,8.10795560469525,-1.78880442359953,0.479902181489119
8.11135539187229,-0.850951474685885,0.273816112772809,7.91326633655598,-0.935950959143651,0.482014275004846,7.47631359139182,-0.44709929852384,0.178870831269529,7.56664839985685,-0.529578619322129,0.160202468613892,8.22945868973557,-1.87059300584418,0.510745057555756
8.08153476052003,-0.853661423238781,0.309885196478338,7.84479507803162,-0.901317039302408,0.486131173102437,7.48272695680338,-0.480603863200985,0.187030915985499,7.53531244643003,-0.512585986294501,0.147187803276146,7.8972818680008,-1.66043869306325,0.441121990072596
NA,NA,NA,NA,NA,NA,NA,NA,NA,NA,NA,NA,NA,NA,NA
8.32771715837926,-1.07983797926123,0.359862243285528,7.9438821587867,-0.914259123214378,0.470299071135103,7.43298672854654,-0.433261389622285,0.160558175309442,7.54464528397343,-0.516720257031926,0.151422250518897,8.24737315279424,-1.87866516595046,0.467888340965374
8.28984721224351,-1.05777727694336,0.369775421054268,7.67114952826705,-0.82754817743992,0.422348294345745,7.48310258629747,-0.459187256385989,0.168730743761875,7.44320590552726,-0.479000926104499,0.131072248652828,8.04398829666565,-1.74022971923565,0.48695296633111
8.58330852900224,-1.20366319464033,0.459724326643021,7.75192576329122,-0.861210483321422,0.4480924989563,7.53015089207269,-0.52301673681281,0.21728012900875,7.35048486956914,-0.447029216857007,0.125913239232075,8.19276411917675,-1.87512721900863,0.514207120466684
NA,NA,NA,NA,NA,NA,NA,NA,NA,NA,NA,NA,NA,NA,NA
NA,NA,NA,NA,NA,NA,NA,NA,NA,NA,NA,NA,NA,NA,NA
NA,NA,NA,NA,NA,NA,NA,NA,NA,NA,NA,NA,NA,NA,NA
NA,NA,NA,NA,NA,NA,NA,NA,NA,NA,NA,NA,NA,NA,NA
7.91090279184469,-0.774435711115147,0.242383284391344,7.92553632788497,-0.933154446254973,0.443642422016901,7.52257187921142,-0.499564013266711,0.188130191071901,7.60943115196964,-0.548174578288141,0.14253823612166,8.22898239182964,-1.86368877685015,0.505972376823505
NA,NA,NA,NA,NA,NA,NA,NA,NA,NA,NA,NA,NA,NA,NA
8.01455067919063,-0.814648326970011,0.303929951293857,7.84159910122654,-0.903840484595212,0.459101641482086,7.54789293989883,-0.539265761470965,0.225397021580892,7.50871075310841,-0.491888361035162,0.154065395736051,8.19500376467204,-1.82796205357033,0.481699936614062
8.15562315665816,-0.885297504532637,0.351119233296252,7.89914013897412,-0.910668870218182,0.480089407421014,7.48002877345979,-0.503964417070262,0.197483352984696,7.40472625464505,-0.457912955878603,0.126235929417323,8.28195380316253,-1.8789182904851,0.476010105078211
8.18895746242104,-0.978998223312235,0.350956260785981,7.84607115580845,-0.898988621676892,0.461031970356133,7.45468122531466,-0.435151416642653,0.156283821918468,7.23021220299369,-0.387963345012662,0.105351004139985,8.3434054334822,-1.92134420530059,0.497053651448063
NA,NA,NA,NA,NA,NA,NA,NA,NA,NA,NA,NA,NA,NA,NA
8.04027266510362,-0.879264080386934,0.277691585942475,7.90410360388559,-0.915767282446986,0.473088037395651,7.59345627649125,-0.513596027044282,0.221833070155527,7.26927440303545,-0.410753738759978,0.0945145938358939,8.09412064682764,-1.82483841746926,0.517009940944234
8.05156519174422,-0.876351245643873,0.271118140815899,7.8172371108633,-0.878097044589383,0.455670260680344,7.46774351477914,-0.495972116096031,0.189671919839048,7.63326826518817,-0.5260993243258,0.169469287357437,8.23016396911497,-1.86055487712775,0.510174160040756
8.34653032836646,-1.0230875710513,0.428641268164878,7.95637769610986,-0.971982078936654,0.523508015040673,7.39573227550815,-0.421189507712705,0.149307119645383,7.23387070816876,-0.403912815512694,0.0840737451405296,8.28841744678617,-1.90242716925668,0.501959181318819
8.07047252900136,-0.886446746837122,0.291723782110823,8.05505548242215,-0.987505334260518,0.513071783419316,7.48132146116433,-0.497798302930009,0.197937358484466,7.57873937385755,-0.528812923307549,0.16381978798274,8.22669842963634,-1.89790598687207,0.529682040832199
8.12206571145266,-0.888946822996873,0.311498091953375,7.85380940601682,-0.932681477262924,0.500027613286767,7.36368114988989,-0.378712052652257,0.129097507247839,7.48159264507934,-0.484188802311085,0.147840491073341,8.10193924423552,-1.79968449248167,0.504664109651852
8.09611025061123,-0.89962298874802,0.315805217245948,7.94429407324906,-0.962123032903405,0.530773858605843,7.60125277962929,-0.524382403863804,0.218054992581223,7.51398867146856,-0.51311114415085,0.148942339519664,8.13518055149195,-1.77974539014296,0.493382625357766
8.17193152498434,-0.947541115032162,0.327123662836207,7.72383933988693,-0.898300330778602,0.522191438348015,7.40058692577911,-0.45128111408831,0.171794683999226,7.26925036273488,-0.438274975478252,0.126867861982886,7.98708924607524,-1.70881490156344,0.437676197940492
8.25504432894209,-0.987502967609972,0.394417005639951,7.692591135622,-0.869956339406783,0.455470693653915,7.39848101896704,-0.426799145873527,0.14238824267091,7.28320613566451,-0.411556509225484,0.111885694605745,8.14571070284801,-1.83169332422989,0.508380988798158
7.95397834493292,-0.801446323578782,0.274820156118852,7.72955316575221,-0.841498841016658,0.440851808707882,7.59069958351658,-0.538201476129942,0.227458008222757,7.49575500595054,-0.511803310248798,0.143576023319468,8.24935654162122,-1.85434956078463,0.501438493452577
8.16786621807053,-0.936071818623214,0.253839015137384,7.73764194161796,-0.885049243559617,0.532770021474093,7.55208744177515,-0.527214137664734,0.220344277798851,7.61120334876361,-0.530360142174665,0.187022219059908,8.32425002025264,-1.92208819596978,0.531860927189885
8.43216480387481,-1.06877477119205,0.415750162507139,7.71667596762937,-0.838206038765684,0.460199028973666,7.42911812005066,-0.437475095627258,0.146936382751087,7.37710091812094,-0.453440059136806,0.128797407251926,8.12589406417814,-1.80884450110659,0.50089877701973
7.99308330574441,-0.795195387792504,0.219921684959903,7.709875791181,-0.82351104649617,0.443914208813553,7.46757093099931,-0.48405808824895,0.188539347096461,7.54557474408108,-0.500434782218354,0.118339569506225,7.86051396151798,-1.60493160167476,0.438106058294729
8.33844972687128,-1.04431696863903,0.384362660061106,7.91474772940292,-0.925791782516919,0.465346764816595,7.58582329028782,-0.510781163947029,0.223130555818306,7.55374944641592,-0.522880535010654,0.156947253986266,8.25358603755173,-1.8904780241829,0.46162571900764
8.05591130806774,-0.833634312643222,0.292537458358682,7.79923809367593,-0.876561738508002,0.451625905926541,7.561332433782,-0.499597797999111,0.215156942830119,7.48690189877047,-0.511156125157102,0.145382898619655,8.27059684202033,-1.90498058472965,0.490244125692954
8.12822837063389,-0.918184131552809,0.320888718595215,7.96908406552985,-0.950289942954064,0.507039848461788,7.58241152656747,-0.547050897100232,0.233124040141187,7.77503976708792,-0.620188217727486,0.22201160589636,8.1148943859316,-1.84140007832497,0.487696629100024
8.28784766182678,-1.00564158503667,0.326568560111596,7.89062102182541,-0.933246043736093,0.521567841260275,7.48100532503458,-0.480999815841404,0.172884173513943,7.56150446182891,-0.512815568624099,0.175403054251741,7.95700406431864,-1.75608665375694,0.489315331305397
8.1456827278365,-0.959912772722755,0.332288993164201,7.875704053056,-0.873221321991409,0.461801030554073,7.56954029243937,-0.500501845901091,0.208462375891317,7.59027710665585,-0.530654824154707,0.202786079402105,8.3623322371048,-1.95997960215925,0.533685169373826
8.11691148134876,-0.892651018825101,0.323460412511566,7.78535137879764,-0.834319741311034,0.443984033008721,7.51155054139697,-0.498330207961401,0.194270490937976,7.41028521092137,-0.450914214446204,0.128971369485862,8.11575330295973,-1.79106701619293,0.480636943196673
8.42274114065203,-1.0986119494442,0.416118553172203,7.92703185447192,-0.924842809292152,0.512091358480692,7.49500046495139,-0.482751348198933,0.183344719471894,7.5934050055555,-0.547829886973084,0.200047830151067,8.18307114619125,-1.84037444554997,0.46790151720117
8.03738652115999,-0.863442964678854,0.323757562398926,7.8104516003336,-0.904996636868342,0.456696390435429,7.45969485438687,-0.429445348700311,0.147511869917383,7.60760311222626,-0.541531088714035,0.173200679118549,8.23477609869804,-1.91358292512426,0.526387381164803
8.09177484920372,-0.881631779452306,0.282843681797559,7.91126473122696,-0.945512485321272,0.489260349282045,7.37392505308556,-0.414653555876775,0.142816886935671,7.21670732929985,-0.374112735359402,0.0962770514784995,8.09117182938704,-1.78046845357788,0.493079814339537
8.24705198602602,-1.00419583806658,0.299687775913502,7.86699415531802,-0.907058576457575,0.475318968126282,7.49276922041538,-0.475617785092731,0.187069106319012,7.71514428808574,-0.600507604926323,0.20320126928839,8.21948612961965,-1.82214859238428,0.476767259517773
8.45451363897817,-1.08525268738828,0.407217088940574,7.98148903676097,-0.964906488595897,0.519293158580323,7.56127212422048,-0.506024957920422,0.210251238403213,7.41920868524568,-0.478953821708953,0.14096929695984,8.17584239198666,-1.83467021458173,0.519443442656662
8.05459242823686,-0.873779738427404,0.284328979816069,7.89397745034017,-0.92619939354776,0.517959615048319,7.55509482140577,-0.511091729771017,0.216840257313474,7.53378122784588,-0.519988637328662,0.161893079614915,7.993272345405,-1.75120773507225,0.514678500111728
8.05848655296235,-0.869655365208645,0.30374846800663,7.98423537391161,-0.95709881218208,0.474532775590626,7.48567726099354,-0.463356380042001,0.178954295441181,7.52221667050275,-0.502593519814989,0.166197626468834,7.98846030809772,-1.68698546682228,0.44156919802643
8.41762812537837,-1.08240457282011,0.437406560569068,7.75629698525163,-0.839929729347097,0.435185119122933,7.59077859366904,-0.500947049755505,0.21767554324963,7.59476026232491,-0.560212633411174,0.188571276333303,7.94324607045644,-1.72222440967939,0.467082269656043
NA,NA,NA,NA,NA,NA,NA,NA,NA,NA,NA,NA,NA,NA,NA
8.1572932981177,-0.912113716899441,0.278461613714468,8.0535389852341,-0.983283650264127,0.486553536752295,7.59767374785256,-0.529580969584379,0.223985041741301,7.22170950714136,-0.367255432596282,0.0736905565716123,8.1891775560101,-1.81088264730333,0.494385673538764
8.40911450962295,-1.09575105856637,0.434078756879912,7.89088326578433,-0.916836457399266,0.506248346348514,7.6553473709628,-0.607696903491335,0.285288885861894,7.52323655388715,-0.497161965945065,0.149656054542585,8.20399065955055,-1.8315096432536,0.494362170836632
8.11802562298505,-0.910031526940823,0.344628250602039,7.77656133845561,-0.900499180160513,0.483067345676573,7.51318268077064,-0.489722447571802,0.194229389475174,7.56049411315868,-0.516337315985614,0.170625786451467,8.26453019216317,-1.88269416642838,0.488090179906071
8.16561623281095,-0.916307305647412,0.339204611357997,7.93173194242473,-0.925215287475818,0.505720185005425,7.44125417865558,-0.427734769184769,0.155247051215382,7.44221649864429,-0.485640414832002,0.154328359009799,8.26708509707147,-1.88574498324311,0.491409184955026
NA,NA,NA,NA,NA,NA,NA,NA,NA,NA,NA,NA,NA,NA,NA
8.15457807954269,-0.947981231743496,0.338652869635763,7.79194894253198,-0.88984234957805,0.486556032662055,7.54231818860273,-0.513532471038484,0.214620221876365,7.51734516236895,-0.517272542928031,0.173145714474721,8.13936256419726,-1.81259936181492,0.464679703842244
NA,NA,NA,NA,NA,NA,NA,NA,NA,NA,NA,NA,NA,NA,NA
8.03161784809403,-0.830112178902474,0.301644652276784,7.84583803588525,-0.898643906520334,0.442737039062693,7.54766615807951,-0.517740230269259,0.202792102877152,7.40362497839532,-0.469441416047165,0.15514316854268,8.14383506947319,-1.83122456593824,0.466637043281013
NA,NA,NA,NA,NA,NA,NA,NA,NA,NA,NA,NA,NA,NA,NA
8.13892555812916,-0.904862941088189,0.319066127567266,7.84526038247428,-0.900916541396819,0.451696664433462,7.66442524314398,-0.575112732947465,0.231935053895508,7.65466610059182,-0.556916964817487,0.191230677790447,8.20212135249782,-1.83564592338044,0.492159082602222
8.17190273297749,-0.966251891488211,0.372259426350989,7.95402769558627,-0.966654323666715,0.505126275080892,7.33408547637567,-0.355874666962316,0.108663959051851,7.51020136495887,-0.507934044709715,0.171155407153781,8.25307766235358,-1.92152377968759,0.464776385331861
8.12660524980174,-0.88848420344035,0.310108149631409,7.93381815790964,-0.93153992140503,0.468853721046449,7.59272453489409,-0.541564977376354,0.215120407766558,7.57735537383358,-0.530980498733999,0.159806118030906,8.03196272978579,-1.74388869305597,0.455269489034296
8.22445359545759,-1.00009465130818,0.430014941822532,7.81154079879926,-0.892442242254123,0.462664699875472,7.38687768929978,-0.409971123314109,0.135371140594888,7.32632594995164,-0.426415184889052,0.105259019887145,8.08551645357301,-1.7696756540229,0.513681191843813
8.17646383027854,-0.926102437481112,0.335546650865835,8.00120678570195,-0.988246470511817,0.546788566927585,7.60642512725604,-0.564819765482202,0.225862246833123,7.64452803273626,-0.546384192896905,0.162736113774795,8.13969143446294,-1.83381329090019,0.506873223205902
8.20709855208842,-0.927304939502762,0.329845957235348,7.87869934970641,-0.869588452634032,0.462548343121729,7.38472356992746,-0.421748651166434,0.148718224425434,7.27350054321666,-0.414827499553488,0.122342412694361,8.20657990441087,-1.86722211177194,0.493496470691563
8.1693371170856,-0.951265891658051,0.356145196410831,7.77980717522361,-0.882856277722938,0.478184585673276,7.55247816404205,-0.529948955024339,0.220281480027296,7.46683612387069,-0.462967574353702,0.134417538267282,8.20750797178072,-1.86762730952551,0.495234726749948
NA,NA,NA,NA,NA,NA,NA,NA,NA,NA,NA,NA,NA,NA,NA
NA,NA,NA,NA,NA,NA,NA,NA,NA,NA,NA,NA,NA,NA,NA
8.12271945535578,-0.938727922424432,0.317559737073815,7.80775057675806,-0.872895733363354,0.475253119138494,7.52611587727122,-0.528449176383762,0.224310367742019,7.30485713828261,-0.417381021946059,0.118449400176152,8.29620030082003,-1.93868865352775,0.489556044115883
NA,NA,NA,NA,NA,NA,NA,NA,NA,NA,NA,NA,NA,NA,NA
NA,NA,NA,NA,NA,NA,NA,NA,NA,NA,NA,NA,NA,NA,NA
8.03993322488606,-0.850227759399807,0.286353301521435,8.00585246689173,-0.96030355056926,0.470360847939689,7.64046863239006,-0.615304939966636,0.256179187889676,7.45750196764082,-0.509518683745876,0.140506867409112,8.04940982480393,-1.79050265812313,0.457798978636982
8.5048034860302,-1.13561424059643,0.507564133065264,7.89934308245028,-0.924171205798993,0.503041506670073,7.51060276251497,-0.479677343204016,0.184329228647323,7.36207314724037,-0.454477347898789,0.147066521348437,8.15731910583212,-1.83776347119348,0.509279419505278
NA,NA,NA,NA,NA,NA,NA,NA,NA,NA,NA,NA,NA,NA,NA
8.44803957762858,-1.06936035723868,0.475654502279637,7.8568822008507,-0.917563293566031,0.495250189400944,7.57151827251329,-0.541281617162289,0.237646811217679,7.37685463103587,-0.463122203932293,0.137166764019788,8.21385076475167,-1.88359949932514,0.490578128327543
8.15219476656445,-0.93522405580251,0.311558911651284,7.84482514486559,-0.913743136067185,0.499155366211666,7.62977005048409,-0.571416299724714,0.245662245737683,7.36996000054766,-0.464654621190134,0.142700622216745,7.89871535709919,-1.68363078497554,0.458302076705538
8.21500341811555,-0.984661280695155,0.30861860874184,7.80183307665287,-0.882175172592751,0.472698120319464,7.58299008076529,-0.534535924040654,0.218638052622784,7.40014758739528,-0.453123226547879,0.131684002952004,8.05610869641268,-1.74280876712458,0.475707557230002
NA,NA,NA,NA,NA,NA,NA,NA,NA,NA,NA,NA,NA,NA,NA
8.21520899183454,-0.963089191504109,0.320998293800759,7.89078280136848,-0.941688318600126,0.46518771746911,7.49459765861056,-0.510080708509182,0.189986898124415,7.47393061253732,-0.493858940471911,0.157667577313285,8.08520858729602,-1.80350181508655,0.485039561731217
8.23760808293155,-0.98030025802507,0.34190088439175,8.07465737420684,-0.984029469809382,0.47780683927513,7.63523101044333,-0.54728400905187,0.230966630975018,7.66671151100751,-0.562816372973545,0.167695887760439,8.16587795414542,-1.81508436633854,0.453519081124356
8.09041370022886,-0.900962779353732,0.28802002888899,7.9041418521932,-0.914715550457458,0.494656180991579,7.51759536599461,-0.50231193712167,0.193434907185132,7.37277366371613,-0.466999050593759,0.123602793433956,7.98490314548757,-1.73101247844931,0.476008136374986
7.94112988428758,-0.805185412729233,0.273310460391204,7.83642682969857,-0.882731517432198,0.4435158459851,7.46695157200304,-0.503147821634216,0.191126502973952,7.48352307893424,-0.513691244822717,0.156304824061032,8.19759897712104,-1.86801150460323,0.491230112368802
NA,NA,NA,NA,NA,NA,NA,NA,NA,NA,NA,NA,NA,NA,NA
8.24382385218739,-0.961335234784041,0.304209038819248,7.89002316728347,-0.907475845599446,0.47132213659782,7.60128494802891,-0.543791775767086,0.231862029184641,7.51452646865738,-0.524022466708053,0.163416333789915,8.20102962417911,-1.83695601762429,0.470846093497441
8.31885899733249,-1.00349958090359,0.365446304449776,7.8067563905232,-0.913478821743826,0.49134646002406,7.53088044789908,-0.470279525806935,0.183972832488903,7.40761775268151,-0.468051941457466,0.141525360903711,8.26810804544467,-1.91848570337122,0.498934882306295
8.2315705825497,-0.971701752904671,0.33297105929298,8.13858117824702,-1.01543189303657,0.492708234600672,7.4751745222647,-0.48299431930343,0.180465769332732,7.54403612358034,-0.514687735607331,0.17325068982456,8.15780646386023,-1.80967430629715,0.508294810727486
8.1741858919294,-0.910014480271265,0.325461213055267,7.85493653317584,-0.920345861249446,0.477074355415016,7.4948191842818,-0.493411463879827,0.211758427321836,7.51904363297185,-0.517338340812017,0.170766785343801,8.04629489087906,-1.73997245125646,0.474952529951877
8.07749265838924,-0.890422258389125,0.331246597384436,7.89795331995345,-0.909069105919745,0.470985699931558,7.44418215792614,-0.438828853102784,0.16147349698907,7.59102642816229,-0.545056232311086,0.157205892583614,8.32555741316692,-1.94612525372131,0.508697626238267
8.10684312921187,-0.890575904196722,0.29631169343316,7.81597026429619,-0.87916067762855,0.474088529987688,7.59379693011224,-0.524540941454623,0.217833930485687,7.88965641002441,-0.638079509425384,0.234543196045679,8.23800019353375,-1.88028827118524,0.534942324536596
8.12580401027686,-0.924128836377344,0.309873267412559,7.92198335160849,-0.949766287110807,0.497712468700205,7.48104353391675,-0.472770901721835,0.185557446877735,7.65200233583137,-0.574721938529294,0.231705457332488,8.06995576715657,-1.80267017998412,0.505833618802345
8.09149066879738,-0.880988788258814,0.261540301341513,7.80900143321701,-0.865115627013682,0.478931243174614,7.58433593037925,-0.540705958790757,0.2246508377079,7.46913266666469,-0.476004934943165,0.158507253899812,8.34250701524769,-1.93134697468811,0.502891386124894
NA,NA,NA,NA,NA,NA,NA,NA,NA,NA,NA,NA,NA,NA,NA
7.93449377928801,-0.818806727452638,0.284536159895313,7.86627611888599,-0.905832086728885,0.5124713162094,7.54196104233548,-0.488044348629177,0.208908201749273,7.26649459038618,-0.445301630987767,0.129915454473827,8.27978798103013,-1.871968896527,0.478762794812985
8.21443267775507,-0.960124628267184,0.338743732883545,7.81913754033139,-0.893746212765393,0.490026062609638,7.5734552891349,-0.511421803831936,0.198714770311492,7.53619709082538,-0.532933081615018,0.181225260258956,8.23517270860016,-1.90527969429073,0.512520383244989
8.1259121880194,-0.924005805192977,0.298608555339665,7.70361581190989,-0.813457864218299,0.439854982916667,7.51948566688597,-0.496177493864345,0.200018832942162,7.23759317340766,-0.400189251950689,0.0785698950747151,8.23095367551393,-1.88344859026638,0.514504384380496
8.10164816525554,-0.883595852619717,0.311788258013775,7.85011506290313,-0.908648562175879,0.477815122150025,7.41038335015976,-0.447374681228151,0.156683439073158,7.39959109060521,-0.424605454255378,0.111297363602537,8.20104820099787,-1.86896641454167,0.495287173839997
NA,NA,NA,NA,NA,NA,NA,NA,NA,NA,NA,NA,NA,NA,NA
8.18111205258075,-0.934109108459894,0.317774823179483,7.92715634758991,-0.90289153651721,0.488574841724212,7.61589679309082,-0.502551302934737,0.225338719237159,7.2907642101254,-0.426386747585649,0.087127821977976,7.93188945418283,-1.65831042968891,0.43781127029063
8.10710859337419,-0.909089879022867,0.285160568065007,7.68322441529327,-0.802771471586161,0.433878400266363,7.38632351357647,-0.454253428985406,0.169330070735387,7.53822955011252,-0.539498275728045,0.153094120800149,8.25666960438859,-1.90836216542344,0.464242769325553
8.25011392727023,-0.987321776061446,0.314244955382204,7.68117297231526,-0.835417339962291,0.428316132927367,7.55356718628804,-0.522267740696939,0.194382126074177,7.34914135357374,-0.449180302105871,0.124745651948396,8.04894177830866,-1.73883740845731,0.481042374184447
NA,NA,NA,NA,NA,NA,NA,NA,NA,NA,NA,NA,NA,NA,NA
NA,NA,NA,NA,NA,NA,NA,NA,NA,NA,NA,NA,NA,NA,NA
8.0217160565832,-0.866149534684665,0.289228978815914,7.98040454006935,-0.973975170993471,0.530253114843855,7.55252378895768,-0.499178941189064,0.205522168876595,7.22437440782448,-0.373692346921941,0.0867843572130835,8.23366628074925,-1.86269985589905,0.470334752603523
8.11991407641289,-0.87349610330384,0.307370649635722,7.75395588474959,-0.854343344589628,0.476732055150097,7.43111150154682,-0.444567559181951,0.149098027288285,7.50226458688213,-0.502745603526599,0.166570078870706,8.1690895104021,-1.8092961460489,0.467617531561212
8.4456099229513,-1.13461533564485,0.473084819265517,7.75431332483061,-0.885922820323387,0.511609368683604,7.44396292480709,-0.464456475600333,0.1730100400722,7.65414220347735,-0.559138412764623,0.165269175370358,8.07970936325538,-1.77870852716238,0.45391953345715
8.37111804196945,-1.03253018007343,0.425847514021923,7.87492454715424,-0.918269041452015,0.487317574218988,7.58541919081869,-0.53583022415088,0.223805798401942,7.79713932632419,-0.597937434775553,0.207139718216938,8.08233346633719,-1.74911345407966,0.493140064291937
NA,NA,NA,NA,NA,NA,NA,NA,NA,NA,NA,NA,NA,NA,NA
8.28529330771097,-0.988180228719167,0.39289031912831,7.70459206453658,-0.883212431404815,0.45675043657302,7.47354946399788,-0.428203904919476,0.158887707304904,7.53260266834268,-0.516021294935615,0.132430488335462,8.24015124348307,-1.87543370096405,0.499558319119669
8.23218635203559,-0.953380489170649,0.288035772803655,7.94691148294452,-0.942675304699881,0.524999084951683,7.48361136562158,-0.479325542549984,0.173307121914118,7.41414348383464,-0.459421401421984,0.139227962805002,8.06244969642617,-1.79063677798567,0.499098176935802
NA,NA,NA,NA,NA,NA,NA,NA,NA,NA,NA,NA,NA,NA,NA
8.15060683582174,-0.936267331291399,0.350644378759489,7.93890001552036,-0.949308396381925,0.517947605610508,7.54242354975006,-0.485284340022109,0.199317913742608,7.51779744600858,-0.501616415280645,0.146744027793214,8.30504716107787,-1.88717850166945,0.507029782750886
8.27335681480354,-0.976587696776974,0.372742103013479,7.76565232045742,-0.867391465299341,0.457919308532481,7.55679902324543,-0.550659278963245,0.208171753400149,7.50742627706626,-0.505172019935061,0.145127106712342,8.13731094843838,-1.80167598032902,0.47927249678496
8.10720686533417,-0.88032027449966,0.2734084193692,7.78399259111247,-0.848856234298516,0.456355879155396,7.59905292117805,-0.56445881542111,0.253519833511713,7.6701670012386,-0.578721607987151,0.177765706762927,8.01182640246699,-1.7575594165699,0.485531947193891
8.46073443258607,-1.10517195658319,0.414791719289962,7.86463003794555,-0.883593339489094,0.467417452047343,7.5090407637213,-0.519315606297906,0.193690744273163,7.38530099627702,-0.455008755876227,0.11326581030357,8.42635039123082,-2.0217680735773,0.536873319828849
8.22225730364732,-0.96971942136794,0.365426554451027,7.79052623847229,-0.889427732801979,0.487138156275898,7.46343931854023,-0.491043357572456,0.178538500489518,7.45822408528117,-0.490761059823117,0.14358063918836,8.08322648058101,-1.76735678412839,0.45955164035008
8.09105802053057,-0.899805369138217,0.320072097884259,7.76107092181729,-0.863663453865394,0.440384725062626,7.46359815174508,-0.458239910483785,0.178425376012483,7.54941496519642,-0.507772944956703,0.182519445678129,8.22917678245823,-1.91056523388962,0.50726794324905
NA,NA,NA,NA,NA,NA,NA,NA,NA,NA,NA,NA,NA,NA,NA
8.04875733752153,-0.860342485991105,0.274330420120107,7.94812035876959,-0.937364860914286,0.492586212302663,7.52013670683074,-0.460442252826067,0.186470368098388,7.36919421620309,-0.462153809471064,0.135104019968846,8.08351508694203,-1.79747516290591,0.502342367153332
8.50550335254014,-1.18158027012617,0.474074140315234,7.90569845796099,-0.921657763916971,0.476831852214871,7.57872413212104,-0.53620929419848,0.237635579738077,7.50431702672735,-0.491985116910611,0.140255560084574,8.14467469175222,-1.84287298253442,0.492471229701093
8.08181185618136,-0.870568637858426,0.278063495325567,7.80472411152678,-0.877976095504446,0.497025121545768,7.61470662846511,-0.562005567116885,0.23738143860618,7.42866619305661,-0.494795123578418,0.146366729447766,8.2325878179495,-1.92846807133455,0.516491860875565
NA,NA,NA,NA,NA,NA,NA,NA,NA,NA,NA,NA,NA,NA,NA
8.15280451333009,-0.938982018208516,0.344154596207768,7.95695673803026,-0.947675953646788,0.494381844130517,7.50709662037812,-0.535288862579714,0.219054897508939,7.5532450508329,-0.517873595378248,0.170821358027074,8.18866785876368,-1.82853392678847,0.505845750431174
8.13459238551098,-0.942908440612686,0.319184238002874,7.95460269209397,-0.949443230111844,0.503799410951394,7.57781958844655,-0.550318084512019,0.253409487083967,7.48666927379984,-0.479921345163852,0.140241088371071,8.36951896909932,-1.98152896704605,0.481797338706317
8.2970618378354,-1.01594300772122,0.359789474072714,7.84488296840994,-0.913401410031886,0.479345437319657,7.52692731963364,-0.495171491605029,0.204924069026906,7.61306820683057,-0.544377800493599,0.18521343691853,8.27769036585001,-1.92934568287602,0.50506708355274
7.95958947751051,-0.789597367533563,0.25422791374278,7.96769831608461,-0.965316407818046,0.502228499315538,7.50439697919919,-0.468727204316312,0.17606810713416,7.44087018911001,-0.461034297447428,0.135591572255399,7.97107221722591,-1.71553612305877,0.468812875636918
7.90776385577506,-0.794099292168401,0.248674776904955,7.93739494604355,-0.94238130726129,0.505293749924822,7.330649042902,-0.416417640776434,0.141330514718969,7.52450224395283,-0.495909628513052,0.158986337608496,8.06934555285175,-1.79151488136537,0.464856964855213
8.13143563112173,-0.926375677699989,0.343763436097143,7.80824490159438,-0.863980070080238,0.473998450111087,7.4928040153133,-0.497273775409323,0.190051223907367,7.30301795988874,-0.445427740629469,0.110120419104579,8.10921225023137,-1.78045000472543,0.491133032265686
7.97756240623949,-0.79579864799783,0.277622880195597,7.78035353465541,-0.861535771774351,0.44867405331497,7.54362335646139,-0.478807792125244,0.188383171144653,7.27766360376364,-0.40100137580505,0.110602429351507,8.18140220665382,-1.85682795279734,0.478936697493556
8.04988907234518,-0.867346270627679,0.269166062360708,7.87640745821183,-0.888232020584592,0.457108976617032,7.47495565159242,-0.446626019976706,0.167389216603896,7.49265530849575,-0.498093682351858,0.150363299234263,8.29153322623363,-1.93668069948004,0.544190305035072
8.21115898488509,-0.971176113449142,0.368226441228878,7.83892181176453,-0.906071272258252,0.452542260948307,7.37037758697558,-0.407699154195997,0.134321785228191,7.63254865555233,-0.544331905969639,0.166276628184638,8.1488581812996,-1.83172565237026,0.519308996636059
NA,NA,NA,NA,NA,NA,NA,NA,NA,NA,NA,NA,NA,NA,NA
8.37602044216195,-1.04859396262693,0.446744335908742,7.85248547712527,-0.916668466333099,0.501422281594466,7.49712298311692,-0.460320608235539,0.176804367557269,7.40633712767287,-0.476284239344805,0.155908332940804,8.10461288144134,-1.76883597632716,0.475215460895519
8.48177106295435,-1.12391607071331,0.440028865851083,7.8432800211335,-0.912045084351696,0.493189435670753,7.50128049093982,-0.481483549023145,0.207035964704073,7.26287733505474,-0.420289391325812,0.100279975245366,8.13232490251265,-1.81222132148913,0.496770548345391
8.16617487772462,-0.890200044703861,0.393814935238522,7.93442678311559,-0.922074422461344,0.450536113954782,7.49092847650694,-0.467460988524488,0.161485361404317,7.37744885104602,-0.447089785057207,0.147463981675142,8.34859997509972,-1.94973062097909,0.525707015088979
8.30793799779586,-1.04827319053459,0.436829074122282,7.8594418526069,-0.902817336791939,0.467591062085439,7.59700883187788,-0.580400312908163,0.247514569117853,7.3690122681114,-0.41352321913099,0.109981092565718,8.37520289402689,-1.97582080933926,0.500375086942743
8.15213953831742,-0.935362995790789,0.303487533244951,7.9426731675668,-0.906456315080847,0.484862807943539,7.53285554324986,-0.502136309440307,0.204055130291875,7.32168782567562,-0.425347861830562,0.116765938568055,8.44869352720963,-2.02341642064622,0.504160843678236
NA,NA,NA,NA,NA,NA,NA,NA,NA,NA,NA,NA,NA,NA,NA
8.14825525725954,-0.923291070528954,0.343618891674851,7.93183654498702,-0.942192854149359,0.528187821434309,7.51321452666272,-0.509616761533641,0.19137655882581,7.63068023557832,-0.540611880528001,0.152298569652963,8.22498557041776,-1.85422775929343,0.473605170573892
8.07015807984341,-0.831481656790645,0.288922930659388,7.92592058509208,-0.93432235447531,0.48114688855112,7.46738609728792,-0.410494567953832,0.143544647603245,7.31595649189203,-0.436320262495401,0.113450919599261,8.16481040907918,-1.85629077883363,0.499193474360921
8.26143017763424,-1.0364323914817,0.416848200939095,7.88040381607692,-0.906626916604197,0.491341035079633,7.51809678613078,-0.488211399184641,0.209879955096506,7.31660374270066,-0.440154063799664,0.113938387983973,8.13818721005693,-1.81093571709545,0.497537012060432
8.08257191334212,-0.889506099604653,0.319944529446086,7.93551949351816,-0.938932634929886,0.50431386410277,7.37026716923681,-0.396723932741547,0.128476827289875,7.17440334234543,-0.381282171613681,0.0956329724652254,8.14789854564012,-1.86646694916806,0.511414783264696
8.01231332680544,-0.899767139716989,0.311631428949362,7.84770348640355,-0.905315319953891,0.489359257108438,7.53691317006569,-0.52192927469436,0.206982850299264,7.54417496550425,-0.502363461977552,0.157815159510256,8.19042315958981,-1.84966407425232,0.5087468968252
8.02112543544029,-0.821327033640617,0.285835021537573,7.88119416382903,-0.912913920715121,0.49007442636559,7.58153711593516,-0.576087476268083,0.232691024409102,7.42480566766889,-0.449038156180713,0.130945928729879,8.06521288123952,-1.77969039541797,0.467271949603021
8.0960247376256,-0.928039700922727,0.337059884242782,7.78642489530655,-0.837643976188957,0.444053108694164,7.50527474940428,-0.436425088032091,0.158086921349997,7.52375537210322,-0.500552516714096,0.167103499253766,8.2086964025746,-1.800933754011,0.490085289591158
NA,NA,NA,NA,NA,NA,NA,NA,NA,NA,NA,NA,NA,NA,NA
8.44545234182808,-1.1100734634183,0.449268983220489,7.86724047672263,-0.855418965848802,0.419812096770866,7.52788382130311,-0.519123186260407,0.202484908479032,7.44291653293577,-0.470686006469929,0.118358545029343,7.87957286771464,-1.66266668737715,0.469097711101218
8.22851873046979,-0.999980560591496,0.328107950882588,7.77841670477868,-0.89564515979967,0.483777634402301,7.61050607062428,-0.553185193473459,0.250590015793443,7.34349005196322,-0.433281439443778,0.119618914740524,8.19459510379624,-1.86174115850126,0.489332969387121
8.03533837689968,-0.842315380936198,0.29349489725365,7.739817685729,-0.841221677397784,0.42483344705314,7.47497422056477,-0.508457466050987,0.18812584796163,7.47236901772624,-0.482098056060417,0.149174098146505,8.10365612521054,-1.78666968532876,0.483939318396862
NA,NA,NA,NA,NA,NA,NA,NA,NA,NA,NA,NA,NA,NA,NA
NA,NA,NA,NA,NA,NA,NA,NA,NA,NA,NA,NA,NA,NA,NA
8.23865842843886,-0.945505546152403,0.34196051099966,7.93176964583323,-0.954244785754792,0.51515457723817,7.5717811808722,-0.519257595893025,0.223162094197718,7.43159240646967,-0.484664527819776,0.14488196567134,7.9830274386929,-1.73741504845183,0.488707409040663
8.75757638135328,-1.27496977611606,0.478497704927295,7.91118308866518,-0.940744168276243,0.536506421449785,7.63396552072662,-0.573066217987568,0.252370013017516,7.51017475990268,-0.485481361327757,0.141344076954027,8.23765045029947,-1.87717466512651,0.488533532644276
8.18601137452647,-0.96096196929164,0.355925565590848,8.00937442259908,-0.950895605226661,0.520173156445925,7.46356201702906,-0.506400479518269,0.207412252692866,7.37988923818372,-0.457533054324617,0.144308198003156,8.2079768557892,-1.85030688845253,0.479538056167881
8.58199490364006,-1.17400843093155,0.451024043496641,7.84857943009334,-0.904177086613263,0.508488098209591,7.46394313805542,-0.430711762482063,0.150738126377982,7.51106549728569,-0.50295477483311,0.150738967715927,8.08149695067343,-1.78825239881348,0.479145047230839
8.23924927987866,-0.997209531204309,0.336744809518389,7.88468975560541,-0.934524355809637,0.522491296488912,7.5707983835957,-0.500846582590537,0.212716756511311,7.36309934275956,-0.428695472177209,0.114931334536801,8.35024908780187,-1.9517807434957,0.525860531329089
8.1246653869258,-0.895889573460707,0.28416562075843,7.90056426993482,-0.917283997751461,0.46286949749403,7.50995634528769,-0.472313681892557,0.175575273801001,7.45488691931846,-0.484433200891696,0.156275649391887,8.18347514184852,-1.8574118058904,0.498839093085954
8.30975536505649,-1.03304512347735,0.321371049259215,7.85340928471839,-0.895129753551457,0.47561295477478,7.53253089496645,-0.497568360339808,0.198304202208192,7.59544975217244,-0.552003145409462,0.193073128148061,8.17339728501118,-1.78855636434183,0.466380244396724
8.15244855868931,-0.932814370706607,0.286425585453808,7.79824128791585,-0.880316521849589,0.46846171703938,7.40428153532144,-0.451486390467852,0.168749155020453,7.39092492694139,-0.460228884511464,0.141518177774682,8.06058388897378,-1.77163312252809,0.486714351704402
8.04958375990285,-0.872175413469277,0.330369066134268,7.95289554538012,-0.994489104025506,0.538121752841453,7.44620307739346,-0.401528795522655,0.150115231818381,7.70004544007479,-0.594564698764979,0.212578387637664,8.29001325708635,-1.90822001625457,0.512087176977181
NA,NA,NA,NA,NA,NA,NA,NA,NA,NA,NA,NA,NA,NA,NA
NA,NA,NA,NA,NA,NA,NA,NA,NA,NA,NA,NA,NA,NA,NA
8.02799136642699,-0.841217844205048,0.299416364207843,7.65250346019482,-0.831989577608319,0.454143584245921,7.58639580151336,-0.561734253240787,0.231098906647961,7.52547690139752,-0.514358491119464,0.166867682977243,8.40108049337785,-1.94492264846509,0.508645082082303
8.13259259110838,-0.885444464758252,0.267397022566676,7.79120546555045,-0.877103984273,0.481951038057489,7.4642025298369,-0.459254585451409,0.176063982133296,7.50492292942926,-0.530568829652631,0.158213113620387,8.05777363949322,-1.755228793382,0.443853185519867
8.29346603028745,-0.982142003051337,0.416883633774156,7.69906619189961,-0.847242359180316,0.449646772559156,7.48492031310271,-0.494236390574933,0.19385131538784,7.34765133046742,-0.432444452353285,0.134442944287324,8.19917956171571,-1.86518757344803,0.53281783248124
8.19180038770881,-0.941551034742535,0.296113166236819,7.97363247655381,-0.934392891161625,0.499321080215561,7.56803149130343,-0.518342425443329,0.211164761555763,7.30823656763946,-0.413629958907796,0.118862453661973,8.20981066636798,-1.88856472685926,0.47504477391869
8.23490192230144,-0.975572808429856,0.357625053601662,7.74370591641657,-0.851435192739552,0.47732610894189,7.57975669832531,-0.517009809248845,0.227347117034097,7.40138759458127,-0.452830685850731,0.119651719177753,8.29273513125157,-1.88552533963969,0.515648832143331
8.39207977155223,-1.03234562111015,0.467565030138761,7.85938884392243,-0.844995448394735,0.454226108454266,7.44100461903026,-0.447561050346865,0.171770509288364,7.23702036371377,-0.409166099398126,0.090664413336275,8.44766432372427,-1.96944736325162,0.490181416623511
8.1802865449606,-0.93159123354449,0.266262488426819,7.73556679575171,-0.846045154005221,0.464396172139376,7.52969983111939,-0.49610316788119,0.195622846965957,7.53329645399323,-0.51665406016294,0.155126380325316,8.22516956675151,-1.84934363115866,0.508435687274447
8.23662842179997,-0.985676812721283,0.294701003521166,7.86037649839367,-0.867065779924989,0.461464679968544,7.60057874750053,-0.536908447200871,0.234385008692014,7.62070723553589,-0.558830147092656,0.18475200623456,8.06371609010102,-1.81381605149228,0.494435989017344
8.00768434750902,-0.865551574740427,0.260136116818548,7.97042634914191,-0.979302041512234,0.525498929564901,7.46534383777582,-0.470958723022255,0.178735312649327,7.75520937466135,-0.609269766312569,0.201146493975257,8.21961539832657,-1.88171740688436,0.4777677370175
8.00019524196491,-0.838873372621933,0.297553115335263,7.82761258873535,-0.908219991473383,0.504244150725457,7.55984547641306,-0.538439734299951,0.206823718961929,7.32754422329425,-0.425934617997614,0.117769991404359,8.16673763679212,-1.80364100344214,0.494012788637756
8.0329075228045,-0.867403835021047,0.307474949848657,7.88591618178323,-0.959273102433961,0.547548343174313,7.54133148290413,-0.490342595910581,0.201547376505064,7.59340442093437,-0.569724939907035,0.181402488052785,7.99688573099229,-1.73441133943758,0.446416342747993
8.57685686145589,-1.17186283549703,0.492650101112264,7.82057016625914,-0.884927383456813,0.497977421021421,7.47799124381474,-0.498342795051226,0.206032017892497,7.26512488112884,-0.414685517865932,0.110481555334992,8.29075792065003,-1.92010400848824,0.499407677803043
8.06164387920772,-0.848769923701676,0.258388546056737,8.09440473663285,-0.989613419657631,0.486855586567453,7.39955083769212,-0.424257655276992,0.152540163518124,7.75607734443688,-0.58240434778966,0.162375258560254,8.17953584511131,-1.87052916504837,0.499107267973665
NA,NA,NA,NA,NA,NA,NA,NA,NA,NA,NA,NA,NA,NA,NA
8.47508455493143,-1.05627833585695,0.442319044135405,7.77818629191597,-0.844244051424199,0.419815836968884,7.64369207145293,-0.57978152726505,0.265199380678997,7.5811838277066,-0.556044717603312,0.178081601323281,8.11401837290911,-1.84688746674939,0.50947389563748
8.29645643622134,-0.988305995257389,0.351847522303326,7.8655493796284,-0.933475522602454,0.511957010351556,7.55267674398888,-0.510938322430088,0.207229451460686,7.31495431363496,-0.433029646856684,0.126688766725065,8.07997601701315,-1.78710811389738,0.484525446036218
8.08551901215681,-0.861029695226623,0.296041385329028,7.81716075106605,-0.885053051216462,0.446444990343815,7.43896042035705,-0.433660797961006,0.157465765663155,7.59126416730579,-0.545711038876191,0.161368271455322,8.01395101875892,-1.71509785496049,0.444763221873416
8.4399027085638,-1.0876610038759,0.4648343107314,7.80873625612807,-0.885180921265336,0.456674576059113,7.46763123605911,-0.46753199647964,0.172170068246285,7.36927269864754,-0.443916893548865,0.124849817975711,8.14066198103846,-1.83427375799718,0.484310208496911
8.13917801379705,-0.927847725845851,0.312569039140716,7.91125873541556,-0.901779079577614,0.453437245599416,7.48791691117797,-0.447364331941446,0.167267134312361,7.39300365524396,-0.436089393971111,0.128180164049211,8.19518522396232,-1.85805430579442,0.460109012218853
8.12752271911739,-0.918786004247085,0.341070667036376,7.90428438010767,-0.977529332530898,0.53956159176769,7.59612608961649,-0.505338200246557,0.22057432221922,7.50358857743077,-0.495352765475294,0.136732901834127,8.07507353781372,-1.76449368291683,0.498625542253197
8.24345132904612,-0.987575261973241,0.301867672282779,7.89903991092924,-0.936464651745363,0.516242494656898,7.56336337609739,-0.537032791425991,0.21672087748634,7.38554068239218,-0.467223650845331,0.118540096925606,8.27747325123715,-1.8601083453879,0.489458494237432
8.10085626988737,-0.909020023420297,0.301570219452676,7.92093053546502,-0.949467495314296,0.535567602760261,7.62217619850285,-0.560458322779954,0.23627367000127,7.37132103511862,-0.453174997866544,0.130848232413339,8.25090644896642,-1.87071848816566,0.497771075654826
8.18567971807111,-0.921931795957494,0.332080820266723,7.93928867421988,-0.920129111076885,0.478037820038905,7.61825799440587,-0.548510865062105,0.247929009997841,7.24111334765212,-0.42023080067844,0.0868501704037584,8.17810103129758,-1.79869447259217,0.477685785866199
8.12637059002969,-0.92818507805574,0.292901785889271,7.70865769595567,-0.799249758141562,0.425580032841256,7.54420700731563,-0.514318207065872,0.208364743512013,7.49670535909085,-0.48814763599309,0.167823944377197,8.23206607677283,-1.8732036845661,0.478607091051317
8.10113520090578,-0.86904222899048,0.317717997943745,7.86594741692182,-0.903414415672033,0.460517397542194,7.57791244365478,-0.542996404615019,0.221924547319166,7.52288366793697,-0.512438140818758,0.165816147312652,7.996392100999,-1.73512552914429,0.489425925578949
8.20111471864326,-0.960558836197292,0.329269754609865,7.77775651260643,-0.858202191990345,0.470275913783179,7.45707433245107,-0.449894061648554,0.179793323385886,7.50660635323703,-0.518628042703956,0.190357811311685,8.14673817602834,-1.82301040062851,0.495832941130828
7.97806374321195,-0.82323108598187,0.242709441558758,7.75874420022767,-0.871200914544415,0.479266156262475,7.56960621161481,-0.479620097369613,0.190753435944298,7.39901572034673,-0.450349605408023,0.143852124251977,8.34729857712415,-1.94810642643803,0.511501878546744
8.51571249646446,-1.14321411801452,0.491832058015083,8.0446888348978,-0.954006572269556,0.493954686615017,7.50167271837622,-0.519639971245049,0.218241843755086,7.70187770618031,-0.596888813336658,0.210915682020228,8.10291972026209,-1.80919816080165,0.508629512906125
8.15252570182011,-0.917215440498208,0.319523343870991,7.84662157656747,-0.906627384933359,0.464623582088778,7.44089424602169,-0.458747662537681,0.171383310782423,7.2989880016564,-0.447250341072747,0.138188565826268,8.25013831201971,-1.84785729205784,0.490385244474505
NA,NA,NA,NA,NA,NA,NA,NA,NA,NA,NA,NA,NA,NA,NA
8.33399097913084,-1.04483021614408,0.408658484184125,7.77246870157621,-0.892949042923244,0.473795282045414,7.54791797933306,-0.508662598704918,0.209703351164829,7.14795173911879,-0.351223204683003,0.0871702794902465,8.18430928697586,-1.84503844353081,0.510736881012519
7.99508915158105,-0.826582919612704,0.274981514663943,7.77510924553241,-0.877981934504526,0.455381701669182,7.43147220374633,-0.465457688275372,0.169069132614499,7.44815086129114,-0.485559932735222,0.115389714673163,8.21446411193652,-1.83956816043198,0.513077125785653
8.16544505445173,-0.940876989742989,0.331126098973099,8.0857634262394,-0.983131576607204,0.495067687802682,7.4912867968677,-0.473285952234041,0.189257800680854,7.59498961702526,-0.511711900367225,0.166527614421689,8.28684535961103,-1.91993791277873,0.504682337374822
8.10538899696609,-0.895436611657545,0.301534723734698,7.84442484039848,-0.886147548564598,0.459127965865392,7.49247801417443,-0.515623472068013,0.195573636158062,7.38146613023428,-0.449809022466552,0.13891728014012,8.2311096422663,-1.8892747343979,0.515276198665221
8.35710548956706,-1.05362856478948,0.426929445811886,7.81125313302044,-0.876065043458217,0.476266090780113,7.57235779291719,-0.519140421564647,0.208798825062495,7.27429159806237,-0.396587764407544,0.107709277842212,8.34120472893292,-1.953392895754,0.480928477147756
8.34809003856432,-1.05211697407576,0.384602993391221,7.75300918734085,-0.870741908673229,0.453423566775861,7.61126635676961,-0.493736978805734,0.203383168264014,7.61555129477829,-0.548509805266093,0.161134005376917,8.09127719109491,-1.78287052874884,0.491986048781753
8.10395175658353,-0.88692049945999,0.289697285301428,7.74754617688218,-0.874858116722844,0.473431135347449,7.58638284030672,-0.516660892996468,0.213170446385852,7.61170644996284,-0.548592142657416,0.169042594537841,8.19935372054215,-1.81482888074458,0.463265469040081
8.44571956872349,-1.1438937216455,0.464505111749779,7.90416620682237,-0.924508661206833,0.500267827373066,7.47041570374775,-0.429766762354937,0.158140814402337,7.42432608767379,-0.462089860966429,0.13788140027833,8.33440237073728,-1.93403976388495,0.510139540318146
8.08519403301846,-0.929407958637658,0.334478475845428,7.86383190036256,-0.934186417317562,0.524901949441039,7.46732697068196,-0.466115105514705,0.180385141663742,7.60879895078541,-0.531668500247701,0.184704972528943,8.11282361695305,-1.79925616307127,0.430725733867438
8.32239789811909,-0.986568592327688,0.420389545065879,7.9141206985235,-0.942570886054633,0.514687515152927,7.54717480710855,-0.492202916107998,0.205128400698481,7.4262519828314,-0.460430050065551,0.145699696372712,8.17056472257378,-1.82929028640171,0.473771979573255
8.08511638895116,-0.896587471453867,0.287292282450868,7.95814106608029,-0.92957958541235,0.476063675754783,7.57756472294497,-0.467807085790644,0.197761527859051,7.40076340687508,-0.463747764910282,0.132167516179829,8.08043042483429,-1.82590850564133,0.511937418628782
NA,NA,NA,NA,NA,NA,NA,NA,NA,NA,NA,NA,NA,NA,NA
8.20308701488676,-0.985586348515493,0.383025211572098,7.85253414951794,-0.886916406519293,0.446356106668953,7.44470634081545,-0.453662693615799,0.157802276326522,7.53186063362969,-0.537284855010347,0.178813818230611,8.24847165841713,-1.87692275335208,0.506623125561647
8.1252609769533,-0.916086426804288,0.322227668794752,7.80748039803106,-0.910245590017099,0.46752138892588,7.50492587406516,-0.526184833459339,0.21482481105261,7.33091500696614,-0.417591263335766,0.0956277548572675,8.41997236020676,-1.98018480257189,0.542660747034872
NA,NA,NA,NA,NA,NA,NA,NA,NA,NA,NA,NA,NA,NA,NA
8.45372789944448,-1.08414195125552,0.421228181272401,7.99002944555836,-0.971505113557455,0.512138228441884,7.52352826848081,-0.473925002416694,0.189521880913641,7.37883530482556,-0.456338219717991,0.130548918823907,8.40216818752277,-1.9737317172116,0.482910787403035
8.24299848897403,-0.969719576754,0.362894756154461,7.86182481942101,-0.866002551124213,0.452867183055658,7.51452438463022,-0.514710733325701,0.207673380851086,7.47523599248153,-0.469835565179133,0.137624644003524,8.17269237336028,-1.84814733101157,0.512594528069098
8.41918204732055,-1.0819155537547,0.431856038306205,7.9117575017262,-0.935702350559726,0.47452030499324,7.57190174628167,-0.537009693845507,0.223454283882171,7.13680952036394,-0.359082495705219,0.0833113597993673,8.21838725155601,-1.89926608105455,0.534921109530978
8.25946252894655,-1.00770705693319,0.360691662754551,7.75314351600942,-0.87242157152198,0.481459423375852,7.52840012773651,-0.495607670294092,0.19295277937238,7.43684763978902,-0.460807398589428,0.133315365232594,8.07880632693576,-1.80819003127005,0.501182424979575
7.98190508981132,-0.813368724002016,0.249205259178223,7.94230798759185,-0.923058216644124,0.468898579386303,7.60189537336548,-0.520240148090486,0.217996292172745,7.59036654919249,-0.535428368889117,0.177196292195749,8.19433914986905,-1.8225655724733,0.493946990394197
8.44808428735944,-1.08563913361221,0.412136044041095,7.6567110621349,-0.781179464436713,0.40948175173441,7.69396535380905,-0.557099611536461,0.259872879384099,7.38155106855152,-0.465146841117609,0.131271578963739,8.30031224771825,-1.87684467019675,0.469946237838974
8.04995950172031,-0.855958581655439,0.272022750479929,7.94258036985183,-0.942017776196993,0.505209335319645,7.43794391535606,-0.430353397465618,0.15112466111118,7.22631628904778,-0.393440918219518,0.08586097649764,8.14650251377835,-1.83661402318017,0.506147134360863
8.08108002440722,-0.870959155578286,0.329562987074723,7.71904487167504,-0.895681087151081,0.488149541289433,7.38477727263776,-0.440715811241347,0.155465060877795,7.48764114629347,-0.485012479393488,0.140107497429511,8.10223772789623,-1.79313975219387,0.451825864254182
8.09836100021614,-0.9214193093227,0.309615671377592,7.79736771660034,-0.882132618754303,0.512230015374074,7.50417545224577,-0.532409308075589,0.220333063814211,7.30816486529455,-0.430892214242053,0.115951793176523,8.10986041299781,-1.76536337373126,0.457388191380597
8.16554519491082,-0.928232825983072,0.287269170346064,7.91887929433915,-0.9566713911743,0.520226436281382,7.50790244224934,-0.433656117549023,0.169325623912553,7.56539035300732,-0.53576586195778,0.181342939755708,8.06146768087168,-1.7943976291997,0.476221644498929
8.13781727168205,-0.93400179586917,0.324900359230467,7.95225572266053,-0.932075528826733,0.488504358556974,7.43457827491727,-0.43508399306975,0.154161936721834,7.46063345913719,-0.503057814702534,0.167768410276573,8.23338410496814,-1.87780657792002,0.506116096897739
7.89580208636726,-0.792687956532696,0.247109941950918,7.74759684541029,-0.871151132810986,0.485738739209697,7.55351523232706,-0.51182567435021,0.222932155197251,7.63275216998039,-0.567427025464741,0.174037222683396,8.15171684568345,-1.8122995827286,0.488226686276534
8.34949390109856,-1.04786670044893,0.399505630613994,7.82208847771004,-0.893134740246445,0.510017071306312,7.56660322635819,-0.535873706893385,0.22411774286613,7.57256896169348,-0.523742536167369,0.160318859602542,8.2006985631075,-1.82335374995567,0.472866997989625
