iter,Upper Crust,Middle Crust,Lower Crust,Mantle,Total
iter_0001,1.3985437542640665e+32,3.183282966496856e+27,1.7130731140419516e+25,8.141317461940703e+26,1.3985838997185048e+32
iter_0002,1.398088383814964e+32,3.203505708314426e+27,1.661618722998671e+25,1.2474920096498047e+27,1.3981330599540157e+32
iter_0003,1.418864493484171e+32,3.1542754740738016e+27,1.6557754478538913e+25,1.0764269469489253e+27,1.4189069660859258e+32
iter_0004,1.4270355200399116e+32,3.1770520972545355e+27,1.662658394098858e+25,8.164426914162711e+26,1.4270756212536377e+32
iter_0005,1.4303162911866595e+32,3.1732337513408047e+27,1.625420757596394e+25,9.65059427027499e+26,1.430357836660519e+32
iter_0006,1.4539613418362012e+32,3.1945645635130994e+27,1.5849710242927282e+25,1.0000036070653569e+27,1.4540034460150094e+32
iter_0007,1.4525713522586094e+32,3.185399241764386e+27,1.6276377477343827e+25,1.0578821804944074e+27,1.4526139478366068e+32
iter_0008,1.4131449155381112e+32,3.172805655463061e+27,1.6403725898038184e+25,7.997176128962393e+26,1.4131848048080538e+32
iter_0009,1.4946949430606329e+32,3.154168688522072e+27,1.7118149628679303e+25,7.413360209310554e+26,1.4947340692892237e+32
iter_0010,1.4518096332224066e+32,3.1801800641749325e+27,1.6425076452561948e+25,9.704280433893823e+26,1.4518513035542468e+32
iter_0011,1.4229548346793832e+32,3.1656889661182337e+27,1.6507603591552285e+25,7.297943567817344e+26,1.422993954588648e+32
iter_0012,1.4771237851599197e+32,3.185373904201595e+27,1.6297817768753812e+25,7.774370500821793e+26,1.4771635762476402e+32
iter_0013,1.4669428609922012e+32,3.192919520642468e+27,1.7437521651660266e+25,1.1018405907584106e+27,1.4669859829685318e+32
iter_0014,1.367284461799662e+32,3.171977115403704e+27,1.6703985546899886e+25,8.604773231560697e+26,1.367324953383903e+32
iter_0015,1.3613421474820887e+32,3.17926255256561e+27,1.6742882633048812e+25,9.947389892422269e+26,1.361384054926333e+32
iter_0016,1.3737817950463796e+32,3.215097257081182e+27,1.7359744610190082e+25,6.504840017334563e+26,1.3738206244564138e+32
iter_0017,1.4000709536811115e+32,3.180098574204764e+27,1.666353928990186e+25,8.83198555174124e+26,1.4001117532877981e+32
iter_0018,1.3887823610950183e+32,3.178206849591543e+27,1.8361269988394072e+25,7.461381243966467e+26,1.3888217881574582e+32
iter_0019,1.4071711310634105e+32,3.1936053086957477e+27,1.6662387765334354e+25,6.894124232231783e+26,1.4072101278646073e+32
iter_0020,1.4173684803764158e+32,3.19821662001251e+27,1.6866778542132363e+25,1.2615462619965114e+27,1.4174132466730213e+32
iter_0021,1.4414395800733365e+32,3.184925481572356e+27,1.6116233649357124e+25,1.2668700951555006e+27,1.4414842591914403e+32
iter_0022,1.468767529106732e+32,3.154692755257668e+27,1.686965226338377e+25,8.741947869807515e+26,1.468807986678677e+32
iter_0023,1.3817949463053004e+32,3.2091325637813984e+27,1.6378356995599766e+25,7.377896908769286e+26,1.3818345793114169e+32
iter_0024,1.441202628112467e+32,3.1780767910880854e+27,1.7299116418619306e+25,9.394265082085637e+26,1.4412439761366243e+32
iter_0025,1.4423867654265877e+32,3.192908165179509e+27,1.7241712990105905e+25,7.335355146930264e+26,1.4424262022805164e+32
iter_0026,1.3821638532042993e+32,3.2010710675161193e+27,1.6975676289000348e+25,1.0533535645951528e+27,1.3822065672073833e+32
iter_0027,1.4155532539910273e+32,3.1978900450841467e+27,1.7296535549082801e+25,8.414306641005083e+26,1.4155938201634749e+32
iter_0028,1.4756009650525338e+32,3.1872597617008364e+27,1.8145855172823357e+25,7.135160308768694e+26,1.4756401542690114e+32
iter_0029,1.4569588866538216e+32,3.167439800326303e+27,1.713477345219648e+25,1.3557928946074507e+27,1.4570042903285054e+32
iter_0030,1.4224395882416452e+32,3.171134894208742e+27,1.7390657578522386e+25,6.339242441144493e+26,1.4224778127396042e+32
iter_0031,1.4551412942116889e+32,3.1759486684648387e+27,1.6111999226757068e+25,1.340761369073687e+27,1.4551866224320566e+32
iter_0032,1.3981971918020224e+32,3.204794573584653e+27,1.668723000017402e+25,6.081023603897936e+26,1.398235487643662e+32
iter_0033,1.436212920633784e+32,3.1762966611376844e+27,1.674963770791937e+25,9.567835643454918e+26,1.436254418932416e+32
iter_0034,1.4003811672357425e+32,3.1913148999394424e+27,1.6957490241897632e+25,1.1336834291401991e+27,1.4004245867939356e+32
iter_0035,1.4406117985536194e+32,3.174423468558228e+27,1.7062096161467518e+25,9.823670392339114e+26,1.4406535370796589e+32
iter_0036,1.3920683917569958e+32,3.17202745674639e+27,1.7523085464990841e+25,8.495205439180354e+26,1.392108782467857e+32
iter_0037,1.4265704716559293e+32,3.1941588522587164e+27,1.7083424459911972e+25,1.1042238681115285e+27,1.4266136263173776e+32
iter_0038,1.4775296547339192e+32,3.1867119474773497e+27,1.696746268641654e+25,7.547157288994715e+26,1.4775692386853099e+32
iter_0039,1.4686734968180876e+32,3.170679790731692e+27,1.6272915458509457e+25,1.0379603526400305e+27,1.4687157459486758e+32
iter_0040,1.408076811274691e+32,3.164233545544734e+27,1.6366971445110988e+25,9.755827441805048e+26,1.4081183731073028e+32
iter_0041,1.431650880519386e+32,3.1825360870676705e+27,1.6908530040626191e+25,6.262611297259294e+26,1.4316891375768543e+32
iter_0042,1.455055658938429e+32,3.181992038917433e+27,1.5956224046076107e+25,1.2750298568573064e+27,1.455100388719627e+32
iter_0043,1.4512074164754899e+32,3.1980431139212983e+27,1.7784590535134086e+25,1.2730557187786213e+27,1.4512523053097223e+32
iter_0044,1.3812299563593801e+32,3.1784159727598716e+27,1.675050272896846e+25,5.2599830477472285e+26,1.3812671680071828e+32
iter_0045,1.4296840207070102e+32,3.1832053117764385e+27,1.7788042084953577e+25,9.209656896335723e+26,1.429725240297445e+32
iter_0046,1.4411985177152054e+32,3.1763070386540774e+27,1.763029897987757e+25,1.0541649849808387e+27,1.4412409987384316e+32
iter_0047,1.4374835740709569e+32,3.164847724001687e+27,1.7328696357542752e+25,1.1021763798760563e+27,1.4375264175989593e+32
iter_0048,1.543770659270842e+32,3.187318040545134e+27,1.7253546116066493e+25,1.0773032791863068e+27,1.5438134780195006e+32
iter_0049,1.4252776341145496e+32,3.175907538716451e+27,1.6634709089909845e+25,8.152231770151657e+26,1.4253177117687978e+32
iter_0050,1.43979403649031e+32,3.210754398522874e+27,1.8473252615610455e+25,6.325013023182931e+26,1.4398326537798447e+32
iter_0051,1.4472550172070957e+32,3.169503980188282e+27,1.6411087160209825e+25,7.601084127314826e+26,1.4472944774418964e+32
iter_0052,1.4184248958241518e+32,3.1763896505409395e+27,1.6545423909492694e+25,1.109957899900296e+27,1.4184679247538955e+32
iter_0053,1.452358074166375e+32,3.1772255043216395e+27,1.671424984065032e+25,9.73887069123663e+26,1.4523997524346078e+32
iter_0054,1.460440225018196e+32,3.146815895852964e+27,1.7631127242112132e+25,9.040654308750116e+26,1.4604809101427358e+32
iter_0055,1.4917597537120353e+32,3.203839650047237e+27,1.6813217785904047e+25,7.271368315119425e+26,1.4917992316090286e+32
iter_0056,1.3607744187227342e+32,3.174425799280183e+27,1.7028326386896816e+25,1.2183420899505364e+27,1.3608185166848903e+32
iter_0057,1.4101583355067321e+32,3.185528808434479e+27,1.673709083385094e+25,8.076087896321146e+26,1.4101984342536211e+32
iter_0058,1.3264345276725816e+32,3.195422869769764e+27,1.6817775221244014e+25,9.509045966633526e+26,1.3264761591249983e+32
iter_0059,1.4124103407130507e+32,3.188811796854731e+27,1.623776756911758e+25,7.313461199189383e+26,1.412449704669894e+32
iter_0060,1.3939450744724054e+32,3.1652168910459413e+27,1.6035380837618075e+25,5.825541345887502e+26,1.3939827125364703e+32
iter_0061,1.4557628076205142e+32,3.1906195098604336e+27,1.582749523856001e+25,1.2289214909258167e+27,1.4558071613054744e+32
iter_0062,1.4680527916198396e+32,3.194336583704026e+27,1.7487626852880793e+25,1.0135293932795884e+27,1.4680950451558781e+32
iter_0063,1.368939179102647e+32,3.178486584890096e+27,1.595878106912255e+25,1.1176245287260505e+27,1.3689822998015937e+32
iter_0064,1.4122181508821563e+32,3.204555088032319e+27,1.7375489073668883e+25,7.842137054807099e+26,1.4122582123249823e+32
iter_0065,1.4723969944455198e+32,3.1686230011781804e+27,1.651816025339866e+25,1.1802316247180333e+27,1.4724406481733813e+32
iter_0066,1.4306294537408992e+32,3.1867206439188815e+27,1.7299647801206178e+25,1.0644031378471749e+27,1.4306721379751948e+32
iter_0067,1.5327819662930652e+32,3.187973671776549e+27,1.675092121383082e+25,1.0985268684464998e+27,1.5328249988076796e+32
iter_0068,1.4117538808740248e+32,3.1668261678816017e+27,1.7361816281317703e+25,7.277896488348714e+26,1.4117930006503547e+32
iter_0069,1.4175757307489035e+32,3.1871052470266546e+27,1.7372186321554811e+25,7.839428055929646e+26,1.417615614951293e+32
iter_0070,1.4671237855777039e+32,3.163246298617722e+27,1.6746711300097101e+25,1.4682875912460823e+27,1.4671702683837156e+32
iter_0071,1.4018043352895188e+32,3.1681305939736777e+27,1.7382268794972934e+25,9.196010424799295e+26,1.4018453864285713e+32
iter_0072,1.4372151203991856e+32,3.1932215065740915e+27,1.7144981877838838e+25,7.951220811063735e+26,1.4372551752848813e+32
iter_0073,1.4544764200659421e+32,3.1990055079402187e+27,1.6988493057533964e+25,1.2317851361616439e+27,1.4545208978573137e+32
iter_0074,1.4337106251075946e+32,3.190795424265529e+27,1.631740963387822e+25,8.815002887939913e+26,1.4337515112388216e+32
iter_0075,1.4500536700840988e+32,3.162073639058803e+27,1.6608559681700352e+25,7.332416768816665e+26,1.4500927893228548e+32
iter_0076,1.443646968647392e+32,3.17353994121474e+27,1.7614652563954772e+25,1.1793319487023137e+27,1.4436906735128166e+32
iter_0077,1.4715409734622702e+32,3.1757549011713394e+27,1.6662318713460484e+25,8.464966753667707e+26,1.4715813626012226e+32
iter_0078,1.4090561281883372e+32,3.190217102159905e+27,1.6594228385089187e+25,1.514060045671328e+27,1.4091033369020993e+32
iter_0079,1.3946997028705686e+32,3.1957270032951174e+27,1.736952025762971e+25,9.193591041102782e+26,1.3947410274268453e+32
iter_0080,1.4812728192485511e+32,3.189200120194666e+27,1.7076943235944452e+25,1.3456107025536342e+27,1.481318338126211e+32
iter_0081,1.441603480212416e+32,3.205062045838489e+27,1.7992066128615972e+25,8.657679283913027e+26,1.4416443684328195e+32
iter_0082,1.458538865613182e+32,3.1875634051458495e+27,1.6439449741353676e+25,6.049302739610724e+26,1.4585769549444704e+32
iter_0083,1.4403454672033537e+32,3.1864204487877854e+27,1.6160174279396258e+25,5.3182125707902814e+26,1.4403828112221552e+32
iter_0084,1.4076017725602705e+32,3.1942664343112443e+27,1.65186210337053e+25,1.0683376463371682e+27,1.4076445637872873e+32
iter_0085,1.4286699082113037e+32,3.203785696977802e+27,1.6352169666822772e+25,8.98213147049544e+26,1.4287110917214406e+32
iter_0086,1.3779052104493808e+32,3.173774740184573e+27,1.5641998650585003e+25,1.0700217420579584e+27,1.3779478048341897e+32
iter_0087,1.4598904967143383e+32,3.198123117960261e+27,1.7594074343283172e+25,7.49764440330603e+26,1.4599301515306646e+32
iter_0088,1.4454001764570653e+32,3.1765528021927075e+27,1.6352998632410678e+25,8.186966204873875e+26,1.4454402924812784e+32
iter_0089,1.5123685506347888e+32,3.1805411488508617e+27,1.661060737756801e+25,7.325930642207774e+26,1.5124078480829932e+32
iter_0090,1.5200780009387192e+32,3.1758975050196726e+27,1.7149782893944792e+25,1.1502818031439712e+27,1.5201214342296298e+32
iter_0091,1.4405130078970867e+32,3.189184311322318e+27,1.680357613177936e+25,7.478649971856029e+26,1.440552546425933e+32
iter_0092,1.4161622576583835e+32,3.191815634187559e+27,1.7371325159277463e+25,1.4685435820024967e+27,1.416209034963797e+32
iter_0093,1.4331640587399599e+32,3.167596082029175e+27,1.7026835730903068e+25,8.080629785683898e+26,1.4332039855989232e+32
iter_0094,1.4420529147772239e+32,3.174424184995162e+27,1.7115721486935874e+25,7.939591642701557e+26,1.4420927697679313e+32
iter_0095,1.4352718390941222e+32,3.2021596803330956e+27,1.6542208015052845e+25,1.1038766843913197e+27,1.4353150648798498e+32
iter_0096,1.4587643822001938e+32,3.1811402927016095e+27,1.7350250338376402e+25,1.1396770959469833e+27,1.4588077638765836e+32
iter_0097,1.4370308129200585e+32,3.1917281162682714e+27,1.648095141663529e+25,7.430486117772058e+26,1.4370703254968532e+32
iter_0098,1.4737060824295008e+32,3.1866003973653037e+27,1.7071614825085477e+25,5.6394798281030446e+26,1.4737437586294507e+32
iter_0099,1.4684202652647446e+32,3.1804979654912017e+27,1.6600497034723927e+25,7.702734732520041e+26,1.4684599389841022e+32
iter_0100,1.3801901850458566e+32,3.1678475899241673e+27,1.6078172756230518e+25,7.491739525334497e+26,1.3802295160430088e+32
iter_0101,1.5124536488982254e+32,3.154723342268644e+27,1.6599825643845315e+25,6.7778913847271e+26,1.5124921400212893e+32
iter_0102,1.4082552346304362e+32,3.15570459120293e+27,1.5852709531224387e+25,1.1840698666454105e+27,1.40829879090211e+32
iter_0103,1.3603741823051789e+32,3.154244132625734e+27,1.666412652568729e+25,9.000845946382879e+26,1.3604148922337168e+32
iter_0104,1.388261342957242e+32,3.1923744650538993e+27,1.6695206077650994e+25,9.297632628451582e+26,1.3883027312865816e+32
iter_0105,1.4308167325298874e+32,3.190315373667547e+27,1.7198160713806945e+25,5.768336587145546e+26,1.4308545760018183e+32
iter_0106,1.4125381101673398e+32,3.182228991949736e+27,1.7658174312044633e+25,9.345040278817596e+26,1.4125794540792814e+32
iter_0107,1.3927358193651838e+32,3.185486543593602e+27,1.7369554531696656e+25,6.586342959099436e+26,1.392774434269124e+32
iter_0108,1.5275950887847297e+32,3.1677372302485426e+27,1.7360127677129001e+25,1.1696347667437688e+27,1.5276386361059764e+32
iter_0109,1.492191825437693e+32,3.156337085347995e+27,1.7351611584757637e+25,9.80182444200027e+26,1.4922333641491045e+32
iter_0110,1.414810495143656e+32,3.2038898999647685e+27,1.72165251495929e+25,1.0495586456641633e+27,1.4148532017943639e+32
iter_0111,1.42068849734899e+32,3.1836004286750796e+27,1.6776089691279442e+25,8.140880682702426e+26,1.4207286419948563e+32
iter_0112,1.3395479243110585e+32,3.19173760337575e+27,1.648053560913374e+25,1.0937683749468507e+27,1.3395909441761978e+32
iter_0113,1.4624960388377066e+32,3.1718239809715644e+27,1.6863118453416928e+25,1.0802539854733004e+27,1.4625387282485557e+32
iter_0114,1.3790454590662259e+32,3.17123359463348e+27,1.6581508399495477e+25,8.127973711925671e+26,1.379085465190968e+32
iter_0115,1.4674164013238629e+32,3.221070383457542e+27,1.6265062767891198e+25,1.060727903108882e+27,1.4674593819573563e+32
iter_0116,1.3831355967396628e+32,3.1444169715898497e+27,1.6896585842809585e+25,6.910084227169416e+26,1.3831741199594643e+32
iter_0117,1.4612089938942964e+32,3.20747314928849e+27,1.6335354863579029e+25,9.560157393797521e+26,1.4612507921367315e+32
iter_0118,1.4001561659586743e+32,3.211954395276352e+27,1.6960831421160811e+25,1.1172674153465472e+27,1.4001996277850947e+32
iter_0119,1.4556000247601265e+32,3.184415728990811e+27,1.6620289296712004e+25,7.863848938588731e+26,1.455639898969248e+32
iter_0120,1.4262385916072838e+32,3.1902349066530755e+27,1.6350155752344354e+25,7.251062266064113e+26,1.4262779085201739e+32
iter_0121,1.3998151381673187e+32,3.191433143200775e+27,1.6831511566130949e+25,8.941154409835497e+26,1.3998561619682764e+32
iter_0122,1.4524507257063906e+32,3.170090024920437e+27,1.7992250682284083e+25,6.385149304904191e+26,1.4524889916784516e+32
iter_0123,1.407999682699792e+32,3.190365442594809e+27,1.762899692092147e+25,1.4265622953144176e+27,1.4080460282671403e+32
iter_0124,1.4514436677252787e+32,3.20541369960319e+27,1.6685135577397452e+25,9.222008715522338e+26,1.4514851107223458e+32
iter_0125,1.3703742302773411e+32,3.1898678502537345e+27,1.7561036302366122e+25,6.268711937766689e+26,1.3704125732781444e+32
iter_0126,1.415994230346627e+32,3.1836043852624835e+27,1.7092745457502668e+25,1.2898127699189987e+27,1.4160391354456334e+32
iter_0127,1.4515422999395325e+32,3.188738435108224e+27,1.7589309987876101e+25,1.0891985447780074e+27,1.4515852552024313e+32
iter_0128,1.4374581300842659e+32,3.1754335972796825e+27,1.7139129688842998e+25,1.4061190869868568e+27,1.4375041170024054e+32
iter_0129,1.4353185325550869e+32,3.1852130747575063e+27,1.6439757232016215e+25,1.1163526632639604e+27,1.4353617126100395e+32
iter_0130,1.397015754786718e+32,3.183712521521875e+27,1.650884104926654e+25,6.451988300754232e+26,1.3970542089886445e+32
iter_0131,1.4118058831097914e+32,3.203217107698934e+27,1.7471740781610921e+25,1.2892151295239193e+27,1.4118509821495715e+32
iter_0132,1.4428115618352113e+32,3.174729960751055e+27,1.7120853121911428e+25,1.106904134793265e+27,1.442854549384698e+32
iter_0133,1.455279328158504e+32,3.188023341885473e+27,1.6671279449596309e+25,7.902607837547224e+26,1.4553192777125548e+32
iter_0134,1.3531532800143667e+32,3.181893922979845e+27,1.7386254262640557e+25,8.843907330290093e+26,1.3531941167234695e+32
iter_0135,1.4521166170618373e+32,3.155644588646495e+27,1.7835343710054921e+25,9.236907464695986e+26,1.4521575887686255e+32
iter_0136,1.3635259520286378e+32,3.1635914956855563e+27,1.682202831515089e+25,1.3251978648337454e+27,1.3635710081425262e+32
iter_0137,1.506982403873465e+32,3.1972345502489334e+27,1.7843232702979545e+25,8.856875019221211e+26,1.5070234115263139e+32
iter_0138,1.4987353126059151e+32,3.150919282612408e+27,1.6658713755697043e+25,9.814135553102677e+26,1.498776802521432e+32
iter_0139,1.4605716853391766e+32,3.173770735945498e+27,1.573362495566824e+25,9.199597437136151e+26,1.4606127799802226e+32
iter_0140,1.4914273941430354e+32,3.179682188475774e+27,1.6542145225255033e+25,5.47726280337876e+26,1.4914648336491757e+32
iter_0141,1.4563187840303539e+32,3.181453859187006e+27,1.737551873747739e+25,9.446623328653971e+26,1.4563602189474618e+32
iter_0142,1.4675944614454448e+32,3.202804234368303e+27,1.7227523707728735e+25,1.1554941187169224e+27,1.4676382167042127e+32
iter_0143,1.4486024963059455e+32,3.202093727405897e+27,1.6250895460309194e+25,9.562013679195678e+26,1.4486442417658535e+32
iter_0144,1.430785499429066e+32,3.147902388630972e+27,1.6794504783410098e+25,1.187630668085051e+27,1.430829022704681e+32
iter_0145,1.453028744674639e+32,3.165487516235732e+27,1.666184117184673e+25,1.1860767875068422e+27,1.453072426936088e+32
iter_0146,1.4176284323499666e+32,3.18203168081714e+27,1.6171415423164599e+25,7.171156872255892e+26,1.4176675855378011e+32
iter_0147,1.4103124594337391e+32,3.175424883573806e+27,1.7726607006223034e+25,9.454284833301375e+26,1.4103538452334781e+32
iter_0148,1.4763407607251994e+32,3.178220669028327e+27,1.698586012357788e+25,1.1680595431353696e+27,1.4763843933859223e+32
iter_0149,1.417268253624977e+32,3.1613506139253513e+27,1.646781805617169e+25,9.205195341006048e+26,1.417309237004638e+32
iter_0150,1.4348789108542632e+32,3.168664032085042e+27,1.6702203325352228e+25,6.190034237897447e+26,1.4349169545508553e+32
iter_0151,1.4425313124352365e+32,3.1604336902884644e+27,1.6717868125870727e+25,8.875382813216093e+26,1.442571959333634e+32
iter_0152,1.4237702604940024e+32,3.175171820278844e+27,1.6739500225382229e+25,7.628132628032468e+26,1.4238098077398357e+32
iter_0153,1.4038944668843085e+32,3.183836859949198e+27,1.7027548130779308e+25,7.269153484593893e+26,1.4039337446818738e+32
iter_0154,1.3981716719348481e+32,3.168118521783647e+27,1.6431106470652181e+25,8.982609255496902e+26,1.398212500040386e+32
iter_0155,1.4877799544613552e+32,3.179293067708043e+27,1.6438191025351595e+25,9.52597600474752e+26,1.4878214377499472e+32
iter_0156,1.4023080277171675e+32,3.199129408258629e+27,1.654294307256301e+25,7.87992463244873e+26,1.4023480643653133e+32
iter_0157,1.3588910250889497e+32,3.190724870853707e+27,1.7902631692419568e+25,1.2797924934283113e+27,1.3589359092889093e+32
iter_0158,1.373391755073079e+32,3.1882835240241093e+27,1.7631027369028525e+25,8.018415725636542e+26,1.3734318326343186e+32
iter_0159,1.4675759033873963e+32,3.190636522721805e+27,1.6460474892218727e+25,8.806537345552612e+26,1.467616780894718e+32
iter_0160,1.4586189420288191e+32,3.157681675657544e+27,1.6370483168058982e+25,1.0596417973320948e+27,1.4586612789683808e+32
iter_0161,1.487684052929605e+32,3.1797305801428737e+27,1.716826391959139e+25,1.0265386633439641e+27,1.4877262873046792e+32
iter_0162,1.4375696125151897e+32,3.147874981560188e+27,1.6753906718180335e+25,1.1278698838205601e+27,1.4376125375029107e+32
iter_0163,1.3785560223189325e+32,3.1903687332295045e+27,1.7435894650353373e+25,1.302363481251307e+27,1.3786011240000239e+32
iter_0164,1.4255307077996211e+32,3.166651708872759e+27,1.6795779287555687e+25,1.0724082440487398e+27,1.4255732663569432e+32
iter_0165,1.4733838962438592e+32,3.197785632729845e+27,1.679889659882298e+25,1.1637188116740965e+27,1.4734276792772695e+32
iter_0166,1.4051488807159402e+32,3.1827673638722313e+27,1.606358594838026e+25,1.2054025345933322e+27,1.4051929230507843e+32
iter_0167,1.4900916725280891e+32,3.187262186175421e+27,1.6561985250670329e+25,9.268412540465266e+26,1.4901329791823438e+32
iter_0168,1.456602865619581e+32,3.191735661973801e+27,1.6540566032716768e+25,7.735487220297822e+26,1.4566426838690812e+32
iter_0169,1.4076007117900513e+32,3.1810645702642234e+27,1.6485464307933967e+25,1.0697262434159599e+27,1.407643384552831e+32
iter_0170,1.4432918530808093e+32,3.1693830675301365e+27,1.636514901326033e+25,1.516800235660477e+27,1.4433388785653313e+32
iter_0171,1.4654342700727602e+32,3.1811193644599e+27,1.6767522378431847e+25,9.120258144350937e+26,1.465475369199773e+32
iter_0172,1.4282753329197726e+32,3.191412103074398e+27,1.7544863081689565e+25,9.610160441775748e+26,1.428317032649876e+32
iter_0173,1.3996548311512169e+32,3.2063145397548204e+27,1.7018860698124314e+25,6.730419208188721e+26,1.3996937949044296e+32
iter_0174,1.4580197812822504e+32,3.170582719078779e+27,1.7384894672089805e+25,8.314510021253031e+26,1.458059975468409e+32
iter_0175,1.4257800229806305e+32,3.192349820288516e+27,1.6784226249635875e+25,1.2478258848414037e+27,1.4258245925799444e+32
iter_0176,1.4314972353913472e+32,3.1579871393612535e+27,1.6931321296224326e+25,1.2223054497952016e+27,1.4315412076304516e+32
iter_0177,1.4143148682558367e+32,3.185519460779615e+27,1.6655434146647877e+25,8.810384122562308e+26,1.4143557003889084e+32
iter_0178,1.357622697352771e+32,3.2082377829548634e+27,1.668430392570532e+25,1.1852773935251302e+27,1.357666799347575e+32
iter_0179,1.4156095240562556e+32,3.16464388841677e+27,1.704034414528266e+25,1.0428812645862248e+27,1.4156517697112272e+32
iter_0180,1.3873046648796203e+32,3.195462545500199e+27,1.7157263760726277e+25,1.331296500677832e+27,1.3873501040427196e+32
iter_0181,1.395420538577075e+32,3.1746976130607435e+27,1.7527002761480585e+25,1.2042212521223982e+27,1.3954645030357544e+32
iter_0182,1.3618697747036408e+32,3.1791456247506675e+27,1.6601925057965207e+25,1.5373099269936e+27,1.361917105278409e+32
iter_0183,1.3963281496071063e+32,3.176180395557341e+27,1.6627911504432686e+25,6.677162235735743e+26,1.3963667548524126e+32
iter_0184,1.469463271965015e+32,3.168105778100008e+27,1.6743628513056661e+25,8.813823481361035e+26,1.4695039342825627e+32
iter_0185,1.4202026322255218e+32,3.1781655944316734e+27,1.7484138098292647e+25,1.1447849417514223e+27,1.4202460365722645e+32
iter_0186,1.374850593570923e+32,3.1839648929731704e+27,1.6885015700204202e+25,1.1202287851588133e+27,1.3748938043578615e+32
iter_0187,1.5226709125153417e+32,3.1588506540280504e+27,1.6498100015316345e+25,9.721680891231142e+26,1.5227123876837735e+32
iter_0188,1.4732607106149979e+32,3.188925863234418e+27,1.6844562330082638e+25,7.674968630367453e+26,1.473300443287884e+32
iter_0189,1.4553526914292498e+32,3.171442754773261e+27,1.804106792332561e+25,7.577154377570635e+26,1.4553921634218543e+32
iter_0190,1.4875096156595214e+32,3.1936265519900075e+27,1.6302344310526077e+25,9.510827738463028e+26,1.4875512257762228e+32
iter_0191,1.4283520043513542e+32,3.1931174807839225e+27,1.6860839184461054e+25,1.5148343988424397e+27,1.4283992524785422e+32
iter_0192,1.4745550853276918e+32,3.151655263742307e+27,1.6606677047983556e+25,7.11803367765615e+26,1.4745938859807773e+32
iter_0193,1.439607089731845e+32,3.176580562971004e+27,1.6853850467979206e+25,7.900149012684296e+26,1.4396469242249919e+32
iter_0194,1.4200268378742433e+32,3.182927133115985e+27,1.7439083461506654e+25,1.186207722768531e+27,1.4200707036136366e+32
iter_0195,1.3718782480034045e+32,3.195543938350009e+27,1.6948941362153379e+25,1.121833055158681e+27,1.3719215912627532e+32
iter_0196,1.4153044258430324e+32,3.1451550816977413e+27,1.7374056076958712e+25,1.0785750840224879e+27,1.4153468368852502e+32
iter_0197,1.436619889243947e+32,3.161993673302221e+27,1.7068221404183394e+25,1.0941873353148061e+27,1.4366626217362473e+32
iter_0198,1.4289395871397548e+32,3.2065965961068144e+27,1.7116191094151192e+25,1.2428928643822343e+27,1.4289842531962705e+32
iter_0199,1.4323360869040694e+32,3.179348224937701e+27,1.6706533130183336e+25,8.172555223551254e+26,1.4323762200068735e+32
iter_0200,1.4260055923346105e+32,3.189710506135172e+27,1.57044861537852e+25,7.985699008226863e+26,1.4260456321835416e+32
iter_0201,1.3954138674548532e+32,3.211086087515153e+27,1.6898794163566942e+25,8.413425775883139e+26,1.3954545607294459e+32
iter_0202,1.4352033902498727e+32,3.211213602455062e+27,1.7381366541816164e+25,1.0456996022039606e+27,1.4352461331955848e+32
iter_0203,1.4033372095095684e+32,3.166966138435337e+27,1.6434283153493505e+25,9.07517703755072e+26,1.4033781186908219e+32
iter_0204,1.416635981484918e+32,3.1858971362214766e+27,1.6455206172449944e+25,1.27910983166262e+27,1.4166807961066586e+32
iter_0205,1.3907902668265689e+32,3.1820839930170934e+27,1.7220640655223525e+25,6.1605742928033625e+26,1.3908284204471985e+32
iter_0206,1.4924131772246519e+32,3.185027859551036e+27,1.7075186713907825e+25,1.0119162994255985e+27,1.4924553174181088e+32
iter_0207,1.4181747796925519e+32,3.18152296991468e+27,1.6191104575465644e+25,1.246439804703793e+27,1.418219221231344e+32
iter_0208,1.42665213119678e+32,3.1614444477636306e+27,1.752010642354716e+25,7.978647697720107e+26,1.4266918994900196e+32
iter_0209,1.381813332831211e+32,3.17849465519806e+27,1.5755309731642976e+25,9.605896166117427e+26,1.3818548812270263e+32
iter_0210,1.3651946735684966e+32,3.1676014780173484e+27,1.7646232778594063e+25,1.018505053714965e+27,1.3652367110961418e+32
iter_0211,1.3743195079738915e+32,3.1861771260851587e+27,1.8634707990292723e+25,8.78129450624586e+26,1.3743603373867385e+32
iter_0212,1.4595861781878728e+32,3.197156031006496e+27,1.6282171730022046e+25,6.879100733520138e+26,1.4596251916706335e+32
iter_0213,1.427670366990788e+32,3.189460543670454e+27,1.6320797871609878e+25,9.533097621551674e+26,1.427711957901825e+32
iter_0214,1.405519317034043e+32,3.1959431249937737e+27,1.6546771711982484e+25,1.3354000221927647e+27,1.405564795933232e+32
iter_0215,1.4453416172417387e+32,3.2067202422276124e+27,1.6605179137355136e+25,7.568459600481871e+26,1.4453814189555528e+32
iter_0216,1.396941693821446e+32,3.192169007946624e+27,1.6961198573086208e+25,8.585539490537504e+26,1.3969823706630018e+32
iter_0217,1.4279605660270718e+32,3.1862541559458593e+27,1.6359289275251968e+25,1.0927722756381811e+27,1.4280035198842803e+32
iter_0218,1.451659137063443e+32,3.177624487244951e+27,1.6732963820096112e+25,1.4884918665396428e+27,1.4517059655566191e+32
iter_0219,1.4209569624582297e+32,3.18524164422023e+27,1.6141357912322534e+25,1.020506053145774e+27,1.4209991813487825e+32
iter_0220,1.3932109253307774e+32,3.1947178072292335e+27,1.6023402281010148e+25,9.283777897740686e+26,1.3932523165207702e+32
iter_0221,1.4327302790887456e+32,3.1874465438069964e+27,1.68756595899712e+25,1.0276968265364283e+27,1.432772599279045e+32
iter_0222,1.463210130299824e+32,3.1704180865266727e+27,1.6534593909273751e+25,8.686884076040751e+26,1.4632506867107042e+32
iter_0223,1.5222847161660034e+32,3.192703412941403e+27,1.6971414690626046e+25,1.0680284634055024e+27,1.5223274931989135e+32
iter_0224,1.4793833752599445e+32,3.167216059404453e+27,1.686369769028295e+25,1.500699686234631e+27,1.4794302230543779e+32
iter_0225,1.428911546762817e+32,3.194629172472537e+27,1.748714406119631e+25,8.291825046319575e+26,1.4289519597510287e+32
iter_0226,1.4995471617368107e+32,3.1922764220687927e+27,1.7166121138073298e+25,1.0609149689746771e+27,1.4995898653119325e+32
iter_0227,1.4066110291681835e+32,3.1901218646662623e+27,1.6837513769384003e+25,4.3509163820926114e+26,1.40664744967835e+32
iter_0228,1.430801874555433e+32,3.1893071614559956e+27,1.7008981387977895e+25,8.858186559408622e+26,1.4308427959034208e+32
iter_0229,1.4537734548975254e+32,3.1848798585053696e+27,1.6821254239540095e+25,1.1382131081310391e+27,1.4538168540397342e+32
iter_0230,1.4387246141553125e+32,3.143799439446573e+27,1.6647958775475329e+25,8.760568179653125e+26,1.4387649791974743e+32
iter_0231,1.3649066085430735e+32,3.1806108662534033e+27,1.6942567547278191e+25,1.0173150764201424e+27,1.3649487572281756e+32
iter_0232,1.4255916441486748e+32,3.1631662380463286e+27,1.5677573044866376e+25,1.0580849997795039e+27,1.4256340134367835e+32
iter_0233,1.4518103152358102e+32,3.190634131104637e+27,1.7428080774334705e+25,7.890677063593358e+26,1.4518502865349925e+32
iter_0234,1.4265028408193398e+32,3.1918147425391555e+27,1.7123168519379222e+25,1.3293724583112516e+27,1.4265482239230334e+32
iter_0235,1.450692061633632e+32,3.1612311190390676e+27,1.6965037517143964e+25,1.36635357968619e+27,1.4507375071309944e+32
iter_0236,1.4141422946133944e+32,3.194413431695492e+27,1.8022832749110808e+25,6.665923765420221e+26,1.4141810848998043e+32
iter_0237,1.4391060357504287e+32,3.184645881834958e+27,1.717725849526408e+25,1.4630185605272214e+27,1.4391526841674374e+32
iter_0238,1.3972050894032074e+32,3.139318257171961e+27,1.7587868495197176e+25,1.1545745942834683e+27,1.397248204210407e+32
iter_0239,1.4491048202898316e+32,3.18482033345488e+27,1.6778725712265953e+25,7.648411200106313e+26,1.4491444846916234e+32
iter_0240,1.3722126547973843e+32,3.149810583789367e+27,1.7104826775063499e+25,8.612980613154274e+26,1.3722529369321032e+32
iter_0241,1.4561236153821845e+32,3.1929339085335146e+27,1.7110836422273604e+25,1.1388497980762467e+27,1.4561671043276148e+32
iter_0242,1.491177979993245e+32,3.2020810552155445e+27,1.6722626051548218e+25,1.1872180997261445e+27,1.491222040211055e+32
iter_0243,1.3980793965554048e+32,3.1926123454378815e+27,1.7217877407366215e+25,1.2372501913172769e+27,1.3981238673595464e+32
iter_0244,1.5203197466334216e+32,3.180105648775321e+27,1.6473836490433826e+25,8.837735785000928e+26,1.5203605501640593e+32
iter_0245,1.3968383503571763e+32,3.175989106081474e+27,1.6934328875341514e+25,5.368919267718511e+26,1.3968756485107937e+32
iter_0246,1.4370975661937397e+32,3.1837841302595026e+27,1.6726321441591446e+25,8.05467971080112e+26,1.4371376259779677e+32
iter_0247,1.3859437739183687e+32,3.190494166627926e+27,1.6767775426720206e+25,1.0739873622089375e+27,1.3859865864114114e+32
iter_0248,1.4705516690269796e+32,3.1914273610929754e+27,1.6451166380002837e+25,9.035137377878857e+26,1.4705927829496322e+32
iter_0249,1.4087897844848095e+32,3.1902583205958044e+27,1.7002062253385343e+25,9.779736789702332e+26,1.4088316368254277e+32
iter_0250,1.4694389482666501e+32,3.1556082606291735e+27,1.7200639737221647e+25,1.1314674204415583e+27,1.469481991029858e+32
iter_0251,1.4152324986870027e+32,3.195310566344531e+27,1.6521045767881837e+25,7.221082257346507e+26,1.415271838085381e+32
iter_0252,1.3287483714454894e+32,3.176585679797125e+27,1.7392848504187104e+25,9.5835721807916e+26,1.3287898948029531e+32
iter_0253,1.4189003767309624e+32,3.186065188699521e+27,1.6608218271276874e+25,1.0286933334442609e+27,1.4189426903983666e+32
iter_0254,1.4302263120386003e+32,3.2119516520123973e+27,1.61369982046189e+25,1.0293354941365615e+27,1.4302688862800439e+32
iter_0255,1.4698120269235312e+32,3.1776130686776504e+27,1.699089616368671e+25,1.0403721145309933e+27,1.469854376684325e+32
iter_0256,1.4420608806183535e+32,3.159495397282861e+27,1.7217370380283844e+25,1.2215681881791939e+27,1.4421048634279119e+32
iter_0257,1.4059086657235134e+32,3.188821412168243e+27,1.7132348130861116e+25,7.430143600799852e+26,1.405948155404717e+32
iter_0258,1.4169458031560018e+32,3.1690184730749433e+27,1.6564432806006145e+25,9.469462969007632e+26,1.4169871284480298e+32
iter_0259,1.4130727616823366e+32,3.175729021904536e+27,1.6043976691010796e+25,1.1400801809054637e+27,1.4131160802141315e+32
iter_0260,1.3573075883729694e+32,3.212036423847464e+27,1.691263956968515e+25,1.1156882839596556e+27,1.3573510347464433e+32
iter_0261,1.4354524385507879e+32,3.177574711714706e+27,1.6528118365022936e+25,9.230268597156813e+26,1.4354936098476859e+32
iter_0262,1.4029768015965924e+32,3.1532839397052323e+27,1.7529556377997996e+25,7.96027297937005e+26,1.4030164700045326e+32
iter_0263,1.4298233081372377e+32,3.168115209437932e+27,1.7114493507026302e+25,1.0101277642796298e+27,1.4298652617119099e+32
iter_0264,1.4237029290417396e+32,3.1680418915660125e+27,1.6856510833564264e+25,1.0458654102896052e+27,1.4237452366798665e+32
iter_0265,1.4244410815408758e+32,3.17387360095074e+27,1.6239608027543602e+25,1.4007872796281247e+27,1.4244869905457618e+32
iter_0266,1.451181714002146e+32,3.1667529521530244e+27,1.6601928073404691e+25,7.266057093805769e+26,1.451220813608042e+32
iter_0267,1.3924034993622348e+32,3.1953213675295266e+27,1.6823565549249112e+25,1.1949584588970447e+27,1.3924475703961545e+32
iter_0268,1.4153333762495398e+32,3.19942408088996e+27,1.648085338153045e+25,9.232319493422041e+26,1.4153747676183758e+32
iter_0269,1.4348343462345154e+32,3.1981609452071454e+27,1.671825527487614e+25,5.8482777835736365e+26,1.4348723433043038e+32
iter_0270,1.4502857477137714e+32,3.189832855683438e+27,1.6891833952183742e+25,9.281317165837735e+26,1.4503270962778336e+32
iter_0271,1.45518906871481e+32,3.19509014315769e+27,1.7724338903493021e+25,9.753751292690201e+26,1.4552309506109232e+32
iter_0272,1.4343339764173233e+32,3.1860888234264863e+27,1.7245626965818154e+25,1.039021586377929e+27,1.434376399977691e+32
iter_0273,1.3839924189292018e+32,3.1879389316209545e+27,1.64617579778454e+25,6.304506366163532e+26,1.384030767442464e+32
iter_0274,1.455379449529754e+32,3.1659783257654334e+27,1.6655274640438605e+25,1.2209739331705718e+27,1.4554234856050896e+32
iter_0275,1.3329572973862401e+32,3.1939897054131217e+27,1.758710617281457e+25,1.29966418066246e+27,1.3330024097961626e+32
iter_0276,1.4221702286083926e+32,3.154216336062166e+27,1.6125045449657155e+25,9.787569625028061e+26,1.4222117195918328e+32
iter_0277,1.4362624148702515e+32,3.1679161916230473e+27,1.7238664493707157e+25,1.0631756580293205e+27,1.436304898175393e+32
iter_0278,1.4926899964745403e+32,3.169614974666753e+27,1.6912343437695631e+25,7.126903570557966e+26,1.492728988651292e+32
iter_0279,1.4800074124424857e+32,3.1862872429671744e+27,1.7987511506659313e+25,1.3003396921891217e+27,1.4800524585869525e+32
iter_0280,1.3701972177463168e+32,3.2068316573815604e+27,1.7021532659109165e+25,7.550982013968887e+26,1.3702370072602311e+32
iter_0281,1.3728557951299293e+32,3.159312055198728e+27,1.6887459866950294e+25,1.2121259095442133e+27,1.3728996783841755e+32
iter_0282,1.3101436074695298e+32,3.160912578681538e+27,1.7121693105172921e+25,7.449401491657261e+26,1.3101828372137393e+32
iter_0283,1.50128901857591e+32,3.152734012345675e+27,1.6355652997919858e+25,7.166681242281843e+26,1.5013278761538057e+32
iter_0284,1.391452748839069e+32,3.179315382220543e+27,1.6717014715657e+25,9.791694910531826e+26,1.3914945008579488e+32
iter_0285,1.3477223393840668e+32,3.19399522906341e+27,1.7017185734103767e+25,9.324222212239966e+26,1.347763773730427e+32
iter_0286,1.4763798521334076e+32,3.200580584248123e+27,1.6944349729474334e+25,1.2400770895160143e+27,1.4764244281536426e+32
iter_0287,1.3452402825018675e+32,3.1826642538638875e+27,1.7104272964770988e+25,1.5729387714279706e+27,1.34528800957485e+32
iter_0288,1.4791746204842233e+32,3.164326840121358e+27,1.6309104281848129e+25,6.371668543050831e+26,1.4792127985122103e+32
iter_0289,1.4754090261762188e+32,3.180455629828078e+27,1.6452435891811914e+25,5.784150602090678e+26,1.4754467794074782e+32
iter_0290,1.3886497825176172e+32,3.194105058677168e+27,1.673987920482182e+25,5.526216069686671e+26,1.3886874171830657e+32
iter_0291,1.363878383684306e+32,3.138988855039295e+27,1.6723443722171467e+25,1.1653184318551552e+27,1.3639215939916122e+32
iter_0292,1.43479986277129e+32,3.171509847033245e+27,1.627007688931791e+25,1.1557828741056898e+27,1.4348432983992704e+32
iter_0293,1.4444046149914983e+32,3.186224676629872e+27,1.8124414543484563e+25,9.747919376522832e+26,1.4444464064017866e+32
iter_0294,1.3545320821334945e+32,3.1762713354352685e+27,1.6474390917787592e+25,7.588424468475457e+26,1.3545715980152266e+32
iter_0295,1.4831740699133262e+32,3.1703684349557906e+27,1.5829655472739003e+25,8.349714970580258e+26,1.4832142816092012e+32
iter_0296,1.4505180770430039e+32,3.178145493292854e+27,1.675526757717153e+25,7.047464910805771e+26,1.4505570735155233e+32
iter_0297,1.3821824303440655e+32,3.182385483733387e+27,1.7246170895290493e+25,1.0018217687884965e+27,1.3822244448782998e+32
iter_0298,1.3560483851523975e+32,3.204125227788359e+27,1.7543046390028158e+25,7.732965430094218e+26,1.3560883348005695e+32
iter_0299,1.4219028684413019e+32,3.1688305990249297e+27,1.7351963423967227e+25,9.415373316766652e+26,1.4219441456402433e+32
iter_0300,1.4226166059702123e+32,3.182609989994876e+27,1.5777545897517561e+25,3.9023896535042735e+26,1.4226524922352247e+32
iter_0301,1.4647610245594118e+32,3.1939514575569206e+27,1.7657866614164955e+25,1.0192840354456287e+27,1.464803333493008e+32
iter_0302,1.4710658966713459e+32,3.165897660405328e+27,1.7089571235700757e+25,1.0556912916724145e+27,1.471108283456579e+32
iter_0303,1.4011250146297358e+32,3.181640010156657e+27,1.7080676609232406e+25,9.807665747205687e+26,1.4011668095023506e+32
iter_0304,1.4524170193062867e+32,3.158352830693762e+27,1.5811718887797878e+25,8.283663065547126e+26,1.452457044614848e+32
iter_0305,1.4391128443002832e+32,3.175472052501631e+27,1.6936782986130305e+25,9.856712906362084e+26,1.4391546251015445e+32
iter_0306,1.377404670691738e+32,3.1833053782798196e+27,1.6640859458457882e+25,7.45356622069125e+26,1.377444123720336e+32
iter_0307,1.4546865163008331e+32,3.198054245447975e+27,1.6208435401172546e+25,1.415684868782237e+27,1.4547328157763295e+32
iter_0308,1.4604574128341434e+32,3.2026835362894505e+27,1.6482668101756417e+25,8.313767322337435e+26,1.4604979182635097e+32
iter_0309,1.3977134979733422e+32,3.190023574716211e+27,1.5592833416762912e+25,1.2701342926834253e+27,1.3977582554803503e+32
iter_0310,1.406412697610583e+32,3.197968413936277e+27,1.63699680611038e+25,9.3804927952496e+26,1.4064542214871984e+32
iter_0311,1.38329443006917e+32,3.207707398326487e+27,1.755108189066067e+25,7.918085637829983e+26,1.3833346007396099e+32
iter_0312,1.4509910050947824e+32,3.147554618835886e+27,1.6654942207295236e+25,1.3412263834098993e+27,1.451036059454227e+32
iter_0313,1.4780310021372476e+32,3.164272921169647e+27,1.6733400889090326e+25,7.648326980879193e+26,1.478070460527449e+32
iter_0314,1.4684540666567898e+32,3.186008048632839e+27,1.677170902612689e+25,8.976198231057652e+26,1.4684950706525975e+32
iter_0315,1.4356890428892716e+32,3.179976449833481e+27,1.6167346743375248e+25,6.878530399643518e+26,1.435727882857637e+32
iter_0316,1.4654755374365369e+32,3.191939708212657e+27,1.7377894756934322e+25,1.2341219292098534e+27,1.4655199718318587e+32
iter_0317,1.4345904523003628e+32,3.207439161266384e+27,1.695524243881677e+25,1.1155457893041378e+27,1.4346338517022928e+32
iter_0318,1.4504224580893586e+32,3.1889816594763404e+27,1.5992866917563942e+25,7.35705340582332e+26,1.4504618648880284e+32
iter_0319,1.4304179888165043e+32,3.2112034914672297e+27,1.7133468094177262e+25,1.2442017361911736e+27,1.4304627142034618e+32
iter_0320,1.3805879667416647e+32,3.185413274972587e+27,1.714527089013179e+25,9.12422047959197e+26,1.3806291165476029e+32
iter_0321,1.3564625364979943e+32,3.16109256579574e+27,1.7898907642115352e+25,1.0888826579795062e+27,1.3565052152393084e+32
iter_0322,1.4838690787718039e+32,3.178246989011152e+27,1.5649875516710366e+25,1.4309185471440115e+27,1.4839153269259206e+32
iter_0323,1.4024887896223746e+32,3.181698758009199e+27,1.7348099458997653e+25,1.5685470212247058e+27,1.4025364655611617e+32
iter_0324,1.44743991662925e+32,3.1567696651193904e+27,1.6539872910877856e+25,6.529313275882965e+26,1.4474781790379063e+32
iter_0325,1.427747053523012e+32,3.183204460628859e+27,1.6355820553922742e+25,9.835297251875947e+26,1.4277888844230756e+32
iter_0326,1.419117155821349e+32,3.186034576051798e+27,1.7415183598966315e+25,7.725547508391323e+26,1.4191569158664537e+32
iter_0327,1.3443958889722756e+32,3.1481054873021326e+27,1.644517897620287e+25,8.065321625508345e+26,1.344435599800564e+32
iter_0328,1.4296496284084706e+32,3.190418434596595e+27,1.6276470318348863e+25,4.087796047480857e+26,1.4296857831535672e+32
iter_0329,1.4147703706758647e+32,3.180283114023704e+27,1.7034439252791638e+25,7.040153865037403e+26,1.4148093840052626e+32
iter_0330,1.503452499387161e+32,3.192845751588674e+27,1.753798980480938e+25,9.458740450562376e+26,1.5034940619650256e+32
iter_0331,1.4003154690703071e+32,3.167156406588379e+27,1.7278041875321393e+25,1.4632954101614012e+27,1.4003619463688933e+32
iter_0332,1.4791136514493737e+32,3.1578629057315515e+27,1.6144775695374554e+25,1.0518725620278652e+27,1.4791559102518083e+32
iter_0333,1.3873462954517302e+32,3.2054745061504836e+27,1.7335585028546178e+25,6.408812183759828e+26,1.3873849323648259e+32
iter_0334,1.4372733402027508e+32,3.195494829664937e+27,1.7369674306135308e+25,1.2824420443937997e+27,1.4373182932682344e+32
iter_0335,1.455283801165056e+32,3.186377590356386e+27,1.6749742974050378e+25,9.746386749251489e+26,1.4553255788251386e+32
iter_0336,1.4211879596902165e+32,3.1918972285500655e+27,1.6512575604521546e+25,1.0227640265341141e+27,1.4212302714285235e+32
iter_0337,1.4065399593130333e+32,3.185292621517905e+27,1.6832234163993372e+25,1.2195946830562713e+27,1.4065841765084206e+32
iter_0338,1.4145872446572143e+32,3.18650581542553e+27,1.715881916225249e+25,1.095375697571081e+27,1.4146302350605358e+32
iter_0339,1.4450055907008355e+32,3.198179406806034e+27,1.6837570348589853e+25,1.1967316366529002e+27,1.4450497081869735e+32
iter_0340,1.40854118846364e+32,3.1726521507364984e+27,1.6617052449508723e+25,8.9832159148671e+26,1.4085820643715868e+32
iter_0341,1.4141190488645433e+32,3.180204513691736e+27,1.7709826305507042e+25,1.0497509728740595e+27,1.4141615255176719e+32
iter_0342,1.4320635237736429e+32,3.15187582375881e+27,1.6279442374033115e+25,6.533152048889652e+26,1.4321017384783532e+32
iter_0343,1.4237111465135002e+32,3.1795444705327286e+27,1.7322117235625534e+25,1.1210618799352988e+27,1.4237543257981774e+32
iter_0344,1.3775948185638964e+32,3.222039928743713e+27,1.6960011947730786e+25,1.0806227228371317e+27,1.3776380147905317e+32
iter_0345,1.4645357608382532e+32,3.167891942351723e+27,1.629369868059188e+25,6.53582392762666e+26,1.4645741385185913e+32
iter_0346,1.4269967920762171e+32,3.159921294365121e+27,1.7001572739831556e+25,8.799590087942415e+26,1.427037360894976e+32
iter_0347,1.4309679220789525e+32,3.1740222954180505e+27,1.6851914171762538e+25,8.610269708224123e+26,1.4310084410907567e+32
iter_0348,1.4451708198064102e+32,3.181526887734041e+27,1.6002397748457234e+25,1.004892802357619e+27,1.4452128440272885e+32
iter_0349,1.4225706703434569e+32,3.1864477415140554e+27,1.6292590404805013e+25,1.0649203823932048e+27,1.4226133469506e+32
iter_0350,1.4012677968601596e+32,3.201306629591005e+27,1.6425965641116904e+25,1.0212072529283521e+27,1.4013101862586413e+32
iter_0351,1.4362118847338422e+32,3.1726958450858636e+27,1.6547390383622264e+25,1.0563502572159027e+27,1.436254340668769e+32
iter_0352,1.4696418083042717e+32,3.190952008264619e+27,1.7429209094937046e+25,1.2827656249634106e+27,1.4696867197726949e+32
iter_0353,1.410689386447644e+32,3.174738958456403e+27,1.6886643246017402e+25,8.885630942334931e+26,1.4107301883346035e+32
iter_0354,1.3658533765063738e+32,3.167333296749959e+27,1.6384318530241845e+25,1.2861957234028585e+27,1.3658980756397607e+32
iter_0355,1.3554295786051545e+32,3.19681318533729e+27,1.691157824929967e+25,3.9839187985844774e+26,1.355465699771589e+32
iter_0356,1.448134281650967e+32,3.1753646685012423e+27,1.7081128025935296e+25,1.0953395027528499e+27,1.44817715950396e+32
iter_0357,1.4603732089963866e+32,3.1752701396662157e+27,1.6952213618833138e+25,8.503784909861764e+26,1.4604136350048293e+32
iter_0358,1.3925357119778211e+32,3.1761969498791815e+27,1.6130865541939346e+25,9.077399325501409e+26,1.3925767126553008e+32
iter_0359,1.4863812072706e+32,3.1826669210287723e+27,1.618442982418844e+25,1.0318494870177564e+27,1.4864235142789788e+32
iter_0360,1.4020353434183543e+32,3.1570790648773785e+27,1.773653473853606e+25,1.4635082941473285e+27,1.402081726657292e+32
iter_0361,1.4701707660409294e+32,3.194610746548467e+27,1.7095353158940781e+25,7.159776147164986e+26,1.4702100428780738e+32
iter_0362,1.4324945534447258e+32,3.168264254266785e+27,1.63720097183537e+25,7.979069988264124e+26,1.4325343788773537e+32
iter_0363,1.3750094599229524e+32,3.1945785607707834e+27,1.7098712994550785e+25,1.4579417694478595e+27,1.3750561561133845e+32
iter_0364,1.4951029862306673e+32,3.194405411250288e+27,1.6855719721309443e+25,1.1513882838555867e+27,1.4951466127248157e+32
iter_0365,1.3820092941877486e+32,3.1894496573416367e+27,1.691163377691738e+25,7.746051540955358e+26,1.3820491038522007e+32
iter_0366,1.4279879459463772e+32,3.1729485586430255e+27,1.631573837522823e+25,1.3950764050275248e+27,1.4280337893533976e+32
iter_0367,1.422268084141522e+32,3.162332200374835e+27,1.7896505946213436e+25,7.194460187627162e+26,1.4223070808887727e+32
iter_0368,1.4626808818726032e+32,3.190775432043878e+27,1.6467175965472216e+25,7.325454689011807e+26,1.4627202797533722e+32
iter_0369,1.3512153136821721e+32,3.226455486602643e+27,1.6650715536323388e+25,6.639348668350123e+26,1.351254384092862e+32
iter_0370,1.4395024097367322e+32,3.196780200057001e+27,1.7288665682295264e+25,7.346969093156446e+26,1.4395418973944826e+32
iter_0371,1.3832983221058132e+32,3.190398100725508e+27,1.6559652648973284e+25,8.480942774600073e+26,1.3833388726261215e+32
iter_0372,1.4901472119338821e+32,3.1713762506715537e+27,1.6751480609547063e+25,7.476174338584989e+26,1.4901865693855334e+32
iter_0373,1.4245393465470526e+32,3.1582689019675957e+27,1.7089924560983809e+25,9.901505065492826e+26,1.4245810016403834e+32
iter_0374,1.4693626096738276e+32,3.1809146321063505e+27,1.5876819695834417e+25,8.523909680324087e+26,1.469403101498026e+32
iter_0375,1.439886009193817e+32,3.181173367371575e+27,1.7077290367614676e+25,1.0074951694386148e+27,1.4399280666520886e+32
iter_0376,1.4304549784257875e+32,3.180928698641137e+27,1.7095691925032863e+25,1.2291024461811348e+27,1.430499249694155e+32
iter_0377,1.4553317913187763e+32,3.1782094726619074e+27,1.7614056915261891e+25,9.575473321052416e+26,1.4553733250273933e+32
iter_0378,1.4558299432990325e+32,3.187924367430565e+27,1.6123599181990816e+25,1.0635626104014491e+27,1.4558726194048027e+32
iter_0379,1.3792978062937594e+32,3.1678728318466e+27,1.5799208793997812e+25,1.0139905980822438e+27,1.3793397829201466e+32
iter_0380,1.4756798302859022e+32,3.168451091723028e+27,1.6585817130647345e+25,6.487046583716576e+26,1.4757181677015743e+32
iter_0381,1.3682519533346683e+32,3.193659246852724e+27,1.701836443355641e+25,1.3308710933700843e+27,1.3682973688217148e+32
iter_0382,1.4032928284708914e+32,3.1452271485803534e+27,1.7066034581251246e+25,1.034782691113361e+27,1.4033347992296343e+32
iter_0383,1.4282087260663216e+32,3.166423510229219e+27,1.6328497851787276e+25,9.965206860588639e+26,1.4282505187932632e+32
iter_0384,1.3628972384827734e+32,3.208290631796601e+27,1.6904281156633635e+25,1.6921504320170296e+27,1.3629464119362231e+32
iter_0385,1.4378921243851453e+32,3.1920362242871e+27,1.7115760389856599e+25,6.923463251539807e+26,1.4379311393682435e+32
iter_0386,1.4678081869925435e+32,3.1792559435839965e+27,1.6968200669405306e+25,7.736831547782478e+26,1.4678478860655337e+32
iter_0387,1.486011259170617e+32,3.209351043500185e+27,1.7150120515295966e+25,8.052838911619407e+26,1.4860515770211688e+32
iter_0388,1.3754746645484335e+32,3.193187917080928e+27,1.7125122037232779e+25,6.539096800255534e+26,1.3755133067756248e+32
iter_0389,1.3539541232479046e+32,3.1662732521005144e+27,1.7017159558801299e+25,9.644605563910719e+26,1.353995600757585e+32
iter_0390,1.3840015182325244e+32,3.17339735454793e+27,1.585070112734749e+25,8.111832912594125e+26,1.3840415225459936e+32
iter_0391,1.4867887450576978e+32,3.2012863129069203e+27,1.6888825122488137e+25,1.1505221713813115e+27,1.4868324320307917e+32
iter_0392,1.4840119220397604e+32,3.175797024489134e+27,1.7144349947645314e+25,8.268388309669325e+26,1.4840521198418145e+32
iter_0393,1.4447794063655274e+32,3.1601127549300176e+27,1.6357226977092509e+25,4.9518565914466494e+26,1.4448161229219378e+32
iter_0394,1.4159862205036726e+32,3.209844498898707e+27,1.700925514881497e+25,5.726248260712585e+26,1.4160242152894738e+32
iter_0395,1.4171868511441157e+32,3.1838261640397747e+27,1.6120159325625237e+25,7.853313068171132e+26,1.4172267039204174e+32
iter_0396,1.4311961938537087e+32,3.1778953009054684e+27,1.641595762858105e+25,7.985124526083496e+26,1.4312361220908204e+32
iter_0397,1.4516082790302284e+32,3.214055877977536e+27,1.6993552111922546e+25,8.923202019338897e+26,1.4516495127265485e+32
iter_0398,1.4012593368918928e+32,3.205375554598246e+27,1.6309604963085096e+25,7.466512994249389e+26,1.4012990202564826e+32
iter_0399,1.4871467090458547e+32,3.181539275539465e+27,1.6972070893644583e+25,4.36510694274631e+26,1.4871830592662618e+32
iter_0400,1.4519484424404105e+32,3.2282896171470116e+27,1.7042076186772658e+25,7.937344322530364e+26,1.4519888331016663e+32
iter_0401,1.4037767487915242e+32,3.194215813079075e+27,1.6191492620305405e+25,1.0015453344957739e+27,1.4038188683179262e+32
iter_0402,1.470031042508918e+32,3.191830404064161e+27,1.715662781045916e+25,8.631845908759323e+26,1.4700717642251457e+32
iter_0403,1.4675682613367506e+32,3.1894366880369057e+27,1.6068469093201772e+25,7.409603193351886e+26,1.4676077259915152e+32
iter_0404,1.4787449040485971e+32,3.177884309197236e+27,1.68933668094011e+25,8.182039120024584e+26,1.4787850338644772e+32
iter_0405,1.3699102486799118e+32,3.2029504807457285e+27,1.6480540184588892e+25,7.680452076550191e+26,1.3699501234421978e+32
iter_0406,1.4838577388398825e+32,3.1764193881872686e+27,1.705229249161864e+25,7.734493777824269e+26,1.4838974080504672e+32
iter_0407,1.4456365661723413e+32,3.164947793446124e+27,1.7136860361199112e+25,5.880638617405343e+26,1.4456742676574968e+32
iter_0408,1.432764802888776e+32,3.1888616634397233e+27,1.7196545435851056e+25,8.066547686046263e+26,1.4328049300185508e+32
iter_0409,1.3850472130385906e+32,3.179870175489477e+27,1.6586124131511818e+25,9.825669554075041e+26,1.3850890032711407e+32
iter_0410,1.4881396461309788e+32,3.1903861423006317e+27,1.723902902168268e+25,8.387529027194972e+26,1.4881801099117192e+32
iter_0411,1.3871522603190568e+32,3.1661412651773993e+27,1.5834613542506427e+25,7.431705525655931e+26,1.3871915117833697e+32
iter_0412,1.4362828928655338e+32,3.1642236371273264e+27,1.6335835055796653e+25,8.416827530051917e+26,1.4363231152877856e+32
iter_0413,1.4094689639696606e+32,3.212731005040126e+27,1.6295110181648613e+25,6.532178543333408e+26,1.4095077864093562e+32
iter_0414,1.3960514808625286e+32,3.1923870437505297e+27,1.7067374519949443e+25,1.6536949228725023e+27,1.39610011235594e+32
iter_0415,1.454329385163149e+32,3.214511042164351e+27,1.6641189725648679e+25,1.0000597742730954e+27,1.4543716972832107e+32
iter_0416,1.4204147780061263e+32,3.177916071693079e+27,1.5798718499203132e+25,9.324833094657488e+26,1.4204560399871228e+32
iter_0417,1.4358007579343946e+32,3.1909580813223005e+27,1.7864076860042717e+25,1.0612970252094229e+27,1.4358434591262286e+32
iter_0418,1.4073021091659332e+32,3.170017480328982e+27,1.6132756716579928e+25,7.222820463062339e+26,1.4073411934887667e+32
iter_0419,1.4668072429854813e+32,3.143950012942056e+27,1.6422543955234536e+25,8.443896414885747e+26,1.4668472906074652e+32
iter_0420,1.4250326110591004e+32,3.2076220649174495e+27,1.590900984462347e+25,1.4175162147110203e+27,1.4250790215319951e+32
iter_0421,1.4242808924790544e+32,3.1681480722351343e+27,1.7377656606799716e+25,1.1714786632593405e+27,1.4243244625229754e+32
iter_0422,1.437156333461439e+32,3.1603454342432686e+27,1.7866527805158362e+25,9.01520532204444e+26,1.4371971307863814e+32
iter_0423,1.4292546804712687e+32,3.1695037007744783e+27,1.6291378832403187e+25,1.3200843278219653e+27,1.429299739265343e+32
iter_0424,1.489309076181237e+32,3.1645055368239175e+27,1.7457932500028375e+25,1.1167640584809572e+27,1.489352063456515e+32
iter_0425,1.4155162736579175e+32,3.1836198469883705e+27,1.732658885570062e+25,9.467173976823818e+26,1.4155577502962527e+32
iter_0426,1.3912019811152313e+32,3.1824259304136145e+27,1.6684783865889816e+25,1.2689409893707233e+27,1.3912466616322677e+32
iter_0427,1.4980936099229097e+32,3.174783740548419e+27,1.6923493124257817e+25,1.2533076285014896e+27,1.4981380600715314e+32
iter_0428,1.513450702663592e+32,3.17270398365786e+27,1.7617936700817556e+25,9.071860723445724e+26,1.5134916777435192e+32
iter_0429,1.3960478259184342e+32,3.206847863427947e+27,1.6716521954711348e+25,1.650062959448438e+27,1.3960965621918824e+32
iter_0430,1.3955422839034637e+32,3.186827198085873e+27,1.7234950334543894e+25,8.707034295075851e+26,1.395583031559243e+32
iter_0431,1.4170489511357712e+32,3.188217801114162e+27,1.6425170934334748e+25,1.0081203409919226e+27,1.4170910787689017e+32
iter_0432,1.4577064832069929e+32,3.204077788603069e+27,1.6835100945037655e+25,1.1427331009202835e+27,1.4577501196668976e+32
iter_0433,1.4654805663528338e+32,3.1797010488735077e+27,1.6225431541620946e+25,1.0144119087783117e+27,1.4655226697367257e+32
iter_0434,1.410497662738054e+32,3.1943310820438054e+27,1.6140742591333206e+25,9.873524953864476e+26,1.4105396409812542e+32
iter_0435,1.4501705690865325e+32,3.169514023357918e+27,1.6320592890705368e+25,8.001297036616087e+26,1.4502104287297316e+32
iter_0436,1.432852490739021e+32,3.158951972979187e+27,1.6777601783496218e+25,6.840569124797924e+26,1.4328910886038933e+32
iter_0437,1.4339144150803432e+32,3.1972081263680277e+27,1.6104556813651614e+25,1.1751393638516537e+27,1.4339582996008137e+32
iter_0438,1.4089638118638787e+32,3.2005146805042527e+27,1.6887762143280776e+25,1.1430109713529288e+27,1.4090074159980186e+32
iter_0439,1.4361827787285847e+32,3.187434329178247e+27,1.6980689185115071e+25,1.1045741895434793e+27,1.4362258686206637e+32
iter_0440,1.4001848562970538e+32,3.188243023537926e+27,1.6779813943027934e+25,8.483365636074464e+26,1.4002253898910646e+32
iter_0441,1.4590198010912968e+32,3.2038916961738787e+27,1.667310701789621e+25,7.362335184688936e+26,1.4590593690745133e+32
iter_0442,1.429518023962439e+32,3.204393770298645e+27,1.6264197215324507e+25,5.208923735581448e+26,1.4295554394658498e+32
iter_0443,1.4477229317932246e+32,3.1582608883097077e+27,1.665515785309579e+25,9.702147267913876e+26,1.4477643831009542e+32
iter_0444,1.4230754547058142e+32,3.1719824190398287e+27,1.6646531000178995e+25,1.1974321242054186e+27,1.4231193153165567e+32
iter_0445,1.4477094744954543e+32,3.1779121577785696e+27,1.6526644836385702e+25,7.700371525217214e+26,1.4477491192550056e+32
iter_0446,1.4269334532501401e+32,3.1985847706211435e+27,1.6936972266968028e+25,8.80452874499877e+26,1.426974412996314e+32
iter_0447,1.420584968169235e+32,3.1478217377320175e+27,1.6717490915292039e+25,5.425498381465607e+26,1.4206220390599028e+32
iter_0448,1.4775920742538037e+32,3.190725801991417e+27,1.6234283133104957e+25,1.2131021620917343e+27,1.4776362748762759e+32
iter_0449,1.4809741737964565e+32,3.183043505789936e+27,1.6543537702113818e+25,8.359958418987839e+26,1.4810145296253104e+32
iter_0450,1.3651989689710363e+32,3.193945827191564e+27,1.6795542315538784e+25,5.8330560865992844e+26,1.365236909440818e+32
iter_0451,1.4501976420211922e+32,3.1528469573676703e+27,1.7515698338047577e+25,6.0609176824281505e+26,1.4502354065654315e+32
iter_0452,1.4415700451200034e+32,3.1586577600044183e+27,1.6809422271218273e+25,9.371568956062283e+26,1.4416111713607821e+32
iter_0453,1.4450923230128224e+32,3.1887691297002827e+27,1.6405064215987802e+25,1.1866428853858107e+27,1.4451362411836154e+32
iter_0454,1.3572819827473101e+32,3.159408759633559e+27,1.666435775552739e+25,7.453660917199262e+26,1.3573211971394012e+32
iter_0455,1.4382334601925319e+32,3.1977698981651426e+27,1.639592272074558e+25,7.669688653847847e+26,1.4382732715393946e+32
iter_0456,1.4441551494488986e+32,3.192705535795151e+27,1.7107106258849308e+25,9.70152476476123e+26,1.4441969491000839e+32
iter_0457,1.4288979345077945e+32,3.177918725317731e+27,1.6761142773896234e+25,8.708842988498183e+26,1.4289385901494638e+32
iter_0458,1.5010502447368775e+32,3.1773872884988745e+27,1.5757686238045716e+25,8.824736735624492e+26,1.5010910009233606e+32
iter_0459,1.4094777670132551e+32,3.160899408306066e+27,1.7519964549173488e+25,1.2176456584390497e+27,1.4095217276635681e+32
iter_0460,1.4357000372267411e+32,3.1813628394340676e+27,1.7036431325091285e+25,1.0762535880859825e+27,1.4357427837553295e+32
iter_0461,1.481746044753765e+32,3.1790510638977144e+27,1.6946748550652806e+25,1.0860950480369644e+27,1.48178886568237e+32
iter_0462,1.3829193934421157e+32,3.19212852596378e+27,1.6683751233914304e+25,7.477890550594516e+26,1.3829589594554382e+32
iter_0463,1.3462778319586458e+32,3.155272651458498e+27,1.6878100156526338e+25,1.1238266591958907e+27,1.3463207917327538e+32
iter_0464,1.4555367709423026e+32,3.211841610630967e+27,1.6841707017547915e+25,8.591311129809524e+26,1.4555776490866088e+32
iter_0465,1.457650459775064e+32,3.144531042813184e+27,1.736849230270782e+25,1.0378785297366017e+27,1.4576924575557125e+32
iter_0466,1.478601167880276e+32,3.160098911763704e+27,1.7313194938327201e+25,1.2240080916942192e+27,1.47864518208226e+32
iter_0467,1.4953458827004891e+32,3.146174878727911e+27,1.6694010202371224e+25,8.065324939826773e+26,1.4953855767143182e+32
iter_0468,1.4405986757873761e+32,3.1759341148950964e+27,1.6874485502221574e+25,9.015280646928072e+26,1.440639619154027e+32
iter_0469,1.453012678876159e+32,3.185204531366058e+27,1.7127370783560441e+25,9.557260549219041e+26,1.4530542594557297e+32
iter_0470,1.4262266751851205e+32,3.183478660228097e+27,1.6904250527411355e+25,5.975836077600332e+26,1.4262646548503056e+32
iter_0471,1.4085549609907192e+32,3.168197975512887e+27,1.7233644631648591e+25,7.024497512941822e+26,1.4085938398044333e+32
iter_0472,1.4113034020720533e+32,3.192747200301987e+27,1.777355706218876e+25,8.473372150636592e+26,1.4113439806517775e+32
iter_0473,1.4361836454908955e+32,3.1655124511948256e+27,1.7418208621533629e+25,9.362069073650579e+26,1.4362248368665673e+32
iter_0474,1.467880899460697e+32,3.155918735720863e+27,1.6783166583240008e+25,9.69956918082778e+26,1.4679223260489007e+32
iter_0475,1.4760238670999376e+32,3.176673484966707e+27,1.6778170462650988e+25,9.567603212533002e+26,1.4760653692197043e+32
iter_0476,1.4465693955284225e+32,3.170015961156571e+27,1.6912409874776598e+25,1.0325271496083299e+27,1.4466115900836287e+32
iter_0477,1.4664983922031469e+32,3.144903872841939e+27,1.7846596960692727e+25,1.1999546177126906e+27,1.466542019254022e+32
iter_0478,1.4097673480659161e+32,3.168562969684957e+27,1.7029481202081031e+25,1.205094644738825e+27,1.4098112549368723e+32
iter_0479,1.4465563676272403e+32,3.1984691583478614e+27,1.7338773257263692e+25,6.937771916973893e+26,1.4465954634784733e+32
iter_0480,1.4675408261629347e+32,3.192185878355716e+27,1.7260664665901033e+25,6.448054502097946e+26,1.467579368682867e+32
iter_0481,1.4579649182007237e+32,3.159725370254866e+27,1.5760841029401238e+25,5.412516533620525e+26,1.4580020855793701e+32
iter_0482,1.4322305834807966e+32,3.1809887865530037e+27,1.5897748023581447e+25,7.825303580325862e+26,1.4322703776497228e+32
iter_0483,1.4065372656185106e+32,3.1940013781963356e+27,1.6901110797070931e+25,1.0620781122243763e+27,1.4065799954245227e+32
iter_0484,1.4367218086760333e+32,3.187453667004926e+27,1.7135406725640825e+25,4.9385218238956315e+26,1.4367587930885946e+32
iter_0485,1.3783312929723752e+32,3.165072433977293e+27,1.7225110474804493e+25,8.163657596231953e+26,1.378371279605416e+32
iter_0486,1.4318736028480211e+32,3.195656480823544e+27,1.6996515427859155e+25,1.02494020394585e+27,1.431915978780023e+32
iter_0487,1.4463654303956921e+32,3.187506065616971e+27,1.660855614362638e+25,1.2103302006198497e+27,1.4464095748439159e+32
iter_0488,1.3969668833439234e+32,3.2033392030472717e+27,1.6897387809776269e+25,1.1544248043812282e+27,1.3970106299578756e+32
iter_0489,1.4118393246917029e+32,3.1884033113299365e+27,1.6620962917948653e+25,1.0856066748696491e+27,1.4118822310011939e+32
iter_0490,1.460026852860497e+32,3.178972347081828e+27,1.67145132440853e+25,9.170506552508684e+26,1.4600679802356527e+32
iter_0491,1.430699595517602e+32,3.1759647355463863e+27,1.7194173600197918e+25,8.374215461934009e+26,1.4307399013221554e+32
iter_0492,1.4615881614561883e+32,3.186190849830805e+27,1.6451557727002955e+25,9.45964705821886e+26,1.4616296475273221e+32
iter_0493,1.4179463410961057e+32,3.17914501810831e+27,1.7285168311138886e+25,6.704625998134825e+26,1.417985010023968e+32
iter_0494,1.432179658740521e+32,3.172571920225779e+27,1.6945784069905461e+25,1.0795227484316036e+27,1.4322223491450484e+32
iter_0495,1.3642949298639745e+32,3.1826926344263203e+27,1.600169025761338e+25,8.84690741574087e+26,1.364335763714637e+32
iter_0496,1.3513329120873243e+32,3.1981504162094703e+27,1.6797319954098482e+25,1.2794192344208375e+27,1.3513778557570302e+32
iter_0497,1.486543190927454e+32,3.203276674787881e+27,1.6512471342028298e+25,6.995382086660564e+26,1.486582384201002e+32
iter_0498,1.4137743669413103e+32,3.201549884253353e+27,1.6714640702183609e+25,8.968120729587353e+26,1.4138155177072894e+32
iter_0499,1.3914090299878365e+32,3.155336950120882e+27,1.6372188614488818e+25,6.237197412781842e+26,1.3914469842766367e+32
iter_0500,1.4707061750973952e+32,3.1907789208547004e+27,1.7409735747196521e+25,7.906863582622427e+26,1.4707461638475439e+32
iter_0501,1.4236564495921555e+32,3.153940493934122e+27,1.5554969158815866e+25,1.0293005832006891e+27,1.4236984375526183e+32
iter_0502,1.3950428902953713e+32,3.173630635395391e+27,1.7373345072414168e+25,1.1681398362892548e+27,1.3950864817335391e+32
iter_0503,1.4340150983118985e+32,3.2034983109939303e+27,1.6160662741743424e+25,1.1204461021297055e+27,1.4340584993626572e+32
iter_0504,1.4219464921070166e+32,3.186163897692176e+27,1.7206715862843642e+25,1.1223474082003623e+27,1.421989749287234e+32
iter_0505,1.4665463667164375e+32,3.190775031094019e+27,1.6845065955262212e+25,6.894670510518471e+26,1.4665853375879185e+32
iter_0506,1.4068080065155391e+32,3.183825899368733e+27,1.6483732125561158e+25,1.8289736637139138e+27,1.4068582993484912e+32
iter_0507,1.4055077678314385e+32,3.1853828991342805e+27,1.7501164599660058e+25,6.588131712152395e+26,1.405546384803788e+32
iter_0508,1.4531691986576158e+32,3.1748577010848586e+27,1.7561244518580368e+25,1.3391476920717094e+27,1.4532145143239927e+32
iter_0509,1.4574454176778586e+32,3.2061786444234484e+27,1.7714265175571392e+25,8.842674943223728e+26,1.4574864992818978e+32
iter_0510,1.451963258094926e+32,3.1971917323148585e+27,1.6320563618498711e+25,6.755372476859584e+26,1.4520021485903623e+32
iter_0511,1.4010275968978896e+32,3.1655870057405485e+27,1.6231235583533713e+25,9.671972131617664e+26,1.4010690870524343e+32
iter_0512,1.4613411217191706e+32,3.171475095167797e+27,1.7121851100500187e+25,1.1576418660296119e+27,1.4613845841072936e+32
iter_0513,1.3986300142196243e+32,3.1691430482882944e+27,1.6420870705915582e+25,8.844411701093161e+26,1.3986707142705153e+32
iter_0514,1.4338581418574236e+32,3.173392402443503e+27,1.6712743083804669e+25,7.99490782068124e+26,1.4338980378166995e+32
iter_0515,1.46238321331607e+32,3.17213076245144e+27,1.6254513227036767e+25,7.738441883380808e+26,1.4624228356107102e+32
iter_0516,1.4276587091945193e+32,3.1898764672422323e+27,1.616284253547504e+25,1.0890611019689052e+27,1.4277016601986366e+32
iter_0517,1.4069545872935274e+32,3.1813524109245634e+27,1.7278043523048298e+25,7.890806983008105e+26,1.4069944644050549e+32
iter_0518,1.4531145129828485e+32,3.2062130111627406e+27,1.6653779943683047e+25,1.1899751407042395e+27,1.4531586414021666e+32
iter_0519,1.474101593010541e+32,3.185623156091952e+27,1.671656794527897e+25,1.6152056616578426e+27,1.474149768464398e+32
iter_0520,1.4389292500625362e+32,3.1912675015917044e+27,1.675894358540446e+25,1.0092383050603116e+27,1.4389714227100387e+32
iter_0521,1.4388734190776956e+32,3.14212336724813e+27,1.7501586188126334e+25,1.381192760164116e+27,1.4389188272548317e+32
iter_0522,1.3609966138376308e+32,3.1859004810542685e+27,1.7931352527978526e+25,8.856234827030228e+26,1.3610375083907937e+32
iter_0523,1.4126888955661032e+32,3.1758139810875503e+27,1.668965337327851e+25,1.6867008642943419e+27,1.4127376876110906e+32
iter_0524,1.413735424019031e+32,3.179874630779396e+27,1.6479170456136282e+25,5.413969013289236e+26,1.4137728015260567e+32
iter_0525,1.369256534966494e+32,3.176461680320948e+27,1.5931644150901012e+25,1.150491325257808e+27,1.3692999638129915e+32
iter_0526,1.3773673914460504e+32,3.1539095811992325e+27,1.6550466965608549e+25,1.239512292607566e+27,1.3774114911694582e+32
iter_0527,1.3886247802913977e+32,3.147666557510608e+27,1.646064020098263e+25,1.1421777109075175e+27,1.388667843340484e+32
iter_0528,1.4699382407870465e+32,3.1674562048961813e+27,1.602139777261959e+25,1.1798495570226524e+27,1.4699818740586434e+32
iter_0529,1.42635407988845e+32,3.181663888882171e+27,1.7085815276003231e+25,6.896253751793805e+26,1.4263929636392435e+32
iter_0530,1.4206646468020728e+32,3.1695658942775e+27,1.7331581645959643e+25,9.007789587344758e+26,1.4207055235664194e+32
iter_0531,1.4299134690296394e+32,3.180169236606312e+27,1.717472246388444e+25,3.752968520210331e+26,1.4299491954377503e+32
iter_0532,1.4264806515210487e+32,3.1929525289362e+27,1.7533094389559028e+25,8.02869513936751e+26,1.4265207850724213e+32
iter_0533,1.4347122567120709e+32,3.1770169883744626e+27,1.6892146203421938e+25,1.0761597978391462e+27,1.4347549574013952e+32
iter_0534,1.3835587412999271e+32,3.1902669949809857e+27,1.631255950355239e+25,9.490009454409688e+26,1.3836002971049264e+32
iter_0535,1.4649728974724873e+32,3.196739416716496e+27,1.6622340547902556e+25,9.551729145530084e+26,1.4650145828192055e+32
iter_0536,1.3989273474940605e+32,3.1543842663514164e+27,1.7190673238735384e+25,6.118988297706729e+26,1.3989651822317542e+32
iter_0537,1.4786517488072351e+32,3.169122661506518e+27,1.7372171660874168e+25,6.80586416633849e+26,1.4786904196197331e+32
iter_0538,1.5016603585291944e+32,3.163055944656672e+27,1.63189477598743e+25,1.262296750691633e+27,1.5017047752456255e+32
iter_0539,1.4302857468581757e+32,3.1664812987027334e+27,1.697587237455337e+25,9.084915293493451e+26,1.43032666634518e+32
iter_0540,1.4083293375935791e+32,3.1762555322115493e+27,1.7552915463916303e+25,1.0950082788802252e+27,1.4083722257608447e+32
iter_0541,1.4738196725799994e+32,3.190885555137966e+27,1.639334044958968e+25,7.634588566984467e+26,1.4738593799575223e+32
iter_0542,1.4608216891747165e+32,3.1813294007254295e+27,1.703783382641741e+25,9.786586765287598e+26,1.4608634594338273e+32
iter_0543,1.3839647954365769e+32,3.1916016311608043e+27,1.6942997314552095e+25,8.145328125212066e+26,1.3840050262109868e+32
iter_0544,1.4530107193844687e+32,3.186355206532096e+27,1.6772737336539561e+25,1.1698984509134109e+27,1.4530544496484165e+32
iter_0545,1.4665311634052573e+32,3.179488823182734e+27,1.600906640475125e+25,7.271647061374149e+26,1.4665703900312144e+32
iter_0546,1.4085089854645726e+32,3.2017613347229455e+27,1.697540610499686e+25,8.607742263535485e+26,1.4085497805742444e+32
iter_0547,1.4245554728087594e+32,3.1936360285881693e+27,1.6447117404503072e+25,1.1379671797078628e+27,1.4245989533120166e+32
iter_0548,1.3754962202879752e+32,3.183957446645178e+27,1.6797071430479667e+25,9.217584749491503e+26,1.3755374454179055e+32
iter_0549,1.4597226193157256e+32,3.182106773935855e+27,1.739921739453532e+25,9.075864119825608e+26,1.4597636902397587e+32
iter_0550,1.4782747500967572e+32,3.1901730760209137e+27,1.6392910148134721e+25,6.508543974325054e+26,1.4783133243005931e+32
iter_0551,1.4199812738134379e+32,3.1746161601071555e+27,1.7474837375855173e+25,9.3885953666159e+26,1.4200225833187794e+32
iter_0552,1.4846469076980948e+32,3.19108066823216e+27,1.6564321015793658e+25,1.273753776399821e+27,1.4846917216857512e+32
iter_0553,1.4089207944651945e+32,3.195662045173985e+27,1.6491131571486937e+25,1.0152050981807175e+27,1.408963068047944e+32
iter_0554,1.422597809024927e+32,3.199017022043198e+27,1.6996445905815055e+25,1.4324721980627887e+27,1.422644293881587e+32
iter_0555,1.432175994329568e+32,3.191410571742253e+27,1.668261811263918e+25,1.013678121329618e+27,1.4322182120426798e+32
iter_0556,1.44232193602037e+32,3.183883256385485e+27,1.7729116178756137e+25,8.722181951640661e+26,1.442362674326047e+32
iter_0557,1.4329113988696236e+32,3.166348412873042e+27,1.719829775573834e+25,8.076425871319143e+26,1.4329513107626013e+32
iter_0558,1.4408795633798894e+32,3.1459403047302476e+27,1.7053108314682202e+25,1.278463576166924e+27,1.4409239779497815e+32
iter_0559,1.4572900265107415e+32,3.1598991153182626e+27,1.6709552315037318e+25,7.919167605268045e+26,1.4573297117650232e+32
iter_0560,1.4001023771153415e+32,3.161686492089008e+27,1.712751805888384e+25,1.5110935142023152e+27,1.4001492761905849e+32
iter_0561,1.390681122022059e+32,3.1820185739729895e+27,1.6138344545183196e+25,8.771996540339259e+26,1.3907218755877845e+32
iter_0562,1.3700808493767985e+32,3.182223211703876e+27,1.6520765449688894e+25,1.2785577540868854e+27,1.370125622394111e+32
iter_0563,1.3960222031180818e+32,3.1731974300214605e+27,1.5784066330661157e+25,1.0951391460902032e+27,1.3960650443245063e+32
iter_0564,1.4297284591829231e+32,3.1692658164422323e+27,1.6393983134795442e+25,9.083576992269904e+26,1.4297693993579113e+32
iter_0565,1.4889897353114625e+32,3.182351422668442e+27,1.6658897666490354e+25,1.0277785504464634e+27,1.4890320032001704e+32
iter_0566,1.4636917705675979e+32,3.186174091147031e+27,1.592553413184746e+25,9.010165493435507e+26,1.4637328017293441e+32
iter_0567,1.4498925810144418e+32,3.1699880311478673e+27,1.6001483393016137e+25,1.2330749425775326e+27,1.449936771659013e+32
iter_0568,1.4639595944221096e+32,3.1534979685427e+27,1.6501072922897084e+25,1.005783472849845e+27,1.4640013522472528e+32
iter_0569,1.4648142653545212e+32,3.165236330213414e+27,1.6707053468702406e+25,9.099051795877375e+26,1.4648551838401539e+32
iter_0570,1.3870338335204258e+32,3.16593889882401e+27,1.617963422989614e+25,9.683650494485485e+26,1.387075338356251e+32
iter_0571,1.4577586588261398e+32,3.1869641417833636e+27,1.7392613792428283e+25,6.913171541330404e+26,1.457797615565237e+32
iter_0572,1.4538019644774308e+32,3.1656229031030464e+27,1.6864667269608744e+25,9.747113508577745e+26,1.453843536466643e+32
iter_0573,1.4002100362593667e+32,3.207346210934293e+27,1.6636472693336748e+25,1.572089292404709e+27,1.4002579969791271e+32
iter_0574,1.4539693249983336e+32,3.188808145237263e+27,1.7487648283858454e+25,9.256582425034195e+26,1.454010644538694e+32
iter_0575,1.393497979741688e+32,3.1633158454321273e+27,1.6383845688288787e+25,8.819439472933831e+26,1.3935385961780723e+32
iter_0576,1.5109790111601004e+32,3.196396817959756e+27,1.6421077534014995e+25,8.533190325148607e+26,1.5110196725293803e+32
iter_0577,1.4222846111876093e+32,3.163354343364425e+27,1.7554540158040726e+25,1.4663672079241126e+27,1.422331083948524e+32
iter_0578,1.4617100665359547e+32,3.1912296077921586e+27,1.680575335089868e+25,9.289868095172115e+26,1.4617514367576613e+32
iter_0579,1.3766999402134093e+32,3.190862628038089e+27,1.7386583540838609e+25,1.0409118581465054e+27,1.3767424318241064e+32
iter_0580,1.4088338118039641e+32,3.207842390201039e+27,1.7704931129035413e+25,1.1230384649228063e+27,1.4088772976618265e+32
iter_0581,1.4052623721096327e+32,3.152873773622039e+27,1.6166157393059464e+25,1.3539576288944524e+27,1.4053076020852318e+32
iter_0582,1.4321151601223596e+32,3.1855141360062725e+27,1.703664446595482e+25,1.1566270073312065e+27,1.4321587519002375e+32
iter_0583,1.4580932311321163e+32,3.1991831195170537e+27,1.6504313960816353e+25,7.525184664000982e+26,1.458132913191115e+32
iter_0584,1.457200996692751e+32,3.1762364027767856e+27,1.7764439152642188e+25,1.1364926064967502e+27,1.4572443016272352e+32
iter_0585,1.4083125736139264e+32,3.1768553753569624e+27,1.6926752576457497e+25,1.426388887470185e+27,1.4083587753240804e+32
iter_0586,1.4271587605357132e+32,3.1885009319946754e+27,1.6948673409019762e+25,1.1743341800292659e+27,1.4272025583735676e+32
iter_0587,1.4470909776663389e+32,3.208937552009958e+27,1.7354398455517674e+25,1.0485627918366307e+27,1.4471337262137618e+32
iter_0588,1.4514732980960013e+32,3.199869697270023e+27,1.7058638337023119e+25,1.0050344109576029e+27,1.4515155177234669e+32
iter_0589,1.460918314483525e+32,3.1594119645743937e+27,1.644032819385431e+25,8.290594455425419e+26,1.4609583636009081e+32
iter_0590,1.431611793305456e+32,3.187813754096788e+27,1.629371478210688e+25,1.011466143227674e+27,1.431653949041577e+32
iter_0591,1.4690412864940254e+32,3.167555601201341e+27,1.66434061629712e+25,8.066177949228054e+26,1.4690811946620484e+32
iter_0592,1.4201667368923913e+32,3.18982942421602e+27,1.6761902339140749e+25,5.197304474692188e+26,1.4202040001101317e+32
iter_0593,1.4392400298010765e+32,3.167000857429138e+27,1.618897784080799e+25,9.547994890381797e+26,1.4392814096943196e+32
iter_0594,1.4174967391839875e+32,3.216191485817634e+27,1.7095249260822755e+25,8.761374219504988e+26,1.4175378334255577e+32
iter_0595,1.4622216141326619e+32,3.178273011225199e+27,1.6406106986402966e+25,6.798925872185616e+26,1.462260359849716e+32
iter_0596,1.3916421791908758e+32,3.186618745410912e+27,1.6488398591055985e+25,1.2282068651843778e+27,1.3916864923309678e+32
iter_0597,1.4243114175264868e+32,3.1766133050427645e+27,1.717591393926387e+25,1.0768174552934741e+27,1.4243541235932294e+32
iter_0598,1.413534836188678e+32,3.1638568968812724e+27,1.6550487401946334e+25,8.25215288441436e+26,1.4135748924154052e+32
iter_0599,1.436135344780774e+32,3.2020501365107965e+27,1.764051225382175e+25,9.81388697539906e+26,1.4361773555742372e+32
iter_0600,1.4392995629153417e+32,3.171214893094411e+27,1.6715493558218808e+25,1.0258753832524882e+27,1.4393417009730406e+32
iter_0601,1.3382183391231725e+32,3.153282511724954e+27,1.7030954771711436e+25,1.1169397269224872e+27,1.3382612116551066e+32
iter_0602,1.3640317299900214e+32,3.183540284121102e+27,1.7026681998210393e+25,1.1014774880468566e+27,1.3640747504345631e+32
iter_0603,1.4628598254017661e+32,3.192666008948041e+27,1.6409702946359862e+25,1.1868194868943241e+27,1.462903784353754e+32
iter_0604,1.4459864500090608e+32,3.183997237700562e+27,1.6655435824281398e+25,1.1071258906218803e+27,1.4460295277947022e+32
iter_0605,1.3758244680060953e+32,3.191040962585769e+27,1.7091078038201222e+25,8.989557259739473e+26,1.3758655388837613e+32
iter_0606,1.4089437346608566e+32,3.164106767422679e+27,1.6438641247940628e+25,7.152400921152556e+26,1.4089826925158643e+32
iter_0607,1.3961630530309688e+32,3.1988902272003643e+27,1.7207810449085825e+25,1.2882062940913935e+27,1.396208096074286e+32
iter_0608,1.4019330101990333e+32,3.1823551264686553e+27,1.6423507632942079e+25,1.6117090263911877e+27,1.4019811150756383e+32
iter_0609,1.419390127697345e+32,3.175006981038378e+27,1.6424103092018628e+25,9.136337856506221e+26,1.419431178346043e+32
iter_0610,1.4291022650274343e+32,3.1674405979408337e+27,1.6662631511435715e+25,8.144464389717032e+26,1.4291422505241186e+32
iter_0611,1.3297080565310106e+32,3.2035290978378355e+27,1.657781932750469e+25,7.330902194015078e+26,1.3297475885023763e+32
iter_0612,1.4206481066643373e+32,3.2152957565349494e+27,1.6750380388338252e+25,1.0833652889174937e+27,1.4206912607785957e+32
iter_0613,1.4291504914251642e+32,3.2033687795941664e+27,1.749084680263239e+25,1.0994801718823379e+27,1.429193694823147e+32
iter_0614,1.4736943480700166e+32,3.1691202827159764e+27,1.69087186228997e+25,1.4621729953878027e+27,1.4737408300899839e+32
iter_0615,1.4409385946438414e+32,3.1923285543806913e+27,1.6265521239493958e+25,8.89309448389785e+26,1.4409795736790814e+32
iter_0616,1.39123088217636e+32,3.1757949388921854e+27,1.6160118317688443e+25,1.1359462396379027e+27,1.3912741611893284e+32
iter_0617,1.3707883479032426e+32,3.1888342848308997e+27,1.7800948063095444e+25,1.045404639630192e+27,1.3708308683019679e+32
iter_0618,1.4412896132715183e+32,3.143120078644073e+27,1.7068059799935278e+25,1.0458392464767265e+27,1.4413316735453677e+32
iter_0619,1.4624784208081327e+32,3.202099056632258e+27,1.7179841555449786e+25,1.4128015120855958e+27,1.4625247416122355e+32
iter_0620,1.4689010686997618e+32,3.1839693886412244e+27,1.6588305595090625e+25,7.89748169532529e+26,1.4689409717583997e+32
iter_0621,1.4111929340017098e+32,3.173087896040903e+27,1.7132446542118176e+25,1.135765751405386e+27,1.4112361938626498e+32
iter_0622,1.4350711020063802e+32,3.207194993145944e+27,1.7293764082312846e+25,9.861601136956561e+26,1.4351132084950895e+32
iter_0623,1.3483165812574352e+32,3.194495446535197e+27,1.622898254928301e+25,8.759937923314937e+26,1.3483574484396495e+32
iter_0624,1.4351663328124265e+32,3.159706676943454e+27,1.6819337517934757e+25,1.2310004143644296e+27,1.4352104080767149e+32
iter_0625,1.4172198900900215e+32,3.1757510149354255e+27,1.6858796491907987e+25,5.0151632038701984e+26,1.4172568313513397e+32
iter_0626,1.3955343517212347e+32,3.173951973166967e+27,1.6521329485184385e+25,1.0761934794971562e+27,1.3955770183890561e+32
iter_0627,1.4363123200353402e+32,3.196607877217353e+27,1.7171721765877656e+25,1.1256049313909959e+27,1.4363557138806439e+32
iter_0628,1.489081198828968e+32,3.159783242347249e+27,1.67881387219886e+25,6.352802129961791e+26,1.4891193173449086e+32
iter_0629,1.3832561335633475e+32,3.198720252717583e+27,1.6299092142083485e+25,4.8097243801444686e+26,1.3832930934811763e+32
iter_0630,1.4491772012991941e+32,3.157793667109081e+27,1.7153508029467165e+25,1.1226300647564306e+27,1.4492201770715929e+32
iter_0631,1.383889982050853e+32,3.15458893036315e+27,1.6974899827982473e+25,7.440861118207943e+26,1.383929138550273e+32
iter_0632,1.4153166375281617e+32,3.184709619012094e+27,1.7091852359382845e+25,1.4660291072241417e+27,1.4153633158339478e+32
iter_0633,1.4080320008506321e+32,3.1918959450741643e+27,1.6138839122641352e+25,9.472889951756472e+26,1.4080735540884258e+32
iter_0634,1.4419998641468195e+32,3.1827815032109536e+27,1.7786309132950716e+25,6.722748459311943e+26,1.4420385925734022e+32
iter_0635,1.4784185959127586e+32,3.171737453462247e+27,1.757779827087235e+25,1.2125860124033503e+27,1.4784626149254e+32
iter_0636,1.3848450414702607e+32,3.1915019888403077e+27,1.6538080687693708e+25,1.0817300700074902e+27,1.384887939171656e+32
iter_0637,1.4727994234041338e+32,3.158591586819581e+27,1.6850946931178258e+25,1.4607164378350424e+27,1.4728457849938497e+32
iter_0638,1.4309696640285682e+32,3.1741242907493973e+27,1.6560195186441882e+25,7.443685954779462e+26,1.4310090145593822e+32
iter_0639,1.4749615870216744e+32,3.2072049692617623e+27,1.6519084760259925e+25,6.984175020796914e+26,1.4750008084372354e+32
iter_0640,1.4712131923800848e+32,3.184657345240376e+27,1.7604163215401612e+25,7.510642221750644e+26,1.4712527256373912e+32
iter_0641,1.4459014093044074e+32,3.146164334854595e+27,1.6526782945731443e+25,8.784112966058331e+26,1.4459418203285514e+32
iter_0642,1.3795020154311173e+32,3.15665554961018e+27,1.6585919254238142e+25,9.487941350887296e+26,1.3795432357871567e+32
iter_0643,1.4385738920916819e+32,3.184634103701716e+27,1.7305890094160473e+25,7.850149207757778e+26,1.4386137616408276e+32
iter_0644,1.4169255813025995e+32,3.1779303284141646e+27,1.7151670673332135e+25,1.2381456594273714e+27,1.4169699135791848e+32
iter_0645,1.4311856530036575e+32,3.169961209198419e+27,1.7176960656703236e+25,5.9374705560148456e+26,1.4312234618559122e+32
iter_0646,1.4622118509821673e+32,3.201488561578219e+27,1.799660124012929e+25,1.3000020703387234e+27,1.462257045854499e+32
iter_0647,1.4373867610131918e+32,3.180011458756688e+27,1.7162506550675438e+25,1.0191440101295492e+27,1.4374289241929462e+32
iter_0648,1.429525209243705e+32,3.150266010598942e+27,1.6287961221824978e+25,6.412169969679852e+26,1.429563286953393e+32
iter_0649,1.491814964259834e+32,3.194104708930461e+27,1.6740240033406704e+25,1.1345567826137788e+27,1.4918584182771498e+32
iter_0650,1.3795019121526562e+32,3.190273956602041e+27,1.6671116706109466e+25,8.221399540602254e+26,1.37954220300293e+32
iter_0651,1.414306149317307e+32,3.175167935457295e+27,1.7555716026631918e+25,5.165400826318083e+26,1.414343241954648e+32
iter_0652,1.4258369769455823e+32,3.1838295806531865e+27,1.6893226886773976e+25,9.566712976047095e+26,1.4258785508866337e+32
iter_0653,1.457758368216399e+32,3.170370991880323e+27,1.6172934276048522e+25,1.0026531073982354e+27,1.4578002601867344e+32
iter_0654,1.4235204719219367e+32,3.1823119705564664e+27,1.7545046319653879e+25,5.318118348660867e+26,1.4235577886104543e+32
iter_0655,1.3724807859733882e+32,3.1711573685400333e+27,1.7447718163856894e+25,1.0554245305711793e+27,1.372523226269561e+32
iter_0656,1.4991099812044842e+32,3.1684865107858636e+27,1.7254358830547622e+25,8.204941812807005e+26,1.499150043554993e+32
iter_0657,1.4529715020411435e+32,3.165050762277578e+27,1.7160618904930218e+25,1.0188471341234283e+27,1.4530135126262965e+32
iter_0658,1.4506413231090074e+32,3.1464721919608103e+27,1.7070009590295162e+25,1.0826290609158225e+27,1.4506837848216321e+32
iter_0659,1.4401101169723019e+32,3.184476988075874e+27,1.5970838739509333e+25,9.394704011333325e+26,1.4401515161545816e+32
iter_0660,1.4591867478190775e+32,3.175014648359179e+27,1.8144982362978803e+25,1.8037862003828722e+27,1.4592367172773886e+32
iter_0661,1.4122171047297486e+32,3.199862100409506e+27,1.7300452309464995e+25,1.0731549423740724e+27,1.4122600079046997e+32
iter_0662,1.3996920180625245e+32,3.182934764269427e+27,1.671210595170059e+25,1.0410901453984381e+27,1.3997344254326809e+32
iter_0663,1.407061688157439e+32,3.180662485720878e+27,1.6113346810516923e+25,1.1178517062814579e+27,1.4071048344328273e+32
iter_0664,1.4177795327915965e+32,3.149743755546988e+27,1.6336287535332408e+25,1.1012130107355575e+27,1.4178222057221348e+32
iter_0665,1.4066933023593078e+32,3.20734672299433e+27,1.7112444327625835e+25,9.437409649901524e+26,1.406734984360631e+32
iter_0666,1.3550837966453703e+32,3.1864461893851955e+27,1.7348832149849722e+25,1.5405814658388835e+27,1.355131240410244e+32
iter_0667,1.4375755558167176e+32,3.198447253898706e+27,1.7228677357993948e+25,6.548805246237693e+26,1.4376142613812763e+32
iter_0668,1.4917542912732507e+32,3.192606743655371e+27,1.6705255422117817e+25,1.0798756731063268e+27,1.4917971831499726e+32
iter_0669,1.3582873861172853e+32,3.196672339503738e+27,1.6998243954508911e+25,1.0392122806991695e+27,1.3583299149459269e+32
iter_0670,1.4516762626554301e+32,3.1803870902693264e+27,1.7229357123862696e+25,9.81842981717887e+26,1.4517180572497212e+32
iter_0671,1.4022707951645404e+32,3.187599176739921e+27,1.5786352471885267e+25,8.112569475739694e+26,1.4023109415893082e+32
iter_0672,1.3970191686169761e+32,3.175415720564958e+27,1.6822076391313055e+25,9.231997297488584e+26,1.3970603229922432e+32
iter_0673,1.4117498478309012e+32,3.16981574864917e+27,1.6504094916217328e+25,9.491694240321095e+26,1.4117912027235772e+32
iter_0674,1.425904560885935e+32,3.204065263967125e+27,1.6252096100956836e+25,9.974433579764519e+26,1.4259467384931153e+32
iter_0675,1.4644079412866795e+32,3.159031537185419e+27,1.7137913416314011e+25,7.73592077762682e+26,1.4644474389019631e+32
iter_0676,1.4474567594099513e+32,3.192133355145205e+27,1.6813387451437849e+25,1.2242979510969126e+27,1.4475010918568882e+32
iter_0677,1.3944101915156764e+32,3.2014365834896516e+27,1.5923093984097065e+25,9.644713507696715e+26,1.3944520098259587e+32
iter_0678,1.4891235187508177e+32,3.181088629585623e+27,1.6613311499553423e+25,9.568275924949264e+26,1.4891650640461534e+32
iter_0679,1.4258910784830964e+32,3.205002424859326e+27,1.67026118297163e+25,8.07503924857277e+26,1.425931370572712e+32
iter_0680,1.409288003026215e+32,3.1952072247497373e+27,1.6827857670330808e+25,1.0218390341416916e+27,1.4093303417673805e+32
iter_0681,1.4162399335373949e+32,3.163574822988654e+27,1.5750147974306067e+25,7.845596790067889e+26,1.4162795723838944e+32
iter_0682,1.3830707830028685e+32,3.2103697630768275e+27,1.6600761327613272e+25,1.1156560371747672e+27,1.3831142092684843e+32
iter_0683,1.4309802050701962e+32,3.169449190220987e+27,1.7191212364195324e+25,6.588130292065574e+26,1.431018659604514e+32
iter_0684,1.4324724143546233e+32,3.1504610903410785e+27,1.6337811254374635e+25,1.0321260217605995e+27,1.4325144036038569e+32
iter_0685,1.3929183125104255e+32,3.179613500685814e+27,1.7277659626889911e+25,1.245162561602246e+27,1.3929627330476447e+32
iter_0686,1.3657924593424851e+32,3.1771695346994055e+27,1.6049641967177622e+25,1.0876916505989807e+27,1.3658352684507576e+32
iter_0687,1.4622526151623386e+32,3.1916306418731367e+27,1.699997002146555e+25,9.829044750107232e+26,1.4622945305132076e+32
iter_0688,1.3771930317208537e+32,3.17416576524524e+27,1.7038100774977437e+25,8.472948928168572e+26,1.3772334167084423e+32
iter_0689,1.4813463891460765e+32,3.189776639507468e+27,1.7191624363940914e+25,9.223358316924717e+26,1.4813876821870322e+32
iter_0690,1.4499252833024748e+32,3.2127368594282024e+27,1.7080064414482707e+25,7.126348510956466e+26,1.4499647078202243e+32
iter_0691,1.4025363813502346e+32,3.1530707544931183e+27,1.6646076191328572e+25,8.365140705238936e+26,1.4025764436592468e+32
iter_0692,1.4448950497680871e+32,3.1765501296354993e+27,1.6308581584769934e+25,1.6589214102529725e+27,1.4449435675693019e+32
iter_0693,1.3342583703518378e+32,3.188728378167463e+27,1.657187226818497e+25,9.569262405293484e+26,1.3342999926167475e+32
iter_0694,1.429948498021538e+32,3.1830543524020976e+27,1.7825730732396438e+25,5.09799693746646e+26,1.4299856048193068e+32
iter_0695,1.4067916851436133e+32,3.215058020506745e+27,1.6873397226817383e+25,1.0177260329511268e+27,1.4068341817181201e+32
iter_0696,1.4654666085912008e+32,3.160071039820743e+27,1.6913713209897074e+25,7.005946986893186e+26,1.4655053843857181e+32
iter_0697,1.5037705510974373e+32,3.17511537984528e+27,1.7106831018615813e+25,1.308200559405091e+27,1.50381555532514e+32
iter_0698,1.4066336771393762e+32,3.174770180245595e+27,1.6784570870472586e+25,9.156276869683697e+26,1.4066747489637571e+32
iter_0699,1.4002478386080643e+32,3.1871510167834584e+27,1.7018468646366521e+25,7.73746724003187e+26,1.4002876177701588e+32
iter_0700,1.340825378614755e+32,3.1614088497015183e+27,1.7551590528933848e+25,8.322618824735476e+26,1.340865490837982e+32
iter_0701,1.3789078557218543e+32,3.1509291497773475e+27,1.6400910642349852e+25,9.633794914352258e+26,1.3789491628173727e+32
iter_0702,1.4432174448651618e+32,3.1869872197104506e+27,1.7425038491423324e+25,5.3528674329108084e+26,1.4432548418551767e+32
iter_0703,1.375734741843206e+32,3.1648964696938296e+27,1.7031141227752738e+25,1.1303107917244447e+27,1.3757778642272323e+32
iter_0704,1.4721599489049034e+32,3.1631372397255703e+27,1.6528839252818262e+25,1.2027093138592573e+27,1.4722037726588318e+32
iter_0705,1.4290044972045837e+32,3.1992824109142064e+27,1.6991654324442785e+25,9.630529983757252e+26,1.42904629047522e+32
iter_0706,1.4850170458602699e+32,3.1941707500373246e+27,1.6828421993519006e+25,1.1026134105958552e+27,1.485060181986096e+32
iter_0707,1.3976283820266668e+32,3.208466314323317e+27,1.6576588402592806e+25,6.832053214763118e+26,1.3976674645089088e+32
iter_0708,1.416274938837417e+32,3.1735574208408773e+27,1.6544951997439271e+25,9.839516649525341e+26,1.4163166793777946e+32
iter_0709,1.4634339560257072e+32,3.1881113172840473e+27,1.7303666246991895e+25,6.305440961849054e+26,1.4634723156165044e+32
iter_0710,1.3838322460537967e+32,3.183178815199482e+27,1.7404816958687469e+25,6.032623070484491e+26,1.3838702845131888e+32
iter_0711,1.4251460859010087e+32,3.2001438968795503e+27,1.6791997192675781e+25,4.0060585576744696e+26,1.4251822613185071e+32
iter_0712,1.47336328322067e+32,3.178488737672683e+27,1.7931549469482908e+25,9.045375869610172e+26,1.473404292799411e+32
iter_0713,1.4228214897973799e+32,3.2029579892534644e+27,1.6997865526118416e+25,8.221883182009914e+26,1.4228619112391097e+32
iter_0714,1.4396837723617476e+32,3.1751999511391445e+27,1.7225425611342934e+25,1.0711352689457604e+27,1.4397264079682046e+32
iter_0715,1.4194044418008366e+32,3.17421262411341e+27,1.620410881647297e+25,1.108584551143044e+27,1.4194474318136772e+32
iter_0716,1.4045131185510615e+32,3.1568096802277457e+27,1.6838441137987102e+25,1.5329715294183886e+27,1.4045601847475694e+32
iter_0717,1.4680505795942915e+32,3.1644624319698484e+27,1.779296356796615e+25,1.291738685963195e+27,1.4680953195351065e+32
iter_0718,1.4105746767679833e+32,3.186635854601953e+27,1.6807540211467201e+25,1.4349703092632383e+27,1.4106210609050243e+32
iter_0719,1.4205398253854972e+32,3.2039195095324356e+27,1.7085612724024822e+25,1.2867589336845778e+27,1.4205849030260566e+32
iter_0720,1.4131067019606885e+32,3.1904212265917626e+27,1.7088735243246264e+25,5.17000990633148e+26,1.4131439470702132e+32
iter_0721,1.4359925161122752e+32,3.179603457857445e+27,1.6963919646656276e+25,1.316164628992279e+27,1.4360376434323402e+32
iter_0722,1.501718716617317e+32,3.1952723799159576e+27,1.6964904803060235e+25,9.202095576528112e+26,1.5017600410857407e+32
iter_0723,1.4183609389039451e+32,3.21724469444482e+27,1.6655669661244072e+25,5.836293864908301e+26,1.4183991142014509e+32
iter_0724,1.4957406597766343e+32,3.169186757663036e+27,1.6956718027158088e+25,7.544611752902591e+26,1.4957800658231443e+32
iter_0725,1.4428586561833534e+32,3.184030316699264e+27,1.6655827551701789e+25,1.1842145061164624e+27,1.442902505189857e+32
iter_0726,1.4615058948271304e+32,3.199854578429208e+27,1.6561714164660418e+25,8.373729247281378e+26,1.4615464327193037e+32
iter_0727,1.4140707852425676e+32,3.1774520376866375e+27,1.6806044532429273e+25,5.773737278631427e+26,1.4141085015606684e+32
iter_0728,1.3786570220996198e+32,3.190791349612034e+27,1.734971973854886e+25,5.013021555565954e+26,1.378694116531869e+32
iter_0729,1.5105552247744534e+32,3.2040490109652245e+27,1.6275181565659487e+25,1.2050540074122337e+27,1.5105994785564527e+32
iter_0730,1.4535113607088335e+32,3.197256824730376e+27,1.6934005215156204e+25,3.154019296979751e+26,1.4535466566364298e+32
iter_0731,1.4949428586819002e+32,3.1735030656387545e+27,1.6304244242222227e+25,6.774930685673622e+26,1.4949815316856847e+32
iter_0732,1.368503174872965e+32,3.2280157173466407e+27,1.7158940965302199e+25,8.798394711060649e+26,1.3685444250142594e+32
iter_0733,1.4138401289089088e+32,3.18368539322182e+27,1.8037359770228166e+25,6.720249563544313e+26,1.4138788663860023e+32
iter_0734,1.466874087535386e+32,3.1979004653237605e+27,1.7176609048633762e+25,1.0642021622868059e+27,1.4669168803277525e+32
iter_0735,1.440646302362008e+32,3.1884658448855863e+27,1.658807029665811e+25,9.812172639302966e+26,1.4406881650737992e+32
iter_0736,1.430712871378486e+32,3.180621907479186e+27,1.7240528315958216e+25,1.1354127481662256e+27,1.4307562041303256e+32
iter_0737,1.3955236543975392e+32,3.1626276968011854e+27,1.718807301208517e+25,6.992651130856536e+26,1.395562445206368e+32
iter_0738,1.4227181357841879e+32,3.185230944559332e+27,1.6070305139296124e+25,3.999023453282644e+26,1.4227541478201381e+32
iter_0739,1.4960678325083444e+32,3.184594303770509e+27,1.6463542024904376e+25,8.171205937131366e+26,1.4961080142927395e+32
iter_0740,1.4511985349645858e+32,3.1895081608563534e+27,1.7560877817129004e+25,1.0844399573626771e+27,1.451241450054546e+32
iter_0741,1.4910765233292119e+32,3.184486211680333e+27,1.7191469606751733e+25,8.379296502031793e+26,1.4911169194025267e+32
iter_0742,1.3751454737539001e+32,3.184261436030141e+27,1.6657730364826227e+25,1.1569837177470202e+27,1.3751890527827414e+32
iter_0743,1.4683243499833998e+32,3.1800971877062295e+27,1.5746554559661287e+25,5.613477269906547e+26,1.4683619218980924e+32
iter_0744,1.4421892756832528e+32,3.1857929776702334e+27,1.720536725081006e+25,8.449139688093341e+26,1.44222975480639e+32
iter_0745,1.4389416897633007e+32,3.178314611265393e+27,1.6860696394024835e+25,8.521897467844263e+26,1.438982163413845e+32
iter_0746,1.4700592252654e+32,3.1840055401482105e+27,1.6518336163564569e+25,1.257000091035575e+27,1.4701038005050735e+32
iter_0747,1.4572003424905157e+32,3.1850622903703706e+27,1.6346794831053064e+25,8.88255585957792e+26,1.4572412391372274e+32
iter_0748,1.4198756492917656e+32,3.207754753084328e+27,1.6646533882517664e+25,5.553862344020644e+26,1.4199134471669793e+32
iter_0749,1.4963376086974265e+32,3.2027518363879876e+27,1.6759751254634615e+25,7.952764614544612e+26,1.4963777565779173e+32
iter_0750,1.4224183227265318e+32,3.19421102911606e+27,1.7610317150562029e+25,1.207539194563378e+27,1.4224625163319402e+32
iter_0751,1.407745967391845e+32,3.1975901859300324e+27,1.6117513211811326e+25,8.849008481053712e+26,1.4077869534773175e+32
iter_0752,1.4831607185968008e+32,3.175568849420607e+27,1.695018638667173e+25,1.0631112066525195e+27,1.4832032748992253e+32
iter_0753,1.4248472789038542e+32,3.1864726861853825e+27,1.6815357451463736e+25,9.984066537459364e+26,1.4248892958508278e+32
iter_0754,1.4477821459289186e+32,3.205732948580077e+27,1.7336007720760291e+25,1.0722250579436851e+27,1.447825098869061e+32
iter_0755,1.384029935818685e+32,3.1798194342912244e+27,1.6820574238660011e+25,9.001654495939446e+26,1.3840709038732663e+32
iter_0756,1.3943510628182724e+32,3.1934934660417386e+27,1.706282549055294e+25,8.639870723295905e+26,1.3943918082519109e+32
iter_0757,1.4121350178445324e+32,3.18620838629524e+27,1.6432018794138263e+25,1.0924425338164755e+27,1.4121779686739214e+32
iter_0758,1.5273699723348745e+32,3.192087208514219e+27,1.6159461074297949e+25,1.2103693120675634e+27,1.5274141584946911e+32
iter_0759,1.425614411252051e+32,3.1688163348554335e+27,1.653867806560781e+25,1.1360770645579572e+27,1.4256576255728256e+32
iter_0760,1.3772428122453501e+32,3.184864534024496e+27,1.6764717180063548e+25,1.0209093782174648e+27,1.3772850376316444e+32
iter_0761,1.347244308739397e+32,3.203846228276768e+27,1.669609100251717e+25,5.735713265277045e+26,1.3472822498758553e+32
iter_0762,1.414835874984628e+32,3.2036987649332756e+27,1.6519396261427554e+25,9.784849206522275e+26,1.4148778620154466e+32
iter_0763,1.4511198373975409e+32,3.1967387949864887e+27,1.676358528151307e+25,6.784129064992011e+26,1.4511587565504086e+32
iter_0764,1.3817674263089e+32,3.1724095925132515e+27,1.6326625634140466e+25,9.18592034770844e+26,1.3818084995914291e+32
iter_0765,1.4181871333053344e+32,3.161827846009901e+27,1.5989133875619188e+25,4.840703560413046e+26,1.4182237521786937e+32
iter_0766,1.4058405582683736e+32,3.189094689343297e+27,1.7954206262363012e+25,1.116379530659801e+27,1.4058837925526363e+32
iter_0767,1.3701001328891954e+32,3.179652577064074e+27,1.7121272440077464e+25,6.947919183258618e+26,1.3701390485468736e+32
iter_0768,1.4263777983001e+32,3.1782528455714143e+27,1.7397069890207033e+25,1.263903165097859e+27,1.4264223938309056e+32
iter_0769,1.4303894357512657e+32,3.1885339748795695e+27,1.7426840665993854e+25,1.2523312464683973e+27,1.4304340186718859e+32
iter_0770,1.4324897975650417e+32,3.169836465489445e+27,1.6510785694731025e+25,7.256044820552629e+26,1.432528917082374e+32
iter_0771,1.3732751442806544e+32,3.215109690251877e+27,1.6612475399535294e+25,1.1916194157779738e+27,1.3733193776964687e+32
iter_0772,1.437404595544707e+32,3.186594756140357e+27,1.6473466095245048e+25,9.456210015181678e+26,1.4374460824369447e+32
iter_0773,1.440801973857881e+32,3.1953054523862346e+27,1.680565752359484e+25,1.1002226134793338e+27,1.4408450971951148e+32
iter_0774,1.4448736036298761e+32,3.1686687573792323e+27,1.6959901996040668e+25,8.184974065545834e+26,1.4449136448905356e+32
iter_0775,1.424264818573734e+32,3.1578405056595353e+27,1.7213852113926297e+25,8.30221231505059e+26,1.4243048713296267e+32
iter_0776,1.43865159305192e+32,3.187324596165084e+27,1.6713621811129216e+25,1.0140734862300885e+27,1.438693774168962e+32
iter_0777,1.4663204516052097e+32,3.178119732584821e+27,1.7854498914931998e+25,7.400789840449394e+26,1.466359812137365e+32
iter_0778,1.4020977683760606e+32,3.188515715650431e+27,1.5979021600830004e+25,9.95463059068114e+26,1.402139767954024e+32
iter_0779,1.4009059953235908e+32,3.1458883730826526e+27,1.6882568233828295e+25,1.0269141764909204e+27,1.4009478921747689e+32
iter_0780,1.4187025432846642e+32,3.1971188334365904e+27,1.6509823471308604e+25,8.67257863936481e+26,1.4187433521498726e+32
iter_0781,1.4271593364108527e+32,3.1560427793355713e+27,1.6344810720222783e+25,1.2577419277267812e+27,1.4272036377060306e+32
iter_0782,1.4022031285252354e+32,3.1789244538686493e+27,1.598030211105912e+25,1.4739974365027224e+27,1.4022498175471601e+32
iter_0783,1.474184065845892e+32,3.18721436986021e+27,1.6822728504995121e+25,8.799150545846592e+26,1.4742249053674216e+32
iter_0784,1.4688273276647325e+32,3.180105596483314e+27,1.7234781948885678e+25,1.1516721930803874e+27,1.4688708177904477e+32
iter_0785,1.4691521538294453e+32,3.1608463745215323e+27,1.6608237253853412e+25,1.0772841997593864e+27,1.4691947012175607e+32
iter_0786,1.4996216002512133e+32,3.1764458349619074e+27,1.6907445863734657e+25,7.905756004506381e+26,1.4996614395400258e+32
iter_0787,1.4842605636736894e+32,3.180106000757025e+27,1.667317253790828e+25,8.06116081824688e+26,1.4843005926262405e+32
iter_0788,1.4715293917224761e+32,3.222158828929436e+27,1.7701918087837302e+25,6.94495977396288e+26,1.4715687352897203e+32
iter_0789,1.4600684403946077e+32,3.163949505426352e+27,1.5511333173061384e+25,5.60575684305701e+26,1.4601058407598368e+32
iter_0790,1.3662258080128522e+32,3.165720203856003e+27,1.6531967206343225e+25,1.1537213784953581e+27,1.3662691677483477e+32
iter_0791,1.4425509044415653e+32,3.194175333917976e+27,1.648718901553897e+25,1.0583794456425585e+27,1.442593594861251e+32
iter_0792,1.4129044549911432e+32,3.173273245327782e+27,1.623219158726805e+25,1.1591695233285356e+27,1.4129479417407456e+32
iter_0793,1.4364105604362285e+32,3.155569411204647e+27,1.6338683149796388e+25,1.1322688447023289e+27,1.436453602205619e+32
iter_0794,1.4643638522975061e+32,3.1763296932119807e+27,1.6518219990982446e+25,1.1689644549994108e+27,1.464407470421188e+32
iter_0795,1.4209560431357585e+32,3.208659692741974e+27,1.7435308109882635e+25,9.145268707140752e+26,1.420997449354474e+32
iter_0796,1.4785670177998457e+32,3.188138095168189e+27,1.6606812544839247e+25,6.011352155476262e+26,1.4786050766010785e+32
iter_0797,1.4204525380267455e+32,3.1894451006629986e+27,1.677581117723927e+25,8.099981732208456e+26,1.4204927002175962e+32
iter_0798,1.4776982730068409e+32,3.1873680036389363e+27,1.7343368051583405e+25,6.348484304006665e+26,1.477736668604862e+32
iter_0799,1.492216499939378e+32,3.171391945843945e+27,1.7782959051984584e+25,7.358539795274425e+26,1.4922557502282222e+32
iter_0800,1.3858566023352655e+32,3.1651394352330694e+27,1.6515424462020641e+25,9.454982084214497e+26,1.3858978738659467e+32
iter_0801,1.4722816099522855e+32,3.2200850271965354e+27,1.7206534392223157e+25,7.580361827569053e+26,1.472321563229729e+32
iter_0802,1.4886198483751228e+32,3.176193501525687e+27,1.6028190774017185e+25,7.791353353398754e+26,1.4886595619453993e+32
iter_0803,1.362271106867144e+32,3.194179472454483e+27,1.6761479289090735e+25,1.0226399908653395e+27,1.36231344267657e+32
iter_0804,1.4962813993146324e+32,3.1405584010693106e+27,1.710048323673856e+25,9.624614570609424e+26,1.496322600518046e+32
iter_0805,1.4610610541212225e+32,3.195731745053964e+27,1.7375489599510749e+25,6.946491263773593e+26,1.4611001316848328e+32
iter_0806,1.4517452812858137e+32,3.188400240773832e+27,1.704745008497513e+25,9.771712258375486e+26,1.4517871074749806e+32
iter_0807,1.4173439955458543e+32,3.161213597079954e+27,1.7739451237314594e+25,1.1839088260233873e+27,1.4173876241645976e+32
iter_0808,1.4010130639959757e+32,3.191625942448264e+27,1.6712146407725215e+25,8.63599800907408e+26,1.4010537833748734e+32
iter_0809,1.4152050010898572e+32,3.171617993264856e+27,1.7234714705215819e+25,8.469996115264341e+26,1.415245359613052e+32
iter_0810,1.4999865390809597e+32,3.1615821121099395e+27,1.6684307134456214e+25,8.302097183230265e+26,1.5000266238423353e+32
iter_0811,1.4487924680838384e+32,3.1827224618811863e+27,1.698019642106979e+25,9.27588421245429e+26,1.4488337409946338e+32
iter_0812,1.4574998860863415e+32,3.1715640564501025e+27,1.7184947206237222e+25,7.744213690852442e+26,1.4575395177900689e+32
iter_0813,1.4691047723364848e+32,3.1969413392600253e+27,1.7274231636378522e+25,1.2930831473418643e+27,1.4691498453236673e+32
iter_0814,1.4604579538848493e+32,3.1477055990362845e+27,1.6671723582764777e+25,1.2792671958281863e+27,1.4605023903300339e+32
iter_0815,1.4207674880091535e+32,3.193428028298352e+27,1.711249805218578e+25,5.949958348076747e+26,1.420805543372765e+32
iter_0816,1.4910468457373861e+32,3.1495131393284834e+27,1.6685607699177816e+25,1.2379773642426124e+27,1.4910908874984987e+32
iter_0817,1.4792037965540865e+32,3.1625932180328255e+27,1.695338449573762e+25,8.037242505810281e+26,1.4792436292626176e+32
iter_0818,1.4219601114731913e+32,3.178436378620234e+27,1.6284932986829693e+25,1.3724217638854055e+27,1.4220057829039463e+32
iter_0819,1.4355731123969948e+32,3.167912878609728e+27,1.6683016748682657e+25,1.2029023438749949e+27,1.4356169873793872e+32
iter_0820,1.4026380217891908e+32,3.1813267073391973e+27,1.6701645843326194e+25,8.946151223202378e+26,1.4026789482239458e+32
iter_0821,1.3804907163669746e+32,3.198198724501983e+27,1.7174224300032287e+25,1.1596879964282445e+27,1.3805344669764268e+32
iter_0822,1.4579822780834436e+32,3.1896864181842394e+27,1.670708315680907e+25,7.649611591786178e+26,1.4580219916300488e+32
iter_0823,1.496367747744293e+32,3.197595812651065e+27,1.6879842114950616e+25,1.4445938756685916e+27,1.4964143384395973e+32
iter_0824,1.4284846273902843e+32,3.17412347958108e+27,1.634416007217346e+25,9.350597901221205e+26,1.4285258826645823e+32
iter_0825,1.441794490445497e+32,3.1983154191257907e+27,1.700417568405966e+25,8.973160322339434e+26,1.4418356168017674e+32
iter_0826,1.4356397349884875e+32,3.1996618804059794e+27,1.7327645260209864e+25,9.946071169335177e+26,1.4356818509549136e+32
iter_0827,1.4377606842052223e+32,3.185992215378439e+27,1.743823745093341e+25,6.912458270426099e+26,1.4377996309680209e+32
iter_0828,1.4419852372294674e+32,3.2060945498211e+27,1.7112244233624997e+25,8.554612467899962e+26,1.442026023909876e+32
iter_0829,1.4866594643066897e+32,3.178901239787125e+27,1.6388503359701804e+25,1.2785707821172435e+27,1.4867042029119423e+32
iter_0830,1.4176785988749383e+32,3.1637057674643906e+27,1.644358536590177e+25,9.21623201605392e+26,1.4177196166004827e+32
iter_0831,1.413623074386357e+32,3.1956656143740164e+27,1.6828064757462198e+25,1.2621958033173914e+27,1.4136678212811815e+32
iter_0832,1.3749666228593935e+32,3.1672867229063533e+27,1.7147606319416757e+25,8.479387156203863e+26,1.3750069465898421e+32
iter_0833,1.3659422483998331e+32,3.1847391130525737e+27,1.6912131104121918e+25,1.1644067892990768e+27,1.3659859089801676e+32
iter_0834,1.5078065175546128e+32,3.189358101127509e+27,1.6894819576272564e+25,1.6539970370434258e+27,1.5078551200541902e+32
iter_0835,1.4865432947012307e+32,3.211758847264293e+27,1.606905775109967e+25,1.0206646663769887e+27,1.4865857796269447e+32
iter_0836,1.4853737185070142e+32,3.2033769026563537e+27,1.6645379218272554e+25,8.938604926966406e+26,1.48541485733476e+32
iter_0837,1.4359877828412723e+32,3.165988644192116e+27,1.6819202134481042e+25,9.166642579731096e+26,1.4360287775623153e+32
iter_0838,1.4099495684112453e+32,3.1922615074709797e+27,1.7154130106920966e+25,1.5182156768086115e+27,1.4099968447243892e+32
iter_0839,1.430582248294493e+32,3.151604953707083e+27,1.6703750198333907e+25,7.074683682556604e+26,1.4306210060652146e+32
iter_0840,1.3903235461747024e+32,3.193273667211235e+27,1.6601955554159128e+25,9.07326572909395e+26,1.3903647181966592e+32
iter_0841,1.4306069930154904e+32,3.1914270013250874e+27,1.648335916125433e+25,1.0404820556511767e+27,1.4306494769396518e+32
iter_0842,1.4338383404699155e+32,3.1850087386694805e+27,1.6871266097952027e+25,7.745764990717515e+26,1.4338781050349539e+32
iter_0843,1.4301227981689234e+32,3.1855293546837987e+27,1.7189820831885596e+25,9.817663290041943e+26,1.4301646430239685e+32
iter_0844,1.3476324023028229e+32,3.203818272798874e+27,1.6093249677061508e+25,8.814899606970348e+26,1.3476734163176547e+32
iter_0845,1.4349103880358792e+32,3.193725181637603e+27,1.729381609617034e+25,9.789377000258341e+26,1.4349522876028568e+32
iter_0846,1.3861137795530051e+32,3.1862535022666896e+27,1.673751451782372e+25,4.879152898665793e+26,1.3861506886160716e+32
iter_0847,1.4710350912466423e+32,3.1839551822128716e+27,1.7760305256812072e+25,1.1138672231696906e+27,1.4710782470737487e+32
iter_0848,1.4011663922822077e+32,3.2112031144450224e+27,1.672834461534103e+25,8.999631624956701e+26,1.4012076712284233e+32
iter_0849,1.5073142380289606e+32,3.1855148847065395e+27,1.670827634624951e+25,1.1299539447791634e+27,1.5073575598000188e+32
iter_0850,1.4750109740941689e+32,3.2003275862726587e+27,1.6839759613076719e+25,8.764009877387223e+26,1.4750519097775053e+32
iter_0851,1.4839862718183757e+32,3.194132044897787e+27,1.7119881939903792e+25,8.375666986900635e+26,1.4840267600046309e+32
iter_0852,1.485424187233419e+32,3.179198108663507e+27,1.6227908616501276e+25,1.0300335738207398e+27,1.4854664418293299e+32
iter_0853,1.3936788995672267e+32,3.192723957382536e+27,1.732878933358092e+25,6.258263365924802e+26,1.3937172583580597e+32
iter_0854,1.5064244120746234e+32,3.2127275139685626e+27,1.6795121397060675e+25,7.801364561021593e+26,1.5064645086655382e+32
iter_0855,1.4342780996982924e+32,3.1877766624995266e+27,1.7227917635481595e+25,9.098442081839602e+26,1.4343192481861754e+32
iter_0856,1.3748844301250042e+32,3.15204238860341e+27,1.6514637548060665e+25,1.1724362236659239e+27,1.3749278400575022e+32
iter_0857,1.373839242794213e+32,3.164718735656406e+27,1.7202137547211312e+25,1.2445384314294687e+27,1.3738835073872593e+32
iter_0858,1.376871718853345e+32,3.17921100380727e+27,1.6744919326299674e+25,6.934099124273899e+26,1.3769106125117005e+32
iter_0859,1.4749217739960549e+32,3.1876254206041546e+27,1.75295869569675e+25,9.345721692909023e+26,1.4749631712678235e+32
iter_0860,1.3950294376035046e+32,3.141505201360519e+27,1.7360867152522423e+25,9.898324635265785e+26,1.395070924588825e+32
iter_0861,1.4322986430781458e+32,3.154808702926264e+27,1.6924170699115334e+25,1.2123748183941666e+27,1.432342484155066e+32
iter_0862,1.5023239636950634e+32,3.202292759518293e+27,1.685051962848752e+25,9.25210500524552e+26,1.50236540723286e+32
iter_0863,1.4378696617104955e+32,3.16097652757206e+27,1.7361489288082185e+25,1.1066344624977082e+27,1.437912511435289e+32
iter_0864,1.4315549384436213e+32,3.16848641955113e+27,1.684241922020365e+25,6.75648814671637e+26,1.4315935482201556e+32
iter_0865,1.4958571595752414e+32,3.1671821103121837e+27,1.6442779925509625e+25,8.365718599422091e+26,1.4958973615427431e+32
iter_0866,1.3776257089371628e+32,3.1996586402561135e+27,1.7505640832189752e+25,1.088854227129044e+27,1.377668769122245e+32
iter_0867,1.4345164377367017e+32,3.169526392544412e+27,1.5942640647152314e+25,1.2587229455808863e+27,1.4345608796564893e+32
iter_0868,1.4144624203538542e+32,3.172752105157492e+27,1.6306559363953752e+25,8.963592610258676e+26,1.4145032745331097e+32
iter_0869,1.454396634414057e+32,3.181773144075242e+27,1.7217203965146666e+25,8.613154829174826e+26,1.4544372374723665e+32
iter_0870,1.3963098772102202e+32,3.1518657455953517e+27,1.7247688687789335e+25,9.658303085460435e+26,1.3963512266476483e+32
iter_0871,1.4596292729584875e+32,3.184743957442102e+27,1.7082849792272134e+25,1.0798979335086643e+27,1.4596720902058947e+32
iter_0872,1.4181973975571952e+32,3.1778495337325955e+27,1.7403145968125082e+25,9.166605122632528e+26,1.4182385166891148e+32
iter_0873,1.4672784695695528e+32,3.1633381014744083e+27,1.706878303737067e+25,8.672809943930814e+26,1.467318946448342e+32
iter_0874,1.3851801369744713e+32,3.1439865845997436e+27,1.6515613047770309e+25,1.0427043223270799e+27,1.3852221690396712e+32
iter_0875,1.4449647122008928e+32,3.1680380821637925e+27,1.6758583739823375e+25,8.890332948391184e+26,1.4450054505005e+32
iter_0876,1.3941695755849826e+32,3.166851640697922e+27,1.6697752971245883e+25,8.528447142440026e+26,1.3942099395260617e+32
iter_0877,1.444888875456346e+32,3.1728144800686294e+27,1.6391548956398155e+25,5.703292181234446e+26,1.4449264708088176e+32
iter_0878,1.356976872051166e+32,3.190258586179917e+27,1.6587718068140784e+25,7.997635243967369e+26,1.3570169381494524e+32
iter_0879,1.4050637889885108e+32,3.1783675560254825e+27,1.5753988027673175e+25,1.322065223707131e+27,1.4051089508561885e+32
iter_0880,1.4630852805054371e+32,3.177765891461083e+27,1.5643974783746322e+25,1.1988896983060614e+27,1.4631292035010825e+32
iter_0881,1.4493762092514754e+32,3.1627939836453717e+27,1.5930245700089e+25,9.828186819029979e+26,1.4494178246805878e+32
iter_0882,1.4478013770411109e+32,3.175308938280369e+27,1.683882707961e+25,1.006664626104859e+27,1.4478433651650257e+32
iter_0883,1.47587474953171e+32,3.184806371141063e+27,1.6671165155562257e+25,1.1145576273745318e+27,1.4759179098833467e+32
iter_0884,1.3966389846991024e+32,3.1600330873995726e+27,1.645295713021586e+25,1.2452087102334866e+27,1.3966832016466498e+32
iter_0885,1.39691830018623e+32,3.189466977281327e+27,1.679044323973311e+25,1.259324131140267e+27,1.3969629560017466e+32
iter_0886,1.4294787593612984e+32,3.1840334415258365e+27,1.7780408361033702e+25,9.517266061709974e+26,1.4295202947658589e+32
iter_0887,1.4991481342776683e+32,3.2107442398559155e+27,1.657479087633948e+25,1.0119955539211305e+27,1.4991905274235149e+32
iter_0888,1.4086259337715152e+32,3.1630032243493373e+27,1.6093712424971782e+25,1.0608326778359345e+27,1.4086683330676612e+32
iter_0889,1.4417759744332538e+32,3.18569963077485e+27,1.652711064540294e+25,8.446439011256874e+26,1.4418164431396791e+32
iter_0890,1.418826588415977e+32,3.178826556052464e+27,1.6780579580715689e+25,7.843476444741024e+26,1.418866387963778e+32
iter_0891,1.4368545052719611e+32,3.1625890306512964e+27,1.6661141999116157e+25,1.0771926686349003e+27,1.436897069700374e+32
iter_0892,1.377578824680788e+32,3.1850600354396476e+27,1.7216264783867937e+25,8.781356767260172e+26,1.3776196288005575e+32
iter_0893,1.4883433933419597e+32,3.188393841649355e+27,1.6559606710383444e+25,6.42137548080769e+26,1.4883818642519242e+32
iter_0894,1.4518787164608174e+32,3.138249115148015e+27,1.6815460503135612e+25,8.150837938718686e+26,1.4519184179445127e+32
iter_0895,1.4331018120845662e+32,3.141497915431055e+27,1.676104493826767e+25,9.387760094540427e+26,1.4331427824342643e+32
iter_0896,1.423839935743847e+32,3.172227995033095e+27,1.6447356534166339e+25,9.073597721251252e+26,1.423880896095084e+32
iter_0897,1.361768721411576e+32,3.200591581324469e+27,1.5847502900716057e+25,7.02824006980061e+26,1.3618079140424878e+32
iter_0898,1.408851562698189e+32,3.2040856660759766e+27,1.6203422682034907e+25,6.396540854891644e+26,1.4088901621299314e+32
iter_0899,1.4216628342665066e+32,3.1410504470193817e+27,1.6291658395809792e+25,7.600019315327061e+26,1.4217020077068761e+32
iter_0900,1.4205912555477229e+32,3.21283965368292e+27,1.6654876741955963e+25,1.1463932821093577e+27,1.4206350144258483e+32
iter_0901,1.4901190116692402e+32,3.1718717944544036e+27,1.6085841237439783e+25,7.479321004113131e+26,1.4901583705666014e+32
iter_0902,1.4266625191356932e+32,3.1685584677616205e+27,1.7032965810231918e+25,4.852103907374874e+26,1.4266992271539363e+32
iter_0903,1.3833061939087866e+32,3.2023406978340597e+27,1.7644776184564743e+25,6.560619643438543e+26,1.3833449543831702e+32
iter_0904,1.4392871475010468e+32,3.1632991935400377e+27,1.5566217114648068e+25,1.1170685890801367e+27,1.439330106841044e+32
iter_0905,1.5451188333864502e+32,3.1614207854402085e+27,1.7275102269854227e+25,1.0277889146334158e+27,1.5451608982344736e+32
iter_0906,1.438407351480685e+32,3.205112913512209e+27,1.7502676365053063e+25,8.303231617808406e+26,1.4384478808682016e+32
iter_0907,1.4564754656910124e+32,3.184542226079643e+27,1.6316862912400776e+25,1.0093671780002653e+27,1.4565175679536824e+32
iter_0908,1.4323562289921971e+32,3.1811432792176373e+27,1.7461902333092369e+25,1.4789178836419855e+27,1.432403004222849e+32
iter_0909,1.3745153629039379e+32,3.185459449564168e+27,1.694134393655193e+25,1.1426105730727266e+27,1.3745588130176035e+32
iter_0910,1.3308525390816338e+32,3.1885890142353105e+27,1.7350833557510924e+25,6.360611083916926e+26,1.3308909590911957e+32
iter_0911,1.4268473551265972e+32,3.172768310319922e+27,1.657011392305877e+25,9.405530095010459e+26,1.4268886540409346e+32
iter_0912,1.3920114741848525e+32,3.19567009372694e+27,1.7509978937831815e+25,9.355632187128066e+26,1.3920529616177663e+32
iter_0913,1.4309139154226951e+32,3.201930231345107e+27,1.6839326114225015e+25,8.633181730153261e+26,1.4309547363e+32
iter_0914,1.4425940160873341e+32,3.1679797182411666e+27,1.6514312282314578e+25,9.619306037917752e+26,1.4426354803336773e+32
iter_0915,1.467224751101067e+32,3.1781338495306776e+27,1.5911404438037092e+25,8.385712590841164e+26,1.4672650772661973e+32
iter_0916,1.4278769192238031e+32,3.1989143149330996e+27,1.781156823483894e+25,9.388935550808568e+26,1.4279184754181855e+32
iter_0917,1.479352235226428e+32,3.1875712920317456e+27,1.5906203730194644e+25,1.1653294907525862e+27,1.4793959232962931e+32
iter_0918,1.427341596546744e+32,3.1819405459737426e+27,1.7185304748147245e+25,6.37127702289631e+26,1.427379959082274e+32
iter_0919,1.4167739706140129e+32,3.187693238315253e+27,1.6268990955584622e+25,6.168587738008169e+26,1.4168121788240436e+32
iter_0920,1.5057794771747219e+32,3.2162243138707044e+27,1.6938421379839458e+25,9.143309996897105e+26,1.5058209521120713e+32
iter_0921,1.440037159200778e+32,3.170142394072433e+27,1.710632606139101e+25,1.0632937294473845e+27,1.4400796646252739e+32
iter_0922,1.4910597234196749e+32,3.1896280066420667e+27,1.6761270491316458e+25,1.3501989099643227e+27,1.4911052893015458e+32
iter_0923,1.370747569531564e+32,3.212684908543687e+27,1.6531193009957173e+25,9.540591490882864e+26,1.3707894022840705e+32
iter_0924,1.537492636999906e+32,3.204103613290625e+27,1.7127016860851255e+25,9.452028574307485e+26,1.5375343013347819e+32
iter_0925,1.3977339820544383e+32,3.2128615531753544e+27,1.7622299271834699e+25,1.0792083392278572e+27,1.397777078976355e+32
iter_0926,1.4267517283926355e+32,3.165449216385475e+27,1.5635805442461024e+25,7.92926798857053e+26,1.4267914685108425e+32
iter_0927,1.5428897492615984e+32,3.2220088653245264e+27,1.7188302042488543e+25,1.2346704447319436e+27,1.5429344879377193e+32
iter_0928,1.473022255984856e+32,3.1743280639079075e+27,1.6887900439328337e+25,7.775176409260743e+26,1.4730619433209085e+32
iter_0929,1.4297409295104719e+32,3.189045147667158e+27,1.5837747855468241e+25,8.7485892792548e+26,1.4297817269287062e+32
iter_0930,1.452041504291597e+32,3.1557628832484256e+27,1.677945254832713e+25,9.053219016538117e+26,1.4520822829339715e+32
iter_0931,1.433410923154341e+32,3.165246810746778e+27,1.6121059429590163e+25,1.0629616593115835e+27,1.4334533664496358e+32
iter_0932,1.4707197928317186e+32,3.187592860495074e+27,1.6945320298643395e+25,1.1925487144617989e+27,1.4707637637006712e+32
iter_0933,1.3973577673941605e+32,3.177055609316741e+27,1.7574058669749414e+25,1.2808331123946028e+27,1.3974025220219644e+32
iter_0934,1.4816500722976554e+32,3.1799930878142154e+27,1.7317812600697604e+25,1.4128111508804864e+27,1.4816961735181683e+32
iter_0935,1.4027886085926358e+32,3.1630004803065225e+27,1.6490270583377603e+25,1.0303195377792974e+27,1.4028307066955225e+32
iter_0936,1.4571367144884879e+32,3.1918688157613773e+27,1.6969797555497778e+25,8.27813515765655e+26,1.4571770810097786e+32
iter_0937,1.4175278672484232e+32,3.1750952686375247e+27,1.7070064846402971e+25,1.0189613763679821e+27,1.4175699785155216e+32
iter_0938,1.4702757118797364e+32,3.19362885886349e+27,1.6677419000446368e+25,7.743796241470692e+26,1.4703155587387565e+32
iter_0939,1.4667517969840956e+32,3.152347320896141e+27,1.629733944804651e+25,1.0821758622383749e+27,1.4667943051893216e+32
iter_0940,1.4131087771544142e+32,3.1942283500213925e+27,1.6764854965313095e+25,9.379011666234097e+26,1.41315026609813e+32
iter_0941,1.4260492466602701e+32,3.1800737741500186e+27,1.7721651881635396e+25,6.649319916658703e+26,1.4260878739344471e+32
iter_0942,1.3951768301788114e+32,3.2157945532645666e+27,1.7380931053378554e+25,8.240468128255301e+26,1.3952174024017828e+32
iter_0943,1.4308066898238337e+32,3.1768078873225496e+27,1.7533241842182662e+25,7.127867653355705e+26,1.4308457611027786e+32
iter_0944,1.3479799081771112e+32,3.182569057161881e+27,1.7583831832610218e+25,8.728152655363785e+26,1.3480206378586565e+32
iter_0945,1.500495099573987e+32,3.1763922749962e+27,1.7378297486563113e+25,6.127933419618226e+26,1.5005331652131313e+32
iter_0946,1.41559178744933e+32,3.179113029383378e+27,1.7110069018312031e+25,8.227945095010785e+26,1.4156319776254089e+32
iter_0947,1.4067305755492954e+32,3.2042544439563884e+27,1.7054156516142102e+25,1.0367138024591993e+27,1.4067731557733247e+32
iter_0948,1.4194374748663503e+32,3.179759168110421e+27,1.6664781151009379e+25,9.336471135663538e+26,1.4194787755769786e+32
iter_0949,1.4291935451780086e+32,3.192025303487066e+27,1.7177870535184749e+25,7.626965410195783e+26,1.429233264175159e+32
iter_0950,1.347746325614254e+32,3.147206954480669e+27,1.7240543933151196e+25,1.0220939960372798e+27,1.3477881910291986e+32
iter_0951,1.4144509760479885e+32,3.1825450030723677e+27,1.7541056623611858e+25,1.092899432192482e+27,1.4144939059029074e+32
iter_0952,1.428991052504618e+32,3.163404514407447e+27,1.734682548372854e+25,8.466707686306283e+26,1.4290313267257033e+32
iter_0953,1.473214551492672e+32,3.176488401323072e+27,1.713099581042339e+25,7.554037308367461e+26,1.4732540417239517e+32
iter_0954,1.4920908346831341e+32,3.185618668808526e+27,1.5741098532045865e+25,8.568434824399349e+26,1.4921314167156318e+32
iter_0955,1.3798313362784622e+32,3.1749443060507814e+27,1.6190956505280444e+25,1.2155922209464292e+27,1.3798754035532971e+32
iter_0956,1.410129431919982e+32,3.1787286227848917e+27,1.6759209400612721e+25,7.406348371237832e+26,1.4101687931466753e+32
iter_0957,1.3650965528524187e+32,3.1913077947527207e+27,1.7438884699326398e+25,1.4452571798627653e+27,1.3651430928910118e+32
iter_0958,1.51000684401953e+32,3.174706240858481e+27,1.7213084286190388e+25,1.244735559408031e+27,1.5100512105683755e+32
iter_0959,1.50284506186696e+32,3.178606124505003e+27,1.6082314561729763e+25,1.0058781712703746e+27,1.5028870675330634e+32
iter_0960,1.4531582751291717e+32,3.160312773775656e+27,1.7018761141156134e+25,6.490593893524253e+26,1.4531965390384142e+32
iter_0961,1.3789275555586502e+32,3.166444658681426e+27,1.6100929374028861e+25,9.64522742255515e+26,1.378969026241953e+32
iter_0962,1.390376984419743e+32,3.1890918621471593e+27,1.6301135952829303e+25,1.4332924389303905e+27,1.3904233712741132e+32
iter_0963,1.422777533661484e+32,3.177453664691139e+27,1.6395280514195608e+25,8.70613843108271e+26,1.4228181782893671e+32
iter_0964,1.4520672140910182e+32,3.191603369040638e+27,1.6589367909515152e+25,1.420300891783079e+27,1.4521134990273057e+32
iter_0965,1.4428213463228442e+32,3.192655644981306e+27,1.6910901861689867e+25,1.1962344069719246e+27,1.4428654043323824e+32
iter_0966,1.5167294390336573e+32,3.180054902546306e+27,1.7503696103545652e+25,8.483134364928409e+26,1.5167698977540089e+32
iter_0967,1.474991747254506e+32,3.169962137558938e+27,1.646610365057516e+25,8.107697844676459e+26,1.4750317192347626e+32
iter_0968,1.4667071486156189e+32,3.2027933330852453e+27,1.7381090485059184e+25,9.412539878924366e+26,1.4667487628997334e+32
iter_0969,1.4493258517687416e+32,3.2006548065195396e+27,1.6546362169069047e+25,1.0301125167479652e+27,1.449368324905596e+32
iter_0970,1.3342247138068928e+32,3.172062024581582e+27,1.7368063309394227e+25,1.1283127068016198e+27,1.3342678912348396e+32
iter_0971,1.4236488050162907e+32,3.175509434966712e+27,1.6254003713631054e+25,7.138461478639067e+26,1.4236878611121562e+32
iter_0972,1.471815443193621e+32,3.1672250778651736e+27,1.7568275804258031e+25,7.087956779653543e+26,1.4718543790839375e+32
iter_0973,1.4034590058658537e+32,3.1602504948412637e+27,1.6951703328995615e+25,1.0557383744707212e+27,1.4035013352715801e+32
iter_0974,1.4304106222825992e+32,3.208419369891655e+27,1.7222066885721282e+25,1.0990770518469515e+27,1.4304538694674853e+32
iter_0975,1.4204523209342941e+32,3.178114023708389e+27,1.5975121982643302e+25,8.553759943935679e+26,1.4204928155856948e+32
iter_0976,1.3999286832707074e+32,3.1742153556339756e+27,1.6591084672140924e+25,9.557349005414167e+26,1.3999701486841158e+32
iter_0977,1.3737631301694848e+32,3.202326285036164e+27,1.7474972696793261e+25,9.225235862466545e+26,1.3738045534179245e+32
iter_0978,1.4751543239537497e+32,3.21953499957573e+27,1.8052135458019984e+25,1.6252663171440405e+27,1.4752029524882714e+32
iter_0979,1.373200354625201e+32,3.1946931093759297e+27,1.586397164746163e+25,7.088215967676578e+26,1.3732395484119788e+32
iter_0980,1.4408758264859341e+32,3.227562198256552e+27,1.727737166459689e+25,7.143256877870955e+26,1.4409154181385112e+32
iter_0981,1.4315305040132417e+32,3.142633364937384e+27,1.7066184828815312e+25,9.577244663233836e+26,1.4315716782534025e+32
iter_0982,1.45400258648154e+32,3.150353071156452e+27,1.6309756978024285e+25,7.808638590912781e+26,1.4540420617484122e+32
iter_0983,1.4813304916661753e+32,3.176912304846993e+27,1.6031089539730032e+25,8.681175895442811e+26,1.4813711022760147e+32
iter_0984,1.4153101947106901e+32,3.150621387312465e+27,1.6356868512032454e+25,8.817413317323166e+26,1.4153506819065659e+32
iter_0985,1.4332087914261828e+32,3.1767651089186506e+27,1.7205693055418714e+25,1.0473662319148537e+27,1.4332512047965215e+32
iter_0986,1.5079187066561584e+32,3.21587079631414e+27,1.6517871454040414e+25,1.215739025059893e+27,1.5079631879330866e+32
iter_0987,1.3727800747972692e+32,3.196902217215452e+27,1.6746242938089044e+25,1.366484380930366e+27,1.3728258761256799e+32
iter_0988,1.466903460165858e+32,3.174406856663382e+27,1.649076154700602e+25,9.324096175436453e+26,1.4669446932382156e+32
iter_0989,1.4557808219110427e+32,3.187511986419616e+27,1.7236334891457118e+25,1.0237268882330203e+27,1.4558231066631382e+32
iter_0990,1.4026367469681026e+32,3.1930038226073097e+27,1.633568064139091e+25,9.796362883682583e+26,1.4026786367260188e+32
iter_0991,1.4333690400675291e+32,3.176800079906734e+27,1.6930578631253882e+25,6.695343256609426e+26,1.433407672717371e+32
iter_0992,1.3602623737325047e+32,3.154917052760119e+27,1.7624985153362642e+25,1.3006340800847543e+27,1.3603071054936846e+32
iter_0993,1.4325592662013035e+32,3.181056952873739e+27,1.7411429787503868e+25,7.966338130437569e+26,1.4325992172232606e+32
iter_0994,1.4646032999427222e+32,3.1799777041815656e+27,1.7146706611675463e+25,1.1992589753285136e+27,1.4646472637765835e+32
iter_0995,1.4415475374654705e+32,3.1751441423753517e+27,1.6242336830622197e+25,7.13184941195018e+26,1.4415865831796745e+32
iter_0996,1.4132402940554989e+32,3.1940601208103996e+27,1.7057134314772338e+25,7.284122975983366e+26,1.4132796893510262e+32
iter_0997,1.4887973211121792e+32,3.1936530318991995e+27,1.689948657165145e+25,8.666415314088063e+26,1.488838093052678e+32
iter_0998,1.4591916042643068e+32,3.191781630103265e+27,1.6659446304062786e+25,1.1260543084952261e+27,1.4592349492181558e+32
iter_0999,1.4126974156575054e+32,3.1804724917309155e+27,1.6447362405079314e+25,9.670812304059266e+26,1.4127390556683508e+32
iter_1000,1.3790449705099442e+32,3.1809860198803193e+27,1.7064461070893113e+25,9.196246100386115e+26,1.379086147260854e+32
