iter,Upper Crust,Middle Crust,Lower Crust,Mantle,Total
iter_0001,1.0503825124055181e+28,3.183282966496856e+27,1.7130731140419516e+25,7.124677786685163e+25,1.3775485599559308e+28
iter_0002,1.0542525627878197e+28,3.203505708314426e+27,1.661618722998671e+25,7.145582390186044e+25,1.383410334732447e+28
iter_0003,1.062435168060246e+28,3.1542754740738016e+27,1.6557754478538913e+25,7.3926219374179155e+25,1.3869111128528981e+28
iter_0004,1.0677587385107282e+28,3.1770520972545355e+27,1.662658394098858e+25,3.6179931634288853e+25,1.3907445997937094e+28
iter_0005,1.0588726576572054e+28,3.1732337513408047e+27,1.625420757596394e+25,5.1441505126249006e+25,1.3829656040615072e+28
iter_0006,1.054748306314565e+28,3.1945645635130994e+27,1.5849710242927282e+25,4.699017177705215e+25,1.3804887508678728e+28
iter_0007,1.0609393623069094e+28,3.185399241764386e+27,1.6276377477343827e+25,4.485469535060377e+25,1.3855923937661426e+28
iter_0008,1.0442791057536173e+28,3.172805655463061e+27,1.6403725898038184e+25,5.6661151809662905e+25,1.3688661590706936e+28
iter_0009,1.0589189281055614e+28,3.154168688522072e+27,1.7118149628679303e+25,4.485059018762978e+25,1.3805326709393995e+28
iter_0010,1.0672746499418222e+28,3.1801800641749325e+27,1.6425076452561948e+25,6.405372292893272e+25,1.393340536297465e+28
iter_0011,1.0584934997527159e+28,3.1656889661182337e+27,1.6507603591552285e+25,5.157370907467066e+25,1.3818705276311615e+28
iter_0012,1.060317897232419e+28,3.185373904201595e+27,1.6297817768753812e+25,6.493435331565942e+25,1.3869785047610198e+28
iter_0013,1.062189067390394e+28,3.192919520642468e+27,1.7437521651660266e+25,8.8533468628128e+25,1.3920781184826196e+28
iter_0014,1.0558221086579715e+28,3.171977115403704e+27,1.6703985546899886e+25,9.503199872836262e+25,1.3841934186258682e+28
iter_0015,1.0692493037907855e+28,3.17926255256561e+27,1.6742882633048812e+25,6.158409980882623e+25,1.395008257291534e+28
iter_0016,1.0561890143871955e+28,3.215097257081182e+27,1.7359744610190082e+25,6.657687804502384e+25,1.3860924023608354e+28
iter_0017,1.0518040991360825e+28,3.180098574204764e+27,1.666353928990186e+25,5.7796416360371546e+25,1.3772599521215861e+28
iter_0018,1.0555498755303852e+28,3.178206849591543e+27,1.8361269988394072e+25,4.741437821930668e+25,1.3799481253103096e+28
iter_0019,1.0511131837461141e+28,3.1936053086957477e+27,1.6662387765334354e+25,5.245289653501865e+25,1.3773852430457244e+28
iter_0020,1.0633634711251187e+28,3.19821662001251e+27,1.6866778542132363e+25,5.922902949378454e+25,1.3907947139299613e+28
iter_0021,1.0604033508698845e+28,3.184925481572356e+27,1.6116233649357124e+25,5.262655592708757e+25,1.3857701779847644e+28
iter_0022,1.0591184189281246e+28,3.154692755257668e+27,1.686965226338377e+25,4.964279207828189e+25,1.381238938888058e+28
iter_0023,1.0491826665012214e+28,3.2091325637813984e+27,1.6378356995599766e+25,7.04379121554022e+25,1.3787775497944616e+28
iter_0024,1.0639898243896322e+28,3.1780767910880854e+27,1.7299116418619306e+25,4.960608338181997e+25,1.388488023478485e+28
iter_0025,1.059893659267893e+28,3.192908165179509e+27,1.7241712990105905e+25,5.677457836589041e+25,1.3865861049214435e+28
iter_0026,1.0588027821530688e+28,3.2010710675161193e+27,1.6975676289000348e+25,4.847980558863981e+25,1.3854554370924448e+28
iter_0027,1.0578061755787014e+28,3.1978900450841467e+27,1.7296535549082801e+25,8.431205096298866e+25,1.3877560387383233e+28
iter_0028,1.0620646485377412e+28,3.1872597617008364e+27,1.8145855172823357e+25,5.281370800540943e+25,1.387886581025648e+28
iter_0029,1.0637822944144125e+28,3.167439800326303e+27,1.713477345219648e+25,6.426019479934947e+25,1.3886657712721972e+28
iter_0030,1.053595560568118e+28,3.171134894208742e+27,1.7390657578522386e+25,5.597109910187259e+25,1.3780452256570317e+28
iter_0031,1.0561035920940057e+28,3.1759486684648387e+27,1.6111999226757068e+25,4.963231181307387e+25,1.3802728900444726e+28
iter_0032,1.050623505123297e+28,3.204794573584653e+27,1.668723000017402e+25,5.9033777861616194e+25,1.3786750632679413e+28
iter_0033,1.055086319228917e+28,3.1762966611376844e+27,1.674963770791937e+25,5.411800065975363e+25,1.3798027491794527e+28
iter_0034,1.0573676783317743e+28,3.1913148999394424e+27,1.6957490241897632e+25,5.688047227387291e+25,1.3838829645772957e+28
iter_0035,1.0487603398559727e+28,3.174423468558228e+27,1.7062096161467518e+25,5.408801010713757e+25,1.373317697338656e+28
iter_0036,1.0390158419692863e+28,3.17202745674639e+27,1.7523085464990841e+25,5.562177125110593e+25,1.363533073315535e+28
iter_0037,1.0426818788988948e+28,3.1941588522587164e+27,1.7083424459911972e+25,6.008197441856592e+25,1.3698143040126142e+28
iter_0038,1.0510241473992066e+28,3.1867119474773497e+27,1.696746268641654e+25,4.677246250255119e+25,1.3760693346658385e+28
iter_0039,1.0505784247998974e+28,3.170679790731692e+27,1.6272915458509457e+25,5.307702789879132e+25,1.3745813982087966e+28
iter_0040,1.0507872431163115e+28,3.164233545544734e+27,1.6366971445110988e+25,5.382869490226229e+25,1.3742301643055223e+28
iter_0041,1.0724609143783626e+28,3.1825360870676705e+27,1.6908530040626191e+25,5.465710250756737e+25,1.3978710863399489e+28
iter_0042,1.055528217118731e+28,3.181992038917433e+27,1.5956224046076107e+25,3.874796811905546e+25,1.3791978402269874e+28
iter_0043,1.0580788566870207e+28,3.1980431139212983e+27,1.7784590535134086e+25,7.126563239751279e+25,1.3867881903724154e+28
iter_0044,1.0632583255956567e+28,3.1784159727598716e+27,1.675050272896846e+25,6.1597771343175856e+25,1.3889347502788583e+28
iter_0045,1.0649520265391408e+28,3.1832053117764385e+27,1.7788042084953577e+25,6.912006225967345e+25,1.3919633681512475e+28
iter_0046,1.0532406929463822e+28,3.1763070386540774e+27,1.763029897987757e+25,6.665013329873909e+25,1.3792994400396515e+28
iter_0047,1.0553418016866661e+28,3.164847724001687e+27,1.7328696357542752e+25,4.516360360025461e+25,1.3780758040826143e+28
iter_0048,1.0553126595779377e+28,3.187318040545134e+27,1.7253546116066493e+25,5.372862746094837e+25,1.3811426809901526e+28
iter_0049,1.0509798675424815e+28,3.175907538716451e+27,1.6634709089909845e+25,5.773497783437257e+25,1.3760075901065546e+28
iter_0050,1.0553381293973903e+28,3.210754398522874e+27,1.8473252615610455e+25,8.93466805670973e+25,1.3871955625679484e+28
iter_0051,1.0521452283339699e+28,3.169503980188282e+27,1.6411087160209825e+25,5.797994487551278e+25,1.3765347295563703e+28
iter_0052,1.047957422404773e+28,3.1763896505409395e+27,1.6545423909492694e+25,5.6318177749089195e+25,1.372882747624725e+28
iter_0053,1.0471319223505032e+28,3.1772255043216395e+27,1.671424984065032e+25,6.310261709143249e+25,1.3728361594758756e+28
iter_0054,1.0642385925496306e+28,3.146815895852964e+27,1.7631127242112132e+25,6.45432479348692e+25,1.3871376196526253e+28
iter_0055,1.0547130807758191e+28,3.203839650047237e+27,1.6813217785904047e+25,4.732884840852419e+25,1.3815112523999855e+28
iter_0056,1.0544259375946207e+28,3.174425799280183e+27,1.7028326386896816e+25,6.720826537667417e+25,1.380292176698996e+28
iter_0057,1.0460351912581356e+28,3.185528808434479e+27,1.673709083385094e+25,5.192804186022924e+25,1.3714545853709916e+28
iter_0058,1.0529639507275038e+28,3.195422869769764e+27,1.6817775221244014e+25,6.133937039310501e+25,1.3803219522659152e+28
iter_0059,1.0600664014154822e+28,3.188811796854731e+27,1.623776756911758e+25,6.02381156479034e+25,1.3865951694226573e+28
iter_0060,1.058179063883939e+28,3.1652168910459413e+27,1.6035380837618075e+25,6.0537435956302905e+25,1.3823580346679252e+28
iter_0061,1.0565036339267436e+28,3.1906195098604336e+27,1.582749523856001e+25,7.232852575078514e+25,1.3843811870117215e+28
iter_0062,1.047433700864101e+28,3.194336583704026e+27,1.7487626852880793e+25,6.026724855807498e+25,1.3746428467755993e+28
iter_0063,1.0638520159221041e+28,3.178486584890096e+27,1.595878106912255e+25,5.3690075552507306e+25,1.3886655600732767e+28
iter_0064,1.0520804812599442e+28,3.204555088032319e+27,1.7375489073668883e+25,5.839382092121436e+25,1.3801129210626646e+28
iter_0065,1.0552227548797907e+28,3.1686230011781804e+27,1.651816025339866e+25,6.564556032177633e+25,1.3803014270551261e+28
iter_0066,1.050898595262371e+28,3.1867206439188815e+27,1.7299647801206178e+25,4.8569592072895005e+25,1.3761575836416693e+28
iter_0067,1.061147009810188e+28,3.187973671776549e+27,1.675092121383082e+25,5.395307297136984e+25,1.387014776406363e+28
iter_0068,1.05895322391856e+28,3.1668261678816017e+27,1.7361816281317703e+25,6.136550219600696e+25,1.3835085725544527e+28
iter_0069,1.055725105291627e+28,3.1871052470266546e+27,1.7372186321554811e+25,6.848943866525442e+25,1.3830217924929733e+28
iter_0070,1.0464302225444255e+28,3.163246298617722e+27,1.6746711300097101e+25,4.668148254847667e+25,1.369097671791055e+28
iter_0071,1.064947844273257e+28,3.1681305939736777e+27,1.7382268794972934e+25,3.987441577245264e+25,1.387486572127367e+28
iter_0072,1.0624326664329346e+28,3.1932215065740915e+27,1.7144981877838838e+25,5.657611050704761e+25,1.3891269263288325e+28
iter_0073,1.0539707178018229e+28,3.1990055079402187e+27,1.6988493057533964e+25,5.94907705805127e+25,1.3815191949596496e+28
iter_0074,1.0560756488432899e+28,3.190795424265529e+27,1.631740963387822e+25,3.2577620682144056e+25,1.380044694301445e+28
iter_0075,1.0599267706628035e+28,3.162073639058803e+27,1.6608559681700352e+25,5.827353179923053e+25,1.3836223437167769e+28
iter_0076,1.0600392381851115e+28,3.17353994121474e+27,1.7614652563954772e+25,5.7295301215471765e+25,1.3848842276845282e+28
iter_0077,1.065801937434016e+28,3.1757549011713394e+27,1.6662318713460484e+25,4.837212505446179e+25,1.3898808719279421e+28
iter_0078,1.0616688792241838e+28,3.190217102159905e+27,1.6594228385089187e+25,4.046123042735857e+25,1.386396135321419e+28
iter_0079,1.0527693982683292e+28,3.1957270032951174e+27,1.736952025762971e+25,5.192282883743368e+25,1.3792713335073472e+28
iter_0080,1.0580666241837532e+28,3.189200120194666e+27,1.7076943235944452e+25,4.333883932861141e+25,1.3830282144596753e+28
iter_0081,1.0546003554296238e+28,3.205062045838489e+27,1.7992066128615972e+25,4.979799650721157e+25,1.3818855662770554e+28
iter_0082,1.047421349940494e+28,3.1875634051458495e+27,1.6439449741353676e+25,4.839580228767753e+25,1.372661215657982e+28
iter_0083,1.0475534838068335e+28,3.1864204487877854e+27,1.6160174279396258e+25,6.637763471035976e+25,1.3744493095845878e+28
iter_0084,1.0576899334505655e+28,3.1942664343112443e+27,1.65186210337053e+25,5.362555845689108e+25,1.3841309948307495e+28
iter_0085,1.0520947790801108e+28,3.203785696977802e+27,1.6352169666822772e+25,4.091648091293483e+25,1.3782002138358668e+28
iter_0086,1.0728039860554494e+28,3.173774740184573e+27,1.5641998650585003e+25,5.343071998655252e+25,1.3970887319376202e+28
iter_0087,1.057603369266308e+28,3.198123117960261e+27,1.7594074343283172e+25,7.5351492811066486e+25,1.3867102377777692e+28
iter_0088,1.0533622082208932e+28,3.1765528021927075e+27,1.6352998632410678e+25,6.216101706668286e+25,1.3788688900100733e+28
iter_0089,1.0679912164577265e+28,3.1805411488508617e+27,1.661060737756801e+25,3.7694162642193626e+25,1.3914758083447886e+28
iter_0090,1.0406303957609422e+28,3.1758975050196726e+27,1.7149782893944792e+25,4.7031786705435406e+25,1.3646383032228474e+28
iter_0091,1.0625765002623718e+28,3.189184311322318e+27,1.680357613177936e+25,4.0454399457810855e+25,1.3872207289535625e+28
iter_0092,1.0508980248844868e+28,3.191815634187559e+27,1.7371325159277463e+25,6.4468204546936225e+25,1.378263541273864e+28
iter_0093,1.0541644273354093e+28,3.167596082029175e+27,1.7026835730903068e+25,7.462028059259574e+25,1.3800887471706767e+28
iter_0094,1.0501484479878007e+28,3.174424184995162e+27,1.7115721486935874e+25,6.404809903121892e+25,1.3757072485391325e+28
iter_0095,1.0578001755580948e+28,3.2021596803330956e+27,1.6542208015052845e+25,6.647134494219557e+25,1.3863174988871293e+28
iter_0096,1.061436534657733e+28,3.1811402927016095e+27,1.7350250338376402e+25,5.452995152848129e+25,1.3867385841145797e+28
iter_0097,1.057327928296357e+28,3.1917281162682714e+27,1.648095141663529e+25,4.565257701181697e+25,1.3827140927660292e+28
iter_0098,1.0551248388354214e+28,3.1866003973653037e+27,1.7071614825085477e+25,5.780679472007261e+25,1.3812727195264678e+28
iter_0099,1.0547703698655623e+28,3.1804979654912017e+27,1.6600497034723927e+25,7.234561298685725e+25,1.3817147774168406e+28
iter_0100,1.0451472850148924e+28,3.1678475899241673e+27,1.6078172756230518e+25,5.235247071170551e+25,1.3687751083541027e+28
iter_0101,1.0458676790806973e+28,3.154723342268644e+27,1.6599825643845315e+25,5.317792332513217e+25,1.3683177882044594e+28
iter_0102,1.054612007180535e+28,3.15570459120293e+27,1.5852709531224387e+25,5.1572177942427995e+25,1.376924955048193e+28
iter_0103,1.0561186835387533e+28,3.154244132625734e+27,1.666412652568729e+25,4.801510449058781e+25,1.3780110199029542e+28
iter_0104,1.0433825856609218e+28,3.1923744650538993e+27,1.6695206077650994e+25,5.383216332420311e+25,1.3696727691064971e+28
iter_0105,1.0526781376019986e+28,3.190315373667547e+27,1.7198160713806945e+25,3.994572932616998e+25,1.377424063972751e+28
iter_0106,1.0617786793393494e+28,3.182228991949736e+27,1.7658174312044633e+25,5.490931751634119e+25,1.3872583277171618e+28
iter_0107,1.0603691319914957e+28,3.185486543593602e+27,1.7369554531696656e+25,5.6158958962496205e+25,1.3862706377002752e+28
iter_0108,1.0537711464102612e+28,3.1677372302485426e+27,1.7360127677129001e+25,3.5419119210652185e+25,1.3758227941238935e+28
iter_0109,1.0604833718132942e+28,3.156337085347995e+27,1.7351611584757637e+25,7.307495569528156e+25,1.3851597370760975e+28
iter_0110,1.0566913023802526e+28,3.2038898999647685e+27,1.72165251495929e+25,3.4708248192903967e+25,1.3822727697109793e+28
iter_0111,1.0508135970755257e+28,3.1836004286750796e+27,1.6776089691279442e+25,6.117181231867762e+25,1.3769684301440294e+28
iter_0112,1.055527489417861e+28,3.19173760337575e+27,1.648053560913374e+25,5.452828026806502e+25,1.381802131343156e+28
iter_0113,1.0509144352616851e+28,3.1718239809715644e+27,1.6863118453416928e+25,5.254971754501314e+25,1.3750381169586847e+28
iter_0114,1.0664968440809324e+28,3.17123359463348e+27,1.6581508399495477e+25,5.084081401961824e+25,1.3903624357861918e+28
iter_0115,1.0551535180952807e+28,3.221070383457542e+27,1.6265062767891198e+25,4.853796041379656e+25,1.383740858759204e+28
iter_0116,1.0578797281230208e+28,3.1444169715898497e+27,1.6896585842809585e+25,5.078511847809852e+25,1.3790895957140965e+28
iter_0117,1.0616241882479622e+28,3.20747314928849e+27,1.6335354863579029e+25,5.814728735521381e+25,1.3898197673986904e+28
iter_0118,1.0543308760868542e+28,3.211954395276352e+27,1.6960831421160811e+25,5.329803674572977e+25,1.3825522024311785e+28
iter_0119,1.0563972639794124e+28,3.184415728990811e+27,1.6620289296712004e+25,4.549527726702035e+25,1.3810503935348667e+28
iter_0120,1.0537269465907842e+28,3.1902349066530755e+27,1.6350155752344354e+25,6.23976522839184e+25,1.3806252180597182e+28
iter_0121,1.0616477042018607e+28,3.191433143200775e+27,1.6831511566130949e+25,3.822810180226705e+25,1.386296979858778e+28
iter_0122,1.0520045593822541e+28,3.170090024920437e+27,1.7992250682284083e+25,5.305329956330007e+25,1.3761181168988564e+28
iter_0123,1.0529437578845296e+28,3.190365442594809e+27,1.762899692092147e+25,4.353484199215793e+25,1.3780966860353186e+28
iter_0124,1.0584184823531831e+28,3.20541369960319e+27,1.6685135577397452e+25,4.586136711139539e+25,1.3852145025823815e+28
iter_0125,1.069463693535352e+28,3.1898678502537345e+27,1.7561036302366122e+25,4.800142600384476e+25,1.3950067247913464e+28
iter_0126,1.062194572015837e+28,3.1836043852624835e+27,1.7092745457502668e+25,7.370703333524454e+25,1.38963498842136e+28
iter_0127,1.0467615871028729e+28,3.188738435108224e+27,1.7589309987876101e+25,5.659329386634565e+25,1.3730536909991174e+28
iter_0128,1.0565703846715803e+28,3.1754335972796825e+27,1.7139129688842998e+25,6.065751732460161e+25,1.381893409100893e+28
iter_0129,1.0458171865856832e+28,3.1852130747575063e+27,1.6439757232016215e+25,3.5239987735440125e+25,1.3695064685581795e+28
iter_0130,1.0556505779831936e+28,3.183712521521875e+27,1.650884104926654e+25,5.1956425202036604e+25,1.3808683567605116e+28
iter_0131,1.0700646041539473e+28,3.203217107698934e+27,1.7471740781610921e+25,4.547237128899605e+25,1.3966807261309016e+28
iter_0132,1.0529386418096155e+28,3.174729960751055e+27,1.7120853121911428e+25,7.283598893589816e+25,1.3794073220905017e+28
iter_0133,1.062467018563009e+28,3.188023341885473e+27,1.6671279449596309e+25,5.835522339744538e+25,1.3887720030362604e+28
iter_0134,1.0574463455490266e+28,3.181893922979845e+27,1.7386254262640557e+25,4.5082919671892965e+25,1.3818826552404646e+28
iter_0135,1.0504591299659714e+28,3.155644588646495e+27,1.7835343710054921e+25,6.943858475874751e+25,1.3747509816775013e+28
iter_0136,1.0587359885830605e+28,3.1635914956855563e+27,1.682202831515089e+25,7.062521793991399e+25,1.3838398627771225e+28
iter_0137,1.0549995577719286e+28,3.1972345502489334e+27,1.7843232702979545e+25,3.9577698698120044e+25,1.380465105936932e+28
iter_0138,1.058590410269172e+28,3.150919282612408e+27,1.6658713755697043e+25,5.62987082267979e+25,1.3809780807286622e+28
iter_0139,1.0514536719897597e+28,3.173770735945498e+27,1.573362495566824e+25,5.879319996082731e+25,1.376283428075959e+28
iter_0140,1.0445930527772088e+28,3.179682188475774e+27,1.6542145225255033e+25,4.568495481298138e+25,1.3687839816286099e+28
iter_0141,1.0621918699342816e+28,3.181453859187006e+27,1.737551873747739e+25,5.200292086026681e+25,1.3872750998127567e+28
iter_0142,1.0618823304950857e+28,3.202804234368303e+27,1.7227523707728735e+25,6.344905933565994e+25,1.3902304122362548e+28
iter_0143,1.0522046703326575e+28,3.202093727405897e+27,1.6250895460309194e+25,5.182702631218475e+25,1.3792218352504964e+28
iter_0144,1.0608737096868248e+28,3.147902388630972e+27,1.6794504783410098e+25,5.39736378500225e+25,1.3827407628132653e+28
iter_0145,1.0625711589865152e+28,3.165487516235732e+27,1.666184117184673e+25,6.747138637778908e+25,1.387533233365052e+28
iter_0146,1.0601780782013586e+28,3.18203168081714e+27,1.6171415423164599e+25,5.824345536287473e+25,1.3858227333616765e+28
iter_0147,1.0637467368752836e+28,3.175424883573806e+27,1.7726607006223034e+25,6.477062485956374e+25,1.3895389484192429e+28
iter_0148,1.0489436421737901e+28,3.178220669028327e+27,1.698586012357788e+25,5.876995935618603e+25,1.3743412910245992e+28
iter_0149,1.05745740720978e+28,3.1613506139253513e+27,1.646781805617169e+25,4.754839499752581e+25,1.3799940899076847e+28
iter_0150,1.0551334880733973e+28,3.168664032085042e+27,1.6702203325352228e+25,5.807479948320127e+25,1.3794775915627568e+28
iter_0151,1.0539026813488338e+28,3.1604336902884644e+27,1.6717868125870727e+25,3.709467208745958e+25,1.3753273043990132e+28
iter_0152,1.049380084080056e+28,3.175171820278844e+27,1.6739500225382229e+25,7.005088873696007e+25,1.3755763050041744e+28
iter_0153,1.0576361016580643e+28,3.183836859949198e+27,1.7027548130779308e+25,5.15228209321711e+25,1.382874824559279e+28
iter_0154,1.065840600756494e+28,3.168118521783647e+27,1.6431106470652181e+25,4.696044278109323e+25,1.3889916078600334e+28
iter_0155,1.05632796421922e+28,3.179293067708043e+27,1.6438191025351595e+25,5.022679390075086e+25,1.3809237694826345e+28
iter_0156,1.056781786252954e+28,3.199129408258629e+27,1.654294307256301e+25,4.665301406399228e+25,1.3830143227924724e+28
iter_0157,1.0564739800223527e+28,3.190724870853707e+27,1.7902631692419568e+25,5.066698400017107e+25,1.3824034286769826e+28
iter_0158,1.0507963944643464e+28,3.1882835240241093e+27,1.7631027369028525e+25,5.155017679919472e+25,1.3765428672835796e+28
iter_0159,1.070683591866547e+28,3.190636522721805e+27,1.6460474892218727e+25,4.597145469436018e+25,1.3959904370973853e+28
iter_0160,1.062499056536524e+28,3.157681675657544e+27,1.6370483168058982e+25,5.531620640347276e+25,1.3854358930594316e+28
iter_0161,1.0574533658579704e+28,3.1797305801428737e+27,1.716826391959139e+25,4.42720188438284e+25,1.3815704521486e+28
iter_0162,1.0597908634506286e+28,3.147874981560188e+27,1.6753906718180335e+25,7.346856779748333e+25,1.3836006090582135e+28
iter_0163,1.0494166258273127e+28,3.1903687332295045e+27,1.7435894650353373e+25,4.512287913109238e+25,1.3747093765284078e+28
iter_0164,1.0450792186632586e+28,3.166651708872759e+27,1.6795779287555687e+25,5.3687450261030456e+25,1.368792712505393e+28
iter_0165,1.053968713879788e+28,3.197785632729845e+27,1.679889659882298e+25,6.651353133930213e+25,1.382078519946585e+28
iter_0166,1.0674191513041255e+28,3.1827673638722313e+27,1.606358594838026e+25,4.960534332305164e+25,1.3922627806184918e+28
iter_0167,1.0570295327031532e+28,3.187262186175421e+27,1.6561985250670329e+25,8.04111695354157e+25,1.385453066799304e+28
iter_0168,1.0630403821468962e+28,3.191735661973801e+27,1.6540566032716768e+25,5.411788347068774e+25,1.389279793294617e+28
iter_0169,1.0524152178182581e+28,3.1810645702642234e+27,1.6485464307933967e+25,5.4400802672725425e+25,1.3776103015427463e+28
iter_0170,1.0627397831887826e+28,3.1693830675301365e+27,1.636514901326033e+25,6.0916003972633195e+25,1.3874062052403854e+28
iter_0171,1.06168579493516e+28,3.1811193644599e+27,1.6767522378431847e+25,4.807571358411525e+25,1.3862820549774047e+28
iter_0172,1.057892909716681e+28,3.191412103074398e+27,1.7544863081689565e+25,5.515700199107238e+25,1.384304306531397e+28
iter_0173,1.0576215722683016e+28,3.2063145397548204e+27,1.7018860698124314e+25,5.225168752650348e+25,1.3851800810662465e+28
iter_0174,1.0479130221994554e+28,3.170582719078779e+27,1.7384894672089805e+25,5.029852118903823e+25,1.3717396356934461e+28
iter_0175,1.057194097571965e+28,3.192349820288516e+27,1.6784226249635875e+25,6.8271592460074395e+25,1.3849346614717876e+28
iter_0176,1.0509195684244509e+28,3.1579871393612535e+27,1.6931321296224326e+25,7.127719670880054e+25,1.3755391341610787e+28
iter_0177,1.0609769051347902e+28,3.185519460779615e+27,1.6655434146647877e+25,4.941225512739857e+25,1.3861356201401565e+28
iter_0178,1.0649533861827994e+28,3.2082377829548634e+27,1.668430392570532e+25,5.792985580398942e+25,1.3932385804512552e+28
iter_0179,1.057732168964029e+28,3.16464388841677e+27,1.704034414528266e+25,5.630254850388492e+25,1.3815308470706226e+28
iter_0180,1.0544242476783221e+28,3.195462545500199e+27,1.7157263760726277e+25,6.34738515588943e+25,1.3820336137603042e+28
iter_0181,1.0516068919898859e+28,3.1746976130607435e+27,1.7527002761480585e+25,5.218478837689602e+25,1.3760478324097978e+28
iter_0182,1.05791292603206e+28,3.1791456247506675e+27,1.6601925057965207e+25,3.984792633858523e+25,1.3814724736467817e+28
iter_0183,1.0612263355113962e+28,3.176180395557341e+27,1.6627911504432686e+25,6.484015578990219e+25,1.3869911817965637e+28
iter_0184,1.0551535108497918e+28,3.168105778100008e+27,1.6743628513056661e+25,6.537587608010414e+25,1.3801760391191088e+28
iter_0185,1.0490592995091085e+28,3.1781655944316734e+27,1.7484138098292647e+25,5.7016566165243494e+25,1.3743259293786294e+28
iter_0186,1.0558044644548926e+28,3.1839648929731704e+27,1.6885015700204202e+25,5.650324452999281e+25,1.3815397797752294e+28
iter_0187,1.0665848370700764e+28,3.1588506540280504e+27,1.6498100015316345e+25,6.200866022333626e+25,1.3903205784967466e+28
iter_0188,1.0519429605968125e+28,3.188925863234418e+27,1.6844562330082638e+25,5.560170923836986e+25,1.3780801740770995e+28
iter_0189,1.0584383603101909e+28,3.171442754773261e+27,1.804106792332561e+25,5.2028029928447835e+25,1.3825895455726943e+28
iter_0190,1.0574675770418703e+28,3.1936265519900075e+27,1.6302344310526077e+25,6.281578684107516e+25,1.3847420453560311e+28
iter_0191,1.0585640727428053e+28,3.1931174807839225e+27,1.6860839184461054e+25,6.893829689546606e+25,1.3864557344291903e+28
iter_0192,1.071217786094861e+28,3.151655263742307e+27,1.6606677047983556e+25,4.853298794900379e+25,1.3928972789687903e+28
iter_0193,1.0492954187402268e+28,3.176580562971004e+27,1.6853850467979206e+25,6.908609670387515e+25,1.3755474697545125e+28
iter_0194,1.058367757809483e+28,3.182927133115985e+27,1.7439083461506654e+25,5.026483351994446e+25,1.3834308628192265e+28
iter_0195,1.0578769297208968e+28,3.195543938350009e+27,1.6948941362153379e+25,5.48338017368431e+25,1.3846095978657973e+28
iter_0196,1.056261537898117e+28,3.1451550816977413e+27,1.7374056076958712e+25,4.6755898980169976e+25,1.3771900415736038e+28
iter_0197,1.0656898776889575e+28,3.161993673302221e+27,1.7068221404183394e+25,5.188332790413599e+25,1.3887843999500117e+28
iter_0198,1.0468661088042403e+28,3.2065965961068144e+27,1.7116191094151192e+25,5.6492247677949466e+25,1.374886612292132e+28
iter_0199,1.0426515764973122e+28,3.179348224937701e+27,1.6706533130183336e+25,6.18549503700786e+25,1.3684425473411086e+28
iter_0200,1.056663982087998e+28,3.189710506135172e+27,1.57044861537852e+25,5.511882126721745e+25,1.3827173634436156e+28
iter_0201,1.0554688298287547e+28,3.211086087515153e+27,1.6898794163566942e+25,4.873858087446802e+25,1.3831411760840734e+28
iter_0202,1.0503275169474875e+28,3.211213602455062e+27,1.7381366541816164e+25,7.000029600786422e+25,1.380187043447962e+28
iter_0203,1.0573072549245832e+28,3.166966138435337e+27,1.6434283153493505e+25,6.98464930454563e+25,1.3826319463880117e+28
iter_0204,1.0518117096344374e+28,3.1858971362214766e+27,1.6455206172449944e+25,5.970281491545819e+25,1.3780172253653757e+28
iter_0205,1.0601128131005677e+28,3.1820839930170934e+27,1.7220640655223525e+25,5.903358922849031e+25,1.3859466353906485e+28
iter_0206,1.054673099074188e+28,3.185027859551036e+27,1.7075186713907825e+25,5.005132496705136e+25,1.3798885361973875e+28
iter_0207,1.0573355207194463e+28,3.18152296991468e+27,1.6191104575465644e+25,4.966483677903584e+25,1.3820734118463646e+28
iter_0208,1.053285890343845e+28,3.1614444477636306e+27,1.752010642354716e+25,7.840821949616923e+25,1.3790231677121796e+28
iter_0209,1.0554557618095484e+28,3.17849465519806e+27,1.5755309731642976e+25,4.070656932125525e+25,1.3789514152346441e+28
iter_0210,1.0451473538734728e+28,3.1676014780173484e+27,1.7646232778594063e+25,4.108776729790115e+25,1.3677809016828573e+28
iter_0211,1.055428731578126e+28,3.1861771260851587e+27,1.8634707990292723e+25,5.416577341266839e+25,1.3813264923269379e+28
iter_0212,1.0614783635816053e+28,3.197156031006496e+27,1.6282171730022046e+25,5.463130082913989e+25,1.3882853139381711e+28
iter_0213,1.0645829698267994e+28,3.189460543670454e+27,1.6320797871609878e+25,5.210518460305153e+25,1.3903716224413109e+28
iter_0214,1.0599064454893383e+28,3.1959431249937737e+27,1.6546771711982484e+25,5.135818273601912e+25,1.3862912534335159e+28
iter_0215,1.0600513650375388e+28,3.2067202422276124e+27,1.6605179137355136e+25,5.756121667988217e+25,1.3881400288420235e+28
iter_0216,1.059007992345372e+28,3.192169007946624e+27,1.6961198573086208e+25,8.062645907887301e+25,1.3879836589052303e+28
iter_0217,1.0519766685219134e+28,3.1862541559458593e+27,1.6359289275251968e+25,6.2422080595322134e+25,1.3784802211035566e+28
iter_0218,1.0515629850958668e+28,3.177624487244951e+27,1.6732963820096112e+25,6.016427190962811e+25,1.3770151573933343e+28
iter_0219,1.0572797338652334e+28,3.18524164422023e+27,1.6141357912322534e+25,4.817825742257492e+25,1.3822358598207462e+28
iter_0220,1.0580488786037865e+28,3.1947178072292335e+27,1.6023402281010148e+25,4.416078801603892e+25,1.3835390783564147e+28
iter_0221,1.0537908225637186e+28,3.1874465438069964e+27,1.68756595899712e+25,6.079296391183049e+25,1.3803023392945984e+28
iter_0222,1.0613597953044666e+28,3.1704180865266727e+27,1.6534593909273751e+25,4.938442089801476e+25,1.3849935054378627e+28
iter_0223,1.064024891502017e+28,3.192703412941403e+27,1.6971414690626046e+25,6.323745570712485e+25,1.3913161198359324e+28
iter_0224,1.0600763252472189e+28,3.167216059404453e+27,1.686369769028295e+25,3.438778330116305e+25,1.3819230792868088e+28
iter_0225,1.0518789401014266e+28,3.194629172472537e+27,1.748714406119631e+25,5.377345573642486e+25,1.3784679173284424e+28
iter_0226,1.0407582755831477e+28,3.1922764220687927e+27,1.7166121138073298e+25,7.206110135935598e+25,1.36890864003977e+28
iter_0227,1.057075391258251e+28,3.1901218646662623e+27,1.6837513769384003e+25,5.312047048572125e+25,1.3830833761503877e+28
iter_0228,1.053507560300664e+28,3.1893071614559956e+27,1.7008981387977895e+25,4.304702858699421e+25,1.3784438774437607e+28
iter_0229,1.0491564839195745e+28,3.1848798585053696e+27,1.6821254239540095e+25,4.427590522274702e+25,1.37375418571634e+28
iter_0230,1.0634504358928925e+28,3.143799439446573e+27,1.6647958775475329e+25,5.614870048129099e+25,1.3851100457632264e+28
iter_0231,1.0666207720680711e+28,3.1806108662534033e+27,1.6942567547278191e+25,7.625533258954558e+25,1.3940016487070939e+28
iter_0232,1.0661008621163788e+28,3.1631662380463286e+27,1.5677573044866376e+25,4.402497577116216e+25,1.3883877408026144e+28
iter_0233,1.0465740141324322e+28,3.190634131104637e+27,1.7428080774334705e+25,5.8256975889279466e+25,1.3732059329092572e+28
iter_0234,1.059300047067335e+28,3.1918147425391555e+27,1.7123168519379222e+25,6.6742984271657754e+25,1.3868681366003542e+28
iter_0235,1.0503960570287881e+28,3.1612311190390676e+27,1.6965037517143964e+25,7.635889351254262e+25,1.3758515620356637e+28
iter_0236,1.052345230724097e+28,3.194413431695492e+27,1.8022832749110808e+25,5.338543173948512e+25,1.3789274003425059e+28
iter_0237,1.0562802931106792e+28,3.184645881834958e+27,1.717725849526408e+25,5.457651701205285e+25,1.3819202588449065e+28
iter_0238,1.0437493255674771e+28,3.139318257171961e+27,1.7587868495197176e+25,6.218743814252207e+25,1.3656586819484452e+28
iter_0239,1.0649381217691797e+28,3.18482033345488e+27,1.6778725712265953e+25,5.8156422254173e+25,1.3909136699113117e+28
iter_0240,1.0573431845045369e+28,3.149810583789367e+27,1.7104826775063499e+25,5.541187653222923e+25,1.379575913214203e+28
iter_0241,1.0635831441965467e+28,3.1929339085335146e+27,1.7110836422273604e+25,6.193518594857605e+25,1.3907811372869835e+28
iter_0242,1.063405727701063e+28,3.2020810552155445e+27,1.6722626051548218e+25,5.835009861367862e+25,1.39112110568914e+28
iter_0243,1.038942581882223e+28,3.1926123454378815e+27,1.7217877407366215e+25,5.81251252328231e+25,1.36573811669003e+28
iter_0244,1.053191802607579e+28,3.180105648775321e+27,1.6473836490433826e+25,7.003512188275377e+25,1.3798532633224301e+28
iter_0245,1.0550145795894103e+28,3.175989106081474e+27,1.6934328875341514e+25,4.038980701163336e+25,1.3783459037862554e+28
iter_0246,1.0627657884583936e+28,3.1837841302595026e+27,1.6726321441591446e+25,5.148608585351321e+25,1.3879654422138542e+28
iter_0247,1.0541484847295453e+28,3.190494166627926e+27,1.6767775426720206e+25,5.1936553970772965e+25,1.3800683343320871e+28
iter_0248,1.0647477074684964e+28,3.1914273610929754e+27,1.6451166380002837e+25,4.208003215213458e+25,1.3897435634310078e+28
iter_0249,1.0572104971403467e+28,3.1902583205958044e+27,1.7002062253385343e+25,4.598544801703403e+25,1.382535080226969e+28
iter_0250,1.0407955940017917e+28,3.1556082606291735e+27,1.7200639737221647e+25,4.193629042431016e+25,1.3622701130808622e+28
iter_0251,1.0608611485160926e+28,3.195310566344531e+27,1.6521045767881837e+25,5.804152519419378e+25,1.3878484622467534e+28
iter_0252,1.0562577137019781e+28,3.176585679797125e+27,1.7392848504187104e+25,5.806408292240474e+25,1.3814619748243499e+28
iter_0253,1.0570893823866094e+28,3.186065188699521e+27,1.6608218271276874e+25,5.302100909054318e+25,1.3826588239927434e+28
iter_0254,1.0414436521768157e+28,3.2119516520123973e+27,1.61369982046189e+25,6.058605005322445e+25,1.37031112220384e+28
iter_0255,1.0415451583744873e+28,3.1776130686776504e+27,1.699089616368671e+25,5.5237095719064705e+25,1.3665292644305277e+28
iter_0256,1.0458763847542866e+28,3.159495397282861e+27,1.7217370380283844e+25,5.38385654266403e+25,1.3689315180632649e+28
iter_0257,1.0599304348610995e+28,3.188821412168243e+27,1.7132348130861116e+25,6.481480168733383e+25,1.3870072910597434e+28
iter_0258,1.060908083585225e+28,3.1690184730749433e+27,1.6564432806006145e+25,8.348792059169827e+25,1.3878151662324896e+28
iter_0259,1.0461049053884304e+28,3.175729021904536e+27,1.6043976691010796e+25,4.44559851488589e+25,1.3697278037628709e+28
iter_0260,1.0366531131027913e+28,3.212036423847464e+27,1.691263956968515e+25,5.322119305893591e+25,1.3648701387503997e+28
iter_0261,1.065161124710366e+28,3.177574711714706e+27,1.6528118365022936e+25,5.696033175401985e+25,1.3902674408937409e+28
iter_0262,1.0465011237440124e+28,3.1532839397052323e+27,1.7529556377997996e+25,4.240969319451164e+25,1.3678234426717866e+28
iter_0263,1.062292986165087e+28,3.168115209437932e+27,1.7114493507026302e+25,6.483234785762793e+25,1.3872991912453457e+28
iter_0264,1.0667898544860586e+28,3.1680418915660125e+27,1.6856510833564264e+25,7.388915892537169e+25,1.3926686106185535e+28
iter_0265,1.0643807564745133e+28,3.17387360095074e+27,1.6239608027543602e+25,5.435917598889547e+25,1.3888279949712312e+28
iter_0266,1.057893653683623e+28,3.1667529521530244e+27,1.6601928073404691e+25,5.700895477053947e+25,1.3819300371833197e+28
iter_0267,1.062591053726352e+28,3.1953213675295266e+27,1.6823565549249112e+25,4.888460606468561e+25,1.388694007640698e+28
iter_0268,1.0538997631910648e+28,3.19942408088996e+27,1.648085338153045e+25,5.7094274734596905e+25,1.3811996840916736e+28
iter_0269,1.0654431975808484e+28,3.1981609452071454e+27,1.671825527487614e+25,6.728346073503987e+25,1.3936594637025548e+28
iter_0270,1.056427258377097e+28,3.189832855683438e+27,1.6891833952183742e+25,3.975313795694352e+25,1.3810750411363535e+28
iter_0271,1.0653762613295155e+28,3.19509014315769e+27,1.7724338903493021e+25,4.637951176275303e+25,1.3912956607119092e+28
iter_0272,1.049177551826613e+28,3.1860888234264863e+27,1.7245626965818154e+25,7.068396865422312e+25,1.3765793937312659e+28
iter_0273,1.0658174478101642e+28,3.1879389316209545e+27,1.64617579778454e+25,3.4459793640138165e+25,1.389703496134058e+28
iter_0274,1.0492875390222805e+28,3.1659783257654334e+27,1.6655274640438605e+25,8.241846261931405e+25,1.3757927453247991e+28
iter_0275,1.0553333022110257e+28,3.1939897054131217e+27,1.758710617281457e+25,4.650019081764261e+25,1.3811410024513835e+28
iter_0276,1.0450166155688414e+28,3.154216336062166e+27,1.6125045449657155e+25,6.692849298021393e+25,1.368743603018045e+28
iter_0277,1.060966270237472e+28,3.1679161916230473e+27,1.7238664493707157e+25,4.919444598572764e+25,1.3844012004477203e+28
iter_0278,1.0538087853293226e+28,3.169614974666753e+27,1.6912343437695631e+25,5.004627050977019e+25,1.3774661441907444e+28
iter_0279,1.0700138641755612e+28,3.1862872429671744e+27,1.7987511506659313e+25,8.02854138201223e+25,1.3984698810049568e+28
iter_0280,1.064234942590293e+28,3.2068316573815604e+27,1.7021532659109165e+25,5.224773793863731e+25,1.3918450353882238e+28
iter_0281,1.0602794520675114e+28,3.159312055198728e+27,1.6887459866950294e+25,5.360365884817767e+25,1.383259769458897e+28
iter_0282,1.0519095671903933e+28,3.160912578681538e+27,1.7121693105172921e+25,5.929138834979508e+25,1.375642133204044e+28
iter_0283,1.0582558544253049e+28,3.152734012345675e+27,1.6355652997919858e+25,4.785609141716142e+25,1.3799504301013804e+28
iter_0284,1.060350239011735e+28,3.179315382220543e+27,1.6717014715657e+25,5.53502472171537e+25,1.3854885034270706e+28
iter_0285,1.0574532046569302e+28,3.19399522906341e+27,1.7017185734103767e+25,6.407908051790772e+25,1.3849623541884725e+28
iter_0286,1.050559893614046e+28,3.200580584248123e+27,1.6944349729474334e+25,5.7555848581805285e+25,1.3780679718699862e+28
iter_0287,1.0560586538543055e+28,3.1826642538638875e+27,1.7104272964770988e+25,7.226846510508911e+25,1.3832623530476803e+28
iter_0288,1.0597822487136421e+28,3.164326840121358e+27,1.6309104281848129e+25,4.495404762456295e+25,1.3823412479164193e+28
iter_0289,1.0537855468267048e+28,3.180455629828078e+27,1.6452435891811914e+25,4.464371294793247e+25,1.377940724693487e+28
iter_0290,1.0619293164908096e+28,3.194105058677168e+27,1.673987920482182e+25,7.089014835408846e+25,1.3901028251144173e+28
iter_0291,1.0495044859295722e+28,3.138988855039295e+27,1.6723443722171467e+25,5.995330163331194e+25,1.37107104596905e+28
iter_0292,1.055405820786044e+28,3.171509847033245e+27,1.627007688931791e+25,6.443871296799674e+25,1.3806276844750998e+28
iter_0293,1.0466953367984885e+28,3.186224676629872e+27,1.8124414543484563e+25,6.110640376421955e+25,1.373240886292246e+28
iter_0294,1.0507459864910595e+28,3.1762713354352685e+27,1.6474390917787592e+25,6.452970222511418e+25,1.3764735293488765e+28
iter_0295,1.0539026974775138e+28,3.1703684349557906e+27,1.5829655472739003e+25,5.406262086728144e+25,1.3779287686070949e+28
iter_0296,1.060290226436264e+28,3.178145493292854e+27,1.675526757717153e+25,3.7018146292195707e+25,1.3834821171524862e+28
iter_0297,1.0743434263247254e+28,3.182385483733387e+27,1.7246170895290493e+25,6.766671054942958e+25,1.401073262842536e+28
iter_0298,1.0782347298693085e+28,3.204125227788359e+27,1.7543046390028158e+25,5.426885761260432e+25,1.405828443048408e+28
iter_0299,1.0558977050269022e+28,3.1688305990249297e+27,1.7351963423967227e+25,5.595855731189572e+25,1.3801118170029815e+28
iter_0300,1.040254350590567e+28,3.182609989994876e+27,1.5777545897517561e+25,5.911276300117827e+25,1.3660043804799241e+28
iter_0301,1.0541079652710964e+28,3.1939514575569206e+27,1.7657866614164955e+25,5.629764039655579e+25,1.3808986617278605e+28
iter_0302,1.0609587243217135e+28,3.165897660405328e+27,1.7089571235700757e+25,6.1041319577611745e+25,1.3853615794435776e+28
iter_0303,1.0574894145678298e+28,3.181640010156657e+27,1.7080676609232406e+25,5.137015723768531e+25,1.3824984989681872e+28
iter_0304,1.0491409667961185e+28,3.158352830693762e+27,1.5811718887797878e+25,6.151773532017762e+25,1.3727091952862922e+28
iter_0305,1.059177587931966e+28,3.175472052501631e+27,1.6936782986130305e+25,5.045657358698234e+25,1.3834641288394404e+28
iter_0306,1.0452465515347055e+28,3.1833053782798196e+27,1.6640859458457882e+25,6.297204645853537e+25,1.3715383799543866e+28
iter_0307,1.0470855428951237e+28,3.198054245447975e+27,1.6208435401172546e+25,4.540201341001713e+25,1.3730520123210402e+28
iter_0308,1.0511772426962736e+28,3.2026835362894505e+27,1.6482668101756417e+25,6.323065053775594e+25,1.3794169281891699e+28
iter_0309,1.0525481929007731e+28,3.190023574716211e+27,1.5592833416762912e+25,5.22985159519278e+25,1.3783396853092635e+28
iter_0310,1.055531133071554e+28,3.197968413936277e+27,1.63699680611038e+25,5.64747607031138e+25,1.3826124473416034e+28
iter_0311,1.047696028928964e+28,3.207707398326487e+27,1.755108189066067e+25,5.816619580408365e+25,1.376038496531087e+28
iter_0312,1.0537877542918998e+28,3.147554618835886e+27,1.6654942207295236e+25,7.320476615313317e+25,1.3775291870115314e+28
iter_0313,1.0693503804722065e+28,3.164272921169647e+27,1.6733400889090326e+25,7.664432221269688e+25,1.3951154448993498e+28
iter_0314,1.0629621154671283e+28,3.186008048632839e+27,1.677170902612689e+25,6.566626284796087e+25,1.3898067175178209e+28
iter_0315,1.0576993574229221e+28,3.179976449833481e+27,1.6167346743375248e+25,5.977420640042896e+25,1.3832911577206506e+28
iter_0316,1.0616465506079858e+28,3.191939708212657e+27,1.7377894756934322e+25,6.882942696975868e+25,1.3894612536019208e+28
iter_0317,1.0597832934374323e+28,3.207439161266384e+27,1.695524243881677e+25,6.578939438933286e+25,1.3888016732468857e+28
iter_0318,1.0505264450153818e+28,3.1889816594763404e+27,1.5992866917563942e+25,5.021200123365991e+25,1.3760450977781383e+28
iter_0319,1.0585353060786136e+28,3.2112034914672297e+27,1.7133468094177262e+25,4.488538029669982e+25,1.3858575400644244e+28
iter_0320,1.0614129006093123e+28,3.185413274972587e+27,1.714527089013179e+25,6.524455046589817e+25,1.3881932102421739e+28
iter_0321,1.0634066118769618e+28,3.16109256579574e+27,1.7898907642115352e+25,7.018071754494942e+25,1.3883238309752423e+28
iter_0322,1.0809456265668921e+28,3.178246989011152e+27,1.5649875516710366e+25,5.850477016057567e+25,1.406185790035736e+28
iter_0323,1.0550594482242649e+28,3.181698758009199e+27,1.7348099458997653e+25,5.15393718868921e+25,1.3801180711597736e+28
iter_0324,1.0615186007583102e+28,3.1567696651193904e+27,1.6539872910877856e+25,5.8982823690706206e+25,1.3847478369304075e+28
iter_0325,1.0496314710563707e+28,3.183204460628859e+27,1.6355820553922742e+25,6.803627410195371e+25,1.3763911265848442e+28
iter_0326,1.0643665378914467e+28,3.186034576051798e+27,1.7415183598966315e+25,4.699633831226285e+25,1.3894111476877494e+28
iter_0327,1.0509824150607736e+28,3.1481054873021326e+27,1.644517897620287e+25,6.327577097745394e+25,1.3737650587863526e+28
iter_0328,1.0482019868306394e+28,3.190418434596595e+27,1.6276470318348863e+25,7.344281417902169e+25,1.3762157587400358e+28
iter_0329,1.0695214483941213e+28,3.180283114023704e+27,1.7034439252791638e+25,6.443798203824316e+25,1.3956970019255951e+28
iter_0330,1.0574558257370378e+28,3.192845751588674e+27,1.753798980480938e+25,5.428871082632902e+25,1.383923070959019e+28
iter_0331,1.0571527046444564e+28,3.167156406588379e+27,1.7278041875321393e+25,6.0019112663062804e+25,1.3815980607571327e+28
iter_0332,1.0468734497120215e+28,3.1578629057315515e+27,1.6144775695374554e+25,6.110659553325226e+25,1.3703848774080394e+28
iter_0333,1.062718491900819e+28,3.2054745061504836e+27,1.7335585028546178e+25,5.691582888321708e+25,1.3906910839070434e+28
iter_0334,1.0588193613793669e+28,3.195494829664937e+27,1.7369674306135308e+25,5.631908951436352e+25,1.3857377207279104e+28
iter_0335,1.0670938475533515e+28,3.186377590356386e+27,1.6749742974050378e+25,6.295010459787241e+25,1.3937015913461825e+28
iter_0336,1.0534099278759872e+28,3.1918972285500655e+27,1.6512575604521546e+25,4.58680577102235e+25,1.3788377140624684e+28
iter_0337,1.0510070312439397e+28,3.185292621517905e+27,1.6832234163993372e+25,5.7327526769246e+25,1.3769522694890541e+28
iter_0338,1.0555067733841807e+28,3.18650581542553e+27,1.715881916225249e+25,6.296583251870817e+25,1.3821698200948297e+28
iter_0339,1.0650924655754696e+28,3.198179406806034e+27,1.6837570348589853e+25,5.722217463756266e+25,1.3923163807546883e+28
iter_0340,1.0616084619161391e+28,3.1726521507364984e+27,1.6617052449508723e+25,5.787124676717303e+25,1.3863225069114574e+28
iter_0341,1.0581267161194427e+28,3.180204513691736e+27,1.7709826305507042e+25,6.453599306040317e+25,1.3843717494252075e+28
iter_0342,1.0525193348142123e+28,3.15187582375881e+27,1.6279442374033115e+25,5.017612296909776e+25,1.3743524737244064e+28
iter_0343,1.05929568529961e+28,3.1795444705327286e+27,1.7322117235625534e+25,4.919166712895982e+25,1.3839015107893413e+28
iter_0344,1.068787142308177e+28,3.222039928743713e+27,1.6960011947730786e+25,5.0239482579275195e+25,1.3977110846352487e+28
iter_0345,1.0550250401723602e+28,3.167891942351723e+27,1.629369868059188e+25,5.321719852043638e+25,1.3787653241276353e+28
iter_0346,1.0531025891459722e+28,3.159921294365121e+27,1.7001572739831556e+25,6.507618008549233e+25,1.3773024938650166e+28
iter_0347,1.0559859579196355e+28,3.1740222954180505e+27,1.6851914171762538e+25,5.108063514570661e+25,1.3801814423931873e+28
iter_0348,1.0500881547767786e+28,3.181526887734041e+27,1.6002397748457234e+25,4.967717434931171e+25,1.3748088007599596e+28
iter_0349,1.064501283120467e+28,3.1864477415140554e+27,1.6292590404805013e+25,4.678953322649453e+25,1.3894542696350025e+28
iter_0350,1.0636799030095202e+28,3.201306629591005e+27,1.6425965641116904e+25,4.570020406019673e+25,1.3900231829387519e+28
iter_0351,1.0624221187837816e+28,3.1726958450858636e+27,1.6547390383622264e+25,6.179090533866158e+25,1.3875255328645964e+28
iter_0352,1.048279508986507e+28,3.190952008264619e+27,1.7429209094937046e+25,5.76119431414319e+25,1.3748788250366058e+28
iter_0353,1.0498602575702153e+28,3.174738958456403e+27,1.6886643246017402e+25,5.85555169515752e+25,1.3748783694356146e+28
iter_0354,1.0620597183359872e+28,3.167333296749959e+27,1.6384318530241845e+25,4.7762177499435385e+25,1.3852076976139506e+28
iter_0355,1.0581708977649815e+28,3.19681318533729e+27,1.691157824929967e+25,6.444419710876803e+25,1.3859877938345172e+28
iter_0356,1.0547774123632656e+28,3.1753646685012423e+27,1.7081128025935296e+25,6.822581638045379e+25,1.3808445736540288e+28
iter_0357,1.059238528598869e+28,3.1752701396662157e+27,1.6952213618833138e+25,5.94621623452031e+25,1.384406980161894e+28
iter_0358,1.0567581449001883e+28,3.1761969498791815e+27,1.6130865541939346e+25,5.0445822456614e+25,1.3810355086879617e+28
iter_0359,1.054439455182358e+28,3.1826669210287723e+27,1.618442982418844e+25,5.99099398478604e+25,1.3803155842524403e+28
iter_0360,1.0569608675463202e+28,3.1570790648773785e+27,1.773653473853606e+25,6.333214082433195e+25,1.3807756415903447e+28
iter_0361,1.0566031117043911e+28,3.194610746548467e+27,1.7095353158940781e+25,7.429949607059739e+25,1.3852036712821916e+28
iter_0362,1.0622435655092393e+28,3.168264254266785e+27,1.63720097183537e+25,5.245703577778702e+25,1.3859528954855319e+28
iter_0363,1.0581172540149215e+28,3.1945785607707834e+27,1.7098712994550785e+25,4.11191915583525e+25,1.3833969005472902e+28
iter_0364,1.0565740281308e+28,3.194405411250288e+27,1.6855719721309443e+25,7.849891247185367e+25,1.3855500324751452e+28
iter_0365,1.052557088140078e+28,3.1894496573416367e+27,1.691163377691738e+25,6.076840610418516e+25,1.3792700578623519e+28
iter_0366,1.0485492930772658e+28,3.1729485586430255e+27,1.631573837522823e+25,6.40513210547383e+25,1.3738808548845653e+28
iter_0367,1.0535961679329324e+28,3.162332200374835e+27,1.7896505946213436e+25,7.973579021112954e+25,1.37959261758615e+28
iter_0368,1.0685382409226714e+28,3.190775432043878e+27,1.6467175965472216e+25,5.991990934560424e+25,1.395254492658167e+28
iter_0369,1.0499070957459152e+28,3.226455486602643e+27,1.6650715536323388e+25,5.079031519599527e+25,1.3792967474794114e+28
iter_0370,1.0511299428614824e+28,3.196780200057001e+27,1.7288665682295264e+25,6.001722798720161e+25,1.378538552234132e+28
iter_0371,1.0576247700715995e+28,3.190398100725508e+27,1.6559652648973284e+25,6.52532519210166e+25,1.3848458706011492e+28
iter_0372,1.0569323712458128e+28,3.1713762506715537e+27,1.6751480609547063e+25,4.258770200003742e+25,1.3800039145739265e+28
iter_0373,1.0689867891648204e+28,3.1582689019675957e+27,1.7089924560983809e+25,5.336532960248442e+25,1.3918592047779268e+28
iter_0374,1.0669234927674543e+28,3.1809146321063505e+27,1.5876819695834417e+25,5.340415284028341e+25,1.3919430532317011e+28
iter_0375,1.0557014674379647e+28,3.181173367371575e+27,1.7077290367614676e+25,5.174094208942391e+25,1.380700627420826e+28
iter_0376,1.048979216524833e+28,3.180928698641137e+27,1.7095691925032863e+25,8.327560314386572e+25,1.3771092158958366e+28
iter_0377,1.0488156043367186e+28,3.1782094726619074e+27,1.7614056915261891e+25,4.57988073465528e+25,1.372977838029091e+28
iter_0378,1.047666646890746e+28,3.187924367430565e+27,1.6123599181990816e+25,6.021110220031294e+25,1.3740925537720327e+28
iter_0379,1.0467723273426352e+28,3.1678728318466e+27,1.5799208793997812e+25,7.11598286386765e+25,1.3722555142705626e+28
iter_0380,1.0511020010784406e+28,3.168451091723028e+27,1.6585817130647345e+25,6.246705655896998e+25,1.3758523976197051e+28
iter_0381,1.0570149998954954e+28,3.193659246852724e+27,1.701836443355641e+25,4.093238498720689e+25,1.3821759995228442e+28
iter_0382,1.0498784270553133e+28,3.1452271485803534e+27,1.7066034581251246e+25,5.384866138486436e+25,1.3714926115099602e+28
iter_0383,1.051418365713879e+28,3.166423510229219e+27,1.6328497851787276e+25,5.587419995381867e+25,1.3752809865173617e+28
iter_0384,1.0632399647826285e+28,3.208290631796601e+27,1.6904281156633635e+25,7.431713227912827e+25,1.393191169305865e+28
iter_0385,1.0513247314451621e+28,3.1920362242871e+27,1.7115760389856599e+25,4.828507885445096e+25,1.377068437798303e+28
iter_0386,1.0645648276570093e+28,3.1792559435839965e+27,1.6968200669405306e+25,4.732398168377818e+25,1.3889196402507273e+28
iter_0387,1.0433606153676547e+28,3.209351043500185e+27,1.7150120515295966e+25,7.667834344220195e+25,1.3736785661134228e+28
iter_0388,1.053873487124761e+28,3.193187917080928e+27,1.7125122037232779e+25,3.3063809594916315e+25,1.3782111719960687e+28
iter_0389,1.0537785418190257e+28,3.1662732521005144e+27,1.7017159558801299e+25,6.540888057251238e+25,1.3786484710422084e+28
iter_0390,1.0548802577660514e+28,3.17339735454793e+27,1.585070112734749e+25,5.77283359868505e+25,1.3795778969322642e+28
iter_0391,1.0698313920273876e+28,3.2012863129069203e+27,1.6888825122488137e+25,4.070256085644644e+25,1.395719161915973e+28
iter_0392,1.0524011420246406e+28,3.175797024489134e+27,1.7144349947645314e+25,5.7746954958171395e+25,1.3774699749641356e+28
iter_0393,1.0518984641400858e+28,3.1601127549300176e+27,1.6357226977092509e+25,4.8401932258768475e+25,1.3743856555566735e+28
iter_0394,1.0704529965161522e+28,3.209844498898707e+27,1.700925514881497e+25,4.535914782721555e+25,1.397674286703626e+28
iter_0395,1.0541376831788332e+28,3.1838261640397747e+27,1.6120159325625237e+25,3.71096249183912e+25,1.3778432780072123e+28
iter_0396,1.0584863778658774e+28,3.1778953009054684e+27,1.641595762858105e+25,5.679202466615596e+25,1.3835967061858979e+28
iter_0397,1.0487230428212942e+28,3.214055877977536e+27,1.6993552111922546e+25,6.271856192678585e+25,1.3780998420229187e+28
iter_0398,1.0611499679368307e+28,3.205375554598246e+27,1.6309604963085096e+25,4.745461974499813e+25,1.3880639458674636e+28
iter_0399,1.0555504413289608e+28,3.181539275539465e+27,1.6972070893644583e+25,5.680925440126291e+25,1.3810825014123982e+28
iter_0400,1.0628880811057337e+28,3.2282896171470116e+27,1.7042076186772658e+25,5.1690795656846125e+25,1.3925903300047966e+28
iter_0401,1.04964059466523e+28,3.194215813079075e+27,1.6191492620305405e+25,4.805387654453183e+25,1.3754867128896212e+28
iter_0402,1.0471219366385457e+28,3.191830404064161e+27,1.715662781045916e+25,5.268027789532539e+25,1.3732886676155403e+28
iter_0403,1.056159702102045e+28,3.1894366880369057e+27,1.6068469093201772e+25,5.095160471299791e+25,1.3818053782863557e+28
iter_0404,1.0591215471225305e+28,3.177884309197236e+27,1.68933668094011e+25,5.478809931760288e+25,1.3840781246549542e+28
iter_0405,1.0590952504778719e+28,3.2029504807457285e+27,1.6480540184588892e+25,5.643659262042445e+25,1.3866820118329463e+28
iter_0406,1.0464450319673932e+28,3.1764193881872686e+27,1.705229249161864e+25,5.655204823687785e+25,1.3714474048589697e+28
iter_0407,1.0537886047925786e+28,3.164947793446124e+27,1.7136860361199112e+25,5.569787005375769e+25,1.3775668571786868e+28
iter_0408,1.0492170100742834e+28,3.1888616634397233e+27,1.7196545435851056e+25,5.157465949256819e+25,1.3749802969110976e+28
iter_0409,1.0509046387937991e+28,3.179870175489477e+27,1.6586124131511818e+25,4.579955074084001e+25,1.375130223829982e+28
iter_0410,1.060711489850696e+28,3.1903861423006317e+27,1.723902902168268e+25,5.1846235765765235e+25,1.386658630559504e+28
iter_0411,1.059963392961206e+28,3.1661412651773993e+27,1.5834613542506427e+25,4.596323299242838e+25,1.3827573041324394e+28
iter_0412,1.0569455962729044e+28,3.1642236371273264e+27,1.6335835055796653e+25,4.918328886662426e+25,1.3799198723778792e+28
iter_0413,1.053985079277201e+28,3.212731005040126e+27,1.6295110181648613e+25,3.507888176326448e+25,1.380395578975705e+28
iter_0414,1.0575749060084112e+28,3.1923870437505297e+27,1.7067374519949443e+25,3.7720758732243923e+25,1.3822924237086834e+28
iter_0415,1.0613785978462174e+28,3.214511042164351e+27,1.6641189725648679e+25,5.315241770465227e+25,1.3898090628056824e+28
iter_0416,1.0583018495665604e+28,3.177916071693079e+27,1.5798718499203132e+25,5.601810324326961e+25,1.3832751389101155e+28
iter_0417,1.0553624331147625e+28,3.1909580813223005e+27,1.7864076860042717e+25,5.368353826291931e+25,1.3816130027592887e+28
iter_0418,1.0561556395967676e+28,3.170017480328982e+27,1.6132756716579928e+25,4.466677734085697e+25,1.3792373410354094e+28
iter_0419,1.051994030568956e+28,3.143950012942056e+27,1.6422543955234536e+25,5.985178801922397e+25,1.3740164650606074e+28
iter_0420,1.05489060978014e+28,3.2076220649174495e+27,1.590900984462347e+25,4.250190112702385e+25,1.3814939073690497e+28
iter_0421,1.0584245947494049e+28,3.1681480722351343e+27,1.7377656606799716e+25,6.878629540003542e+25,1.383855797173602e+28
iter_0422,1.0546281281893069e+28,3.1603454342432686e+27,1.7866527805158362e+25,7.408284724175993e+25,1.3798576091183255e+28
iter_0423,1.053640739048336e+28,3.1695037007744783e+27,1.6291378832403187e+25,6.034733681567055e+25,1.378254980690591e+28
iter_0424,1.0638055668768511e+28,3.1645055368239175e+27,1.7457932500028375e+25,4.887615009705062e+25,1.386889528818951e+28
iter_0425,1.05343724678023e+28,3.1836198469883705e+27,1.732658885570062e+25,5.991237808766443e+25,1.3795231281734036e+28
iter_0426,1.0567436299383662e+28,3.1824259304136145e+27,1.6684783865889816e+25,3.977830906803562e+25,1.3806325322731202e+28
iter_0427,1.0561800422296948e+28,3.174783740548419e+27,1.6923493124257817e+25,5.178161242910513e+25,1.380528926839873e+28
iter_0428,1.0578814064199866e+28,3.17270398365786e+27,1.7617936700817556e+25,4.146570688836524e+25,1.381060169144691e+28
iter_0429,1.0617161137625863e+28,3.206847863427947e+27,1.6716521954711348e+25,5.86473735921722e+25,1.3899372896600694e+28
iter_0430,1.0607827670629624e+28,3.186827198085873e+27,1.7234950334543894e+25,4.994878659439645e+25,1.3861838605644439e+28
iter_0431,1.0523290277026073e+28,3.188217801114162e+27,1.6425170934334748e+25,5.790806693595264e+25,1.3785841316010524e+28
iter_0432,1.0585843531719185e+28,3.204077788603069e+27,1.6835100945037655e+25,4.73016238676193e+25,1.3854058045134912e+28
iter_0433,1.065752621088257e+28,3.1797010488735077e+27,1.6225431541620946e+25,5.0624424854576715e+25,1.3904077116152276e+28
iter_0434,1.066065872354896e+28,3.1943310820438054e+27,1.6140742591333206e+25,5.5363656134030016e+25,1.3926494204318129e+28
iter_0435,1.049600701406557e+28,3.169514023357918e+27,1.6320592890705368e+25,4.489366086660957e+25,1.3726735291180803e+28
iter_0436,1.0579068103671698e+28,3.158951972979187e+27,1.6777601783496218e+25,7.283124617131951e+25,1.3827628924605698e+28
iter_0437,1.0471791220286937e+28,3.1972081263680277e+27,1.6104556813651614e+25,5.701659596621402e+25,1.3742120499434832e+28
iter_0438,1.0422762314789402e+28,3.2005146805042527e+27,1.6887762143280776e+25,5.881882394000261e+25,1.369898358137694e+28
iter_0439,1.056853664500243e+28,3.187434329178247e+27,1.6980689185115071e+25,5.494865655466874e+25,1.3827900319920462e+28
iter_0440,1.0669696325412188e+28,3.188243023537926e+27,1.6779813943027934e+25,5.177808820524218e+25,1.3926497251098387e+28
iter_0441,1.0564131801505936e+28,3.2038916961738787e+27,1.667310701789621e+25,5.795486407462665e+25,1.384265146877234e+28
iter_0442,1.0628164119075504e+28,3.204393770298645e+27,1.6264197215324507e+25,5.845219113474333e+25,1.3907274277724218e+28
iter_0443,1.0517444468578405e+28,3.1582608883097077e+27,1.665515785309579e+25,5.6188588215302934e+25,1.374854910295651e+28
iter_0444,1.0469968391428196e+28,3.1719824190398287e+27,1.6646531000178995e+25,6.281637820281667e+25,1.372141371967102e+28
iter_0445,1.050404019333778e+28,3.1779121577785696e+27,1.6526644836385702e+25,5.5398853900745805e+25,1.3753877849853482e+28
iter_0446,1.0578658429623473e+28,3.1985847706211435e+27,1.6936972266968028e+25,5.279817223706747e+25,1.3846978344748651e+28
iter_0447,1.0575973703219295e+28,3.1478217377320175e+27,1.6717490915292039e+25,5.995119478285149e+25,1.3800464126649457e+28
iter_0448,1.0437767043622693e+28,3.190725801991417e+27,1.6234283133104957e+25,7.037790804070109e+25,1.3715105036787916e+28
iter_0449,1.0589041630153041e+28,3.183043505789936e+27,1.6543537702113818e+25,4.061256299966123e+25,1.3829241236644754e+28
iter_0450,1.0574826827484025e+28,3.193945827191564e+27,1.6795542315538784e+25,4.763130958992706e+25,1.3833199506581054e+28
iter_0451,1.0588682496477323e+28,3.1528469573676703e+27,1.7515698338047577e+25,6.094803869181438e+25,1.3819993190874856e+28
iter_0452,1.0508850510137988e+28,3.1586577600044183e+27,1.6809422271218273e+25,6.071702848202928e+25,1.3745034720895653e+28
iter_0453,1.0654821142822513e+28,3.1887691297002827e+27,1.6405064215987802e+25,4.4344966050110335e+25,1.3904340302788894e+28
iter_0454,1.0524882076262315e+28,3.159408759633559e+27,1.666435775552739e+25,6.401317635488336e+25,1.3764968370006282e+28
iter_0455,1.0590220787143728e+28,3.1977698981651426e+27,1.639592272074558e+25,6.607073521901933e+25,1.3870457343248635e+28
iter_0456,1.0601095474556745e+28,3.192705535795151e+27,1.7107106258849308e+25,6.44457870627825e+25,1.387535390367353e+28
iter_0457,1.0604964761812763e+28,3.177918725317731e+27,1.6761142773896234e+25,6.135975632088128e+25,1.3861004386225272e+28
iter_0458,1.0577976279779186e+28,3.1773872884988745e+27,1.5757686238045716e+25,5.373412315898572e+25,1.382485537767509e+28
iter_0459,1.0421263486854885e+28,3.160899408306066e+27,1.7519964549173488e+25,6.885906939120909e+25,1.3668541929101333e+28
iter_0460,1.0495354913540599e+28,3.1813628394340676e+27,1.7036431325091285e+25,5.211432657294187e+25,1.3745868510872698e+28
iter_0461,1.0486275882545971e+28,3.1790510638977144e+27,1.6946748550652806e+25,6.403626060915385e+25,1.3746309955603492e+28
iter_0462,1.058391741301753e+28,3.19212852596378e+27,1.6683751233914304e+25,7.712945811051903e+25,1.386985914832574e+28
iter_0463,1.0668581273631929e+28,3.155272651458498e+27,1.6878100156526338e+25,4.539303961508646e+25,1.388612506486204e+28
iter_0464,1.0571941548709276e+28,3.211841610630967e+27,1.6841707017547915e+25,4.737522749859051e+25,1.3848000093856382e+28
iter_0465,1.0548499826342193e+28,3.144531042813184e+27,1.736849230270782e+25,5.672570075826044e+25,1.3767125062216344e+28
iter_0466,1.047053265623831e+28,3.160098911763704e+27,1.7313194938327201e+25,5.6255716338283985e+25,1.3704200479278624e+28
iter_0467,1.0534740385466516e+28,3.146174878727911e+27,1.6694010202371224e+25,6.803088679725729e+25,1.3765640161194056e+28
iter_0468,1.060165632692665e+28,3.1759341148950964e+27,1.6874485502221574e+25,6.664243884954428e+25,1.386110736617351e+28
iter_0469,1.054955938876414e+28,3.185204531366058e+27,1.7127370783560441e+25,4.341382743781497e+25,1.379530511835157e+28
iter_0470,1.048550802379512e+28,3.183478660228097e+27,1.6904250527411355e+25,7.401939440449607e+25,1.3759910328955122e+28
iter_0471,1.0562368631426191e+28,3.168197975512887e+27,1.7233644631648591e+25,5.294584275207495e+25,1.38007460943228e+28
iter_0472,1.050492822898033e+28,3.192747200301987e+27,1.777355706218876e+25,4.3150656732979826e+25,1.3758599643077487e+28
iter_0473,1.0534247465216894e+28,3.1655124511948256e+27,1.7418208621533629e+25,6.095148290246094e+25,1.3778129607935713e+28
iter_0474,1.0696809665652033e+28,3.155918735720863e+27,1.6783166583240008e+25,4.613545361681623e+25,1.3915647021572955e+28
iter_0475,1.0547408731058425e+28,3.176673484966707e+27,1.6778170462650988e+25,6.894089628718184e+25,1.3809801282774964e+28
iter_0476,1.0595831405035604e+28,3.170015961156571e+27,1.6912409874776598e+25,5.086493643382648e+25,1.3833624712500779e+28
iter_0477,1.0504834421551513e+28,3.144903872841939e+27,1.7846596960692727e+25,6.149714298779603e+25,1.3729082034341938e+28
iter_0478,1.0650262399829792e+28,3.168562969684957e+27,1.7029481202081031e+25,5.927696790645672e+25,1.3895131818623287e+28
iter_0479,1.0536747861516359e+28,3.1984691583478614e+27,1.7338773257263692e+25,7.2234031041377165e+25,1.382478982416286e+28
iter_0480,1.0598121845082572e+28,3.192185878355716e+27,1.7260664665901033e+25,4.554348049006646e+25,1.3853111868594257e+28
iter_0481,1.0532289505386759e+28,3.159725370254866e+27,1.5760841029401238e+25,5.15228579649682e+25,1.3759298574635994e+28
iter_0482,1.0480799424072838e+28,3.1809887865530037e+27,1.5897748023581447e+25,4.337199555683463e+25,1.3721057954206256e+28
iter_0483,1.0592855918523042e+28,3.1940013781963356e+27,1.6901110797070931e+25,5.806490036421456e+25,1.3861823307880664e+28
iter_0484,1.0617373959836993e+28,3.187453667004926e+27,1.7135406725640825e+25,6.526239423981338e+25,1.3887225427807372e+28
iter_0485,1.0578799504999525e+28,3.165072433977293e+27,1.7225110474804493e+25,5.814542770733018e+25,1.3819242477158953e+28
iter_0486,1.0585022681984753e+28,3.195656480823544e+27,1.6996515427859155e+25,5.787615864185047e+25,1.3855551836878006e+28
iter_0487,1.0738474858214313e+28,3.187506065616971e+27,1.660855614362638e+25,6.452214215523412e+25,1.4007111622130144e+28
iter_0488,1.0457676747079342e+28,3.2033392030472717e+27,1.6897387809776269e+25,6.486422284945295e+25,1.3742777560785843e+28
iter_0489,1.052102393360197e+28,3.1884033113299365e+27,1.6620962917948653e+25,6.451100301840425e+25,1.379055921086826e+28
iter_0490,1.0561785706353297e+28,3.178972347081828e+27,1.67145132440853e+25,5.902462369309325e+25,1.3816497190372305e+28
iter_0491,1.0614747442127487e+28,3.1759647355463863e+27,1.7194173600197918e+25,6.489622403113316e+25,1.3872802575305205e+28
iter_0492,1.060481372222271e+28,3.186190849830805e+27,1.6451557727002955e+25,4.597922732494393e+25,1.385343535710546e+28
iter_0493,1.062450846572581e+28,3.17914501810831e+27,1.7285168311138886e+25,4.999809975626363e+25,1.3870936751901521e+28
iter_0494,1.0586025782685946e+28,3.172571920225779e+27,1.6945784069905461e+25,4.612463170533921e+25,1.3821668118686972e+28
iter_0495,1.0314052070843243e+28,3.1826926344263203e+27,1.600169025761338e+25,5.470558245988436e+25,1.356745197798706e+28
iter_0496,1.0581136618623854e+28,3.1981504162094703e+27,1.6797319954098482e+25,4.029511573773538e+25,1.3836379470525159e+28
iter_0497,1.0629129602940083e+28,3.203276674787881e+27,1.6512471342028298e+25,5.320901333959745e+25,1.390212776240959e+28
iter_0498,1.0382580017160415e+28,3.201549884253353e+27,1.6714640702183609e+25,7.758461703628672e+25,1.3678429159152238e+28
iter_0499,1.0443843709898301e+28,3.155336950120882e+27,1.6372188614488818e+25,7.008619256397775e+25,1.3685639041197648e+28
iter_0500,1.0561786337024318e+28,3.1907789208547004e+27,1.7409735747196521e+25,5.24147618475965e+25,1.382238975547381e+28
iter_0501,1.0546973972188893e+28,3.153940493934122e+27,1.5554969158815866e+25,6.382033690021713e+25,1.3780289772182047e+28
iter_0502,1.0475281469687407e+28,3.173630635395391e+27,1.7373345072414168e+25,3.9794838167899085e+25,1.3706080288323113e+28
iter_0503,1.0590849166302366e+28,3.2034983109939303e+27,1.6160662741743424e+25,6.319896701844289e+25,1.3873707107056482e+28
iter_0504,1.0563809376523434e+28,3.186163897692176e+27,1.7206715862843642e+25,6.948662685536982e+25,1.3836666616933824e+28
iter_0505,1.0379815840634868e+28,3.190775031094019e+27,1.6845065955262212e+25,5.376093480633206e+25,1.364119687249048e+28
iter_0506,1.068074304621771e+28,3.183825899368733e+27,1.6483732125561158e+25,6.117624338560034e+25,1.3942228921097604e+28
iter_0507,1.053665791116803e+28,3.1853828991342805e+27,1.7501164599660058e+25,6.06227625167229e+25,1.3800164737418692e+28
iter_0508,1.049731574996878e+28,3.1748577010848586e+27,1.7561244518580368e+25,6.141854408463963e+25,1.3751153239656858e+28
iter_0509,1.0499130546660293e+28,3.2061786444234484e+27,1.7714265175571392e+25,5.18240112413623e+25,1.3774847467500675e+28
iter_0510,1.0572486136380147e+28,3.1971917323148585e+27,1.6320563618498711e+25,5.229880824970133e+25,1.3838297240563205e+28
iter_0511,1.0485524246055167e+28,3.1655870057405485e+27,1.6231235583533713e+25,5.168356885159154e+25,1.3719026056230838e+28
iter_0512,1.062221722150112e+28,3.171475095167797e+27,1.7121851100500187e+25,6.876968209552088e+25,1.3879583849864937e+28
iter_0513,1.0646820119948815e+28,3.1691430482882944e+27,1.6420870705915582e+25,5.13946023262326e+25,1.388377864126926e+28
iter_0514,1.0618955273047483e+28,3.173392402443503e+27,1.6712743083804669e+25,6.611909011100262e+25,1.3875179508685793e+28
iter_0515,1.0466563550372375e+28,3.17213076245144e+27,1.6254513227036767e+25,6.515878055922342e+25,1.3720107606610075e+28
iter_0516,1.0648174780900797e+28,3.1898764672422323e+27,1.616284253547504e+25,3.8404469283955733e+25,1.3892618559962459e+28
iter_0517,1.0667799600453488e+28,3.1813524109245634e+27,1.7278043523048298e+25,5.5919854199785385e+25,1.3922349909100885e+28
iter_0518,1.0658531246135755e+28,3.2062130111627406e+27,1.6653779943683047e+25,6.074968525655365e+25,1.3942147722498733e+28
iter_0519,1.058513969791881e+28,3.185623156091952e+27,1.671656794527897e+25,6.19787649832808e+25,1.3849458186939322e+28
iter_0520,1.0519068394370684e+28,3.1912675015917044e+27,1.675894358540446e+25,5.706139208362317e+25,1.3784156231631413e+28
iter_0521,1.0544548573642886e+28,3.14212336724813e+27,1.7501586188126334e+25,5.306647387479172e+25,1.3757240000953935e+28
iter_0522,1.0575802912815189e+28,3.1859004810542685e+27,1.7931352527978526e+25,4.325143265749406e+25,1.382288617905493e+28
iter_0523,1.055926940898334e+28,3.1758139810875503e+27,1.668965337327851e+25,7.264928059736488e+25,1.3824422324041536e+28
iter_0524,1.0564369093495122e+28,3.179874630779396e+27,1.6479170456136282e+25,5.7955867284789015e+25,1.381867876201544e+28
iter_0525,1.0603855508763848e+28,3.176461680320948e+27,1.5931644150901012e+25,5.716066103800053e+25,1.3853409494273696e+28
iter_0526,1.0565597093057645e+28,3.1539095811992325e+27,1.6550466965608549e+25,5.222710432357354e+25,1.3788284245546057e+28
iter_0527,1.0502642068889577e+28,3.147666557510608e+27,1.646064020098263e+25,5.273320957366929e+25,1.3719502476174837e+28
iter_0528,1.0555927900464882e+28,3.1674562048961813e+27,1.602139777261959e+25,5.626008118659703e+25,1.379566558432028e+28
iter_0529,1.0557401180437563e+28,3.181663888882171e+27,1.7085815276003231e+25,6.182312519193472e+25,1.3817974009787674e+28
iter_0530,1.0474586778098587e+28,3.1695658942775e+27,1.7331581645959643e+25,4.076827417356991e+25,1.3702252528195618e+28
iter_0531,1.0584237130039873e+28,3.180169236606312e+27,1.717472246388444e+25,4.873569630197576e+25,1.3830316785412046e+28
iter_0532,1.0547468421425712e+28,3.1929525289362e+27,1.7533094389559028e+25,4.597789456403835e+25,1.380393193931551e+28
iter_0533,1.062743390695458e+28,3.1770169883744626e+27,1.6892146203421938e+25,5.035622706994752e+25,1.3871699268602413e+28
iter_0534,1.064161754512988e+28,3.1902669949809857e+27,1.631255950355239e+25,6.101524768944061e+25,1.3909212347303859e+28
iter_0535,1.0496258359148612e+28,3.196739416716496e+27,1.6622340547902556e+25,5.975566694296472e+25,1.3769375783355974e+28
iter_0536,1.0616879036002173e+28,3.1543842663514164e+27,1.7190673238735384e+25,6.801903765127801e+25,1.3856473013243602e+28
iter_0537,1.0545541837475067e+28,3.169122661506518e+27,1.7372171660874168e+25,5.648031547240189e+25,1.3788516986114862e+28
iter_0538,1.0578984030867387e+28,3.163055944656672e+27,1.63189477598743e+25,4.909345746950321e+25,1.3807452380753436e+28
iter_0539,1.052532993884257e+28,3.1664812987027334e+27,1.697587237455337e+25,6.088024644075607e+25,1.3769667356360612e+28
iter_0540,1.0484659781487596e+28,3.1762555322115493e+27,1.7552915463916303e+25,5.831496860497635e+25,1.3736783197768037e+28
iter_0541,1.055008367392348e+28,3.190885555137966e+27,1.639334044958968e+25,5.9799523929931695e+25,1.3817162093440968e+28
iter_0542,1.0541950642931894e+28,3.1813294007254295e+27,1.703783382641741e+25,4.340535561163978e+25,1.3783723233095381e+28
iter_0543,1.0589261229071694e+28,3.1916016311608043e+27,1.6942997314552095e+25,8.097508008167524e+25,1.3878780937628727e+28
iter_0544,1.06518557119282e+28,3.186355206532096e+27,1.6772737336539561e+25,3.972672489122845e+25,1.3894710380688063e+28
iter_0545,1.0573085602372137e+28,3.179488823182734e+27,1.600906640475125e+25,6.255545514290193e+25,1.3831138947102525e+28
iter_0546,1.0653259976804112e+28,3.2017613347229455e+27,1.697540610499686e+25,4.79143468937232e+25,1.3919911064525777e+28
iter_0547,1.054330898792512e+28,3.1936360285881693e+27,1.6447117404503072e+25,6.254749514931304e+25,1.3815939629067103e+28
iter_0548,1.0582969707813416e+28,3.183957446645178e+27,1.6797071430479667e+25,4.713204169302898e+25,1.38308562675821e+28
iter_0549,1.0581332001009705e+28,3.182106773935855e+27,1.739921739453532e+25,3.927215604028054e+25,1.3820110148380375e+28
iter_0550,1.0622616403084215e+28,3.1901730760209137e+27,1.6392910148134721e+25,4.161946155855644e+25,1.387080185081182e+28
iter_0551,1.0727704020018613e+28,3.1746161601071555e+27,1.7474837375855173e+25,5.045749464094543e+25,1.397025251214257e+28
iter_0552,1.0616520739669982e+28,3.19108066823216e+27,1.6564321015793658e+25,5.985515802466288e+25,1.38840208869426e+28
iter_0553,1.0415543802660027e+28,3.195662045173985e+27,1.6491131571486937e+25,4.924318202473433e+25,1.3676940161430234e+28
iter_0554,1.049843649874521e+28,3.199017022043198e+27,1.6996445905815055e+25,6.750067224662723e+25,1.378195063894085e+28
iter_0555,1.0605902837527739e+28,3.191410571742253e+27,1.668261811263918e+25,4.926469056835917e+25,1.3863260717950991e+28
iter_0556,1.05859961810069e+28,3.183883256385485e+27,1.7729116178756137e+25,5.4952710092960005e+25,1.38425612636641e+28
iter_0557,1.0468583121546627e+28,3.166348412873042e+27,1.719829775573834e+25,5.310626960808408e+25,1.3705236101783494e+28
iter_0558,1.05589909750995e+28,3.1459403047302476e+27,1.7053108314682202e+25,5.5524496746008995e+25,1.377750888489044e+28
iter_0559,1.0616261160929961e+28,3.1598991153182626e+27,1.6709552315037318e+25,6.6155751938901956e+25,1.3859025580502165e+28
iter_0560,1.058202952601751e+28,3.161686492089008e+27,1.712751805888384e+25,7.145065817521087e+25,1.3832294194340612e+28
iter_0561,1.0547255515480648e+28,3.1820185739729895e+27,1.6138344545183196e+25,6.145352134686438e+25,1.3806865955345683e+28
iter_0562,1.0678648023833172e+28,3.182223211703876e+27,1.6520765449688894e+25,7.427874978896919e+25,1.3951670750775705e+28
iter_0563,1.0543574535697278e+28,3.1731974300214605e+27,1.5784066330661157e+25,4.988057539784355e+25,1.3782436607447242e+28
iter_0564,1.0594834728059612e+28,3.1692658164422323e+27,1.6393983134795442e+25,7.4497418617835216e+25,1.3854991946254477e+28
iter_0565,1.0490158162129068e+28,3.182351422668442e+27,1.6658897666490354e+25,6.380925513893488e+25,1.3752977737602934e+28
iter_0566,1.0605679627750017e+28,3.186174091147031e+27,1.592553413184746e+25,5.123109900873312e+25,1.385901035203763e+28
iter_0567,1.0607465719345032e+28,3.1699880311478673e+27,1.6001483393016137e+25,5.617610884992603e+25,1.3849631342735844e+28
iter_0568,1.0560359808975933e+28,3.1534979685427e+27,1.6501072922897084e+25,4.779085246640485e+25,1.3778149702907935e+28
iter_0569,1.0500740074741759e+28,3.165236330213414e+27,1.6707053468702406e+25,5.842239061612469e+25,1.3741105849040001e+28
iter_0570,1.0542081817716773e+28,3.16593889882401e+27,1.617963422989614e+25,5.229269482807831e+25,1.3776493045598758e+28
iter_0571,1.0457018843028504e+28,3.1869641417833636e+27,1.7392613792428283e+25,4.756524948879704e+25,1.3708940848093091e+28
iter_0572,1.069444020740969e+28,3.1656229031030464e+27,1.6864667269608744e+25,4.7432125919047285e+25,1.392435990370139e+28
iter_0573,1.0558775714649256e+28,3.207346210934293e+27,1.6636472693336748e+25,4.5886442193627215e+25,1.3828644840470513e+28
iter_0574,1.0552188273548718e+28,3.188808145237263e+27,1.7487648283858454e+25,6.395712367832976e+25,1.382244119074817e+28
iter_0575,1.0607435768549188e+28,3.1633158454321273e+27,1.6383845688288787e+25,5.850554729768946e+25,1.3845641006967295e+28
iter_0576,1.0558779756488561e+28,3.196396817959756e+27,1.6421077534014995e+25,5.557452458519697e+25,1.382717217656753e+28
iter_0577,1.044080861549141e+28,3.163354343364425e+27,1.7554540158040726e+25,7.49521936922596e+25,1.3696669692706134e+28
iter_0578,1.0569363015062894e+28,3.1912296077921586e+27,1.680575335089868e+25,5.873643720219266e+25,1.3836134813408142e+28
iter_0579,1.0563577853225401e+28,3.190862628038089e+27,1.7386583540838609e+25,5.064326075975997e+25,1.382247032556409e+28
iter_0580,1.0501389802763725e+28,3.207842390201039e+27,1.7704931129035413e+25,6.502390017291525e+25,1.3791961024266715e+28
iter_0581,1.0532779461006693e+28,3.152873773622039e+27,1.6166157393059464e+25,5.077727574265352e+25,1.3752596667764442e+28
iter_0582,1.0518847175392293e+28,3.1855141360062725e+27,1.703664446595482e+25,2.9327441959485803e+25,1.3750725397824006e+28
iter_0583,1.060490581955155e+28,3.1991831195170537e+27,1.6504313960816353e+25,5.824377133462618e+25,1.3878837024364045e+28
iter_0584,1.0593406954814903e+28,3.1762364027767856e+27,1.7764439152642188e+25,4.9203156679080915e+25,1.3836610953423414e+28
iter_0585,1.0722024940863874e+28,3.1768553753569624e+27,1.6926752576457497e+25,8.299736624017968e+25,1.3998804435037473e+28
iter_0586,1.0551878656597678e+28,3.1885009319946754e+27,1.6948673409019762e+25,7.814784812144716e+25,1.383547611012282e+28
iter_0587,1.050683694644716e+28,3.208937552009958e+27,1.7354398455517674e+25,5.378559528210529e+25,1.3786914492194743e+28
iter_0588,1.0604392964355727e+28,3.199869697270023e+27,1.7058638337023119e+25,5.976236328864419e+25,1.3881083663251417e+28
iter_0589,1.07067387960545e+28,3.1594119645743937e+27,1.644032819385431e+25,6.141944605784241e+25,1.394401053488059e+28
iter_0590,1.0492160312905252e+28,3.187813754096788e+27,1.629371478210688e+25,5.787166934394724e+25,1.3754139451128093e+28
iter_0591,1.0559864045129781e+28,3.167555601201341e+27,1.66434061629712e+25,6.8657050915899535e+25,1.3812720103409993e+28
iter_0592,1.0592872544831565e+28,3.18982942421602e+27,1.6761902339140749e+25,6.852584056208726e+25,1.3867989711948812e+28
iter_0593,1.0465515927878884e+28,3.167000857429138e+27,1.618897784080799e+25,6.319867378110927e+25,1.3711904436929939e+28
iter_0594,1.050470023351527e+28,3.216191485817634e+27,1.7095249260822755e+25,4.845193722672545e+25,1.3786438905820453e+28
iter_0595,1.0583036375493614e+28,3.178273011225199e+27,1.6406106986402966e+25,5.976719626507943e+25,1.3837482689970295e+28
iter_0596,1.0542823373336512e+28,3.186618745410912e+27,1.6488398591055985e+25,4.982031068799124e+25,1.3795750828026472e+28
iter_0597,1.0466696052873094e+28,3.1766133050427645e+27,1.717591393926387e+25,5.406042667399429e+25,1.3714545698529116e+28
iter_0598,1.0435115806237125e+28,3.1638568968812724e+27,1.6550487401946334e+25,6.223727262917645e+25,1.3677760463149523e+28
iter_0599,1.0601365437919486e+28,3.2020501365107965e+27,1.764051225382175e+25,5.936137531092412e+25,1.388041746199503e+28
iter_0600,1.0639380048587567e+28,3.171214893094411e+27,1.6715493558218808e+25,4.838031903621871e+25,1.3875690754276415e+28
iter_0601,1.0510067495577406e+28,3.153282511724954e+27,1.7030954771711436e+25,3.7813272623741534e+25,1.3718194234697812e+28
iter_0602,1.0563961888772543e+28,3.183540284121102e+27,1.7026681998210393e+25,5.8620500395358635e+25,1.3823149355287212e+28
iter_0603,1.0610524013635103e+28,3.192666008948041e+27,1.6409702946359862e+25,4.460226406804823e+25,1.3864201989597552e+28
iter_0604,1.068448234805999e+28,3.183997237700562e+27,1.6655435824281398e+25,7.683426601626754e+25,1.39619692876011e+28
iter_0605,1.0528805927155851e+28,3.191040962585769e+27,1.7091078038201222e+25,5.285860002468547e+25,1.3789796567804508e+28
iter_0606,1.0517391223734098e+28,3.164106767422679e+27,1.6438641247940628e+25,4.415835061852759e+25,1.3742094983023245e+28
iter_0607,1.0434669160304688e+28,3.1988902272003643e+27,1.7207810449085825e+25,8.036584388850787e+25,1.3731133041842646e+28
iter_0608,1.0505329448138595e+28,3.1823551264686553e+27,1.6423507632942079e+25,5.306560819211846e+25,1.3757173690432312e+28
iter_0609,1.0518381195891599e+28,3.175006981038378e+27,1.6424103092018628e+25,4.7681945379826615e+25,1.3757494225401824e+28
iter_0610,1.0512387927714066e+28,3.1674405979408337e+27,1.6662631511435715e+25,3.995229342454304e+25,1.373644345059088e+28
iter_0611,1.0642478550081503e+28,3.2035290978378355e+27,1.657781932750469e+25,6.94668727246375e+25,1.393205233997148e+28
iter_0612,1.0646829354861568e+28,3.2152957565349494e+27,1.6750380388338252e+25,5.343627988091202e+25,1.3932311771665767e+28
iter_0613,1.0572792167189208e+28,3.2033687795941664e+27,1.749084680263239e+25,4.8986479992524895e+25,1.384263827357853e+28
iter_0614,1.0604452359749869e+28,3.1691202827159764e+27,1.69087186228997e+25,6.72489919546723e+25,1.3857730353043415e+28
iter_0615,1.0552473668046731e+28,3.1923285543806913e+27,1.6265521239493958e+25,4.704011727806367e+25,1.380810786094498e+28
iter_0616,1.0442316386491827e+28,3.1757949388921854e+27,1.6160118317688443e+25,5.7186948853280146e+25,1.3691458392554981e+28
iter_0617,1.065400643883938e+28,3.1888342848308997e+27,1.7800948063095444e+25,7.702930289786541e+25,1.393767097463124e+28
iter_0618,1.051317574158367e+28,3.143120078644073e+27,1.7068059799935278e+25,4.680802560688703e+25,1.3720171905634566e+28
iter_0619,1.0621797316774705e+28,3.202099056632258e+27,1.7179841555449786e+25,6.174831986997864e+25,1.3902824534832392e+28
iter_0620,1.0652910458982884e+28,3.1839693886412244e+27,1.6588305595090625e+25,6.120387685353852e+25,1.3914672030072737e+28
iter_0621,1.04623057074541e+28,3.173087896040903e+27,1.7132446542118176e+25,5.047008750317881e+25,1.3702996137540301e+28
iter_0622,1.0718778347231703e+28,3.207194993145944e+27,1.7293764082312846e+25,5.561364705578664e+25,1.3998880751515745e+28
iter_0623,1.0558792606984598e+28,3.194495446535197e+27,1.622898254928301e+25,7.061313990749336e+25,1.384013017597657e+28
iter_0624,1.0498530965839665e+28,3.159706676943454e+27,1.6819337517934757e+25,6.137253449863568e+25,1.373642951479969e+28
iter_0625,1.056151873121754e+28,3.1757510149354255e+27,1.6858796491907987e+25,5.733304275645421e+25,1.3811461585401326e+28
iter_0626,1.0536956339699273e+28,3.173951973166967e+27,1.6521329485184385e+25,5.116396972382607e+25,1.377859361207525e+28
iter_0627,1.0543472359331464e+28,3.196607877217353e+27,1.7171721765877656e+25,4.103082325795663e+25,1.379828278157265e+28
iter_0628,1.0555953039252562e+28,3.159783242347249e+27,1.67881387219886e+25,6.471526900401802e+25,1.3797239689325818e+28
iter_0629,1.0586468544804148e+28,3.198720252717583e+27,1.6299092142083485e+25,5.087904859718641e+25,1.3852366938261e+28
iter_0630,1.051965621044281e+28,3.157793667109081e+27,1.7153508029467165e+25,4.4186652709432486e+25,1.3738790038290793e+28
iter_0631,1.0641439799704595e+28,3.15458893036315e+27,1.6974899827982473e+25,7.185767200297578e+25,1.3884861301898704e+28
iter_0632,1.0513292964229753e+28,3.184709619012094e+27,1.7091852359382845e+25,6.362063391379806e+25,1.3778715069515027e+28
iter_0633,1.066837956580552e+28,3.1918959450741643e+27,1.6138839122641352e+25,3.671131267378109e+25,1.3913125662676109e+28
iter_0634,1.0480656423681e+28,3.1827815032109536e+27,1.7786309132950716e+25,5.566351428522574e+25,1.373688775031013e+28
iter_0635,1.055989806987178e+28,3.171737453462247e+27,1.757779827087235e+25,6.996578764167417e+25,1.3819179109246573e+28
iter_0636,1.0639547919525738e+28,3.1915019888403077e+27,1.6538080687693708e+25,5.222815474014216e+25,1.3899816143793882e+28
iter_0637,1.0501232848473426e+28,3.158591586819581e+27,1.6850946931178258e+25,5.0445970888912375e+25,1.37271213531131e+28
iter_0638,1.0513666945350396e+28,3.1741242907493973e+27,1.6560195186441882e+25,4.961087408514143e+25,1.3753962305371376e+28
iter_0639,1.0565014812113939e+28,3.2072049692617623e+27,1.6519084760259925e+25,5.059003592871575e+25,1.3839328902064677e+28
iter_0640,1.0494035563580538e+28,3.184657345240376e+27,1.7604163215401612e+25,6.294775864529896e+25,1.3759244830681613e+28
iter_0641,1.0514964985481934e+28,3.146164334854595e+27,1.6526782945731443e+25,6.95407313593293e+25,1.3747196834641588e+28
iter_0642,1.0541271092654533e+28,3.15665554961018e+27,1.6585919254238142e+25,6.5231953811168105e+25,1.377974451533012e+28
iter_0643,1.053183996971651e+28,3.184634103701716e+27,1.7305890094160473e+25,5.793997452213774e+25,1.3791719938034524e+28
iter_0644,1.059303245497915e+28,3.1779303284141646e+27,1.7151670673332135e+25,3.890765525851269e+25,1.3827022109325158e+28
iter_0645,1.0459206289807206e+28,3.169961209198419e+27,1.7176960656703236e+25,6.575583076401889e+25,1.3712100290426348e+28
iter_0646,1.0590299588244223e+28,3.201488561578219e+27,1.799660124012929e+25,5.912030239444294e+25,1.3868905053457016e+28
iter_0647,1.0614303388502897e+28,3.180011458756688e+27,1.7162506550675438e+25,6.496965206857634e+25,1.3876447005878835e+28
iter_0648,1.0519146564024542e+28,3.150266010598942e+27,1.6287961221824978e+25,5.425489701691062e+25,1.3739955432862218e+28
iter_0649,1.049715129579015e+28,3.194104708930461e+27,1.6740240033406704e+25,3.4183142822646455e+25,1.3742179387576664e+28
iter_0650,1.043320298443411e+28,3.190273956602041e+27,1.6671116706109466e+25,5.800750613999883e+25,1.369815556388226e+28
iter_0651,1.0544380896516949e+28,3.175167935457295e+27,1.7555716026631918e+25,3.2600934544778567e+25,1.3769705482545653e+28
iter_0652,1.0649818358953457e+28,3.1838295806531865e+27,1.6893226886773976e+25,5.351504347570697e+25,1.3904056209969125e+28
iter_0653,1.0497007721296795e+28,3.170370991880323e+27,1.6172934276048522e+25,5.287095774268483e+25,1.3736422605195853e+28
iter_0654,1.0587061860862885e+28,3.1823119705564664e+27,1.7545046319653879e+25,4.817874853464768e+25,1.3835097626273651e+28
iter_0655,1.0592605876002426e+28,3.1711573685400333e+27,1.7447718163856894e+25,7.156074048288798e+25,1.3852771703189206e+28
iter_0656,1.0511115115825096e+28,3.1684865107858636e+27,1.7254358830547622e+25,5.620427163232997e+25,1.3753060257073838e+28
iter_0657,1.0580913910067723e+28,3.165050762277578e+27,1.7160618904930218e+25,4.843395786573793e+25,1.3811559249115968e+28
iter_0658,1.0589645554324416e+28,3.1464721919608103e+27,1.7070009590295162e+25,5.434618870582339e+25,1.3807533944581343e+28
iter_0659,1.0471079938864476e+28,3.184476988075874e+27,1.5970838739509333e+25,5.390852955556772e+25,1.3725436295235427e+28
iter_0660,1.0605422394233408e+28,3.175014648359179e+27,1.8144982362978803e+25,6.119475834122044e+25,1.3859776783296785e+28
iter_0661,1.0634808430917568e+28,3.199862100409506e+27,1.7300452309464995e+25,6.348631557551375e+25,1.3915457299212053e+28
iter_0662,1.0571974712178883e+28,3.182934764269427e+27,1.671210595170059e+25,3.988581213884774e+25,1.3811507394538858e+28
iter_0663,1.0613039072392003e+28,3.180662485720878e+27,1.6113346810516923e+25,5.698065785149095e+25,1.3866795562774889e+28
iter_0664,1.0442121962500561e+28,3.149743755546988e+27,1.6336287535332408e+25,6.19298122898851e+25,1.3670131817872767e+28
iter_0665,1.0456199879833063e+28,3.20734672299433e+27,1.7112444327625835e+25,7.721058939573099e+25,1.3757869636550751e+28
iter_0666,1.0624902996535843e+28,3.1864461893851955e+27,1.7348832149849722e+25,5.451286456672635e+25,1.3883210882637613e+28
iter_0667,1.05925956537162e+28,3.198447253898706e+27,1.7228677357993948e+25,6.3848185431448715e+25,1.3872119770404348e+28
iter_0668,1.056830252395805e+28,3.192606743655371e+27,1.6705255422117817e+25,4.329725914886999e+25,1.3820911782184408e+28
iter_0669,1.0370425402132727e+28,3.196672339503738e+27,1.6998243954508911e+25,6.963360157256371e+25,1.3653729587163537e+28
iter_0670,1.0610220265416382e+28,3.1803870902693264e+27,1.7229357123862696e+25,6.0176129024010705e+25,1.3868012841833581e+28
iter_0671,1.0664599151433889e+28,3.187599176739921e+27,1.5786352471885267e+25,3.297716600119336e+25,1.3900961846646889e+28
iter_0672,1.060854099992512e+28,3.175415720564958e+27,1.6822076391313055e+25,6.706826404309903e+25,1.3867847060924487e+28
iter_0673,1.0534707145531773e+28,3.16981574864917e+27,1.6504094916217328e+25,4.985916780212075e+25,1.3770886156899282e+28
iter_0674,1.0500717577945927e+28,3.204065263967125e+27,1.6252096100956836e+25,4.092770634404809e+25,1.3761962644358057e+28
iter_0675,1.0546958583072822e+28,3.159031537185419e+27,1.7137913416314011e+25,5.1611282038589775e+25,1.3774739315713145e+28
iter_0676,1.0553448245880863e+28,3.192133355145205e+27,1.6813387451437849e+25,7.186976573990102e+25,1.3834264754217406e+28
iter_0677,1.0604279254836443e+28,3.2014365834896516e+27,1.5923093984097065e+25,6.11486664954044e+25,1.3882787598805596e+28
iter_0678,1.050249970744003e+28,3.181088629585623e+27,1.6613311499553423e+25,5.227134678061026e+25,1.3752472995305816e+28
iter_0679,1.0526259021403896e+28,3.205002424859326e+27,1.67026118297163e+25,4.49273034035045e+25,1.3792891361496441e+28
iter_0680,1.0587225487451347e+28,3.1952072247497373e+27,1.6827857670330808e+25,5.2144760424931725e+25,1.3851405330296346e+28
iter_0681,1.0555687544090928e+28,3.163574822988654e+27,1.5750147974306067e+25,5.368056042228059e+25,1.3788693075476168e+28
iter_0682,1.057270474759627e+28,3.2103697630768275e+27,1.6600761327613272e+25,5.50006413298774e+25,1.3854675913330589e+28
iter_0683,1.050225482932151e+28,3.169449190220987e+27,1.7191212364195324e+25,5.2536095475130165e+25,1.3741431327381822e+28
iter_0684,1.0525425807889776e+28,3.1504610903410785e+27,1.6337811254374635e+25,3.6312352439882815e+25,1.3728537061925112e+28
iter_0685,1.0429764345344456e+28,3.179613500685814e+27,1.7277659626889911e+25,5.910926810537688e+25,1.3685764773762536e+28
iter_0686,1.057486505309084e+28,3.1771695346994055e+27,1.6049641967177622e+25,6.346306775365956e+25,1.3831547297511083e+28
iter_0687,1.0590368506883034e+28,3.1916306418731367e+27,1.699997002146555e+25,6.9684087705657685e+25,1.3868683206483294e+28
iter_0688,1.0577697793119088e+28,3.17416576524524e+27,1.7038100774977437e+25,5.2753482616268005e+25,1.3821655141755574e+28
iter_0689,1.05250117887241e+28,3.189776639507468e+27,1.7191624363940914e+25,5.598219393723208e+25,1.3787962246532742e+28
iter_0690,1.0514547810791266e+28,3.2127368594282024e+27,1.7080064414482707e+25,5.989363693571799e+25,1.3804258371569667e+28
iter_0691,1.0604134723451668e+28,3.1530707544931183e+27,1.6646076191328572e+25,4.659227222360148e+25,1.3820443826359717e+28
iter_0692,1.0461085189681495e+28,3.1765501296354993e+27,1.6308581584769934e+25,3.964169195835626e+25,1.3693585592860123e+28
iter_0693,1.0486708684970646e+28,3.188728378167463e+27,1.657187226818497e+25,6.9985771010117e+25,1.376199470641641e+28
iter_0694,1.0556739844294919e+28,3.1830543524020976e+27,1.7825730732396438e+25,4.945205166108654e+25,1.3807071979090502e+28
iter_0695,1.0445893049383064e+28,3.215058020506745e+27,1.6873397226817383e+25,5.474719228910193e+25,1.3732571659405727e+28
iter_0696,1.0504332741143059e+28,3.160071039820743e+27,1.6913713209897074e+25,6.118232561900717e+25,1.3742499819792707e+28
iter_0697,1.0575528875556225e+28,3.17511537984528e+27,1.7106831018615813e+25,6.014823825290558e+25,1.3827899324673026e+28
iter_0698,1.0622702926439354e+28,3.174770180245595e+27,1.6784570870472586e+25,7.196008716594742e+25,1.388621776472137e+28
iter_0699,1.0552607310348962e+28,3.1871510167834584e+27,1.7018468646366521e+25,4.996966536772786e+25,1.3806746461146515e+28
iter_0700,1.0546738247230017e+28,3.1614088497015183e+27,1.7551590528933848e+25,4.721321154609515e+25,1.3772911899006564e+28
iter_0701,1.0562974866061895e+28,3.1509291497773475e+27,1.6400910642349852e+25,4.531325437189741e+25,1.377561818085349e+28
iter_0702,1.0540650332547336e+28,3.1869872197104506e+27,1.7425038491423324e+25,4.937391073538547e+25,1.3794436501484594e+28
iter_0703,1.047651357726552e+28,3.1648964696938296e+27,1.7031141227752738e+25,7.555422832621166e+25,1.3733995416513314e+28
iter_0704,1.0423179274889528e+28,3.1631372397255703e+27,1.6528839252818262e+25,7.2309982547105204e+25,1.3675155336415021e+28
iter_0705,1.0458403879802086e+28,3.1992824109142064e+27,1.6991654324442785e+25,5.89416767139464e+25,1.3733619621754682e+28
iter_0706,1.059520054902133e+28,3.1941707500373246e+27,1.6828421993519006e+25,4.772121487954822e+25,1.3853920935931722e+28
iter_0707,1.0545660356499965e+28,3.208466314323317e+27,1.6576588402592806e+25,6.170222764628561e+25,1.383240548687216e+28
iter_0708,1.0465674221371092e+28,3.1735574208408773e+27,1.6544951997439271e+25,3.5254551133066693e+25,1.3691031145342472e+28
iter_0709,1.060933244496719e+28,3.1881113172840473e+27,1.7303666246991895e+25,3.3925637276801474e+25,1.3848673065775031e+28
iter_0710,1.0664179952733392e+28,3.183178815199482e+27,1.7404816958687469e+25,6.566577253491994e+25,1.3930429357426481e+28
iter_0711,1.0478106959428254e+28,3.2001438968795503e+27,1.6791997192675781e+25,8.397270281413958e+25,1.377901555631462e+28
iter_0712,1.0504251147076807e+28,3.178488737672683e+27,1.7931549469482908e+25,5.686887439486712e+25,1.375754030861384e+28
iter_0713,1.0596671885483028e+28,3.2029579892534644e+27,1.6997865526118416e+25,6.329780192311426e+25,1.3879925542185726e+28
iter_0714,1.0627287179994499e+28,3.1751999511391445e+27,1.7225425611342934e+25,5.041696801218287e+25,1.3870129524757169e+28
iter_0715,1.0600688946898628e+28,3.17421262411341e+27,1.620410881647297e+25,4.738290920269754e+25,1.383848858903121e+28
iter_0716,1.0603024727949463e+28,3.1568096802277457e+27,1.6838441137987102e+25,3.1830262466868423e+25,1.3808503111782062e+28
iter_0717,1.0623789413836736e+28,3.1644624319698484e+27,1.779296356796615e+25,3.796359694897686e+25,1.3844008406323527e+28
iter_0718,1.0599864668775854e+28,3.186635854601953e+27,1.6807540211467201e+25,4.9404757274545025e+25,1.3852712820863818e+28
iter_0719,1.041852965926714e+28,3.2039195095324356e+27,1.7085612724024822e+25,4.889061068147524e+25,1.3688425392205074e+28
iter_0720,1.063626533597168e+28,3.1904212265917626e+27,1.7088735243246264e+25,5.857899440444117e+25,1.390235429221113e+28
iter_0721,1.05617133472569e+28,3.179603457857445e+27,1.6963919646656276e+25,4.966585116516847e+25,1.380794657592617e+28
iter_0722,1.0586837595316004e+28,3.1952723799159576e+27,1.6964904803060235e+25,5.442870073968452e+25,1.3853503580774707e+28
iter_0723,1.0571455203208013e+28,3.21724469444482e+27,1.6655669661244072e+25,6.893625525449987e+25,1.3874291822568576e+28
iter_0724,1.0578737324568585e+28,3.169186757663036e+27,1.6956718027158088e+25,6.064938623019081e+25,1.382553018648897e+28
iter_0725,1.0429601295758295e+28,3.184030316699264e+27,1.6655827551701789e+25,6.386330382998441e+25,1.3694150743839246e+28
iter_0726,1.0606527919190196e+28,3.199854578429208e+27,1.6561714164660418e+25,4.117329322936392e+25,1.3864117505013428e+28
iter_0727,1.0468574153170768e+28,3.1774520376866375e+27,1.6806044532429273e+25,6.698938959632777e+25,1.3729821624986162e+28
iter_0728,1.0522355676126203e+28,3.190791349612034e+27,1.734971973854886e+25,7.660970452205241e+25,1.380710644999884e+28
iter_0729,1.04787439682366e+28,3.2040490109652245e+27,1.6275181565659487e+25,4.468527390620927e+25,1.3743753434673695e+28
iter_0730,1.0547928941744486e+28,3.197256824730376e+27,1.6934005215156204e+25,4.976737271323837e+25,1.3811887144403255e+28
iter_0731,1.0558625756064965e+28,3.1735030656387545e+27,1.6304244242222227e+25,8.226505381909915e+25,1.383069811976504e+28
iter_0732,1.060524047340675e+28,3.2280157173466407e+27,1.7158940965302199e+25,5.676346098139958e+25,1.3907178592700092e+28
iter_0733,1.0586323353371586e+28,3.18368539322182e+27,1.8037359770228166e+25,6.85170417922701e+25,1.3856563148155904e+28
iter_0734,1.0614799793954403e+28,3.1979004653237605e+27,1.7176609048633762e+25,6.748337303238335e+25,1.389736024135918e+28
iter_0735,1.0536191402066592e+28,3.1884658448855863e+27,1.658807029665811e+25,6.782247196197204e+25,1.3809067789210809e+28
iter_0736,1.0465717565178968e+28,3.180621907479186e+27,1.7240528315958216e+25,4.451463793250406e+25,1.3708094638906615e+28
iter_0737,1.059293514767821e+28,3.1626276968011854e+27,1.718807301208517e+25,5.02341516091035e+25,1.3822985069100585e+28
iter_0738,1.0563527225232156e+28,3.185230944559332e+27,1.6070305139296124e+25,5.131127055198853e+25,1.3816139745482772e+28
iter_0739,1.061859402655015e+28,3.184594303770509e+27,1.6463542024904376e+25,4.651881932262797e+25,1.3866170691668192e+28
iter_0740,1.0511616985455673e+28,3.1895081608563534e+27,1.7560877817129004e+25,5.298309493460088e+25,1.3771669119063756e+28
iter_0741,1.056889455305327e+28,3.184486211680333e+27,1.7191469606751733e+25,4.853899939430566e+25,1.381911123373466e+28
iter_0742,1.0538968670649772e+28,3.184261436030141e+27,1.6657730364826227e+25,3.3421119633088738e+25,1.377330895667783e+28
iter_0743,1.0606898058116977e+28,3.1800971877062295e+27,1.5746554559661287e+25,4.1867266751057806e+25,1.3844609067133924e+28
iter_0744,1.0555518410270018e+28,3.1857929776702334e+27,1.720536725081006e+25,5.619132667803077e+25,1.3814708081869093e+28
iter_0745,1.059365412273614e+28,3.178314611265393e+27,1.6860696394024835e+25,4.185708770672846e+25,1.3830686518102286e+28
iter_0746,1.0664159596197205e+28,3.1840055401482105e+27,1.6518336163564569e+25,5.777698475114264e+25,1.3922460457260123e+28
iter_0747,1.0640590088455824e+28,3.1850622903703706e+27,1.6346794831053064e+25,5.839600218847946e+25,1.3900395175845727e+28
iter_0748,1.067476766728211e+28,3.207754753084328e+27,1.6646533882517664e+25,5.084324734681391e+25,1.3950012201595771e+28
iter_0749,1.0397988987609597e+28,3.2027518363879876e+27,1.6759751254634615e+25,5.071326627130983e+25,1.3668213841523527e+28
iter_0750,1.0487571576913876e+28,3.19421102911606e+27,1.7610317150562029e+25,5.685050835495673e+25,1.3756243431535453e+28
iter_0751,1.0601431454962034e+28,3.1975901859300324e+27,1.6117513211811326e+25,6.165660499229263e+25,1.387679575909617e+28
iter_0752,1.0496118704681537e+28,3.175568849420607e+27,1.695018638667173e+25,5.360507945743182e+25,1.3742242819946249e+28
iter_0753,1.055687978137291e+28,3.1864726861853825e+27,1.6815357451463736e+25,5.18557552530086e+25,1.3812023580262765e+28
iter_0754,1.0562464783458542e+28,3.205732948580077e+27,1.7336007720760291e+25,5.959658556989448e+25,1.3845130325329275e+28
iter_0755,1.0661224779965897e+28,3.1798194342912244e+27,1.6820574238660011e+25,3.96620190266686e+25,1.389752680752245e+28
iter_0756,1.035939782304812e+28,3.1934934660417386e+27,1.706282549055294e+25,5.384281656502169e+25,1.3623796931145432e+28
iter_0757,1.0570339217967136e+28,3.18620838629524e+27,1.6432018794138263e+25,4.878292489876967e+25,1.3821762547955284e+28
iter_0758,1.0469188305496266e+28,3.192087208514219e+27,1.6159461074297949e+25,6.528438873775589e+25,1.3742719363822539e+28
iter_0759,1.0575256013266358e+28,3.1688163348554335e+27,1.653867806560781e+25,5.450549155064642e+25,1.3815116517738045e+28
iter_0760,1.0503683059445096e+28,3.184864534024496e+27,1.6764717180063548e+25,6.00653773760428e+25,1.3765377688025697e+28
iter_0761,1.062560438354498e+28,3.203846228276768e+27,1.669609100251717e+25,6.9940095844790136e+25,1.3916086798669055e+28
iter_0762,1.058886727261467e+28,3.2036987649332756e+27,1.6519396261427554e+25,3.7464136104227678e+25,1.38465495699136e+28
iter_0763,1.0613172468307783e+28,3.1967387949864887e+27,1.676358528151307e+25,7.081018982881184e+25,1.3897485038404596e+28
iter_0764,1.0484762341588173e+28,3.1724095925132515e+27,1.6326625634140466e+25,5.927040667673462e+25,1.3732768966412297e+28
iter_0765,1.050141157261295e+28,3.161827846009901e+27,1.5989133875619188e+25,6.9878255931261285e+25,1.3749106808429732e+28
iter_0766,1.0589053966301463e+28,3.189094689343297e+27,1.7954206262363012e+25,6.138033692727069e+25,1.3857483198834395e+28
iter_0767,1.0522849035421724e+28,3.179652577064074e+27,1.7121272440077464e+25,6.735590337827787e+25,1.3786978788304152e+28
iter_0768,1.0502537702519388e+28,3.1782528455714143e+27,1.7397069890207033e+25,7.071654465673164e+25,1.376890416263774e+28
iter_0769,1.050822318496901e+28,3.1885339748795695e+27,1.7426840665993854e+25,6.9753546757536036e+25,1.378393754727211e+28
iter_0770,1.0498836743559926e+28,3.169836465489445e+27,1.6510785694731025e+25,5.311525706020798e+25,1.373829925180431e+28
iter_0771,1.04991375600917e+28,3.215109690251877e+27,1.6612475399535294e+25,5.04908476602677e+25,1.378135057340338e+28
iter_0772,1.049328521242298e+28,3.186594756140357e+27,1.6473466095245048e+25,4.6023954598439055e+25,1.3742377389257023e+28
iter_0773,1.0584880973025784e+28,3.1953054523862346e+27,1.680565752359484e+25,6.076097150126077e+25,1.3857753054436874e+28
iter_0774,1.061289283203005e+28,3.1686687573792323e+27,1.6959901996040668e+25,4.8921850609683175e+25,1.3847443342015008e+28
iter_0775,1.0671716053322995e+28,3.1578405056595353e+27,1.7213852113926297e+25,6.313459686778656e+25,1.3909905007964243e+28
iter_0776,1.0537732427874241e+28,3.187324596165084e+27,1.6713621811129216e+25,5.765262074014721e+25,1.3799423266590601e+28
iter_0777,1.0617322368797003e+28,3.178119732584821e+27,1.7854498914931998e+25,4.769860617042942e+25,1.3860995206467187e+28
iter_0778,1.0577453811740417e+28,3.188515715650431e+27,1.5979021600830004e+25,4.067319447192706e+25,1.3822621743463606e+28
iter_0779,1.049703160757539e+28,3.1458883730826526e+27,1.6882568233828295e+25,5.320866635523049e+25,1.37130112152471e+28
iter_0780,1.0486683037671823e+28,3.1971188334365904e+27,1.6509823471308604e+25,5.6398677374352085e+25,1.3756710371954075e+28
iter_0781,1.0605538097178103e+28,3.1560427793355713e+27,1.6344810720222783e+25,7.768104985856834e+25,1.3855606737092464e+28
iter_0782,1.0478543961987532e+28,3.1789244538686493e+27,1.598030211105912e+25,5.807886856068472e+25,1.3731527586527927e+28
iter_0783,1.0532259740610336e+28,3.18721436986021e+27,1.6822728504995121e+25,6.899087651087475e+25,1.3805287715486416e+28
iter_0784,1.0446554297755502e+28,3.180105596483314e+27,1.7234781948885678e+25,6.452878564575013e+25,1.3708423461833452e+28
iter_0785,1.0681176304793588e+28,3.1608463745215323e+27,1.6608237253853412e+25,5.916425809388701e+25,1.391779517466286e+28
iter_0786,1.048445015878851e+28,3.1764458349619074e+27,1.6907445863734657e+25,8.475655566871688e+25,1.376255999528287e+28
iter_0787,1.051846773524975e+28,3.180106000757025e+27,1.667317253790828e+25,5.116241564719461e+25,1.376640932419188e+28
iter_0788,1.0708482504028486e+28,3.222158828929436e+27,1.7701918087837302e+25,4.782620595254994e+25,1.399616945699831e+28
iter_0789,1.054426601564657e+28,3.163949505426352e+27,1.5511333173061384e+25,7.467082030825641e+25,1.379839767455424e+28
iter_0790,1.0632714553612785e+28,3.165720203856003e+27,1.6531967206343225e+25,7.311781039090627e+25,1.3888084535066037e+28
iter_0791,1.0535920784869685e+28,3.194175333917976e+27,1.648718901553897e+25,4.900970325607684e+25,1.379559301105928e+28
iter_0792,1.0546519970279784e+28,3.173273245327782e+27,1.623219158726805e+25,6.496764534830831e+25,1.3800993052543145e+28
iter_0793,1.0520630589598493e+28,3.155569411204647e+27,1.6338683149796388e+25,4.144857991297722e+25,1.3733987263865912e+28
iter_0794,1.0411448424408834e+28,3.1763296932119807e+27,1.6518219990982446e+25,5.072116818455548e+25,1.3655017505796352e+28
iter_0795,1.0390143528826236e+28,3.208659692741974e+27,1.7435308109882635e+25,6.897969469835293e+25,1.3685218224376446e+28
iter_0796,1.061804876096927e+28,3.188138095168189e+27,1.6606812544839247e+25,4.78004038507634e+25,1.3870594072533063e+28
iter_0797,1.0452326045634078e+28,3.1894451006629986e+27,1.677581117723927e+25,6.41124215024505e+25,1.3722659378976766e+28
iter_0798,1.0501181893406275e+28,3.1873680036389363e+27,1.7343368051583405e+25,5.783842878477022e+25,1.3763731693881565e+28
iter_0799,1.0573440803174262e+28,3.171391945843945e+27,1.7782959051984584e+25,4.069081600287687e+25,1.3803306524073068e+28
iter_0800,1.0480598128841744e+28,3.1651394352330694e+27,1.6515424462020641e+25,4.904216425119665e+25,1.3711295152788032e+28
iter_0801,1.0671874531771007e+28,3.2200850271965354e+27,1.7206534392223157e+25,6.824627711347854e+25,1.3977412370473243e+28
iter_0802,1.0622060251914719e+28,3.176193501525687e+27,1.6028190774017185e+25,4.350320995180836e+25,1.3857785154166233e+28
iter_0803,1.0551620974522692e+28,3.194179472454483e+27,1.6761479289090735e+25,4.144232394081789e+25,1.3804004250207084e+28
iter_0804,1.0602152104088894e+28,3.1405584010693106e+27,1.710048323673856e+25,7.147867729151172e+25,1.3831289665686452e+28
iter_0805,1.0519810350207865e+28,3.195731745053964e+27,1.7375489599510749e+25,5.392945212362986e+25,1.378684703698497e+28
iter_0806,1.0519429500415647e+28,3.188400240773832e+27,1.704745008497513e+25,4.45166008577361e+25,1.376939379213219e+28
iter_0807,1.0609231120820245e+28,3.161213597079954e+27,1.7739451237314594e+25,5.348776126833732e+25,1.384167193040585e+28
iter_0808,1.0619041514944715e+28,3.191625942448264e+27,1.6712146407725215e+25,5.418829248355215e+25,1.3881567896284256e+28
iter_0809,1.0482426565638456e+28,3.171617993264856e+27,1.7234714705215819e+25,4.917296774000124e+25,1.372045224134853e+28
iter_0810,1.056511121724236e+28,3.1615821121099395e+27,1.6684307134456214e+25,5.842634696060362e+25,1.380180398344736e+28
iter_0811,1.0455349463862375e+28,3.1827224618811863e+27,1.698019642106979e+25,4.4396900807013675e+25,1.3699449022971646e+28
iter_0812,1.0555594269606051e+28,3.1715640564501025e+27,1.7184947206237222e+25,3.70530999001741e+25,1.3781396373162565e+28
iter_0813,1.0477324165892776e+28,3.1969413392600253e+27,1.7274231636378522e+25,6.757797129424774e+25,1.3759117708083427e+28
iter_0814,1.0596555302313487e+28,3.1477055990362845e+27,1.6671723582764777e+25,6.019474884035015e+25,1.3821127373772886e+28
iter_0815,1.0655718428562572e+28,3.193428028298352e+27,1.711249805218578e+25,6.885690922424533e+25,1.3935115864137354e+28
iter_0816,1.0477883310570147e+28,3.1495131393284834e+27,1.6685607699177816e+25,7.051965912324398e+25,1.3714601716721053e+28
iter_0817,1.0632759655809698e+28,3.1625932180328255e+27,1.695338449573762e+25,7.259653585354918e+25,1.388490279419181e+28
iter_0818,1.0649215797477171e+28,3.178436378620234e+27,1.6284932986829693e+25,5.761366724261381e+25,1.3901550776326848e+28
iter_0819,1.059396735874811e+28,3.167912878609728e+27,1.6683016748682657e+25,4.491696915660113e+25,1.382348022326312e+28
iter_0820,1.0563682529454275e+28,3.1813267073391973e+27,1.6701645843326194e+25,5.336389752130831e+25,1.381507478015811e+28
iter_0821,1.0504023793856201e+28,3.198198724501983e+27,1.7174224300032287e+25,5.67838237207179e+25,1.3776180566378934e+28
iter_0822,1.0564450888875767e+28,3.1896864181842394e+27,1.670708315680907e+25,5.304825424872623e+25,1.3823892644465542e+28
iter_0823,1.0531252454233232e+28,3.197595812651065e+27,1.6879842114950616e+25,4.8359440301812295e+25,1.379408754930106e+28
iter_0824,1.0499132280551084e+28,3.17412347958108e+27,1.634416007217346e+25,5.038718554279114e+25,1.3739987105747128e+28
iter_0825,1.0477999113815656e+28,3.1983154191257907e+27,1.700417568405966e+25,6.2797495015393095e+25,1.3756116203640898e+28
iter_0826,1.0619332724353744e+28,3.1996618804059794e+27,1.7327645260209864e+25,4.368480913887185e+25,1.3880007059158805e+28
iter_0827,1.0541523835374525e+28,3.185992215378439e+27,1.743823745093341e+25,5.355050784008e+25,1.3798504796043976e+28
iter_0828,1.064533749339004e+28,3.2060945498211e+27,1.7112244233624997e+25,5.543940061367893e+25,1.3923983688058444e+28
iter_0829,1.0578676914078623e+28,3.178901239787125e+27,1.6388503359701804e+25,6.476186458593427e+25,1.3838728521811383e+28
iter_0830,1.0571927159022516e+28,3.1637057674643906e+27,1.644358536590177e+25,5.35725212737451e+25,1.3805649033126554e+28
iter_0831,1.0613706739867805e+28,3.1956656143740164e+27,1.6828064757462198e+25,7.001777188965007e+25,1.3896218190888935e+28
iter_0832,1.0624250289972835e+28,3.1672867229063533e+27,1.7147606319416757e+25,6.722102725247461e+25,1.3875905646451082e+28
iter_0833,1.0593258879145957e+28,3.1847391130525737e+27,1.6912131104121918e+25,6.068715390523814e+25,1.385559727720789e+28
iter_0834,1.0619519522963212e+28,3.189358101127509e+27,1.6894819576272564e+25,6.175418648516122e+25,1.3887526630152156e+28
iter_0835,1.052777053276144e+28,3.211758847264293e+27,1.606905775109967e+25,5.944808568038625e+25,1.3815046523457219e+28
iter_0836,1.0613168274838367e+28,3.2033769026563537e+27,1.6645379218272554e+25,5.828911142093577e+25,1.389147966813393e+28
iter_0837,1.0530435130816633e+28,3.165988644192116e+27,1.6819202134481042e+25,4.968337008308958e+25,1.376292634722632e+28
iter_0838,1.044507512282961e+28,3.1922615074709797e+27,1.7154130106920966e+25,5.716727556729031e+25,1.37116580359748e+28
iter_0839,1.0381111453628067e+28,3.151604953707083e+27,1.6703750198333907e+25,7.048371853573469e+25,1.3619903876069222e+28
iter_0840,1.0524585862638626e+28,3.193273667211235e+27,1.6601955554159128e+25,6.196872060719277e+25,1.3796430206011212e+28
iter_0841,1.0507610774379807e+28,3.1914270013250874e+27,1.648335916125433e+25,5.7721140894736424e+25,1.3773242275760886e+28
iter_0842,1.051058338806683e+28,3.1850087386694805e+27,1.6871266097952027e+25,4.292027764713023e+25,1.3755383670481394e+28
iter_0843,1.0641893699629832e+28,3.1855293546837987e+27,1.7189820831885596e+25,5.745619051162221e+25,1.3902069065657138e+28
iter_0844,1.0510246236324803e+28,3.203818272798874e+27,1.6093249677061508e+25,5.85929155764437e+25,1.3788750674377182e+28
iter_0845,1.0491890302791481e+28,3.193725181637603e+27,1.729381609617034e+25,6.024323584993792e+25,1.3763152536375194e+28
iter_0846,1.0576410881376257e+28,3.1862535022666896e+27,1.673751451782372e+25,5.646743879193243e+25,1.3835869336952704e+28
iter_0847,1.0588061084771416e+28,3.1839551822128716e+27,1.7760305256812072e+25,5.48819364462239e+25,1.3844658508687325e+28
iter_0848,1.0553937202500416e+28,3.2112031144450224e+27,1.672834461534103e+25,3.440344012760861e+25,1.3816272101688387e+28
iter_0849,1.0559770025270992e+28,3.1855148847065395e+27,1.670827634624951e+25,4.918652844732757e+25,1.381117971477111e+28
iter_0850,1.0697237299933618e+28,3.2003275862726587e+27,1.6839759613076719e+25,4.021810178455414e+25,1.3954622747603907e+28
iter_0851,1.051903099270982e+28,3.194132044897787e+27,1.7119881939903792e+25,5.970776493738872e+25,1.37899906844849e+28
iter_0852,1.0561283366720924e+28,3.179198108663507e+27,1.6227908616501276e+25,5.283453131164385e+25,1.3809543915312577e+28
iter_0853,1.0642408508825216e+28,3.192723957382536e+27,1.732878933358092e+25,7.37735678864381e+25,1.392623482342777e+28
iter_0854,1.0615829398746674e+28,3.2127275139685626e+27,1.6795121397060675e+25,6.194575594331696e+25,1.3907297790055613e+28
iter_0855,1.0676041077312885e+28,3.1877766624995266e+27,1.7227917635481595e+25,5.005424849683959e+25,1.3931099905944733e+28
iter_0856,1.0626622788913598e+28,3.15204238860341e+27,1.6514637548060665e+25,9.437230866674972e+25,1.388955212373182e+28
iter_0857,1.0600951293629476e+28,3.164718735656406e+27,1.7202137547211312e+25,6.435808821667595e+25,1.384723025504977e+28
iter_0858,1.0506599223974296e+28,3.17921100380727e+27,1.6744919326299674e+25,4.4481915531158785e+25,1.3747037062639026e+28
iter_0859,1.0643740566040242e+28,3.1876254206041546e+27,1.75295869569675e+25,8.020978767803868e+25,1.3929105361279402e+28
iter_0860,1.0422501657214672e+28,3.141505201360519e+27,1.7360867152522423e+25,7.013926254858315e+25,1.3651506988276294e+28
iter_0861,1.0722464342049422e+28,3.154808702926264e+27,1.6924170699115334e+25,4.708541819383969e+25,1.394128263386864e+28
iter_0862,1.0642603392381607e+28,3.202292759518293e+27,1.685051962848752e+25,6.70110060775038e+25,1.3928757677605893e+28
iter_0863,1.0563597092791107e+28,3.16097652757206e+27,1.7361489288082185e+25,3.217375045090016e+25,1.3774108860102148e+28
iter_0864,1.0525304142990796e+28,3.16848641955113e+27,1.684241922020365e+25,3.5009689466798193e+25,1.3745642671228927e+28
iter_0865,1.0613435597826352e+28,3.1671821103121837e+27,1.6442779925509625e+25,6.435476886789054e+25,1.3861415256931938e+28
iter_0866,1.0599855421338905e+28,3.1996586402561135e+27,1.7505640832189752e+25,4.523855741894376e+25,1.3862258259846153e+28
iter_0867,1.0618853107366382e+28,3.169526392544412e+27,1.5942640647152314e+25,5.7640119625103575e+25,1.3861962260183049e+28
iter_0868,1.0540886119563438e+28,3.172752105157492e+27,1.6306559363953752e+25,4.909822234291984e+25,1.3779043006427804e+28
iter_0869,1.0639325283938233e+28,3.181773144075242e+27,1.7217203965146666e+25,7.270693703072009e+25,1.391102256900934e+28
iter_0870,1.0661436117817288e+28,3.1518657455953517e+27,1.7247688687789335e+25,5.5472162918519705e+25,1.3886021715018948e+28
iter_0871,1.058439742861318e+28,3.184743957442102e+27,1.7082849792272134e+25,6.207578883182465e+25,1.3848300024679378e+28
iter_0872,1.0535790100319032e+28,3.1778495337325955e+27,1.7403145968125082e+25,6.141072314654575e+25,1.3792453503166299e+28
iter_0873,1.0686341580973628e+28,3.1633381014744083e+27,1.706878303737067e+25,4.784149240603181e+25,1.3914589957891439e+28
iter_0874,1.0647921853230374e+28,3.1439865845997436e+27,1.6515613047770309e+25,2.4796115467028114e+25,1.3833220166344916e+28
iter_0875,1.0551647571506585e+28,3.1680380821637925e+27,1.6758583739823375e+25,5.3618330948827805e+25,1.379006256835903e+28
iter_0876,1.0541747586041904e+28,3.166851640697922e+27,1.6697752971245883e+25,4.062403625540617e+25,1.3765921015966479e+28
iter_0877,1.0557629591110612e+28,3.1728144800686294e+27,1.6391548956398155e+25,6.105118156835412e+25,1.3807886801703994e+28
iter_0878,1.0502428878804067e+28,3.190258586179917e+27,1.6587718068140784e+25,6.72589442788572e+25,1.3776534127330985e+28
iter_0879,1.0508132159219503e+28,3.1783675560254825e+27,1.5753988027673175e+25,4.8791756789249395e+25,1.3751045460061906e+28
iter_0880,1.0624327946839874e+28,3.177765891461083e+27,1.5643974783746322e+25,5.249410306208387e+25,1.3870231916146788e+28
iter_0881,1.0543912402844828e+28,3.1627939836453717e+27,1.5930245700089e+25,5.953493616981791e+25,1.3782171568360107e+28
iter_0882,1.0524597501072066e+28,3.175308938280369e+27,1.683882707961e+25,4.914783455777564e+25,1.3765893100989821e+28
iter_0883,1.0552062648715407e+28,3.184806371141063e+27,1.6671165155562257e+25,7.18103658959544e+25,1.3825350550907986e+28
iter_0884,1.0558266431333743e+28,3.1600330873995726e+27,1.645295713021586e+25,5.48496440030687e+25,1.37896021198666e+28
iter_0885,1.0565889569968318e+28,3.189466977281327e+27,1.679044323973311e+25,6.147293439555637e+25,1.3833619924884935e+28
iter_0886,1.0636313143773909e+28,3.1840334415258365e+27,1.7780408361033702e+25,5.217729464778569e+25,1.3890304288308567e+28
iter_0887,1.0494918203023381e+28,3.2107442398559155e+27,1.657479087633948e+25,6.039643476951355e+25,1.3782633668525149e+28
iter_0888,1.054870261050662e+28,3.1630032243493373e+27,1.6093712424971782e+25,5.366721601502095e+25,1.378146676329595e+28
iter_0889,1.0647542186037785e+28,3.18569963077485e+27,1.652711064540294e+25,6.191837682552379e+25,1.3911687304283562e+28
iter_0890,1.0607204863613203e+28,3.178826556052464e+27,1.6780579580715689e+25,6.459434050768851e+25,1.3867406339754072e+28
iter_0891,1.0567080479878465e+28,3.1625890306512964e+27,1.6661141999116157e+25,6.211698293089084e+25,1.3808447635459768e+28
iter_0892,1.067356781235031e+28,3.1850600354396476e+27,1.7216264783867937e+25,3.7980687561935105e+25,1.391382480013576e+28
iter_0893,1.054701746958502e+28,3.188393841649355e+27,1.6559606710383444e+25,5.4176984186252715e+25,1.380614790213101e+28
iter_0894,1.0532595653044863e+28,3.138249115148015e+27,1.6815460503135612e+25,7.7364365432167806e+25,1.3765024594128183e+28
iter_0895,1.0486799569687736e+28,3.141497915431055e+27,1.676104493826767e+25,4.9023078473090855e+25,1.369408160853015e+28
iter_0896,1.0457980242959557e+28,3.172227995033095e+27,1.6447356534166339e+25,5.10960622973183e+25,1.3697751656824135e+28
iter_0897,1.0549473813983197e+28,3.200591581324469e+27,1.5847502900716057e+25,3.1789734577983943e+25,1.3797702632786365e+28
iter_0898,1.0535358313067761e+28,3.2040856660759766e+27,1.6203422682034907e+25,4.794155947440085e+25,1.3803588961300174e+28
iter_0899,1.0549014406134517e+28,3.1410504470193817e+27,1.6291658395809792e+25,3.4979905942358154e+25,1.3741336417492067e+28
iter_0900,1.0515349816113716e+28,3.21283965368292e+27,1.6654876741955963e+25,6.4571051356776765e+25,1.380941539789537e+28
iter_0901,1.058006555698492e+28,3.1718717944544036e+27,1.6085841237439783e+25,4.86102490293596e+25,1.3816633441706124e+28
iter_0902,1.0590200607978697e+28,3.1685584677616205e+27,1.7032965810231918e+25,4.873928495387945e+25,1.382453132650443e+28
iter_0903,1.0634822311208929e+28,3.2023406978340597e+27,1.7644776184564743e+25,5.731117959534015e+25,1.3912118964822893e+28
iter_0904,1.0495067991484465e+28,3.1632991935400377e+27,1.5566217114648068e+25,4.813098758928077e+25,1.3722064389728431e+28
iter_0905,1.064601845289345e+28,3.1614207854402085e+27,1.7275102269854227e+25,6.933688528645072e+25,1.3894051225889965e+28
iter_0906,1.0678613350468533e+28,3.205112913512209e+27,1.7502676365053063e+25,7.538512636315891e+25,1.3976614066708954e+28
iter_0907,1.0527957659125416e+28,3.184542226079643e+27,1.6316862912400776e+25,6.3295763358140314e+25,1.37921125114756e+28
iter_0908,1.0617134383255954e+28,3.1811432792176373e+27,1.7461902333092369e+25,4.505659386860972e+25,1.3860796158675294e+28
iter_0909,1.0534298072766447e+28,3.185459449564168e+27,1.694134393655193e+25,5.03460362081241e+25,1.378704490247529e+28
iter_0910,1.0634324719409566e+28,3.1885890142353105e+27,1.7350833557510924e+25,5.649823598101109e+25,1.3896762803183397e+28
iter_0911,1.0518288336996156e+28,3.172768310319922e+27,1.657011392305877e+25,5.684498670005409e+25,1.3764471747939192e+28
iter_0912,1.0608158074063091e+28,3.19567009372694e+27,1.7509978937831815e+25,7.266180138636961e+25,1.3893999948114232e+28
iter_0913,1.0517534801391983e+28,3.201930231345107e+27,1.6839326114225015e+25,4.610329752426984e+25,1.3782407656375583e+28
iter_0914,1.051646336480617e+28,3.1679797182411666e+27,1.6514312282314578e+25,4.095743207190426e+25,1.3741914827401555e+28
iter_0915,1.0565113756170686e+28,3.1781338495306776e+27,1.5911404438037092e+25,5.767421587128984e+25,1.381683322601069e+28
iter_0916,1.0542493979721842e+28,3.1989143149330996e+27,1.781156823483894e+25,4.713177568064747e+25,1.380635163857043e+28
iter_0917,1.055691330607282e+28,3.1875712920317456e+27,1.5906203730194644e+25,6.04973098640349e+25,1.3820888111698794e+28
iter_0918,1.0588609803718351e+28,3.1819405459737426e+27,1.7185304748147245e+25,5.638543871681496e+25,1.3844121093157058e+28
iter_0919,1.0520844018627157e+28,3.187693238315253e+27,1.6268990955584622e+25,7.217744566395983e+25,1.3796983693561953e+28
iter_0920,1.059894729156116e+28,3.2162243138707044e+27,1.6938421379839458e+25,5.023919450999378e+25,1.3882349221321698e+28
iter_0921,1.0536993014643254e+28,3.170142394072433e+27,1.710632606139101e+25,6.3069441490289745e+25,1.3787311176267368e+28
iter_0922,1.055950208572313e+28,3.1896280066420667e+27,1.6761270491316458e+25,5.5435546143920455e+25,1.3821326909000434e+28
iter_0923,1.0676797089695035e+28,3.212684908543687e+27,1.6531193009957173e+25,6.117659454074588e+25,1.3967189785789427e+28
iter_0924,1.0560154572456088e+28,3.204103613290625e+27,1.7127016860851255e+25,5.979240827710331e+25,1.3841177610884667e+28
iter_0925,1.0523595600432728e+28,3.2128615531753544e+27,1.7622299271834699e+25,4.428551176327276e+25,1.379836496464319e+28
iter_0926,1.046482913553321e+28,3.165449216385475e+27,1.5635805442461024e+25,5.751285752416024e+25,1.3703427014885306e+28
iter_0927,1.0455427913737191e+28,3.2220088653245264e+27,1.7188302042488543e+25,6.5894958386707964e+25,1.3760520039490912e+28
iter_0928,1.0555998865045687e+28,3.1743280639079075e+27,1.6887900439328337e+25,6.822839079768448e+25,1.3815443220190608e+28
iter_0929,1.0530785815536643e+28,3.189045147667158e+27,1.5837747855468241e+25,4.616239678716186e+25,1.3781831107846432e+28
iter_0930,1.0542182781793722e+28,3.1557628832484256e+27,1.677945254832713e+25,5.713898447752673e+25,1.3771864102068002e+28
iter_0931,1.0579186659307214e+28,3.165246810746778e+27,1.6121059429590163e+25,5.372452509346667e+25,1.3814279054577047e+28
iter_0932,1.0616197045167641e+28,3.187592860495074e+27,1.6945320298643395e+25,5.978972949489375e+25,1.3880524955456252e+28
iter_0933,1.0630994494022307e+28,3.177055609316741e+27,1.7574058669749414e+25,5.485720805397315e+25,1.388048137006277e+28
iter_0934,1.0496048244944426e+28,3.1799930878142154e+27,1.7317812600697604e+25,5.492738928158802e+25,1.3748286534640926e+28
iter_0935,1.0569707715087139e+28,3.1630004803065225e+27,1.6490270583377603e+25,4.723807489850112e+25,1.3796436540875541e+28
iter_0936,1.0513665047884359e+28,3.1918688157613773e+27,1.6969797555497778e+25,5.7118309595212534e+25,1.3779621970796447e+28
iter_0937,1.0615983029927893e+28,3.1750952686375247e+27,1.7070064846402971e+25,6.691493509833299e+25,1.3875063298510153e+28
iter_0938,1.0714579482377102e+28,3.19362885886349e+27,1.6677419000446368e+25,5.106922843881428e+25,1.3975954988679851e+28
iter_0939,1.0424113764429878e+28,3.152347320896141e+27,1.629733944804651e+25,5.629077675603372e+25,1.36490492015301e+28
iter_0940,1.0549049432359292e+28,3.1942283500213925e+27,1.6764854965313095e+25,5.665255941252349e+25,1.3816695196758522e+28
iter_0941,1.0507826872902794e+28,3.1800737741500186e+27,1.7721651881635396e+25,6.303059446615881e+25,1.3768652893400609e+28
iter_0942,1.0577575178912403e+28,3.2157945532645666e+27,1.7380931053378554e+25,9.210192666237416e+25,1.3902852589892722e+28
iter_0943,1.056247974104417e+28,3.1768078873225496e+27,1.7533241842182662e+25,5.267426224071099e+25,1.3809495132449612e+28
iter_0944,1.0537454015685257e+28,3.182569057161881e+27,1.7583831832610218e+25,4.045562195307356e+25,1.3778062526632821e+28
iter_0945,1.0648494066249116e+28,3.1763922749962e+27,1.7378297486563113e+25,6.218164476148199e+25,1.390444628349336e+28
iter_0946,1.0365098178392266e+28,3.179113029383378e+27,1.7110069018312031e+25,5.03631400996064e+25,1.3611684416893563e+28
iter_0947,1.0516678056918375e+28,3.2042544439563884e+27,1.7054156516142102e+25,3.290090726810682e+25,1.3770887564659014e+28
iter_0948,1.0505046989717127e+28,3.179759168110421e+27,1.6664781151009379e+25,5.513257751314567e+25,1.3756603516491704e+28
iter_0949,1.054937319325417e+28,3.192025303487066e+27,1.7177870535184749e+25,4.155898845964811e+25,1.3800135355736068e+28
iter_0950,1.0592675834948223e+28,3.147206954480669e+27,1.7240543933151196e+25,5.026549881021383e+25,1.3807388832172256e+28
iter_0951,1.0690436655085967e+28,3.1825450030723677e+27,1.7541056623611858e+25,6.121492716126903e+25,1.3951737641943216e+28
iter_0952,1.0658011796985273e+28,3.163404514407447e+27,1.734682548372854e+25,4.634741989620115e+25,1.388511055677265e+28
iter_0953,1.0474177000047466e+28,3.176488401323072e+27,1.713099581042339e+25,5.0238964128997055e+25,1.371803536130996e+28
iter_0954,1.0583651057923337e+28,3.185618668808526e+27,1.5741098532045865e+25,7.302359876457911e+25,1.3858034424028487e+28
iter_0955,1.0603554206469631e+28,3.1749443060507814e+27,1.6190956505280444e+25,3.8638001259444902e+25,1.3833327470285136e+28
iter_0956,1.0596648661938365e+28,3.1787286227848917e+27,1.6759209400612721e+25,6.707515189952957e+25,1.3859211646023398e+28
iter_0957,1.0500121445905013e+28,3.1913077947527207e+27,1.7438884699326398e+25,6.261818176554215e+25,1.3771486307122602e+28
iter_0958,1.0624757859597472e+28,3.174706240858481e+27,1.7213084286190388e+25,6.789712410714518e+25,1.388457430884929e+28
iter_0959,1.0597112740645125e+28,3.178606124505003e+27,1.6082314561729763e+25,4.655215002629375e+25,1.3838353329738149e+28
iter_0960,1.0650168235759997e+28,3.160312773775656e+27,1.7018761141156134e+25,6.0679353454753255e+25,1.3888179124131561e+28
iter_0961,1.0481571980248075e+28,3.166444658681426e+27,1.6100929374028861e+25,5.616351017556543e+25,1.3720281078479094e+28
iter_0962,1.065807839070096e+28,3.1890918621471593e+27,1.6301135952829303e+25,5.52330967684511e+25,1.39187044855694e+28
iter_0963,1.0459776720037679e+28,3.177453664691139e+27,1.6395280514195608e+25,3.948049100263229e+25,1.3693106156245647e+28
iter_0964,1.0668782494189763e+28,3.191603369040638e+27,1.6589367909515152e+25,4.757075759958954e+25,1.3924545988739505e+28
iter_0965,1.0520444296600786e+28,3.192655644981306e+27,1.6910901861689867e+25,4.961510927337751e+25,1.3779625952717158e+28
iter_0966,1.063123057372543e+28,3.180054902546306e+27,1.7503696103545652e+25,7.565845862374122e+25,1.390444763099902e+28
iter_0967,1.055695045677455e+28,3.169962137558938e+27,1.646610365057516e+25,5.598379247571209e+25,1.3799362490459776e+28
iter_0968,1.0585822718759216e+28,3.2027933330852453e+27,1.7381090485059184e+25,5.741774985307208e+25,1.3863414892182594e+28
iter_0969,1.0562136531728655e+28,3.2006548065195396e+27,1.6546362169069047e+25,5.089638185935401e+25,1.3830234082276617e+28
iter_0970,1.069344186137358e+28,3.172062024581582e+27,1.7368063309394227e+25,6.0387864669437e+25,1.3943259813933993e+28
iter_0971,1.0610748020331236e+28,3.175509434966712e+27,1.6254003713631054e+25,7.13947218721282e+25,1.3873906180883706e+28
iter_0972,1.0613322573660215e+28,3.1672250778651736e+27,1.7568275804258031e+25,4.795560679792641e+25,1.3846071534127573e+28
iter_0973,1.0543152224844604e+28,3.1602504948412637e+27,1.6951703328995615e+25,4.764920988491865e+25,1.3768003632899782e+28
iter_0974,1.0617819221276883e+28,3.208419369891655e+27,1.7222066885721282e+25,6.218114139210687e+25,1.3905641799446364e+28
iter_0975,1.0632399997137885e+28,3.178114023708389e+27,1.5975121982643302e+25,3.6964382996824673e+25,1.3863453525825742e+28
iter_0976,1.0650387696202939e+28,3.1742153556339756e+27,1.6591084672140924e+25,6.641041641007566e+25,1.390760455291913e+28
iter_0977,1.0572593010131577e+28,3.202326285036164e+27,1.7474972696793261e+25,5.604011237031013e+25,1.3848434380234844e+28
iter_0978,1.0687077205299232e+28,3.21953499957573e+27,1.8052135458019984e+25,6.04456651275295e+25,1.3985110005460509e+28
iter_0979,1.0496421709439663e+28,3.1946931093759297e+27,1.586397164746163e+25,6.274503446946781e+25,1.3769723824932521e+28
iter_0980,1.0664242943004227e+28,3.227562198256552e+27,1.727737166459689e+25,4.2020998357508455e+25,1.3951103511282883e+28
iter_0981,1.054770564799384e+28,3.142633364937384e+27,1.7066184828815312e+25,6.232466536615855e+25,1.3769729863126199e+28
iter_0982,1.049110465174783e+28,3.150353071156452e+27,1.6309756978024285e+25,6.62012161797228e+25,1.372396869606203e+28
iter_0983,1.05750865862664e+28,3.176912304846993e+27,1.6031089539730032e+25,5.641248281081591e+25,1.382444246346394e+28
iter_0984,1.0667797438689772e+28,3.150621387312465e+27,1.6356868512032454e+25,4.838279680573051e+25,1.388315849132e+28
iter_0985,1.0646989807578018e+28,3.1767651089186506e+27,1.7205693055418714e+25,6.435912071109811e+25,1.3905319730263185e+28
iter_0986,1.0596964791459598e+28,3.21587079631414e+27,1.6517871454040414e+25,5.70834514895566e+25,1.3886436910717336e+28
iter_0987,1.0482749942413347e+28,3.196902217215452e+27,1.6746242938089044e+25,5.044577845616957e+25,1.3746844181023058e+28
iter_0988,1.062037191952768e+28,3.174406856663382e+27,1.649076154700602e+25,5.922015298899644e+25,1.387048969072706e+28
iter_0989,1.054564782060998e+28,3.187511986419616e+27,1.7236334891457118e+25,5.900908971912003e+25,1.3809405231640173e+28
iter_0990,1.0457753968761437e+28,3.1930038226073097e+27,1.633568064139091e+25,6.5306970435547805e+25,1.3732400442445687e+28
iter_0991,1.0476292087883006e+28,3.176800079906734e+27,1.6930578631253882e+25,6.969483838085106e+25,1.3739717584801845e+28
iter_0992,1.0480233935744832e+28,3.154917052760119e+27,1.7624985153362642e+25,6.861282792844389e+25,1.3721388801586758e+28
iter_0993,1.0534439149088875e+28,3.181056952873739e+27,1.7411429787503868e+25,4.669426350520793e+25,1.3779601795255327e+28
iter_0994,1.0465885364210798e+28,3.1799777041815656e+27,1.7146706611675463e+25,5.966448574030834e+25,1.3722674260744347e+28
iter_0995,1.0572531239365921e+28,3.1751441423753517e+27,1.6242336830622197e+25,4.414124395790159e+25,1.3808058962529796e+28
iter_0996,1.0675538866170516e+28,3.1940601208103996e+27,1.7057134314772338e+25,3.8173795422338144e+25,1.3924829916718026e+28
iter_0997,1.0525838937230582e+28,3.1936530318991995e+27,1.689948657165145e+25,6.584787171172677e+25,1.3802239327413158e+28
iter_0998,1.058977721063847e+28,3.191781630103265e+27,1.6659446304062786e+25,6.394526570316962e+25,1.3862163552748968e+28
iter_0999,1.0524635577083517e+28,3.1804724917309155e+27,1.6447362405079314e+25,6.029399132566056e+25,1.3781849422545174e+28
iter_1000,1.0661765306998111e+28,3.1809860198803193e+27,1.7064461070893113e+25,4.79673669049095e+25,1.3907783154854233e+28
