iter,Upper Crust,Middle Crust,Lower Crust,Mantle,Total
iter_0001,1.821929709831958e+29,6.76052050849763e+26,2.663524803047387e+24,92436553242264.94,1.8287168655884874e+29
iter_0002,1.7668718250535552e+29,6.814922631474282e+26,2.726620323169262e+24,5619541665490852.0,1.7737140138883176e+29
iter_0003,1.8477180229740808e+29,6.651605632451155e+26,2.859120813616291e+24,1.5543420510596168e+16,1.8543982198148238e+29
iter_0004,1.8411453499056437e+29,6.728753127622683e+26,2.748451904240406e+24,36659533179927.77,1.847901587552309e+29
iter_0005,1.9195490575649027e+29,6.634021959250914e+26,2.8028485977383427e+24,7909836261922613.0,1.92621110801021e+29
iter_0006,1.7745622323986177e+29,6.714808407480856e+26,2.5766455433399223e+24,2.8208363848783222e+17,1.7813028072643525e+29
iter_0007,1.895852578144651e+29,6.822472068901802e+26,2.6476082005766506e+24,52736756077001.234,1.9027015262955587e+29
iter_0008,1.8110746255991335e+29,6.601097446540944e+26,2.707739769009488e+24,2330812874798599.5,1.817702800443388e+29
iter_0009,1.763049386599641e+29,6.665114480769815e+26,2.679107951789672e+24,25876964913569.113,1.769741292159929e+29
iter_0010,1.7914259416498524e+29,6.823600207493347e+26,2.598917308918162e+24,43764271418421.66,1.7982755310304354e+29
iter_0011,1.822806170757333e+29,6.703334756945573e+26,2.842600702321594e+24,38962486608692.89,1.829537931521302e+29
iter_0012,1.8008676469296082e+29,6.567043220157014e+26,2.756001643125268e+24,420822656042274.2,1.807462250166201e+29
iter_0013,1.875806369070309e+29,6.737749018377003e+26,2.574964841969302e+24,2.6285903124569037e+17,1.8825698677397343e+29
iter_0014,1.809805164864916e+29,6.955015648453571e+26,2.737184334211022e+24,71931252766526.89,1.816787552356712e+29
iter_0015,1.832174943003493e+29,6.706637528618378e+26,2.5695597618598115e+24,399533593410407.4,1.8389072761297338e+29
iter_0016,1.9054082383191095e+29,6.694176424477631e+26,2.897784819359073e+24,1.1410247413012148e+16,1.9121313925918947e+29
iter_0017,1.9286888741875318e+29,6.858088840977763e+26,2.600888568861878e+24,9.09690403302569e+16,1.9355729719151078e+29
iter_0018,1.8564872487092296e+29,6.659735028409318e+26,2.7139775686831426e+24,2.3693853836445197e+17,1.863174123515695e+29
iter_0019,1.9812641029504925e+29,6.668059051902082e+26,2.7436612642134694e+24,813770181801580.1,1.987959598615045e+29
iter_0020,1.91971148099667e+29,6.896808094779721e+26,2.6214989088093024e+24,2456848362439.9326,1.9266345040805378e+29
iter_0021,1.8900060548107547e+29,6.747488129846518e+26,2.7408630902453414e+24,1.3825352719261105e+18,1.896780951585329e+29
iter_0022,1.8176746354259954e+29,6.786998480105092e+26,2.797282428221456e+24,96973637528.17943,1.8244896067303828e+29
iter_0023,1.8620735832346847e+29,6.767684204504481e+26,2.825617606503018e+24,81972737529136.53,1.8688695236152547e+29
iter_0024,1.8478149290082785e+29,6.792122962732725e+26,2.9976132981813565e+24,3.5280928328560224e+16,1.854637028104346e+29
iter_0025,1.8024464758698745e+29,6.77426565289425e+26,2.76414041527131e+24,17891957085975.914,1.809248382926922e+29
iter_0026,1.7744340165979582e+29,6.924606227405277e+26,2.7067215058419754e+24,4.121704026327729e+16,1.781385690040834e+29
iter_0027,1.7893065332785378e+29,6.5974849197481e+26,2.5892123329726145e+24,103447260294.89677,1.7959299103216154e+29
iter_0028,1.7859602072679982e+29,6.697322019115183e+26,2.861562189573659e+24,5647931553967960.0,1.7926861449090658e+29
iter_0029,1.9407973282087887e+29,6.634072534573806e+26,2.696288592524079e+24,64086865673325.63,1.9474583636292883e+29
iter_0030,1.943063822693378e+29,6.782937719219228e+26,2.888464232303058e+24,7498077993532041.0,1.9498756450549954e+29
iter_0031,1.875621030060494e+29,6.672511405184146e+26,2.668873869007622e+24,1.6034917488539808e+17,1.8823202302059714e+29
iter_0032,1.8686715989905236e+29,6.846402595587285e+26,2.7651393023175584e+24,2863986372027.536,1.8755456529791342e+29
iter_0033,1.7469830498205704e+29,6.734138358885894e+26,2.488000081646524e+24,213990918082776.62,1.7537420681802747e+29
iter_0034,1.854229929312152e+29,6.940807661885899e+26,2.588930878442295e+24,1.2090442256480706e+16,1.8611966262829432e+29
iter_0035,1.7679670334487854e+29,6.608906808083112e+26,2.6385436421674297e+24,1.0284730720536414e+16,1.774602325693393e+29
iter_0036,2.037179414812374e+29,6.713740114827564e+26,2.6820475032411674e+24,3433463105305.8066,2.0439199754022343e+29
iter_0037,1.8756465892813163e+29,6.778853128504943e+26,2.7201612600567633e+24,23970708141865.71,1.882452644022422e+29
iter_0038,1.78722176644513e+29,6.685206513768926e+26,2.753286744537512e+24,8317137197010064.0,1.7939345058264272e+29
iter_0039,1.7774895950313303e+29,6.76420545927816e+26,2.625223862051571e+24,19285322102656.367,1.7842800527292294e+29
iter_0040,1.8509947187518082e+29,6.726786070760633e+26,2.77462996098023e+24,2073528783324979.5,1.8577492511221995e+29
iter_0041,1.9012412217097353e+29,6.806899830823228e+26,2.8630610428124686e+24,3154327471272.352,1.9080767521509864e+29
iter_0042,1.998360176326922e+29,6.602990069832668e+26,2.6493865553720327e+24,1237458134521731.2,2.0049896602623208e+29
iter_0043,1.823709262367498e+29,6.824365759950133e+26,2.762589880557035e+24,1111272525162756.1,1.830561254026265e+29
iter_0044,1.8440555679164864e+29,6.672101787370329e+26,2.7368782026099797e+24,5519909262739.861,1.850755038485883e+29
iter_0045,1.804650631190136e+29,6.830440115313067e+26,2.554270580312377e+24,41398358901.29331,1.811506614011252e+29
iter_0046,1.764252752942267e+29,6.758478371956569e+26,2.7219530562071605e+24,84320520060971.33,1.7710384508447864e+29
iter_0047,1.9985248609367175e+29,6.765053809383436e+26,3.083790972780619e+24,1.9844549977569912e+18,2.005320752675673e+29
iter_0048,1.767745436608006e+29,6.740899107677584e+26,2.8101918872902857e+24,2334386008688196.0,1.7745144376345794e+29
iter_0049,1.7024094994058144e+29,6.697231263823329e+26,2.5591895189860343e+24,1.2640842499099525e+18,1.709132322577468e+29
iter_0050,1.7996273852820455e+29,6.720657672499708e+26,2.872548980325492e+24,5780478140433509.0,1.806376768444406e+29
iter_0051,1.8059281554355737e+29,6.786596776749383e+26,2.7081252720289384e+24,165051171150423.6,1.8127418334650453e+29
iter_0052,2.0731810376258188e+29,6.72483527556192e+26,2.7346734582306965e+24,68617388438898.7,2.0799332196359637e+29
iter_0053,1.9899775099070237e+29,6.609296608255014e+26,2.8438914533153375e+24,17595702153748.98,1.9966152454298124e+29
iter_0054,1.8076678177751868e+29,6.642994564273648e+26,2.9368004428100606e+24,69330696357911.33,1.8143401803438894e+29
iter_0055,1.7135726248086938e+29,6.723101782653926e+26,2.860405076100226e+24,4168289513319.9346,1.7203243306421086e+29
iter_0056,1.7834505763086683e+29,6.709151849149792e+26,2.831189186336938e+24,4682248110004190.0,1.7901880400497283e+29
iter_0057,1.900081071028457e+29,6.855334469926254e+26,2.9325126027648016e+24,385299640463.4964,1.906965730624411e+29
iter_0058,1.7781696690052216e+29,6.749199629731514e+26,2.8466270470602855e+24,9.355067925154603e+16,1.7849473349063592e+29
iter_0059,1.82089413551241e+29,6.734443551747492e+26,2.8001251187619454e+24,4.600513773591942e+17,1.8276565803199457e+29
iter_0060,1.7649096863385e+29,6.920419612215066e+26,3.0321523918563133e+24,69958655991302.33,1.7718604274746343e+29
iter_0061,1.7893917327867887e+29,6.789428091914127e+26,2.7423427335755506e+24,2598351424351.097,1.7962085843060386e+29
iter_0062,1.9948363830998733e+29,6.636348274708783e+26,2.7622301196414216e+24,912055276518032.8,2.0015003536757876e+29
iter_0063,1.9075149042375844e+29,6.756559931952645e+26,2.564150548191561e+24,6728553211327177.0,1.9142971056750864e+29
iter_0064,1.7410567570393615e+29,6.735773248825502e+26,2.559654171689882e+24,9064803023037.11,1.747818126829904e+29
iter_0065,1.8706689913294e+29,6.665363680260412e+26,2.8021512601686874e+24,26002117453500.977,1.8773623765222626e+29
iter_0066,1.793990919506638e+29,6.706976594300719e+26,2.690058869629297e+24,57489586761189.375,1.8007247966896358e+29
iter_0067,1.855747254191669e+29,6.820641444930304e+26,2.5559200558687114e+24,6580871303365447.0,1.8625934548372236e+29
iter_0068,1.8232952850794765e+29,6.6722153747051e+26,2.7117393769811373e+24,1.3507946652816968e+16,1.8299946178480866e+29
iter_0069,1.9458012583103993e+29,6.743848240443972e+26,2.7355753761897826e+24,2798227443809.211,1.952572462304605e+29
iter_0070,1.769763404867211e+29,6.754875081380385e+26,2.748872899130405e+24,500485275478192.9,1.7765457686775877e+29
iter_0071,1.9672968220317696e+29,6.660710725173441e+26,2.689588626164331e+24,1891717566448949.2,1.9739844286432238e+29
iter_0072,1.8244916568640373e+29,6.78216856773679e+26,2.799233462549804e+24,3807968937664.648,1.8313018177663992e+29
iter_0073,1.8258154944890557e+29,6.579365774098717e+26,2.8613211682575696e+24,4848812686012.173,1.832423473474837e+29
iter_0074,1.8226712985009543e+29,6.662793696375636e+26,2.532598016101267e+24,484642004366863.5,1.829359418177496e+29
iter_0075,1.756297402961791e+29,6.701140342148665e+26,2.891510171931237e+24,794489628746559.5,1.7630274584056672e+29
iter_0076,1.8172003114802197e+29,6.717649872910278e+26,2.726166496038871e+24,2.0007410743512404e+16,1.8239452230182906e+29
iter_0077,1.83944567785518e+29,6.802479860027968e+26,2.601060439618608e+24,163297532050521.94,1.846274168319606e+29
iter_0078,1.828706415854109e+29,6.753859715863893e+26,2.737923947399496e+24,5172137624818.369,1.8354876548094468e+29
iter_0079,1.9617623080635225e+29,6.623033781149724e+26,3.0497568392533876e+24,3879868403953199.5,1.9684158394131037e+29
iter_0080,1.8023233538592076e+29,6.820632148117573e+26,2.9101177076189496e+24,1.6849648582773568e+17,1.8091730871860863e+29
iter_0081,1.90362588797105e+29,6.686377981731477e+26,2.756720412175023e+24,2150229333766778.5,1.9103398331569245e+29
iter_0082,1.8505218689664352e+29,6.679648398293572e+26,2.780387893592516e+24,525031420035200.0,1.8572293212436697e+29
iter_0083,1.9853227450443523e+29,6.775743603990227e+26,2.677574137968847e+24,1128504530152157.5,1.9921252643897337e+29
iter_0084,1.9468182704855994e+29,6.784014245024165e+26,2.768920440555068e+24,1.6104257196585528e+16,1.9536299739351902e+29
iter_0085,2.0024951059231685e+29,6.64318036187911e+26,2.790393092591214e+24,2.4578695870040218e+17,2.0091661902184313e+29
iter_0086,1.9217372184270045e+29,6.78807430481224e+26,2.635217536964621e+24,180992642417564.22,1.9285516449071885e+29
iter_0087,1.9106790951668607e+29,6.692288975524051e+26,2.688485692016009e+24,2191892794340132.8,1.9173982689993266e+29
iter_0088,1.7912714677782396e+29,6.667708081243213e+26,2.596424036404778e+24,294297505563512.44,1.7979651400998497e+29
iter_0089,1.8218082194606025e+29,6.5632909628755e+26,2.6504828776687053e+24,869337637065761.1,1.8283980152522632e+29
iter_0090,1.841423898292422e+29,6.745498626154504e+26,2.8322770495154376e+24,1164708980862400.2,1.8481977196890833e+29
iter_0091,1.958733853351076e+29,6.651367449841436e+26,2.587528961730683e+24,524239570263785.5,1.96541109609054e+29
iter_0092,1.8045669505252725e+29,6.668457137303889e+26,2.890674762756318e+24,10504941499761.46,1.811264314410204e+29
iter_0093,1.7607969147074577e+29,6.775082940309269e+26,3.016874061926713e+24,3669693365996730.5,1.7676021663884228e+29
iter_0094,1.939454172234013e+29,6.762957003457078e+26,2.6971958194271155e+24,1.4194961038993366e+16,1.9462441011958063e+29
iter_0095,1.8550099953580407e+29,6.797174984183693e+26,2.933871157657424e+24,120832197991523.56,1.861836509053802e+29
iter_0096,1.9033976945268286e+29,6.69803306306583e+26,2.7683622849326854e+24,142051672930738.53,1.910123411212745e+29
iter_0097,1.7928755231185398e+29,6.780208755900968e+26,2.894670132732415e+24,469118274633695.8,1.7996846785757726e+29
iter_0098,1.726028057985605e+29,6.869159014281399e+26,2.8120796062577604e+24,6.298180010382e+17,1.7329253378022472e+29
iter_0099,1.846678477204403e+29,6.684021363317172e+26,2.9116104228259014e+24,6232408168899.358,1.8533916146719482e+29
iter_0100,1.766572524406051e+29,6.801303423528355e+26,2.995531284659955e+24,12886792118155.193,1.7734037831424256e+29
iter_0101,1.7539686617531838e+29,6.841449087060058e+26,2.792260010546032e+24,4125424055308997.5,1.7608380334403904e+29
iter_0102,1.7278845749519804e+29,6.714595586757302e+26,2.9451197088712263e+24,1.7180581541993872e+17,1.7346286217375443e+29
iter_0103,1.9400881130505594e+29,6.660346882480731e+26,2.696584438389951e+24,9630284273733060.0,1.94677542577752e+29
iter_0104,1.807950770872618e+29,6.770407582782411e+26,2.564876608881677e+24,1206097357009.478,1.814746827221489e+29
iter_0105,1.772502197797224e+29,6.781255249932832e+26,2.7711088458523497e+24,159838116387845.06,1.779311164135617e+29
iter_0106,1.756769013593108e+29,6.72979486555742e+26,2.4740124264230183e+24,8.181206510183649e+18,1.7635235486647417e+29
iter_0107,1.7775388427642025e+29,6.675693845283025e+26,2.9813368157790807e+24,3.957593687279054e+18,1.7842443500172193e+29
iter_0108,1.8573567788492715e+29,6.665148437321246e+26,2.4998568909107875e+24,220751801758694.84,1.864046925855504e+29
iter_0109,1.8776424737650612e+29,6.765247268305744e+26,2.5448537120730295e+24,179819046916106.66,1.8844331695704893e+29
iter_0110,1.8123470727341553e+29,6.655526660372686e+26,2.632887287748064e+24,189293112326.0717,1.8190289282674054e+29
iter_0111,1.8171126959184138e+29,6.650212423465533e+26,3.018930165790568e+24,626515515373.1461,1.8237930976435373e+29
iter_0112,1.9844774785656556e+29,6.710461892126696e+26,2.650617362100618e+24,1570416080473029.2,1.991214446631419e+29
iter_0113,1.7530462222762133e+29,6.761797675766617e+26,2.7311067315255117e+24,3314428995546081.5,1.7598353310193283e+29
iter_0114,1.8661114024861796e+29,6.727341309146377e+26,2.6509594177041675e+24,1259163516044957.0,1.8728652533895157e+29
iter_0115,1.8202755108329005e+29,6.819072202004809e+26,2.6614677905282147e+24,21217823229623.19,1.827121197712811e+29
iter_0116,1.8078196727168457e+29,6.552055649019264e+26,2.666947160343612e+24,42664737455016.76,1.814398397837469e+29
iter_0117,1.878744547430788e+29,6.887611771222434e+26,2.88351805528945e+24,185638012052237.97,1.885660994382565e+29
iter_0118,1.851277495154625e+29,6.685635285274846e+26,2.860695585250445e+24,5.25042170713312e+18,1.8579917374482566e+29
iter_0119,1.8317417781004657e+29,6.775483478204655e+26,2.633174993105875e+24,1049642735657124.2,1.838543593328612e+29
iter_0120,1.7738199763385672e+29,6.746744037276712e+26,3.1959160802854397e+24,552090704346946.3,1.7805986795366525e+29
iter_0121,1.8334091503253803e+29,6.75716334516814e+26,2.6323487925734654e+24,5081330043099059.0,1.840192637158525e+29
iter_0122,1.941122753905176e+29,6.568957871991767e+26,2.767244782602438e+24,1019825004251142.2,1.9477193842250043e+29
iter_0123,1.8694674478914846e+29,6.643897946591043e+26,2.6467866854720426e+24,383945041345643.4,1.8761378137049344e+29
iter_0124,1.8786303761259602e+29,6.803908366202383e+26,2.7798750739438966e+24,1.8867270469322276e+16,1.8854620832430905e+29
iter_0125,1.8664451642406353e+29,6.67884659994793e+26,2.681398118803938e+24,1.9999488937086708e+16,1.873150824821971e+29
iter_0126,1.91765913128494e+29,6.69579536600328e+26,2.897426779394439e+24,4.316058666341126e+17,1.9243839009230535e+29
iter_0127,1.8114991664966248e+29,6.645089426310534e+26,2.823957317064788e+24,713368652327532.5,1.818172495496113e+29
iter_0128,1.7446170813439645e+29,6.84395141441644e+26,2.679720140925976e+24,2998061625653061.0,1.75148782995982e+29
iter_0129,1.7852647726445893e+29,6.73265299003368e+26,2.8848023533688985e+24,219575310257875.66,1.792026273658159e+29
iter_0130,1.8781386033663193e+29,6.676971575702472e+26,2.8064842182122354e+24,1.1049533522864374e+17,1.8848436397853086e+29
iter_0131,1.8919189239734044e+29,6.784383003631512e+26,2.6649539799243313e+24,2832791058491143.5,1.898729956516864e+29
iter_0132,1.7842090087214232e+29,6.75694441982954e+26,2.993938728790897e+24,1.1337812641861896e+16,1.7909958925286537e+29
iter_0133,1.800706817373332e+29,6.78741883712296e+26,2.5842045887570987e+24,204469384118509.66,1.8075200782563446e+29
iter_0134,1.9643889393018034e+29,6.717750768866723e+26,2.7652189604685617e+24,1.1998367930910808e+17,1.9711343422614745e+29
iter_0135,1.7354227783922663e+29,6.705445736099818e+26,2.671699261765152e+24,1602644332155872.5,1.742154941121e+29
iter_0136,1.915544732742801e+29,6.664627728135698e+26,2.75687954335184e+24,914987944705271.6,1.9222369292663795e+29
iter_0137,1.759923043645157e+29,6.752076953114629e+26,2.6885874777082496e+24,5.745015862224146e+18,1.7667020065304988e+29
iter_0138,1.71657695441752e+29,6.795720274473287e+26,2.4874257441265156e+24,155660562340722.97,1.723397548949436e+29
iter_0139,1.8795587581169823e+29,6.77497917718161e+26,2.7216118029270897e+24,9.946860813925838e+16,1.8863609534131877e+29
iter_0140,2.040929726506207e+29,6.715693636166203e+26,2.794731432214734e+24,1.9397289456829568e+17,2.047673367458635e+29
iter_0141,1.8703088317783918e+29,6.754061445278179e+26,2.567151671607452e+24,6.696068376249201e+16,1.8770885647410555e+29
iter_0142,1.962170339360607e+29,6.706833273564583e+26,2.792619970220173e+24,10100223334682.799,1.968905098833874e+29
iter_0143,2.026200940983316e+29,6.755532105949308e+26,2.811175094196589e+24,2.286540660864302e+16,2.032984584840436e+29
iter_0144,1.7884676673622444e+29,6.887916172929803e+26,2.836502529418931e+24,5.527908411108325e+16,1.7953839485610212e+29
iter_0145,1.8213419277231916e+29,6.706403584785894e+26,2.837485037106382e+24,198187247078356.97,1.8280767061583506e+29
iter_0146,1.9231990943941824e+29,6.695424906352623e+26,2.879300432896427e+24,843222793551022.5,1.9299233123048724e+29
iter_0147,1.8933004561428602e+29,6.852975380994366e+26,2.727944065988857e+24,9308286880578.186,1.9001807109645144e+29
iter_0148,1.8451592645847256e+29,6.636197774185056e+26,2.684120575855095e+24,1487897481469097.2,1.851822303564684e+29
iter_0149,1.8246807246576954e+29,6.777310122745262e+26,2.585168746323407e+24,168082665095605.12,1.8314838864679058e+29
iter_0150,1.9838450535274054e+29,6.769404763931124e+26,2.49128071922188e+24,9.528068931846012e+17,1.9906393711080564e+29
iter_0151,1.8825084006414386e+29,6.618208630652375e+26,2.6085142714505667e+24,707058226103455.2,1.8891526944148123e+29
iter_0152,1.8951205999352797e+29,6.756109362290579e+26,3.06175630079042e+24,16288574190551.154,1.901907326860578e+29
iter_0153,1.799108080969938e+29,6.692590978522785e+26,2.642047801180123e+24,3664677762192.79,1.8058270924264724e+29
iter_0154,1.80908661672482e+29,6.770003193931169e+26,2.499571402094684e+24,1.1255024222995806e+17,1.815881615633898e+29
iter_0155,1.8262126975460468e+29,6.656571722278834e+26,2.580433084088551e+24,64842476247043.03,1.8328950735991673e+29
iter_0156,1.9346611006007432e+29,6.742544727814617e+26,2.547990328986875e+24,264989879922967.47,1.9414291252318506e+29
iter_0157,1.852080098856727e+29,6.796822818011256e+26,2.9072080425042214e+24,2336901760512054.5,1.8589059937551866e+29
iter_0158,2.0585953724385656e+29,6.831574252236859e+26,2.8649212065297523e+24,679194271247.2773,2.065455595902868e+29
iter_0159,1.981020055315319e+29,6.663301339192356e+26,2.6819054122103673e+24,9283670066745.346,1.9877101757086337e+29
iter_0160,1.912585343097618e+29,6.669254653932265e+26,2.933400370081327e+24,4669574506244073.0,1.9192839317552975e+29
iter_0161,1.7672439657982486e+29,6.731839968420283e+26,2.8196863635593264e+24,55208647290443.6,1.774004002630305e+29
iter_0162,1.833660271362418e+29,6.759167084533107e+26,2.649841191641034e+24,1315934945279.1086,1.8404459368588678e+29
iter_0163,1.9577719931847472e+29,6.670306828199702e+26,2.889808662418171e+24,177964872977958.9,1.964471198099573e+29
iter_0164,1.9772042783482483e+29,6.811091045055122e+26,2.7975652106908366e+24,7112542677926585.0,1.9840433450454814e+29
iter_0165,1.9456150694793894e+29,6.739820860636439e+26,2.4469457454726384e+24,165939461981.10083,1.9523793597974805e+29
iter_0166,1.8167992080608742e+29,6.636785488773522e+26,2.9275910222142024e+24,847282788641.8025,1.8234652694598696e+29
iter_0167,1.6982709936260363e+29,6.646632787598443e+26,2.6581664387934536e+24,8931335729704.434,1.7049442080780227e+29
iter_0168,1.827441002910804e+29,6.787812789712752e+26,2.8483758043897757e+24,117778728154.24286,1.834257299458561e+29
iter_0169,1.731989419318178e+29,6.7650730405359e+26,2.737666169583256e+24,8879397301306.652,1.7387818690204096e+29
iter_0170,1.8658593868157225e+29,6.778424421907496e+26,2.8728481957578606e+24,11254273063607.107,1.8726665397195875e+29
iter_0171,1.8927203685793915e+29,6.719608934206602e+26,2.7068272397934483e+24,86305113742280.02,1.899467045785997e+29
iter_0172,1.934875868587584e+29,6.650801642984913e+26,2.7400483087972295e+24,118749753475745.28,1.941554070713658e+29
iter_0173,1.9209064180768465e+29,6.638650327908999e+26,2.730233035728286e+24,79957361283128.45,1.9275723707351137e+29
iter_0174,1.771180566185035e+29,6.589698558552198e+26,2.8049787794162325e+24,405049204441478.5,1.7777983145313855e+29
iter_0175,1.8635335623000023e+29,6.771642474317565e+26,2.5851621938253026e+24,2435190012777.4424,1.870331056396258e+29
iter_0176,1.9395723336672814e+29,6.787230531233222e+26,2.820426019354606e+24,6.081140381309718e+16,1.9463877684593162e+29
iter_0177,1.86711210513832e+29,6.700203779136941e+26,2.869519158254751e+24,3.671039647455083e+16,1.8738410041094064e+29
iter_0178,1.9387278902469386e+29,6.683170950769446e+26,2.7325178061240863e+24,21965644914140.855,1.9454383863757697e+29
iter_0179,1.895879420784353e+29,6.665162485567445e+26,2.956797919506883e+24,8.101963602479328e+16,1.902574151249926e+29
iter_0180,2.014819743854003e+29,6.704404786823123e+26,2.999382822178118e+24,1.0053641965390146e+16,2.0215541424691483e+29
iter_0181,1.7940521135751837e+29,6.773423440079885e+26,2.7248840712057425e+24,82227738299742.03,1.8008527858559763e+29
iter_0182,1.749952814659255e+29,6.758775510284404e+26,2.5441321617387906e+24,4818049164730.607,1.7567370314911563e+29
iter_0183,1.789452215271299e+29,6.723875812830862e+26,2.8324031327416243e+24,2339540842741282.5,1.7962044151154806e+29
iter_0184,2.0545403517309487e+29,6.776953801612178e+26,2.848325043793335e+24,4.6189552849727544e+16,2.0613457887834606e+29
iter_0185,1.9156658848878822e+29,6.604187322238802e+26,2.6910423281276835e+24,3032007773016172.0,1.9222969826334326e+29
iter_0186,1.9028580498193353e+29,6.752259709533491e+26,2.4953777073011575e+24,998611506428283.1,1.9096352633059518e+29
iter_0187,1.7152123526980914e+29,6.77214188591395e+26,2.8644456065027967e+24,2.9986611881114696e+18,1.7220131390700568e+29
iter_0188,1.8824364600187457e+29,6.700297279145017e+26,2.8121195104233185e+24,637361916638909.9,1.8891648784930014e+29
iter_0189,1.9112037462506044e+29,6.71570353265028e+26,2.7664521611659986e+24,5185270723230.534,1.9179471143048663e+29
iter_0190,2.0538179003603374e+29,6.657909221859811e+26,2.8493948090354725e+24,669248611494.7623,2.0605043035302877e+29
iter_0191,1.835593291057016e+29,6.659266778903924e+26,2.7423945288304556e+24,2575562870343.834,1.8422799817812083e+29
iter_0192,1.9305740550251707e+29,6.67086967453706e+26,2.859704558529287e+24,826868033294926.0,1.9372735217453015e+29
iter_0193,1.727717605165236e+29,6.699447097910877e+26,2.6553235382166764e+24,6031426933210310.0,1.7344436054985895e+29
iter_0194,1.8500953463245355e+29,6.674330935954984e+26,2.6966321834179216e+24,17235715551745.37,1.8567966435823248e+29
iter_0195,1.8162342014803248e+29,6.796575048126309e+26,2.679000975784771e+24,1280893013074339.8,1.8230575665382218e+29
iter_0196,1.8704271378769617e+29,6.679452614242772e+26,2.7839250565682733e+24,379160720706295.0,1.877134429741774e+29
iter_0197,2.10465301153878e+29,6.790863255579839e+26,2.680768178047102e+24,5862859020192.015,2.1114706824761406e+29
iter_0198,1.8967867906446394e+29,6.757918230809044e+26,2.776212707966568e+24,1.8423866709147734e+17,1.9035724710043703e+29
iter_0199,1.855413460358408e+29,6.851963665885516e+26,2.689039951670279e+24,102259398290938.16,1.8622923144238112e+29
iter_0200,1.7741195652701454e+29,6.884484417373248e+26,2.7415499028187906e+24,3421104093925598.5,1.781031465186581e+29
iter_0201,1.952647420658701e+29,6.777389322084931e+26,2.9259947853191633e+24,867303144462896.0,1.9594540699286477e+29
iter_0202,1.9854564294619386e+29,6.729118011985913e+26,2.652726473012095e+24,299202706264.79926,1.9922120747386545e+29
iter_0203,2.0440949535120214e+29,6.67458434603718e+26,2.6981921797581567e+24,544115980616693.9,2.0507965197798612e+29
iter_0204,1.7851768527989745e+29,6.737159420094508e+26,2.6860678053901343e+24,3963386477770223.5,1.7919408728971628e+29
iter_0205,1.9022899302549192e+29,6.6878648269705e+26,2.47586315354844e+24,1.6641770639972796e+16,1.9090025537135916e+29
iter_0206,1.7401240830482626e+29,6.678958126027e+26,2.749583865232679e+24,28871399229187.16,1.7468305370129423e+29
iter_0207,1.827464884178511e+29,6.712388341202769e+26,2.842744895095041e+24,312572261686354.7,1.834205699968668e+29
iter_0208,1.7987919345439813e+29,6.735908975107584e+26,2.7609732122513545e+24,102015948332475.1,1.8055554532512126e+29
iter_0209,1.6833642263662083e+29,6.719592658105018e+26,2.866624239590918e+24,720191625627083.8,1.6901124852667165e+29
iter_0210,1.8863362651038272e+29,6.773927806955796e+26,2.7526052381096494e+24,2.032627394742602e+16,1.8931377189633674e+29
iter_0211,1.753352536714628e+29,6.785842837326402e+26,2.910389667768607e+24,1.3063166674454776e+17,1.7601674834499386e+29
iter_0212,1.8308105850489704e+29,6.760627354601421e+26,2.46201692955193e+24,4096119782845159.5,1.837595832572908e+29
iter_0213,1.976765227103445e+29,6.708728324666536e+26,2.7000987973863385e+24,2738508954947.061,1.9835009564160853e+29
iter_0214,1.766484603885633e+29,6.783161193149165e+26,2.628586323003253e+24,4860063809802678.0,1.7732940509420607e+29
iter_0215,1.790917869576678e+29,6.659829972837833e+26,2.609076976872195e+24,5027414883684714.0,1.7976037903193346e+29
iter_0216,1.8575150257142225e+29,6.879892659784572e+26,2.726509530452292e+24,2168390034355895.5,1.8644221834693336e+29
iter_0217,1.9279483670617966e+29,6.802452935978981e+26,2.6033842359707507e+24,2.636076712935752e+17,1.934776853842771e+29
iter_0218,1.9392901667778085e+29,6.846082292546176e+26,2.8560360937023235e+24,1616373954269147.0,1.946164809431308e+29
iter_0219,1.8997417328796595e+29,6.799544806229555e+26,2.731340801315556e+24,534565842909.6351,1.906568591093902e+29
iter_0220,2.018286601993367e+29,6.7037271633191e+26,2.7684888433715444e+24,82662003004754.16,2.0250180140451206e+29
iter_0221,1.8992586746173534e+29,6.845302959642584e+26,2.8705516424482063e+24,4015138948582363.5,1.906132683093461e+29
iter_0222,1.78503944962828e+29,6.655639987218115e+26,2.626908289051548e+24,90053781871843.64,1.7917213586983896e+29
iter_0223,1.8554759565356043e+29,6.853435396701436e+26,2.610248170232503e+24,337273559885088.7,1.8623554944140116e+29
iter_0224,1.925711262229872e+29,6.68224979242992e+26,2.909367401934412e+24,3.14170903129255e+16,1.9324226056966355e+29
iter_0225,1.6945372904218068e+29,6.779005494456933e+26,2.50823169838858e+24,13447509247647.621,1.7013413782332478e+29
iter_0226,1.9943750435194734e+29,6.745680853127518e+26,2.6993686223778096e+24,443873555985.8237,2.0011477180588248e+29
iter_0227,1.765952429948133e+29,6.617693473224195e+26,2.874634269886547e+24,444039197113452.25,1.7725988697640604e+29
iter_0228,2.0051348575774262e+29,6.889274652289964e+26,2.867997204936192e+24,1.6061147695076522e+16,2.012052812201926e+29
iter_0229,1.74306448877348e+29,6.815635529172998e+26,2.7917114363471647e+24,2112313199127.6765,1.7499080414170163e+29
iter_0230,1.947914706132734e+29,6.780280806560721e+26,2.47121331424183e+24,32814707924428.508,1.9547196990724375e+29
iter_0231,1.7992816581328556e+29,6.683168926636378e+26,2.7917599032172313e+24,22162963180143.75,1.8059927446585244e+29
iter_0232,2.0591981326829872e+29,6.697449861601543e+26,2.8112657491465404e+24,857742974794699.0,2.0659236952020887e+29
iter_0233,1.7744733720169646e+29,6.724107427549049e+26,2.592986564799986e+24,1862567044500531.2,1.7812234093101803e+29
iter_0234,1.7610707288270484e+29,6.693043360578702e+26,2.518089613075603e+24,58594193010515.72,1.7677889530837586e+29
iter_0235,1.827542181588162e+29,6.73897621529578e+26,2.7243834871463617e+24,3192373319941272.5,1.8343084016383615e+29
iter_0236,1.7528397367657826e+29,6.59901068812812e+26,2.7574985023314633e+24,9354758022501072.0,1.7594663224390276e+29
iter_0237,1.7891931255320744e+29,6.622968671725706e+26,2.75513026132285e+24,2685455131996.911,1.7958436455064134e+29
iter_0238,1.7517268539144786e+29,6.806050328230597e+26,2.5532317495163177e+24,7.74892273838026e+16,1.7585584365609792e+29
iter_0239,1.9182372660387985e+29,6.756333134400867e+26,2.5527500881437194e+24,267088336060244.47,1.9250191266740837e+29
iter_0240,2.041756232064059e+29,6.680108683675282e+26,2.847159844314975e+24,4724505255870.137,2.0484648123461776e+29
iter_0241,1.7872839381658615e+29,6.606222288230683e+26,2.716086533641089e+24,84108594104996.0,1.7939173213194293e+29
iter_0242,2.007848872085934e+29,6.768737795394038e+26,2.7496627640866785e+24,8068144408240443.0,2.0146451065090492e+29
iter_0243,1.9260991996746946e+29,6.677029846445529e+26,2.683369832924349e+24,139216857960095.06,1.932803063219471e+29
iter_0244,1.9254899626212932e+29,6.767358351595325e+26,2.8289824538890996e+24,677207034216872.6,1.932285610797434e+29
iter_0245,1.7788061791607307e+29,6.778826739173256e+26,2.5307492413613006e+24,908670939631610.9,1.7856103133923268e+29
iter_0246,1.8467412574224665e+29,6.838030283802153e+26,2.8331234757515927e+24,138064653502096.92,1.8536076189410275e+29
iter_0247,1.7833976815894615e+29,6.749056071217657e+26,2.5882326665095953e+24,3440169606064.865,1.7901726199873442e+29
iter_0248,1.9027815728430548e+29,6.696446919483827e+26,2.760800722746436e+24,349781309999464.1,1.9095056277697694e+29
iter_0249,1.7379235285204658e+29,6.750440684187685e+26,2.492861882046901e+24,1.1093962600493082e+18,1.744698897834568e+29
iter_0250,1.918359379653974e+29,6.820340925542285e+26,2.5423159183304894e+24,511577679757.11975,1.9252051437386996e+29
iter_0251,1.8864484544671464e+29,6.627826114665859e+26,2.9340630240120855e+24,972432377598244.9,1.8931056212120624e+29
iter_0252,1.79784401232512e+29,6.790726926103387e+26,2.667888914914346e+24,9445943672869676.0,1.8046614181404666e+29
iter_0253,1.882022900299509e+29,6.844688643039628e+26,2.783573357607278e+24,48777953594497.34,1.8888954246761252e+29
iter_0254,1.862769478032042e+29,6.834366766823767e+26,2.7515504820881484e+24,48093771595988.375,1.869631360303687e+29
iter_0255,1.7757083184252345e+29,6.754970522012599e+26,2.9188039102046757e+24,22150044608867.984,1.7824924769863496e+29
iter_0256,1.8771174982626022e+29,6.7432567844058e+26,2.917894095925149e+24,27211580464232.953,1.8838899339879675e+29
iter_0257,1.8678295773933786e+29,6.755219878648765e+26,2.763942888947583e+24,244205370720397.88,1.8746124367009192e+29
iter_0258,1.9771806212712894e+29,6.772702112683393e+26,2.6560753451478297e+24,93873980935.6564,1.9839798841374242e+29
iter_0259,1.803988333074628e+29,6.678247256989922e+26,2.5143883028321565e+24,1348520907748404.5,1.8106917242146595e+29
iter_0260,1.8345321402417573e+29,6.698849675469203e+26,2.980326450624978e+24,1.6345454766495008e+16,1.841260793181896e+29
iter_0261,1.9693599565973046e+29,6.671054811924889e+26,2.700191971823384e+24,398213211252868.8,1.9760580133289515e+29
iter_0262,1.685737092220361e+29,6.791456372125844e+26,2.454501973041332e+24,5.927290559462827e+16,1.69255309361281e+29
iter_0263,1.8358787302732365e+29,6.801713359672231e+26,2.764884505386933e+24,1.2108477684325474e+16,1.8427080924780837e+29
iter_0264,1.968169454669202e+29,6.702450125936445e+26,2.6231051644415817e+24,2863500657118.949,1.9748981358467828e+29
iter_0265,1.9467792102007485e+29,6.759481332714329e+26,2.5649052712468987e+24,7585009709407990.0,1.9535643405862515e+29
iter_0266,1.7919280251951287e+29,6.707549046613674e+26,2.919276523418958e+24,4.779783599012738e+17,1.7986647670117566e+29
iter_0267,1.856546041285189e+29,6.84945793704041e+26,2.993364553650739e+24,6978505268157.41,1.863425432867766e+29
iter_0268,1.797817126363918e+29,6.701476901556864e+26,2.583909918443269e+24,34130384179697.816,1.8045444423646594e+29
iter_0269,1.826655406430965e+29,6.654411294314659e+26,2.7570654858634066e+24,395923380349173.06,1.833337388380142e+29
iter_0270,1.7806700178497795e+29,6.738560817998739e+26,2.8085667990873455e+24,39806603544417.44,1.7874366643357698e+29
iter_0271,1.8855207201498533e+29,6.774715434855304e+26,2.687165401188496e+24,1666171496997.7202,1.8923223072387204e+29
iter_0272,1.8239282734500336e+29,6.832087498576427e+26,2.9124647151466765e+24,95577975687883.86,1.8307894855957623e+29
iter_0273,1.8719003864420353e+29,6.66303477783669e+26,2.8122380376835324e+24,2611882073323422.5,1.8785915436002748e+29
iter_0274,1.7277740113104888e+29,6.647843251047649e+26,2.8409599404272366e+24,17628277548699.46,1.734450264160941e+29
iter_0275,1.8766069200489127e+29,6.738330387306164e+26,2.6961663074367926e+24,476148105284987.2,1.8833722120992982e+29
iter_0276,1.7592796527964686e+29,6.72576037512868e+26,2.8096217945790957e+24,140294111859421.89,1.7660335093895445e+29
iter_0277,2.053880616307309e+29,6.6895441404931e+26,2.7685829419160495e+24,1.018331635313071e+18,2.0605978462874048e+29
iter_0278,1.7048998415745413e+29,6.803106083450269e+26,2.6974381735058864e+24,338839100668490.6,1.7117299220397303e+29
iter_0279,1.8766164898583073e+29,6.699110364927196e+26,2.597811503676736e+24,1035945296931.804,1.8833415783382712e+29
iter_0280,1.7404421689028832e+29,6.727662892137125e+26,2.7504213283110007e+24,21733785929130.02,1.7471973360083035e+29
iter_0281,1.79209917652212e+29,6.668825362473076e+26,2.9691093542511104e+24,1004828983620600.6,1.798797692978146e+29
iter_0282,1.8232634165779376e+29,6.523903800237193e+26,2.704731578367383e+24,1.1564685382731177e+18,1.8298143677055234e+29
iter_0283,1.999391627635974e+29,6.710636496302891e+26,2.6386091061007524e+24,1.1444858218561754e+17,2.0061286502244826e+29
iter_0284,1.8518218053343518e+29,6.760896958174855e+26,2.9413327099928165e+24,371476367450065.8,1.8586121156196307e+29
iter_0285,1.886447214236487e+29,6.693461418489542e+26,2.876570662802959e+24,20459842683853.91,1.8931694413616048e+29
iter_0286,1.782498122770559e+29,6.898192041169162e+26,2.862224353474874e+24,2.4487952710370216e+16,1.789424937055508e+29
iter_0287,1.9753744012738904e+29,6.752164385603665e+26,2.88775439933889e+24,8595814464920.801,1.9821554432034873e+29
iter_0288,1.8443320172663624e+29,6.678280497932262e+26,2.673249867874003e+24,4407531520580.409,1.8510370302629734e+29
iter_0289,1.7566779637043798e+29,6.848688797155117e+26,2.868115199795125e+24,372830098052.6668,1.7635553336535332e+29
iter_0290,1.9214671680192768e+29,6.669307299382981e+26,2.492432756938131e+24,79175158374644.2,1.92816139964623e+29
iter_0291,1.896435064943371e+29,6.804464834311655e+26,2.7739635432109354e+24,15370411869802.94,1.9032672694131148e+29
iter_0292,1.895163274194393e+29,6.61235449286637e+26,2.713761292300777e+24,2.273947465477677e+17,1.9018027663024563e+29
iter_0293,1.8956316857273743e+29,6.749823272961282e+26,2.4569092507574423e+24,729160183488594.4,1.9024060780928504e+29
iter_0294,1.8128103984853465e+29,6.72641210127421e+26,2.8824138398537145e+24,5.297134653974265e+18,1.8195656347779906e+29
iter_0295,1.941826774068723e+29,6.709896871890468e+26,2.8620403558020974e+24,148533027275033.8,1.9485652913441732e+29
iter_0296,1.9297174918533413e+29,6.829906528189651e+26,2.7115889225530437e+24,3.2854316920099424e+17,1.9365745142740424e+29
iter_0297,1.92333454246808e+29,6.715346544240746e+26,2.6195065037682384e+24,1.1618369330131342e+16,1.9300760840774747e+29
iter_0298,1.8770315640764165e+29,6.736047194384605e+26,2.6187312384259884e+24,2101481727524418.5,1.8837937985832066e+29
iter_0299,2.1032544561646484e+29,6.81960954072501e+26,2.920228827467375e+24,1.0003252471961706e+16,2.1101032679937483e+29
iter_0300,1.845101211378966e+29,6.660008258568554e+26,2.694870877355741e+24,3065134307001.657,1.8517881683463085e+29
iter_0301,1.7733828129863676e+29,6.675173259695023e+26,2.9055328369761764e+24,14025294605223.84,1.7800870415744322e+29
iter_0302,1.7723819882896475e+29,6.701555250500383e+26,2.793901925671279e+24,2712350150377803.5,1.7791114825594315e+29
iter_0303,1.791557329843288e+29,6.800110764529045e+26,2.6442674778698934e+24,7869682483582.942,1.7983838832825957e+29
iter_0304,1.8112056272005153e+29,6.79117637599698e+26,2.979066898596948e+24,7.268186428881397e+16,1.8180265942462252e+29
iter_0305,1.9372552046427703e+29,6.709185131829002e+26,2.6452379261606966e+24,38545788977426.37,1.9439908421538614e+29
iter_0306,1.8943614112895965e+29,6.806416687953269e+26,2.613542249906237e+24,1237446152885258.5,1.901193963400061e+29
iter_0307,1.7895724854708093e+29,6.72197848551107e+26,2.9441299871255233e+24,5.025287776417013e+16,1.796323905256694e+29
iter_0308,1.7792856675675998e+29,6.726733795425184e+26,2.5367614608405367e+24,2.745335352922272e+16,1.7860377689779076e+29
iter_0309,1.87575079820801e+29,6.786359535533235e+26,2.711057012930276e+24,969621152892290.5,1.8825642683136825e+29
iter_0310,1.8667176049057554e+29,6.705962751479495e+26,2.7045309907351524e+24,4.496249486246755e+16,1.8734506129675917e+29
iter_0311,2.004184129035355e+29,6.806593994794402e+26,2.607646865954014e+24,5.121916098068408e+16,2.011016799499321e+29
iter_0312,1.8962342237547507e+29,6.779263618901556e+26,2.670478723541993e+24,35375482431763.36,1.9030401921608882e+29
iter_0313,1.8092425564002866e+29,6.85613529130328e+26,2.98938590918282e+24,47680288131426.74,1.816128585550682e+29
iter_0314,1.7722910531411773e+29,6.76362733828245e+26,2.6134652698762607e+24,1673799214778394.8,1.7790808151321755e+29
iter_0315,1.865437112528621e+29,6.781721508987844e+26,2.735475331850746e+24,1.6308482281550138e+17,1.872246188792558e+29
iter_0316,1.891183299385397e+29,6.688294780694571e+26,2.8475711024474096e+24,2045234690428729.0,1.8979000698771363e+29
iter_0317,1.9154808309902882e+29,6.794644297513741e+26,2.793806509948939e+24,2.371196301116324e+16,1.922303413353139e+29
iter_0318,1.9110115435115265e+29,6.754970054714937e+26,2.7449806074693476e+24,306077052916436.6,1.9177939633723195e+29
iter_0319,1.856135826195919e+29,6.736559062381534e+26,2.464875519941242e+24,6223435231746.665,1.8628970340134997e+29
iter_0320,2.0301250039289655e+29,6.866678305875314e+26,2.6894994606378884e+24,2.485833965646473e+16,2.037018577229696e+29
iter_0321,1.8847303292544704e+29,6.658555954210138e+26,2.6596005563065317e+24,28952477496861.816,1.891415481214244e+29
iter_0322,1.8886681938533566e+29,6.71020997936398e+26,2.654050645824692e+24,247965304460592.06,1.8954049443391812e+29
iter_0323,1.8639802005846985e+29,6.744393517353206e+26,2.559807148448647e+24,2470708560489952.0,1.8707501921735607e+29
iter_0324,1.79631647919524e+29,6.762696784318466e+26,2.4994120585335126e+24,1.870018120870441e+16,1.8031041701003307e+29
iter_0325,1.957010819255009e+29,6.703054083239049e+26,2.724698871984285e+24,2480939488685327.0,1.9637411203269927e+29
iter_0326,1.798123854305449e+29,6.680694419237418e+26,2.5148912182197255e+24,99970034455927.52,1.8048296976368696e+29
iter_0327,1.829943040102872e+29,6.666979253062238e+26,2.8929151078952295e+24,1.108687543351657e+18,1.8366389485181002e+29
iter_0328,1.8555083422564827e+29,6.79925216646598e+26,2.9558576408126854e+24,1.2192049055872958e+16,1.862337152999479e+29
iter_0329,1.841543911898775e+29,6.717332271378832e+26,2.8319658086605006e+24,14355786306850.232,1.8482895638282404e+29
iter_0330,1.7832117934896655e+29,6.734166614839378e+26,2.753624336188409e+24,443214732806543.8,1.7899734963478714e+29
iter_0331,1.9755006987328032e+29,6.689357794572672e+26,2.6881848591534075e+24,63991642137330.41,1.982216938375968e+29
iter_0332,1.858099001353783e+29,6.710359507211883e+26,2.7469122840642006e+24,255642761358489.8,1.864836829983838e+29
iter_0333,2.0376501666356123e+29,6.810391684332345e+26,2.8102834712496123e+24,8145703071051230.0,2.0444886611547387e+29
iter_0334,1.871841850810026e+29,6.775657415002099e+26,2.9435432996479546e+24,1.9156231077160748e+18,1.8786469436771806e+29
iter_0335,1.8145092062373862e+29,6.59601615625874e+26,2.858861519725283e+24,347758250068226.2,1.8211338110088457e+29
iter_0336,2.0039751927842906e+29,6.757255419410675e+26,2.6735062912328407e+24,6.805863979632882e+17,2.0107591832734193e+29
iter_0337,1.8286343388951816e+29,6.742454916789038e+26,2.736079124956178e+24,1.0227963864835072e+17,1.835404154604243e+29
iter_0338,1.9033651450169486e+29,6.71188455943905e+26,2.5797908904004845e+24,46349194155817.32,1.910102827485292e+29
iter_0339,1.8257926706564886e+29,6.740601496701378e+26,2.7099557792566225e+24,196712159145566.12,1.8325603717109845e+29
iter_0340,1.739141450872899e+29,6.724668350536715e+26,2.92770531878167e+24,2.0563157165691722e+17,1.7458953962786796e+29
iter_0341,1.8807774979048814e+29,6.620811108518793e+26,2.5874297403667186e+24,1.8190377249406252e+16,1.8874241833109855e+29
iter_0342,1.8892507688606986e+29,6.761273466916985e+26,2.8514103334610036e+24,292375476782073.3,1.8960405564309527e+29
iter_0343,1.794990675200031e+29,6.850136245208034e+26,2.838805588615912e+24,109811999376808.75,1.8018691995011263e+29
iter_0344,1.8627663120675894e+29,6.813250859357226e+26,2.677388718863243e+24,2.1212159929732196e+16,1.8696063368143475e+29
iter_0345,1.854002017763582e+29,6.686395405033127e+26,2.7095781175465413e+24,1.5627079806902288e+17,1.8607155089513533e+29
iter_0346,1.7479512103287362e+29,6.667988019023843e+26,2.866316531345077e+24,3.802767449590179e+16,1.7546478615134536e+29
iter_0347,1.883035430527484e+29,6.688270827177926e+26,2.758520708756393e+24,8591781189620920.0,1.8897512865618353e+29
iter_0348,1.827841022160316e+29,6.735942844400258e+26,2.7240116322798226e+24,2410185433220505.0,1.8346042051210632e+29
iter_0349,1.9754552707263625e+29,6.780575339397282e+26,2.6154441443909415e+24,5306616365331270.0,1.9822620005072567e+29
iter_0350,1.979467792677289e+29,6.809547905866692e+26,2.5359698485174445e+24,343404212778186.25,1.9863027002816445e+29
iter_0351,1.766607300261267e+29,6.837741157723996e+26,2.80401841118974e+24,4586473755934244.0,1.7734730816031488e+29
iter_0352,1.7955164825999594e+29,6.599279353623436e+26,2.800797551539904e+24,9238264296980.379,1.8021437699290982e+29
iter_0353,1.9774195709067844e+29,6.688050740949033e+26,2.8902004962737054e+24,9.783765190312165e+17,1.98413652366248e+29
iter_0354,1.7929320874690552e+29,6.662972347932647e+26,2.8647594933816654e+24,9949126813387384.0,1.7996237074120214e+29
iter_0355,1.8178750522765268e+29,6.819917273487263e+26,2.561034996585479e+24,330652997415623.94,1.824720579899983e+29
iter_0356,1.911927704537266e+29,6.824738506834446e+26,2.8288049703218907e+24,4.046375494079358e+19,1.9187807314984413e+29
iter_0357,1.8789344548620233e+29,6.738269307996676e+26,2.5841434718695187e+24,3.4017260754644028e+16,1.885698565605079e+29
iter_0358,1.7572714217556727e+29,6.724327850587316e+26,2.7005343759970475e+24,1078220596013.6742,1.76402275495002e+29
iter_0359,1.8316675167436547e+29,6.665902190122842e+26,2.6510031737278946e+24,4192583692947.2812,1.838359928965515e+29
iter_0360,2.0326990428626514e+29,6.924151674573998e+26,2.5842953159828264e+24,1.6473526051406122e+17,2.0396490374920326e+29
iter_0361,2.0078247475237813e+29,6.555271937724459e+26,2.933805751405113e+24,1.1805701195901798e+18,2.0144093575308258e+29
iter_0362,1.7600217170744476e+29,6.737909587209704e+26,2.717125277363954e+24,23673183445590.2,1.7667867979144313e+29
iter_0363,1.845852995242899e+29,6.614289033448645e+26,2.6989275346636643e+24,2917442211586153.0,1.8524942735517238e+29
iter_0364,1.8792016615761795e+29,6.828233265472421e+26,2.828904393697799e+24,83074132500171.61,1.8860581838855897e+29
iter_0365,1.8960669324958113e+29,6.594355256850591e+26,2.799770336370007e+24,3885695119587897.5,1.902689285456064e+29
iter_0366,1.7647814686092808e+29,6.756345722709335e+26,2.7278378594676767e+24,3854557931652.282,1.771565092710585e+29
iter_0367,1.760852720618278e+29,6.667897326478885e+26,2.8631078824383834e+24,49823690146310.34,1.7675492490235816e+29
iter_0368,1.7725444995119436e+29,6.745003726485657e+26,2.5581671555845645e+24,4.8172341954805536e+17,1.779315084914802e+29
iter_0369,1.7366522722752127e+29,6.868784886223883e+26,2.803174788559154e+24,42318146329316.51,1.7435490889093226e+29
iter_0370,1.8564889244969494e+29,6.737621717606769e+26,2.9563796434001114e+24,18612803290024.902,1.8632561100109907e+29
iter_0371,1.7672892443918797e+29,6.74787855279337e+26,2.801770901152351e+24,22382810166874.883,1.774065140653685e+29
iter_0372,1.934304926770344e+29,6.813748552067368e+26,2.781154079876218e+24,6728792923657.594,1.94114648686321e+29
iter_0373,1.7635417388457706e+29,6.664466842164899e+26,2.666033950664383e+24,2619799868976879.5,1.770232866027468e+29
iter_0374,1.7499251398805387e+29,6.754116203195185e+26,2.7930011424293424e+24,6.949267511576254e+16,1.7567071860958533e+29
iter_0375,1.771690630442208e+29,6.631220275084985e+26,2.6679879388416685e+24,1.0455479365302006e+16,1.778348530596786e+29
iter_0376,1.6841744875498553e+29,6.639649488465513e+26,2.8982035279389287e+24,33261251793327.59,1.6908431190736006e+29
iter_0377,1.7221232010991603e+29,6.70496177304042e+26,3.0542105073976566e+24,3.0728962470253357e+17,1.7288587049803478e+29
iter_0378,1.9369281111212144e+29,6.687074523120034e+26,2.604018586050281e+24,2.661369119868413e+18,1.943641225856809e+29
iter_0379,1.8643963746566865e+29,6.805117625575396e+26,2.584430728720195e+24,1.2426304896368332e+16,1.8712273365896732e+29
iter_0380,1.792317044972025e+29,6.703064985841324e+26,2.4907422659737846e+24,61858745840238.89,1.799045017380527e+29
iter_0381,1.785079119832488e+29,6.672147862799106e+26,2.6604659789882913e+24,428005761976401.3,1.7917778723550812e+29
iter_0382,1.9126327737520727e+29,6.730796920146705e+26,2.8494943021550254e+24,24865033292283.88,1.9193920656152413e+29
iter_0383,1.8305987994889343e+29,6.683950584807465e+26,2.589473709235236e+24,5.1760665553427016e+16,1.837308644811352e+29
iter_0384,1.8436218222473803e+29,6.724154772842211e+26,2.780445212845432e+24,68462892300052.98,1.850373781472352e+29
iter_0385,1.815626786506163e+29,6.650537783857266e+26,2.793464129604556e+24,2.5906895736399254e+17,1.822305258933907e+29
iter_0386,2.0104445232723697e+29,6.689422477507632e+26,2.7342960093968694e+24,23481896019985.117,2.017161288709972e+29
iter_0387,1.9678092289760296e+29,6.72288746761408e+26,2.818319349819145e+24,3.006474350416262e+20,1.9745603026436163e+29
iter_0388,1.830369481821447e+29,6.741171179474058e+26,2.8346604837401894e+24,1666524383106728.5,1.8371389996057754e+29
iter_0389,1.7312802194031202e+29,6.697609370373535e+26,2.7990931206917984e+24,981899724650473.4,1.7380058197047106e+29
iter_0390,1.828378201660766e+29,6.806491755709677e+26,2.920224738020528e+24,7.712048440477579e+16,1.8352138956646268e+29
iter_0391,1.8692048955678725e+29,6.673277290430151e+26,2.840062988951535e+24,723913580401.5555,1.8759065734881922e+29
iter_0392,1.8763582329151353e+29,6.717688150585356e+26,2.7786298539561885e+24,1513119199286975.2,1.8831037073642756e+29
iter_0393,1.8837159564944882e+29,6.737913741309783e+26,2.707407078694198e+24,5075437134653665.0,1.8904809443066353e+29
iter_0394,2.044955120975168e+29,6.709158178817517e+26,2.646041072723604e+24,2.7664840365956064e+16,2.0516907395649893e+29
iter_0395,1.8268925170938968e+29,6.78911127875539e+26,2.610806815918333e+24,8888655778.391748,1.8337077364408112e+29
iter_0396,1.8510873053065073e+29,6.760345969692334e+26,2.937300597276102e+24,1693751867564488.0,1.8578770242821895e+29
iter_0397,1.8608975856433285e+29,6.704863931639373e+26,2.6375675536442976e+24,46842706409655.51,1.8676288252505048e+29
iter_0398,1.9717181053940967e+29,6.733219926829166e+26,2.501605506822453e+24,4.6652648861959597e+17,1.978476341380659e+29
iter_0399,1.83235720485661e+29,6.644678975971825e+26,2.5308120581969873e+24,396966018170533.0,1.8390271919531678e+29
iter_0400,1.797206183962302e+29,6.808307458236222e+26,2.5478091420040885e+24,1705260909571412.2,1.804039969511975e+29
iter_0401,1.9262434532246065e+29,6.873021346930258e+26,2.9148075970475634e+24,109912903035.71696,1.9331456226475075e+29
iter_0402,1.9087137375312065e+29,6.75287412765334e+26,2.56612369134598e+24,5873270443299057.0,1.9154922728958322e+29
iter_0403,1.9030087228333433e+29,6.748143120450099e+26,2.5085183909597727e+24,2348713252660841.5,1.9097819511377266e+29
iter_0404,1.9614153845907598e+29,6.770562044161628e+26,2.714266224509385e+24,1.6374522514794546e+16,1.96821308929733e+29
iter_0405,1.817944211138361e+29,6.929367795886313e+26,2.529241020963962e+24,16154713740569.25,1.824898871344457e+29
iter_0406,1.9033285506856743e+29,6.784832387487349e+26,2.6204134760225084e+24,83173607216079.12,1.9101395872079225e+29
iter_0407,1.8441538585603937e+29,6.655929497067724e+26,3.0524933491706816e+24,84636013154813.9,1.8508403129909536e+29
iter_0408,1.7538913267210977e+29,6.727835001446263e+26,2.8623977037902683e+24,151302802749391.03,1.7606477856995833e+29
iter_0409,1.81984806477605e+29,6.739929786796326e+26,2.3569366696722038e+24,2486024871218805.0,1.8266115639295678e+29
iter_0410,1.870708285822897e+29,6.69329865171345e+26,2.62079255575066e+24,249716598766050.88,1.8774277924001704e+29
iter_0411,1.878850543295693e+29,6.696761932110409e+26,2.9833217429287283e+24,10813543387228.256,1.8855771384452326e+29
iter_0412,1.9149896117012393e+29,6.718653314213886e+26,2.4650537084811e+24,1.0025121947093548e+16,1.9217329155526384e+29
iter_0413,1.8133628121789474e+29,6.790274750385959e+26,2.7381652440331653e+24,5398772907543.384,1.8201804685817736e+29
iter_0414,1.8955396379906283e+29,6.587498543240819e+26,2.5810317406265307e+24,5.2246548459173576e+16,1.902152946851798e+29
iter_0415,1.694660138031472e+29,6.793363438886067e+26,2.6701729230203755e+24,892448705438129.6,1.701480203199597e+29
iter_0416,1.811904399927284e+29,6.712218356373359e+26,2.5670762472041677e+24,526475836838351.25,1.8186422890461348e+29
iter_0417,1.801304265511637e+29,6.753593053097854e+26,2.8522390572137e+24,4.1408595514712934e+18,1.8080863809967154e+29
iter_0418,1.933534883118813e+29,6.69927151774394e+26,2.7627520648117743e+24,35019290758982.832,1.9402617821572054e+29
iter_0419,1.8005211105076503e+29,6.675359555797074e+26,2.7714417073036385e+24,5.254988718921833e+16,1.807224184481046e+29
iter_0420,1.8479638414371893e+29,6.787301024536006e+26,2.69950162914975e+24,199679881394703.84,1.8547781374780192e+29
iter_0421,1.822744543867366e+29,6.674609519888281e+26,2.870638340443422e+24,547171016683021.1,1.8294478597706644e+29
iter_0422,1.8862766193482332e+29,6.821761848961316e+26,2.669024895636576e+24,4776121471839.099,1.8931250714461506e+29
iter_0423,1.8197615455646315e+29,6.770643031986309e+26,2.607621466367248e+24,2.0888305466701962e+17,1.8265582648133704e+29
iter_0424,1.804275438142534e+29,6.870402348145376e+26,2.719855290834653e+24,82403056370545.11,1.8111730390435883e+29
iter_0425,1.8102091485895904e+29,6.859093472515392e+26,2.767929091714494e+24,52918813105219.97,1.8170959213530236e+29
iter_0426,1.9791783318657053e+29,6.716046224260343e+26,2.819803336886323e+24,335221386270597.44,1.985922576123338e+29
iter_0427,1.9311307390111827e+29,6.776502797172613e+26,2.9045329532560787e+24,4.759099745805164e+17,1.9379362871426467e+29
iter_0428,1.9050352177595738e+29,6.745356425667903e+26,2.5482841904955665e+24,5595295464887801.0,1.9118060570272024e+29
iter_0429,1.9910562476099513e+29,6.724494708418178e+26,2.726130008935802e+24,2.298782913349247e+16,1.9978080036186884e+29
iter_0430,1.722161607960343e+29,6.724795542204366e+26,2.59173123928365e+24,1943098694099833.5,1.7289123208149597e+29
iter_0431,1.7764913674683907e+29,6.701904446225381e+26,2.586760438327158e+24,3329201949053.0557,1.7832191395189992e+29
iter_0432,1.7977550025160627e+29,6.748268279361751e+26,2.6695234172478946e+24,1.6626208386081782e+19,1.804529966195859e+29
iter_0433,1.8389119350372205e+29,6.799565668325762e+26,2.7221568940686553e+24,69178668820387.65,1.8457387222744877e+29
iter_0434,1.8401193549438085e+29,6.745160084150642e+26,2.944510744198431e+24,3133200826083.8125,1.846893960135401e+29
iter_0435,1.911947933525598e+29,6.730661688225392e+26,2.9455815327010063e+24,2.0231586753361055e+18,1.918708051049382e+29
iter_0436,1.765460888797815e+29,6.581117322307774e+26,2.773384532910999e+24,4.080460541709047e+16,1.77206973996586e+29
iter_0437,1.8182887354892854e+29,6.730397591817402e+26,2.7702380871273023e+24,2.649092139670234e+16,1.825046835462239e+29
iter_0438,1.8341311844614674e+29,6.841609995784658e+26,2.8055331869207764e+24,1878381504166467.2,1.84100084978914e+29
iter_0439,1.7695293889287326e+29,6.661208845116832e+26,2.419336878142727e+24,755217776820213.9,1.7762147911426384e+29
iter_0440,1.8882951170282468e+29,6.78757492134919e+26,2.705426977720107e+24,2351557572098975.5,1.8951097462193966e+29
iter_0441,1.7994943442361775e+29,6.757680933462368e+26,2.969494355552034e+24,9043999945518.1,1.8062817201131955e+29
iter_0442,1.8400752058964e+29,6.764925541724265e+26,2.7982047664167733e+24,48662391784492.11,1.846868113485789e+29
iter_0443,1.929333989314754e+29,6.825567344316495e+26,2.8230627434364874e+24,3745265041072.887,1.936187787286505e+29
iter_0444,1.973981991599793e+29,6.771982112483271e+26,2.395785177591452e+24,5292103479518.264,1.980777931564052e+29
iter_0445,1.9499340435016323e+29,6.687726432925517e+26,2.64660888766917e+24,5947265973027870.0,1.9566482360234938e+29
iter_0446,1.9320902934913912e+29,6.65730944585377e+26,2.909104028123294e+24,12569288575129.623,1.938776693977526e+29
iter_0447,1.6924415116762342e+29,6.710410618384587e+26,2.7412047738195905e+24,275590456243203.84,1.6991793343423597e+29
iter_0448,1.793698300181423e+29,6.786521812036567e+26,2.771949376695065e+24,330711710212928.5,1.8005125414872296e+29
iter_0449,1.8079524772131566e+29,6.764722093954522e+26,2.474402966342174e+24,1.644950708593611e+16,1.8147419433369392e+29
iter_0450,1.864150025267764e+29,6.787923273750877e+26,2.8616088106018004e+24,2.2381240372713005e+17,1.8709665646318588e+29
iter_0451,1.952438547106919e+29,6.567172484265078e+26,2.654892587027439e+24,3.135812598285016e+17,1.9590322685201904e+29
iter_0452,1.779703247185148e+29,6.62284276555887e+26,2.2904137122792506e+24,838161569379.5343,1.78634899408783e+29
iter_0453,1.751329895566146e+29,6.684808346463342e+26,2.759168510373807e+24,3329254148930.597,1.758042295597713e+29
iter_0454,1.8433232405918874e+29,6.691184082712187e+26,2.7150055199896813e+24,3.006036985132049e+16,1.8500415747301e+29
iter_0455,1.8497045911812647e+29,6.58039899500024e+26,2.753855678109489e+24,15040252639079.314,1.856312528733046e+29
iter_0456,1.725301020362522e+29,6.832191314673574e+26,2.547982514896886e+24,5674957362230632.0,1.732158691502401e+29
iter_0457,2.0173234280488957e+29,6.571132900337573e+26,2.71888559426692e+24,1344350256583458.2,2.0239217498051893e+29
iter_0458,1.794609154579253e+29,6.664764498491788e+26,2.53001118849098e+24,10031762672269.514,1.80129921918963e+29
iter_0459,1.8253484295340917e+29,6.663149049091869e+26,2.657012182154816e+24,9754871262620088.0,1.8320381487051025e+29
iter_0460,1.8013744930535113e+29,6.733937263908718e+26,2.8027819988594654e+24,516992751306254.44,1.8081364581374136e+29
iter_0461,2.053481621614033e+29,6.803775616498079e+26,2.7651217262474484e+24,4965842667621800.0,2.0603130484478434e+29
iter_0462,1.8886490252483635e+29,6.601556653882862e+26,2.8736368653717667e+24,2933608935416852.5,1.8952793182709293e+29
iter_0463,1.7248308296431203e+29,6.698021566589749e+26,2.5793167743259103e+24,302437519428104.8,1.7315546443774564e+29
iter_0464,2.135995634896477e+29,6.692710011821704e+26,3.0443751511241115e+24,6.380403572111726e+17,2.1427187886661902e+29
iter_0465,1.7373287236707024e+29,6.693983250954668e+26,2.7290270515838017e+24,385719096519153.56,1.7440499971921767e+29
iter_0466,1.8146785709946834e+29,6.754554133039052e+26,2.587140499365603e+24,156722062731103.1,1.8214589965327176e+29
iter_0467,1.7612739386202286e+29,6.706885968370485e+26,2.883277292811458e+24,1.0589590779344834e+16,1.7680096573616333e+29
iter_0468,1.8499347101878127e+29,6.624010537628703e+26,2.3915670656670254e+24,6.7962419100793704e+16,1.856582636396778e+29
iter_0469,1.806589967720089e+29,6.767418327135692e+26,2.9597309103692355e+24,105437930286023.23,1.8133869833563293e+29
iter_0470,1.931085082957657e+29,6.739580335035762e+26,2.922426694633697e+24,7169306528695809.0,1.9378538875597108e+29
iter_0471,1.862783619203941e+29,6.61883233462035e+26,2.6764936938838676e+24,3921585254295944.5,1.8694292164755393e+29
iter_0472,1.8395939005702452e+29,6.799622177393325e+26,2.8016562423098517e+24,1.2647772484559868e+16,1.846421539310188e+29
iter_0473,1.803098809443067e+29,6.7507594314153e+26,2.7656424982511177e+24,6071038923533668.0,1.809877225299526e+29
iter_0474,1.9712608309355415e+29,6.811929278182441e+26,2.6361621712048825e+24,22959956511044.082,1.978099121835436e+29
iter_0475,1.7697882716793172e+29,6.683224624617015e+26,2.8477694002730837e+24,559649338979284.7,1.7764999739979426e+29
iter_0476,2.040302898063613e+29,6.846334363923699e+26,2.747593492205632e+24,1.4947525588041766e+17,2.0471767083639534e+29
iter_0477,1.9172669360500872e+29,6.766935683086865e+26,2.992734191678522e+24,1796175850305749.5,1.9240637990751088e+29
iter_0478,1.853043243846203e+29,6.724579733047356e+26,2.884720766684857e+24,2.7757856416610284e+18,1.8597966708146755e+29
iter_0479,1.8178619840353723e+29,6.799974005958457e+26,2.6332719635353005e+24,783575603061872.1,1.824688290760974e+29
iter_0480,2.0540094663781286e+29,6.824852287030556e+26,2.796388108838395e+24,136939341487807.05,2.060862282546249e+29
iter_0481,1.7352306453610237e+29,6.671782584855088e+26,2.787984200140131e+24,1.7081308677907497e+19,1.7419303079586933e+29
iter_0482,1.847641237152382e+29,6.690335469202992e+26,2.8580018800356774e+24,2.1437440699563788e+16,1.8543601526405994e+29
iter_0483,1.9116225072955047e+29,6.588938086355582e+26,2.7721819142301146e+24,3546674197326297.0,1.918239167201038e+29
iter_0484,1.741997310773184e+29,6.794634673203045e+26,2.483257780251622e+24,2547739090697646.5,1.748816778024215e+29
iter_0485,1.862118301795908e+29,6.635444472525951e+26,2.590552627343587e+24,65638542577200.53,1.868779651794708e+29
iter_0486,1.837389366541867e+29,6.636976824746952e+26,2.6955352020425224e+24,1559161488872.0566,1.8440532987186344e+29
iter_0487,1.7287747153568e+29,6.721633536964601e+26,2.7328292687211915e+24,8379518079706725.0,1.7355236771865356e+29
iter_0488,1.9056977203455336e+29,6.764444556416466e+26,2.680242203975624e+24,3701709615145749.0,1.912488967324027e+29
iter_0489,1.854987377579196e+29,6.701556792317905e+26,2.523890341176431e+24,30127445911062.195,1.861714173274926e+29
iter_0490,1.8089976186409795e+29,6.797931140223144e+26,2.758069281848006e+24,5821313008626.07,1.8158231304740214e+29
iter_0491,1.8623024466269528e+29,6.80798864261296e+26,2.7714682113249897e+24,9853687177345.555,1.8691381499516792e+29
iter_0492,1.7284825958347256e+29,6.625001894990678e+26,2.607435942840819e+24,247553088244455.0,1.7351336720891472e+29
iter_0493,1.915232930736843e+29,6.697081395768079e+26,2.73914250645141e+24,583296864147088.4,1.9219574035576816e+29
iter_0494,1.9101492080826335e+29,6.791752429851378e+26,3.060764413739302e+24,1745915792171.268,1.9169715681566223e+29
iter_0495,1.9241506216763046e+29,6.723386616560163e+26,2.814828372305355e+24,194781342675693.66,1.93090215657659e+29
iter_0496,1.9775483732378632e+29,6.652925485968052e+26,2.4446204711877016e+24,213857474107999.34,1.9842257449285452e+29
iter_0497,1.7724901865923306e+29,6.650629816597049e+26,2.926421921981577e+24,2.420020488059442e+16,1.7791700806283893e+29
iter_0498,1.814910013330895e+29,6.72915522471305e+26,2.8596711766095555e+24,1.9997181661116452e+16,1.821667765267574e+29
iter_0499,1.9178689981414055e+29,6.878334479875038e+26,2.86537588216485e+24,3862246937016201.0,1.924775986380141e+29
iter_0500,1.84003543143901e+29,6.646116078885232e+26,2.744977457910841e+24,2.886946110119442e+16,1.8467089972927633e+29
iter_0501,1.738967393028843e+29,6.6899805227149e+26,2.437271892526319e+24,4264978260642917.5,1.745681746270526e+29
iter_0502,1.912203046693493e+29,6.751874115850846e+26,2.817492459995535e+24,115052700553712.14,1.9189830957339446e+29
iter_0503,1.7891880965270946e+29,6.574707397274241e+26,2.58121538702235e+24,7.454153960774296e+16,1.7957886160789847e+29
iter_0504,1.8933689507126168e+29,6.777344752689185e+26,2.6952907909295393e+24,5.517034938915054e+18,1.9001732484283858e+29
iter_0505,1.9232295069560403e+29,6.773994815891082e+26,2.606546741105782e+24,1896335951193878.0,1.9300295672393613e+29
iter_0506,1.9326287015518202e+29,6.681509986690178e+26,2.608620744293142e+24,1476055090367.5427,1.939336297745953e+29
iter_0507,1.752775137793414e+29,6.585451566689698e+26,2.888098853939735e+24,1619991149321763.8,1.7593894703486592e+29
iter_0508,1.7068683531439573e+29,6.640816145663833e+26,2.663744638869778e+24,2.003548152773303e+16,1.71353580673621e+29
iter_0509,1.8704851784153115e+29,6.630340901146218e+26,2.717949225761805e+24,3096663966085.644,1.8771426988087152e+29
iter_0510,1.9323352230527537e+29,6.775359745103793e+26,3.0284075662098594e+24,225603969270115.16,1.939140866873522e+29
iter_0511,1.9002769538154723e+29,6.916429234477275e+26,2.638573248191592e+24,4627735421639642.0,1.9072197687824778e+29
iter_0512,1.7338653155950277e+29,6.727706671364843e+26,2.807356008306274e+24,2.032684812746057e+16,1.740621095826679e+29
iter_0513,1.8082579157493867e+29,6.583279595641723e+26,2.930839798617912e+24,2992400140594225.0,1.8148705037430445e+29
iter_0514,1.78950103745071e+29,6.709901101059258e+26,2.8160259931121894e+24,1.4793259616959363e+17,1.7962390988131795e+29
iter_0515,1.8206773739342987e+29,6.673118037061298e+26,2.615478872203441e+24,2682973664007006.5,1.8273766467601086e+29
iter_0516,1.8016532875665156e+29,6.892305988482824e+26,2.625830551377551e+24,39632026336295.04,1.8085718518605126e+29
iter_0517,1.9622047838814533e+29,6.699329765080991e+26,2.758395279390203e+24,860779865613710.6,1.9689316975993367e+29
iter_0518,1.9805039545523125e+29,6.77144832100211e+26,2.4655125186580896e+24,2897352460918971.0,1.98730005799853e+29
iter_0519,1.714450626041752e+29,6.759896525356724e+26,2.548494314329007e+24,8.049303486350895e+17,1.7212360075183014e+29
iter_0520,1.8395751471187237e+29,6.728248555244826e+26,2.617175752759911e+24,1.0145737987052016e+17,1.8463295674325107e+29
iter_0521,1.7595616260354156e+29,6.775530401532996e+26,2.675162784535089e+24,68613725760012.13,1.7663639080647946e+29
iter_0522,1.696643551701867e+29,6.575576851983466e+26,2.5300455478491793e+24,970562308151369.0,1.7032444290093387e+29
iter_0523,2.0483144501645074e+29,6.762876550636736e+26,2.788219959841322e+24,6.584521211164028e+17,2.055105208921327e+29
iter_0524,1.8674594919981765e+29,6.816948336652377e+26,2.7489206039353894e+24,316583354389677.6,1.8743039295408713e+29
iter_0525,1.8489746475342395e+29,6.80038616706313e+26,3.0432581556236116e+24,6.606605818212227e+16,1.8558054662835198e+29
iter_0526,1.8484456045586768e+29,6.636489567201787e+26,2.6986087328711194e+24,2.0704706932556246e+17,1.855109080215278e+29
iter_0527,1.8455513742347704e+29,6.772216698915014e+26,3.141566371168523e+24,15295156931760.463,1.852355006597397e+29
iter_0528,1.9953695888217736e+29,6.778929316494989e+26,2.87193674846736e+24,157638435155248.12,2.0021772375057546e+29
iter_0529,1.809282485382233e+29,6.752700966208314e+26,2.6491871898200453e+24,1.160661938538266e+17,1.8160616782215002e+29
iter_0530,1.7814592644172458e+29,6.784366232731527e+26,2.6385148083423444e+24,6.793388466468683e+18,1.788270015865995e+29
iter_0531,1.896022042347109e+29,6.756843466453311e+26,2.668478058868503e+24,1895658493866614.2,1.90280557059417e+29
iter_0532,1.8930850356644118e+29,6.687934123990291e+26,2.8035310472615725e+24,3.759505763370303e+17,1.8998010051026342e+29
iter_0533,1.820029907960051e+29,6.665381094882813e+26,2.6009071360863465e+24,5126306254614855.0,1.826721298126346e+29
iter_0534,1.8369328930035876e+29,6.802163014512139e+26,2.716376597994385e+24,1269661794988.0674,1.8437622197840796e+29
iter_0535,1.804781437992622e+29,6.617701514776087e+26,2.882781373060196e+24,2.481984597992459e+16,1.8114279673213765e+29
iter_0536,1.8379259456460967e+29,6.722382352930077e+26,2.536848112808374e+24,1.865100865226e+17,1.8446736964820197e+29
iter_0537,2.0876065900983638e+29,6.863167309330546e+26,2.483179893623849e+24,656711593563416.5,2.0944945892066373e+29
iter_0538,1.900784592654016e+29,6.618575870621305e+26,2.6646663613470397e+24,59284534684633.41,1.9074298151882515e+29
iter_0539,1.7698510065511906e+29,6.678388474670547e+26,2.688113397320187e+24,60234658457596.016,1.7765562761598354e+29
iter_0540,1.9396044800096173e+29,6.73924644742363e+26,2.8219459341331744e+24,5946515953013951.0,1.9463719459164417e+29
iter_0541,1.8801366717946085e+29,6.669910458319232e+26,2.6894652402589185e+24,531179781288210.56,1.8868334769053356e+29
iter_0542,1.7803983517588852e+29,6.773802597041007e+26,2.947869215211359e+24,6988053772788.462,1.7872016330480787e+29
iter_0543,1.765525400969003e+29,6.680387185969248e+26,2.8495144142685004e+24,1.1174123693719299e+18,1.772234283310289e+29
iter_0544,1.7756658874545417e+29,6.7156449609131e+26,2.887538901005781e+24,1.9455089078578824e+16,1.7824104078046594e+29
iter_0545,1.730570616183128e+29,6.53358079037297e+26,2.75516690731043e+24,2.84548496053947e+19,1.7371317489271224e+29
iter_0546,1.8619571754045e+29,6.745449549339293e+26,2.683966946630928e+24,19838429151970.062,1.868729464623306e+29
iter_0547,1.9371797639587326e+29,6.615819783297572e+26,2.819625633948851e+24,1.7028730344352256e+16,1.94382377999854e+29
iter_0548,1.873044191880792e+29,6.682997665393319e+26,2.827727007109112e+24,5916033709835909.0,1.8797554668163158e+29
iter_0549,1.8924367635397303e+29,6.708846803244885e+26,2.666689510765879e+24,12647338853535.752,1.8991722772380827e+29
iter_0550,1.7593645307548316e+29,6.663217991589613e+26,2.616973605002302e+24,18241471617278.105,1.7660539184824715e+29
iter_0551,1.9199519349449424e+29,6.618403720879e+26,2.787064207229087e+24,5.123826543413e+16,1.926598209308406e+29
iter_0552,1.88484039566182e+29,6.681710867974307e+26,2.8764618039779524e+24,3756054881582174.5,1.8915508711478717e+29
iter_0553,1.8938218278140922e+29,6.8058429292389e+26,2.588554557130215e+24,4634623970121.716,1.9006535562889027e+29
iter_0554,1.6965478484328112e+29,6.730734341383876e+26,3.235217835510678e+24,9.405433390407592e+16,1.7033109349534906e+29
iter_0555,1.8434059092002824e+29,6.667297548936145e+26,2.7831097511135704e+24,4953136609706.766,1.8501010378467297e+29
iter_0556,1.7824285284702176e+29,6.804313098408104e+26,2.8021282051378514e+24,4096561012065.222,1.789260862850677e+29
iter_0557,1.8060338495376602e+29,6.667663781378199e+26,2.661551802968625e+24,7982668711886887.0,1.812728128837148e+29
iter_0558,1.9279417157328657e+29,6.789028845019291e+26,2.729200728577558e+24,1571990246019335.8,1.9347580365851866e+29
iter_0559,1.886631956017115e+29,6.856087278209075e+26,2.469887855819877e+24,8930411595579.166,1.8935127421738826e+29
iter_0560,1.8890500530999197e+29,6.614613194071186e+26,2.6095764453189414e+24,737170608500745.9,1.8956907620584515e+29
iter_0561,1.906886551628803e+29,6.707860210254912e+26,2.6263877089012344e+24,1224196910908.5996,1.913620675716147e+29
iter_0562,1.8959906022214233e+29,6.868952240870055e+26,2.43298141220352e+24,27234888510239.38,1.9028838842764156e+29
iter_0563,1.9128829851378943e+29,6.78251699650936e+26,2.822028885729427e+24,379822079534740.25,1.919693722423265e+29
iter_0564,1.811391578374258e+29,6.696003516261421e+26,2.543929835052248e+24,34322843224817.89,1.8181130211888704e+29
iter_0565,1.647960960228554e+29,6.80449293260143e+26,2.863584319356634e+24,3849584834526942.5,1.6547940890043875e+29
iter_0566,1.8519916608137874e+29,6.72273699821423e+26,2.5994744819241387e+24,8.18077111011738e+17,1.8587403925650015e+29
iter_0567,1.8346102196223538e+29,6.74235665659727e+26,2.583988143040768e+24,3.1675179492804076e+18,1.8413784161920566e+29
iter_0568,1.7782057695150996e+29,6.73353880399396e+26,2.895998860729155e+24,8875359803328.83,1.7849682683077008e+29
iter_0569,2.0489796321513634e+29,6.780124322265093e+26,2.5719023314817116e+24,5188894848316778.0,2.055785475496995e+29
iter_0570,1.751170505728557e+29,6.893002984336921e+26,2.6960504999779124e+24,1.6334179192915636e+16,1.7580904692180568e+29
iter_0571,1.992847503372241e+29,6.779763162119906e+26,2.691706648104786e+24,7.983586568551594e+16,1.99965418360164e+29
iter_0572,1.906703528297954e+29,6.78525932438728e+26,2.6345740389199825e+24,277475353451246.22,1.913515133362733e+29
iter_0573,1.711842971851664e+29,6.6375952155164e+26,2.8423502520116864e+24,21470855323980.85,1.718508990569701e+29
iter_0574,1.759485801018556e+29,6.743940156520116e+26,2.689143879946804e+24,2877576558353098.0,1.7662566326139043e+29
iter_0575,1.7996326033941423e+29,6.907723901609269e+26,2.801684969697702e+24,1.6994376083646414e+16,1.8065683441456186e+29
iter_0576,1.930453655090948e+29,6.763757078303377e+26,2.6774295092298946e+24,1.481549425928637e+16,1.937244186464492e+29
iter_0577,1.7940849347920336e+29,6.807069317307096e+26,2.9282518742184455e+24,819989088050692.4,1.800921286628091e+29
iter_0578,1.783716974239433e+29,6.638638883739792e+26,2.770232736518922e+24,13596704670074.332,1.7903833154505377e+29
iter_0579,1.7902813256256843e+29,6.825018125357504e+26,2.6346245730144094e+24,714867036053.9214,1.7971326899967718e+29
iter_0580,1.76487806593695e+29,6.724489069593023e+26,3.013189281150581e+24,2.1728781434808856e+16,1.771632686899572e+29
iter_0581,1.8274931182400125e+29,6.652520172006312e+26,2.822915633729137e+24,587178486681.6718,1.834173867568356e+29
iter_0582,1.850711888355249e+29,6.772936822541371e+26,2.6798714437586984e+24,949479775013547.9,1.8575116238922372e+29
iter_0583,2.00170456578923e+29,6.725804152350197e+26,2.775140233244662e+24,309082066041972.75,2.008458121343916e+29
iter_0584,1.83769580765861e+29,6.789604223714235e+26,2.8454788317014926e+24,2.0878811218932777e+18,1.84451386669152e+29
iter_0585,1.8358563890100413e+29,6.589714076545565e+26,2.8485719984707846e+24,4.994170278685084e+18,1.8424745888565133e+29
iter_0586,1.8125610128087504e+29,6.65054349668987e+26,2.8253549792531194e+24,4665992943167602.0,1.8192398098552795e+29
iter_0587,1.7778992892341925e+29,6.831568292489942e+26,2.9537879161908396e+24,1.1478826916030872e+16,1.784760395405959e+29
iter_0588,1.8060789370378603e+29,6.744984663279115e+26,2.5095533562450375e+24,1.1606100676560766e+16,1.812849017234818e+29
iter_0589,1.881295525973449e+29,6.749990145238006e+26,2.851051415548191e+24,625515991978087.6,1.888074026632849e+29
iter_0590,1.8238102730056866e+29,6.764918571129184e+26,2.8525184972790933e+24,5533506212713.629,1.830603716761789e+29
iter_0591,1.9989856079384552e+29,6.704324119261755e+26,2.7964194322771945e+24,16902591599414.809,2.00571789625204e+29
iter_0592,1.9555088625804975e+29,6.852767824990851e+26,2.58623387213874e+24,122048106356261.31,1.9623874927442107e+29
iter_0593,1.7178399553845273e+29,6.655973718447546e+26,2.7675733497313537e+24,3482887889918444.5,1.724523604836507e+29
iter_0594,1.8338306480632185e+29,6.779002963457755e+26,2.7014931091642127e+24,2.970564588239915e+17,1.8406366659607384e+29
iter_0595,1.8720447197376446e+29,6.872101636588987e+26,2.8125323543054394e+24,6189847729050068.0,1.8789449466978388e+29
iter_0596,1.8356459191303556e+29,6.686692054300976e+26,2.7486276635191576e+24,2.498871607953208e+17,1.8423600974637905e+29
iter_0597,1.7802554909473562e+29,6.70140262569065e+26,2.7016073402544296e+24,10222578686676.084,1.7869839096464496e+29
iter_0598,1.8574465320951618e+29,6.66242558856904e+26,2.906889340940469e+24,6.0607309538303e+17,1.8641380265832013e+29
iter_0599,1.83576179728196e+29,6.695349959561521e+26,2.824909317214528e+24,1.1035678027205272e+16,1.842485396334804e+29
iter_0600,1.804764156620542e+29,6.832705063207874e+26,2.773549116029218e+24,4269432740727036.0,1.8116245971749525e+29
iter_0601,1.7841206091044472e+29,6.686997358335916e+26,2.6958954800138376e+24,147198638378919.28,1.7908345654175847e+29
iter_0602,1.9441953449207848e+29,6.653278264556775e+26,2.6874680091272207e+24,532700849902.1191,1.950875497865433e+29
iter_0603,1.7608678498812116e+29,6.777441023918455e+26,2.588684619375198e+24,42278831674906.66,1.7676711777513242e+29
iter_0604,1.851141321774302e+29,6.762812719896057e+26,2.7105309252714494e+24,7121155805376.551,1.857931239803451e+29
iter_0605,1.873808673823728e+29,6.742442705221003e+26,2.698669200397463e+24,1964900073827906.0,1.8805781032209727e+29
iter_0606,1.7389177400187366e+29,6.879454224279251e+26,2.663230461940418e+24,3.212562415879951e+16,1.7458238265479563e+29
iter_0607,1.786302328085056e+29,6.625808204703227e+26,2.663867805230492e+24,318289766940.5856,1.7929547749678114e+29
iter_0608,1.7629703574360653e+29,6.764137098793597e+26,2.689817519204329e+24,2352731065422802.0,1.7697613927100747e+29
iter_0609,1.8454658219019157e+29,6.819928081291232e+26,3.0198088594549846e+24,2.2407012455918384e+16,1.8523159480720256e+29
iter_0610,1.973620646249922e+29,6.707235703152072e+26,2.6805583840645856e+24,1102203273646469.2,1.9803546875369256e+29
iter_0611,2.0453318922755397e+29,6.632564942150925e+26,2.4945602670711365e+24,4.041178948257477e+16,2.0519894028207656e+29
iter_0612,1.8376574323915306e+29,6.719750890202198e+26,2.841470731097767e+24,49439846571820.0,1.8444055979890442e+29
iter_0613,1.8211859277503706e+29,6.670379002314086e+26,2.625191887088658e+24,8395684312673484.0,1.8278825586716398e+29
iter_0614,1.8690770002552728e+29,6.765394650793807e+26,2.7737458712722086e+24,2.926688463709669e+17,1.875870132367706e+29
iter_0615,1.9202078375790858e+29,6.846407851016235e+26,2.939559327737726e+24,3564606484511696.5,1.9270836410234148e+29
iter_0616,1.7960499245587605e+29,6.618360886300448e+26,2.4902706248310985e+24,2183804465505.7373,1.8026931881513092e+29
iter_0617,1.8811181526268374e+29,6.73880240888173e+26,2.84349007104723e+24,4242059062890.549,1.8878853899364297e+29
iter_0618,1.7776146111157836e+29,6.712816835001664e+26,2.9899158474017135e+24,5696371978589.048,1.7843573271092592e+29
iter_0619,1.859370520567198e+29,6.68765944727071e+26,2.652337130312705e+24,1.373640916360973e+17,1.8660847033871452e+29
iter_0620,1.7767642094185034e+29,6.700727122901007e+26,2.975692846971703e+24,636529013617196.9,1.7834946934698806e+29
iter_0621,1.997893245227528e+29,6.763462202772734e+26,2.912769783555953e+24,30478205153404.207,2.004685835128137e+29
iter_0622,1.8766716360439042e+29,6.7436690606569e+26,2.6698291217175517e+24,93718618351380.81,1.8834420033957794e+29
iter_0623,1.7410625994680865e+29,6.769854047730933e+26,2.76610106039745e+24,1203305160577804.5,1.7478601145264334e+29
iter_0624,1.7867373517153618e+29,6.755326940299519e+26,2.840163336348759e+24,15248369272561.492,1.793521080289025e+29
iter_0625,1.8267175483600587e+29,6.72969757202146e+26,2.7449198542903684e+24,2389478223354437.5,1.833474695130647e+29
iter_0626,1.7453063128540162e+29,6.709385994290807e+26,2.5089766223745724e+24,67240613543214.52,1.7520407886145317e+29
iter_0627,1.8658849383950826e+29,6.713032840880315e+26,2.6152188544413656e+24,41458688779874.23,1.8726241234245078e+29
iter_0628,1.743771765144232e+29,6.620340238853762e+26,2.9625526682023247e+24,4873459318207963.0,1.7504217309098166e+29
iter_0629,1.831240514659041e+29,6.763802580093533e+26,2.6995044720575156e+24,2.0983271536559826e+18,1.8380313123048384e+29
iter_0630,1.836553055322548e+29,6.668706014270174e+26,2.9529126601721615e+24,1978928251885177.5,1.8432512904634397e+29
iter_0631,1.871239287401249e+29,6.500007912259156e+26,2.615937332579204e+24,2557913315223428.0,1.8777654546868597e+29
iter_0632,1.8814664149137782e+29,6.676552734775084e+26,2.867340200449479e+24,3046821342350264.0,1.8881716410505884e+29
iter_0633,1.6966023605418902e+29,6.702536166152063e+26,2.681884521813915e+24,1743482538370.378,1.7033317155532605e+29
iter_0634,1.8059023734189275e+29,6.641384783334642e+26,2.8823724776854117e+24,164384734131.8253,1.812572581927039e+29
iter_0635,1.733287996826191e+29,6.622899985017051e+26,2.5350390211791537e+24,3308004938629.6763,1.7399362472014198e+29
iter_0636,1.822942008575804e+29,6.75368774810794e+26,2.731926349286103e+24,1619549807723571.2,1.829723015587421e+29
iter_0637,1.8740081989827435e+29,6.677599904991425e+26,2.6409990119288114e+24,636788447853072.9,1.8807122088778605e+29
iter_0638,1.7826775036719625e+29,6.798485055216546e+26,2.930345598603643e+24,71900442048.41269,1.789505292183165e+29
iter_0639,1.9177480729406157e+29,6.621894545883136e+26,2.467279822330061e+24,17223520297559.107,1.9243946402847223e+29
iter_0640,1.7341177420358693e+29,6.697188378278494e+26,2.745781121244347e+24,49262458067614.08,1.7408423882253604e+29
iter_0641,1.990401659201136e+29,6.789778754053598e+26,2.6804068549522055e+24,1153344051291488.0,1.9972182420237508e+29
iter_0642,1.8666484927239487e+29,6.738016518091924e+26,2.7299841856758724e+24,7.850703708952973e+16,1.8734138090846824e+29
iter_0643,1.690635138100284e+29,6.781834603202522e+26,2.8319178588291525e+24,8.152763537955128e+16,1.6974452918828897e+29
iter_0644,1.737794786096233e+29,6.68930053356449e+26,2.783362762188144e+24,7419737094657829.0,1.7445119202574936e+29
iter_0645,1.7305171307147382e+29,6.658424906562043e+26,2.8929354636124603e+24,4.873704746716133e+18,1.7372044850246735e+29
iter_0646,1.7673088685751163e+29,6.79185704673185e+26,2.662192205307289e+24,1.2095994530068822e+17,1.7741273475451107e+29
iter_0647,1.8113515196363008e+29,6.736905929328941e+26,2.8351283264577016e+24,308632758392047.75,1.8181167768488972e+29
iter_0648,1.8188848452862512e+29,6.740820785014782e+26,2.8190295225843633e+24,1.207324361979132e+16,1.8256538563666127e+29
iter_0649,1.765218674898856e+29,6.593703391880744e+26,2.9372413071680974e+24,202775746775337.38,1.7718417507038102e+29
iter_0650,1.6998114355635467e+29,6.806769278682827e+26,2.6022883536279525e+24,2.0277344413797124e+16,1.7066442277259684e+29
iter_0651,1.7706396733021462e+29,6.694358003045745e+26,2.904264889424165e+24,4.0378928290220093e+18,1.7773630739944653e+29
iter_0652,2.0237420417400585e+29,6.640956420834729e+26,2.661609091191855e+24,36941568764057.72,2.0304096142518054e+29
iter_0653,2.017593847838767e+29,6.722156895366752e+26,2.816220308928282e+24,1.2759246222113032e+19,2.0243441670648154e+29
iter_0654,1.8467300237830236e+29,6.708618653760998e+26,2.82235107676081e+24,9638919504400706.0,1.8534668659476484e+29
iter_0655,1.789871024844014e+29,6.778553921451669e+26,2.7931697793189146e+24,163821196330627.28,1.7966775104632607e+29
iter_0656,1.714490534614683e+29,6.755960344946347e+26,2.6560783472496843e+24,31474147413231.418,1.7212730557431022e+29
iter_0657,1.8354394686862974e+29,6.624318651734525e+26,2.756587232311854e+24,3245150483342993.5,1.842091353210387e+29
iter_0658,1.7982382748263737e+29,6.779732828805622e+26,2.7992753868554964e+24,6968199487517.194,1.8050460004090478e+29
iter_0659,1.8440293401672508e+29,6.743035439332197e+26,2.630072681851837e+24,9976434129968.383,1.8507986763334014e+29
iter_0660,1.8734297687122952e+29,6.801620378697056e+26,2.769091299159912e+24,4.347483632650806e+16,1.8802590800044187e+29
iter_0661,1.8737519282367057e+29,6.580918524935529e+26,2.5977896502549076e+24,887635871765702.4,1.8803588246581526e+29
iter_0662,1.8077773436037948e+29,6.663115050772628e+26,2.5018958667915896e+24,23477468192318.14,1.8144654776132356e+29
iter_0663,1.7384006604089835e+29,6.670807327912733e+26,2.579668614002732e+24,1.8914123746022976e+16,1.7450972644232257e+29
iter_0664,1.8338498965455457e+29,6.778147188640367e+26,2.944327453361703e+24,2.894601519748846e+16,1.8406574870090092e+29
iter_0665,1.9906870199302987e+29,6.730011289502053e+26,2.7860797380412066e+24,36609321678755.57,1.9974448920171818e+29
iter_0666,1.856927777646834e+29,7.011409022546506e+26,2.469151750310725e+24,209432805946605.2,1.863963878186886e+29
iter_0667,1.8135420726978692e+29,6.734504719832238e+26,2.533294862061847e+24,1640411457680178.2,1.8203019103663387e+29
iter_0668,1.9155551565273427e+29,6.724063393330688e+26,2.88341831372933e+24,1267237046776480.0,1.9223080541038232e+29
iter_0669,1.8443155896812968e+29,6.688025551076677e+26,2.8283614389414444e+24,324755510880679.44,1.851031898846766e+29
iter_0670,1.8558323418449676e+29,6.640469876692694e+26,2.679471534652102e+24,2.3276452722998456e+18,1.8624996064602834e+29
iter_0671,1.9197367307979618e+29,6.865512130357712e+26,2.7671456519266e+24,1.8032242421678852e+16,1.9266299143850194e+29
iter_0672,1.9298869444712127e+29,6.642524390331817e+26,2.76820567996894e+24,3608801023979754.5,1.9365571509183804e+29
iter_0673,1.8923319464391296e+29,6.714010369507016e+26,2.660931950253848e+24,262698161055387.1,1.8990725661281416e+29
iter_0674,1.8155430300216297e+29,6.711944257437847e+26,2.7456162526593017e+24,1.2116347954724774e+16,1.822282430441715e+29
iter_0675,1.7800279733927248e+29,6.726392911782244e+26,2.7949064663772287e+24,459315780506141.4,1.7867823153691754e+29
iter_0676,1.7767629009240334e+29,6.780512445446372e+26,3.043922745242398e+24,2.166416861573681e+19,1.7835738528135738e+29
iter_0677,1.8388295963361205e+29,6.823651685623916e+26,2.4989584289522185e+24,174300104427843.38,1.8456782376060356e+29
iter_0678,1.7690596850692033e+29,6.857809336749344e+26,2.746910751639098e+24,316986680153888.9,1.775944963513472e+29
iter_0679,1.770438947393405e+29,6.727790845399758e+26,3.0068048308882737e+24,4204544571461605.0,1.7771968062871554e+29
iter_0680,2.0128078964320803e+29,6.742514827536527e+26,2.803517186917478e+24,8.192596303237274e+17,2.0195784464396787e+29
iter_0681,1.8295582916615197e+29,6.796522191244733e+26,2.8755421688888334e+24,5.866656756251384e+16,1.8363835692750398e+29
iter_0682,1.7700209890554503e+29,6.712299965150671e+26,2.79508827846508e+24,2892150710695.7344,1.7767612399033855e+29
iter_0683,1.895798206691824e+29,6.7482206890952e+26,2.8059353671046285e+24,7380586339.732473,1.90257448673459e+29
iter_0684,1.7556937378709197e+29,6.82070040055601e+26,2.536270661197805e+24,6372354390797827.0,1.762539800978151e+29
iter_0685,1.8090898544517072e+29,6.816955707479295e+26,2.7926092854914864e+24,3.366944039802013e+17,1.8159347362554082e+29
iter_0686,1.812280938755699e+29,6.63994357157257e+26,3.0168420685223265e+24,1.1863962279762906e+16,1.8189510507480753e+29
iter_0687,1.882487930545742e+29,6.631509404784731e+26,2.730822452322038e+24,621321124379403.9,1.8891467481750562e+29
iter_0688,1.929390966912803e+29,6.776201237624146e+26,2.656151767455396e+24,2930752057304141.5,1.936193729668131e+29
iter_0689,1.84258747506334e+29,6.785478014162053e+26,2.868297127030327e+24,1.4402057186878526e+17,1.8494016360502127e+29
iter_0690,1.854293891164791e+29,6.616474875831802e+26,2.698302493948609e+24,2349592614514857.0,1.8609373490655857e+29
iter_0691,1.7400322639415452e+29,6.78642049187085e+26,2.949234937641424e+24,415483508324970.8,1.7468481767827967e+29
iter_0692,1.8228180136940337e+29,6.760178368204547e+26,2.505959311485023e+24,86770803599311.19,1.8296032516553536e+29
iter_0693,1.852147236162772e+29,6.677090168473712e+26,2.570083233019609e+24,23541992661685.613,1.8588500271635766e+29
iter_0694,1.7459596878950036e+29,6.632827437337494e+26,2.625082340125129e+24,4.310480172392113e+16,1.7526187661561734e+29
iter_0695,1.8817969474429997e+29,6.773429229850262e+26,2.790947632381932e+24,2236918709754.03,1.888598286149174e+29
iter_0696,1.7880924593591314e+29,6.682700443110117e+26,2.7421684503119284e+24,489520400518532.7,1.7948025814867497e+29
iter_0697,1.7852204519892552e+29,6.725388060598727e+26,2.774548248379148e+24,4317981490647.0176,1.791973585532338e+29
iter_0698,1.8100630003299753e+29,6.71492584892585e+26,2.7711221990244095e+24,3.5938470471957e+17,1.816805637404485e+29
iter_0699,1.8611000323402153e+29,6.816816813458111e+26,2.647735609506231e+24,1.50999996752931e+16,1.8679433265099195e+29
iter_0700,1.8407927708646357e+29,6.803735076953248e+26,2.85314423141752e+24,3.273584935091385e+16,1.84762503738423e+29
iter_0701,1.7748315141419337e+29,6.731025973914676e+26,2.6511640744654214e+24,437233609013401.7,1.7815890517565975e+29
iter_0702,1.751182476329228e+29,6.732322473989641e+26,2.818193184263798e+24,3.082875968625623e+17,1.757942980738143e+29
iter_0703,1.8305306026338287e+29,6.684310085357433e+26,2.621827810927701e+24,6.419179249116774e+16,1.8372411309979373e+29
iter_0704,1.8486094022953713e+29,6.711239108123017e+26,2.723669773598687e+24,2218482743983569.0,1.8553478781012527e+29
iter_0705,1.882478594335458e+29,6.755251888731851e+26,2.616495941495168e+24,1464170359335.8145,1.8892600111836048e+29
iter_0706,1.798788274768601e+29,6.776260534590592e+26,2.435023603178616e+24,17919643546478.6,1.805588885539224e+29
iter_0707,1.8346469597843302e+29,6.762818339258572e+26,2.6451688060591774e+24,961447208358540.0,1.8414362298116587e+29
iter_0708,1.7994549017303336e+29,6.582909747570414e+26,2.732728031285249e+24,890128951899.4681,1.806065138758217e+29
iter_0709,1.709608531207997e+29,6.69596084764374e+26,2.7029393184104994e+24,4901232488306565.0,1.7163315214488736e+29
iter_0710,1.8684253683490737e+29,6.805328877468419e+26,2.9027791095913115e+24,5226130835630487.0,1.87525972501769e+29
iter_0711,1.8191187622195208e+29,6.707674834709203e+26,2.6750215755647835e+24,92024622470661.2,1.825853187269987e+29
iter_0712,1.8795560732560594e+29,6.772996939138138e+26,2.8492676988501655e+24,1485242334442.6824,1.886357562872186e+29
iter_0713,1.902449541628118e+29,6.686108291510101e+26,2.785413621539004e+24,929034038411.0803,1.9091635040558436e+29
iter_0714,1.7464359853264852e+29,6.661371839540863e+26,2.633028608859048e+24,155114710366052.78,1.7531236874521162e+29
iter_0715,1.842569802872417e+29,6.722885055143169e+26,2.511259747211145e+24,1.8841537406342908e+16,1.849317800525221e+29
iter_0716,1.804175498053898e+29,6.81801318445403e+26,2.6762980682416397e+24,4952513462073690.0,1.8110202742190843e+29
iter_0717,1.8987918443445305e+29,6.813201299345307e+26,2.500218524208527e+24,34238373014.24898,1.905630047829118e+29
iter_0718,1.8446242782108964e+29,6.765884062971686e+26,2.6622799217978264e+24,1.1847804347117126e+16,1.8514167850732047e+29
iter_0719,1.8267444283292204e+29,6.643982504031162e+26,2.791458129933911e+24,230906804810754.66,1.8334163254145532e+29
iter_0720,1.797240113050032e+29,6.639989658068384e+26,2.7316139028212123e+24,1.8734166167715853e+18,1.803907418865863e+29
iter_0721,1.782757549756576e+29,6.816022088139812e+26,2.701185085283334e+24,5092494963233828.0,1.78960058369562e+29
iter_0722,1.9587343494238727e+29,6.755791842164926e+26,2.703230925455791e+24,666106217978735.6,1.965517173575299e+29
iter_0723,1.8899221551658534e+29,6.762982242515809e+26,2.5691528918241835e+24,63433372135998.33,1.8967108289372883e+29
iter_0724,1.9287571044946953e+29,6.866547381925031e+26,2.723817488124697e+24,2106151007319212.2,1.9356508900515226e+29
iter_0725,1.953435627213479e+29,6.784377426328464e+26,2.8670936296815634e+24,8501465137349.265,1.9602486755761043e+29
iter_0726,1.79885932984307e+29,6.797866854403971e+26,2.69212167536212e+24,1.785271701094909e+17,1.8056841179160127e+29
iter_0727,1.7431815646503195e+29,6.692711334338264e+26,3.047932877411846e+24,48379416914086.15,1.749904755313432e+29
iter_0728,1.813006571576575e+29,6.757730174948561e+26,2.702660364952541e+24,2990416134923.547,1.819791328355173e+29
iter_0729,1.8728805615516724e+29,6.804683397970124e+26,2.681719292705824e+24,2.2431888732126687e+18,1.8797120621650013e+29
iter_0730,1.763916328600624e+29,6.613359386425454e+26,2.66436027995914e+24,10393611063.646015,1.770556331589849e+29
iter_0731,1.858752008768573e+29,6.776533047518732e+26,2.6961866297420673e+24,434113692591798.7,1.8655555036823935e+29
iter_0732,1.815267976234272e+29,6.698999630695832e+26,3.037780312294896e+24,9.23376215490874e+16,1.821997353669014e+29
iter_0733,1.7749369214810202e+29,6.815436025788777e+26,2.677635243469369e+24,3409855136502.4272,1.7817791338592437e+29
iter_0734,1.7623726816080928e+29,6.686279518840736e+26,2.742670598325611e+24,9732246728898.686,1.7690863878329167e+29
iter_0735,1.8184670734756444e+29,6.602924314946805e+26,2.8189441013868745e+24,2.489106985271578e+16,1.825098187231854e+29
iter_0736,1.8017079708403914e+29,6.717358723824123e+26,2.971385012284688e+24,188005846634837.7,1.80845504341434e+29
iter_0737,2.0433618770366574e+29,6.667975461674875e+26,2.653095766807644e+24,1640556752157603.2,2.050056383456017e+29
iter_0738,1.736808108203377e+29,6.794110791653224e+26,2.63679750733465e+24,2424658624709228.5,1.7436285869701276e+29
iter_0739,1.771474092784342e+29,6.720874956428984e+26,2.6588721524957955e+24,909987851022354.2,1.778221556462305e+29
iter_0740,1.8782721124700793e+29,6.773021396736664e+26,2.5422382840311347e+24,1.5133818826816926e+16,1.8850705562498078e+29
iter_0741,1.8719504789063952e+29,6.855147329238156e+26,2.6276492990873496e+24,3585650820850726.0,1.8788319027286603e+29
iter_0742,1.858770475058245e+29,6.691202196263252e+26,2.7886833677298874e+24,164809306893725.8,1.8654895640881875e+29
iter_0743,1.8033708888501766e+29,6.773555510565709e+26,2.52650221077354e+24,515116511717192.25,1.8101697093828553e+29
iter_0744,1.8565805811665406e+29,6.658677329568436e+26,2.579516510105262e+24,823009760471320.0,1.863265053661218e+29
iter_0745,1.862743384182586e+29,6.704138884021798e+26,2.8205499917188994e+24,1691852404052809.5,1.869475728566542e+29
iter_0746,1.7670409424122926e+29,6.568764079428608e+26,2.7776354950865494e+24,3424213445255081.0,1.7736374828467064e+29
iter_0747,1.7233052168342614e+29,6.850066415734493e+26,2.579535350854534e+24,29505040935494.277,1.7301810786035045e+29
iter_0748,1.865293709396565e+29,6.782015744691803e+26,2.7522808927321177e+24,875615835188965.8,1.872103247950193e+29
iter_0749,1.815196557334459e+29,6.799934443112867e+26,2.666029178077028e+24,9.378337799035212e+17,1.822023152078731e+29
iter_0750,1.914172192770116e+29,6.688180301774679e+26,2.5829204460792034e+24,1.1615284240560294e+16,1.9208862022764673e+29
iter_0751,1.8242554730258632e+29,6.715161032532907e+26,2.8972817996374737e+24,1.573390124564544e+17,1.8309996068779658e+29
iter_0752,1.8636340003435753e+29,6.662694376744885e+26,2.7743490758655097e+24,15276944813604.307,1.870324438211079e+29
iter_0753,1.830975777549681e+29,6.765496949917234e+26,2.555163803070679e+24,9652528901638692.0,1.8377668261377253e+29
iter_0754,1.8604874714068403e+29,6.781014412117898e+26,2.693500005221799e+24,155441824015588.4,1.867295420819012e+29
iter_0755,1.827122663822989e+29,6.677290939938003e+26,3.1138816220766767e+24,2537493681900368.5,1.833831093579173e+29
iter_0756,1.8265505583903927e+29,6.803678111289748e+26,2.8367410447464826e+24,2.9907870351329484e+16,1.833382603912429e+29
iter_0757,1.8403472826296788e+29,6.743934532070575e+26,2.781872268357737e+24,1.0926410825501986e+16,1.8471190358845425e+29
iter_0758,1.9066640266958332e+29,6.784461010779356e+26,2.683934284213485e+24,2.2449944930654732e+19,1.9134753272739543e+29
iter_0759,2.0609906559333748e+29,6.787415636550323e+26,2.9947383959371765e+24,129805746621671.2,2.0678080189538856e+29
iter_0760,1.8890891285066872e+29,6.764278013026566e+26,2.8298258681202373e+24,5741721669772640.0,1.895881704778452e+29
iter_0761,1.8197323822028232e+29,6.789274595651409e+26,2.5654176014523396e+24,2.487034753362396e+16,1.826547310974738e+29
iter_0762,1.860704449108183e+29,6.585618399255472e+26,2.4793990276745124e+24,2837441898432438.0,1.867314861497744e+29
iter_0763,1.727852627958767e+29,6.795584207827475e+26,2.599790303061737e+24,462391163480733.75,1.7346742100696298e+29
iter_0764,1.82520580403093e+29,6.784532302270347e+26,2.47030150506165e+24,1.7059751097202116e+16,1.8320150393484215e+29
iter_0765,1.84898497723988e+29,6.665568945331539e+26,2.5257533632134977e+24,5561095550903052.0,1.8556758037188994e+29
iter_0766,1.9341965384397187e+29,6.748109599410925e+26,2.903089886537019e+24,1839556950806.3271,1.940973678937995e+29
iter_0767,1.858405916396987e+29,6.760621228648919e+26,2.8827978922509225e+24,2792336541187922.5,1.8651953656045863e+29
iter_0768,1.7816732362475e+29,6.770474397321148e+26,2.78969517820525e+24,1.020958317349271e+16,1.788471607596705e+29
iter_0769,2.010299000148255e+29,6.780789304606791e+26,2.648892801164673e+24,6.217503648022058e+16,2.0171062783814954e+29
iter_0770,1.9262207933453685e+29,6.695120844547618e+26,2.83106742065831e+24,7650586732344.734,1.9329442248641227e+29
iter_0771,1.870357564467106e+29,6.830097385887155e+26,2.6618708466866166e+24,1.2672877115195514e+16,1.877214280561587e+29
iter_0772,1.7765273351916444e+29,6.707790649035952e+26,2.7065797183419494e+24,1.493256239791652e+16,1.783262191638013e+29
iter_0773,1.844734412042184e+29,6.754797483301004e+26,2.804911992510483e+24,10475080881827.322,1.85151725864541e+29
iter_0774,1.78227704638297e+29,6.790896355655737e+26,2.859226279464758e+24,3823471806708.3555,1.7890965350014206e+29
iter_0775,1.9763627549175625e+29,6.783364362381979e+26,3.011724039539429e+24,3465083900854.497,1.9831762365203398e+29
iter_0776,1.8201890685756297e+29,6.798798483806125e+26,2.847701828157933e+24,3622782322622792.0,1.8270163440777535e+29
iter_0777,1.8352992125380885e+29,6.746645183085577e+26,2.702718676914853e+24,1.7114394254021344e+16,1.842072884908114e+29
iter_0778,1.800328204734052e+29,6.659465507532136e+26,2.7066806860054245e+24,27997047041175.684,1.8070147370484448e+29
iter_0779,1.7938715846237516e+29,6.763541015809343e+26,2.7427111902887046e+24,4.1219950343918195e+17,1.8006625527555856e+29
iter_0780,1.866098501880021e+29,6.717218933231659e+26,2.5017851242259205e+24,2503892405970773.5,1.8728407386645198e+29
iter_0781,1.7418901898170403e+29,6.641781323977373e+26,2.581577371246564e+24,8.650308145092241e+17,1.7485577869233807e+29
iter_0782,1.8424658520704963e+29,6.704421501980261e+26,2.622021195902033e+24,956826101214388.1,1.849196493784445e+29
iter_0783,1.9077173654716816e+29,6.835873740387517e+26,2.710430849545799e+24,61452191485345.695,1.914580343520565e+29
iter_0784,2.0243067134845536e+29,6.698372856941065e+26,2.641749839257733e+24,1.8047197030174428e+16,2.0310315038400675e+29
iter_0785,1.7943774898987305e+29,6.62973430761442e+26,2.774292892620297e+24,9511426452349782.0,1.8010349671353662e+29
iter_0786,1.7122398606892595e+29,6.688503465875628e+26,2.7685316454708653e+24,1.36568187526459e+16,1.7189560494717263e+29
iter_0787,1.9294737675028957e+29,6.825426518614236e+26,2.9255781210588664e+24,4.096547657015503e+17,1.9363284498068172e+29
iter_0788,1.926753940378924e+29,6.808854245341317e+26,2.9255489295848443e+24,143389256837690.97,1.9335920501135622e+29
iter_0789,1.8057893742987044e+29,6.746106623163433e+26,2.752663906996387e+24,2932569872705370.5,1.812563007560967e+29
iter_0790,1.7842604897442006e+29,6.723821244350236e+26,2.69570415440131e+24,9408447810.954525,1.791011268030095e+29
iter_0791,1.7974815925786623e+29,6.782470756709754e+26,2.9496669606603097e+24,973625006290681.9,1.8042935600049885e+29
iter_0792,1.842591882248711e+29,6.668835032062709e+26,2.768035463705135e+24,706996508383073.0,1.8492883976354178e+29
iter_0793,1.9055254143393825e+29,6.855991969688297e+26,2.709518565520384e+24,181885552124916.62,1.9124085014947277e+29
iter_0794,2.0430622377450056e+29,6.722427051261753e+26,2.809697019185321e+24,103851595461540.39,2.0498127617664604e+29
iter_0795,1.8179517598046112e+29,6.734795605859247e+26,2.7227801174233696e+24,433674739430.2974,1.8247137832116445e+29
iter_0796,1.8402885646045608e+29,6.782251930356774e+26,2.4846511541127334e+24,33808857878801.887,1.847095663046459e+29
iter_0797,1.8089549908912748e+29,6.560010832506653e+26,3.017617412383759e+24,36586227543366.25,1.8155451778979058e+29
iter_0798,1.8261517754898704e+29,6.796758398729655e+26,2.914533741593725e+24,979543189674.9126,1.832977679226016e+29
iter_0799,1.8322821022570522e+29,6.724811086212376e+26,2.783848367208284e+24,2722361530679668.0,1.8390347518269638e+29
iter_0800,1.8852131829463067e+29,6.778335022040879e+26,2.7996156948609706e+24,249803393682405.44,1.8920195141252987e+29
iter_0801,1.991987328219735e+29,6.735079783205281e+26,2.671019246459055e+24,13552528692325.46,1.998749118195405e+29
iter_0802,1.8397673996231542e+29,6.652595476434818e+26,2.8633705640817716e+24,1.4910348335127995e+18,1.8464486288201403e+29
iter_0803,1.8974933970120705e+29,6.886531439165764e+26,2.622222039688497e+24,2455459343437026.5,1.9044061506716577e+29
iter_0804,1.8138633384393715e+29,6.617776999152898e+26,2.7451301502941143e+24,2.378939635848156e+16,1.820508566740265e+29
iter_0805,1.8152990575798926e+29,6.703907389103945e+26,2.4371681182213107e+24,547964678931394.25,1.8220273366501843e+29
iter_0806,1.9814349422619724e+29,6.818405229596396e+26,2.768378856418945e+24,1873679879849784.0,1.9882810312801516e+29
iter_0807,1.78074983837294e+29,6.7510400822328e+26,2.784902298350732e+24,3749739242541.6763,1.7875287274781563e+29
iter_0808,1.8413452763465446e+29,6.687979128125508e+26,2.649070207209929e+24,436553351248455.56,1.8480597461767464e+29
iter_0809,1.8051258700627957e+29,6.633699566596434e+26,2.673254645975916e+24,374072992830276.9,1.8117863021758556e+29
iter_0810,2.032104843879537e+29,6.74912202208011e+26,2.657499701298137e+24,347145734427020.44,2.0388805408986337e+29
iter_0811,1.7839961521071353e+29,6.82625333514179e+26,2.828033373401526e+24,3.581219483571813e+17,1.7908506857795922e+29
iter_0812,1.924173638357463e+29,6.733148578787222e+26,2.6329411041893593e+24,134667363486870.22,1.930933116347294e+29
iter_0813,1.9763808799246646e+29,6.726651227633688e+26,2.519867567412636e+24,40311882067487.99,1.983132729827973e+29
iter_0814,1.8576785730749498e+29,6.811598977257724e+26,2.984381696981801e+24,4.4212245697087384e+16,1.8645200158696197e+29
iter_0815,1.746670116556344e+29,6.741377828211031e+26,2.529193232998072e+24,2427487773365218.0,1.7534367863169094e+29
iter_0816,1.8148071977292315e+29,6.70001890637554e+26,2.793677127654036e+24,35087985669143.445,1.821535153406884e+29
iter_0817,1.8623744901347557e+29,6.73508456680787e+26,2.5297847104004524e+24,2909280748087.0205,1.8691348725486673e+29
iter_0818,1.8792345353109817e+29,6.657187522621863e+26,2.6577758847127086e+24,1.020241716685093e+16,1.8859183005925525e+29
iter_0819,1.6787320065698554e+29,6.628230057053561e+26,2.8316465933241943e+24,5.5212029581201816e+16,1.6853885530933943e+29
iter_0820,1.745243681314241e+29,6.732317865170524e+26,2.540052994871849e+24,6700635595604.103,1.75200139970936e+29
iter_0821,1.719744307081026e+29,6.770022605565436e+26,2.6325225361139726e+24,520501925834591.94,1.7265406549119577e+29
iter_0822,1.8144722606179223e+29,6.797723063557242e+26,2.7900252387415586e+24,2533599885129575.5,1.8212978839338923e+29
iter_0823,1.978510776900893e+29,6.743952017298531e+26,2.690825935496948e+24,149938983844874.6,1.985281637177548e+29
iter_0824,1.8366913779746778e+29,6.683056379903968e+26,2.59758966215437e+24,7658107228644865.0,1.84340041025128e+29
iter_0825,1.9712287816754676e+29,6.689853973586208e+26,2.5783970026395125e+24,3.0573423842997932e+16,1.977944419619386e+29
iter_0826,1.8701773818622522e+29,6.631768095310866e+26,2.660954667505564e+24,9.2425700640357e+16,1.8768357595051623e+29
iter_0827,1.7997993851094036e+29,6.689497764529945e+26,2.9816244616091854e+24,123426319388999.02,1.806518699118551e+29
iter_0828,1.910702968550514e+29,6.67656856176102e+26,2.529466493497915e+24,2.7138309579817932e+16,1.9174048317774813e+29
iter_0829,1.772905713967196e+29,6.636178204647723e+26,2.6903290915112396e+24,3333123949492800.0,1.779568795462792e+29
iter_0830,1.8372744398507176e+29,6.683785211079778e+26,2.725149853022995e+24,3608561551928268.5,1.8439854765603638e+29
iter_0831,1.768036498192971e+29,6.793489314264897e+26,2.801714029984741e+24,27721270655081.98,1.774858004647536e+29
iter_0832,1.966722836787332e+29,6.794795426094528e+26,2.5899383436168703e+24,7.868339157263333e+16,1.9735435315976497e+29
iter_0833,1.99469946584387e+29,6.766453043279482e+26,2.838366446920316e+24,3195558800244157.5,2.0014943025516506e+29
iter_0834,1.842937633408734e+29,6.747905656307071e+26,2.612120976100429e+24,21069584755570.402,1.8497116602748026e+29
iter_0835,1.8267689721563518e+29,6.658063508798627e+26,2.4817140032565407e+24,1.0839618674972378e+16,1.8334518528052914e+29
iter_0836,1.6596274394375025e+29,6.881635211318301e+26,3.012066705698479e+24,11886261839797.426,1.6665391953158778e+29
iter_0837,1.892115990692067e+29,6.700080182502678e+26,2.7781228091412054e+24,48320424329231.305,1.8988438521026613e+29
iter_0838,1.8423496634098967e+29,6.723492297012806e+26,2.645269912824694e+24,861826268233564.6,1.8490996084060462e+29
iter_0839,1.8299892636711103e+29,6.720282929443199e+26,2.7177995254282796e+24,1575878223612543.2,1.8367367245958237e+29
iter_0840,1.8334103194276625e+29,6.640058870846141e+26,2.785787750192203e+24,8.794799206216205e+16,1.8400782361768905e+29
iter_0841,2.015652672452579e+29,6.789279641130224e+26,2.750817341006484e+24,18144613374419.418,2.0224694602671194e+29
iter_0842,2.1061697224315906e+29,6.835557799046934e+26,2.6498053192705847e+24,61500570041772.1,2.1130317782838307e+29
iter_0843,1.863398086348011e+29,6.835039911420222e+26,2.994294659926518e+24,30148651991809.527,1.870263069206031e+29
iter_0844,1.9063240268400014e+29,6.73054505337212e+26,2.657001132662807e+24,5.390869146111728e+18,1.913081141958609e+29
iter_0845,1.7535875928526385e+29,6.825889372484947e+26,2.7223065302589834e+24,7.441971372671891e+16,1.7604407052911704e+29
iter_0846,1.742606596849279e+29,6.701500107498486e+26,2.842635194090634e+24,1245960693520554.2,1.7493365233087307e+29
iter_0847,1.7900451360494867e+29,6.687262902042859e+26,2.7471197559172874e+24,7659572066601.388,1.7967598701490886e+29
iter_0848,1.868795854248917e+29,6.811620904987375e+26,2.7898254983298943e+24,2.100614754603934e+16,1.875635373409098e+29
iter_0849,1.895419178910103e+29,6.709901266798174e+26,2.6408680540733467e+24,562413721570.8057,1.902155488857442e+29
iter_0850,1.8857060625777498e+29,6.688564151075873e+26,2.627863603474586e+24,5844001012898281.0,1.892420905364919e+29
iter_0851,1.801118551199738e+29,6.61403464245065e+26,2.673682567105937e+24,1.6815192161063428e+16,1.807759322668028e+29
iter_0852,1.780141704064752e+29,6.71538741823288e+26,2.8451975954060317e+24,126223017864247.67,1.7868855434589405e+29
iter_0853,1.9937233765214326e+29,6.70084291023206e+26,2.65488754611443e+24,2777222814367319.0,2.0004507683071536e+29
iter_0854,1.811813300175924e+29,6.767092477159036e+26,2.8561904007344094e+24,1044259979574.5868,1.8186089545570908e+29
iter_0855,1.9254325584642173e+29,6.630838939682016e+26,2.675565866132459e+24,6427258243373660.0,1.932090153062625e+29
iter_0856,1.9397351615773053e+29,6.771186881458092e+26,2.6545173933677104e+24,2273645012681053.0,1.94653289363272e+29
iter_0857,1.8536559311431867e+29,6.793223273679366e+26,2.6134218651169176e+24,125639355492430.55,1.8604752886355184e+29
iter_0858,1.891818310996659e+29,6.796420513776613e+26,2.887800098147016e+24,2702359602811440.0,1.8986436095114443e+29
iter_0859,1.826619366437837e+29,6.838854097800045e+26,2.545702507171578e+24,130813458229.81876,1.833483677560709e+29
iter_0860,1.8721618424403955e+29,6.704224045663345e+26,2.8720133107523924e+24,1.979200917380726e+19,1.8788947868170863e+29
iter_0861,1.707108067806677e+29,6.674977449448848e+26,2.7843804773658167e+24,18645345146575.72,1.7138108890608997e+29
iter_0862,2.006734650972676e+29,6.726235612938274e+26,2.8938768785915485e+24,165354903274030.16,2.013489825354402e+29
iter_0863,1.859984455148439e+29,6.682981174590788e+26,2.5609023409510603e+24,1055628791028441.1,1.86669304534645e+29
iter_0864,1.6997764761200522e+29,6.747303953721318e+26,2.626274873219728e+24,2134781494490.1897,1.7065500428225056e+29
iter_0865,1.9893549371775463e+29,6.693103097867317e+26,2.809604175092216e+24,6.28189357825748e+17,1.9960761363234463e+29
iter_0866,1.758596323608651e+29,6.744757471074132e+26,2.9803216174322524e+24,1.1136590383247651e+17,1.765370884297013e+29
iter_0867,1.937035155408253e+29,6.727990202809652e+26,2.770305210461761e+24,1298341929428325.0,1.9437908486631803e+29
iter_0868,1.9551585389305305e+29,6.786230447242208e+26,2.729249478663532e+24,2.8311577411000676e+16,1.9619720618728428e+29
iter_0869,1.8320731990454537e+29,6.824576146012693e+26,2.4388425725414955e+24,1496664516631147.0,1.838922163617207e+29
iter_0870,1.9142763013968157e+29,6.628819500579958e+26,2.578191956106023e+24,1380009684566255.5,1.9209309028169703e+29
iter_0871,1.8778271995505358e+29,6.680969552879942e+26,2.981733051963037e+24,495843637426479.0,1.8845379864339403e+29
iter_0872,1.9845412116432924e+29,6.613350867990566e+26,2.657641665782429e+24,158627125619.8668,1.991181138927941e+29
iter_0873,1.9455566107098668e+29,6.703154248448739e+26,2.572227560710236e+24,12069799407085.14,1.9522854872339226e+29
iter_0874,1.9038838682135484e+29,6.720025674467811e+26,2.805695288960319e+24,1.2303015657594704e+17,1.9106319508421363e+29
iter_0875,2.0853293684373745e+29,6.682443851912712e+26,2.7647909135327365e+24,18190855278071.195,2.0920394601984227e+29
iter_0876,1.739355536733404e+29,6.736477300434237e+26,2.7329423731262936e+24,3534803369847.9194,1.7461193434575693e+29
iter_0877,1.8681385850776674e+29,6.782427653450794e+26,2.6552810599808564e+24,5953363723360335.0,1.8749475655417777e+29
iter_0878,1.8176185655612217e+29,6.714653133865639e+26,2.7777869130599956e+24,4997865537455226.0,1.824360996564268e+29
iter_0879,1.8735384239183293e+29,6.680405165029705e+26,2.9157459180621885e+24,424179422898325.25,1.8802479865425436e+29
iter_0880,1.8576372719236188e+29,6.891635038905409e+26,2.6824630833758177e+24,20795945679531.363,1.864555731593358e+29
iter_0881,1.8019909991911828e+29,6.798433562471293e+26,2.7305921153324124e+24,8.332771198215878e+17,1.8088167386831403e+29
iter_0882,1.779429037653843e+29,6.673037531989223e+26,2.711156263542091e+24,455477986869596.56,1.7861291867484725e+29
iter_0883,1.8376868875969914e+29,6.657548188232936e+26,2.6496545158203253e+24,2090836129150262.5,1.8443709323304035e+29
iter_0884,1.7560030906876428e+29,6.786107718101479e+26,2.656734477821799e+24,505760200097033.75,1.7628157657505272e+29
iter_0885,1.8579929495794728e+29,6.675414800193607e+26,2.601464367382205e+24,1.3231224572628086e+16,1.8646943790234724e+29
iter_0886,1.9008401477761873e+29,6.800410549863997e+26,2.566810920560892e+24,149065457669912.28,1.9076662264352584e+29
iter_0887,1.832516875537876e+29,6.667672497185327e+26,2.6819673344709566e+24,4057055462986049.0,1.8392113677084466e+29
iter_0888,1.7981372308349343e+29,6.706832341414745e+26,2.901205529585681e+24,84332676594999.08,1.804873075231646e+29
iter_0889,1.979860929036844e+29,6.784941405126706e+26,2.669077732626493e+24,101426314539263.83,1.9866725612192982e+29
iter_0890,1.818145649470062e+29,6.709667731659387e+26,2.5921052705034157e+24,6187609766840131.0,1.8248812382544882e+29
iter_0891,1.8169323174404927e+29,6.74686686189497e+26,3.000438481509676e+24,151283073783060.88,1.823709188687204e+29
iter_0892,1.812589530809513e+29,6.863262232053324e+26,2.47117396050908e+24,1982582455188.5552,1.8194775047811717e+29
iter_0893,1.8103155974988412e+29,6.674435085481954e+26,2.7831000768968435e+24,137594286899865.2,1.8170178635850934e+29
iter_0894,1.9740586087424537e+29,6.674830728551236e+26,2.90588838689365e+24,96351572488759.44,1.980762498354875e+29
iter_0895,1.7345061283006983e+29,6.686079347666115e+26,2.7088452912319e+24,778281519252609.6,1.7412192961012843e+29
iter_0896,1.8016482498797498e+29,6.77038191707249e+26,2.6557587236386086e+24,6.7568545075809896e+16,1.8084451893847345e+29
iter_0897,1.7891626860783892e+29,6.71144045323078e+26,2.8562384196029244e+24,38614450079843.29,1.7959026889158163e+29
iter_0898,1.8557955163292838e+29,6.715925446368955e+26,2.63418709257088e+24,1359380204598132.8,1.862537783646592e+29
iter_0899,1.7449580240160556e+29,6.861810545344063e+26,2.974200274977038e+24,3.5906418251494624e+17,1.75184957656774e+29
iter_0900,1.781437617053214e+29,6.751836779248386e+26,2.8027959710193536e+24,3.400693716467691e+17,1.7882174817955732e+29
iter_0901,1.735736440150516e+29,6.659288411288181e+26,2.7501278315613253e+24,1.94041311460242e+16,1.7424232298403136e+29
iter_0902,1.8753989100678785e+29,6.71245983022474e+26,2.585389357483016e+24,2.37096227161451e+16,1.8821372237919154e+29
iter_0903,1.9086686055553212e+29,6.689674237359385e+26,2.610561403148849e+24,52420973059628.75,1.9153843854067127e+29
iter_0904,1.8945680629546356e+29,6.693899183231834e+26,3.000085128586875e+24,5784942000825.207,1.901291962989153e+29
iter_0905,1.7379843924048586e+29,6.727501886082888e+26,2.749283516292385e+24,86720200983209.95,1.744739387126105e+29
iter_0906,1.828971351634997e+29,6.819391670348151e+26,2.91262788715657e+24,186981016796367.44,1.8358198695842186e+29
iter_0907,1.740525730399255e+29,6.710858089785868e+26,2.5832197301301356e+24,278839288584543.25,1.747262420686345e+29
iter_0908,1.8899650814286444e+29,6.724556926452428e+26,2.718430035005471e+24,445204820001.4401,1.896716822655447e+29
iter_0909,1.8702134940464617e+29,6.663143318612052e+26,2.593858899717839e+24,570691040322879.8,1.8769025759540765e+29
iter_0910,1.858913828548518e+29,6.724545527945657e+26,2.5728228481775497e+24,456003476269985.44,1.86566410230495e+29
iter_0911,1.8913362577197295e+29,6.712387025199778e+26,2.791159284629521e+24,163646367163065.8,1.8980765563377774e+29
iter_0912,1.813830273248968e+29,6.794599414149978e+26,3.04164708542308e+24,5197343459191644.0,1.8206552891340242e+29
iter_0913,1.8492499385079038e+29,6.744656661334239e+26,2.6353517589214697e+24,24456044666067.02,1.8560209486868276e+29
iter_0914,1.869065507100792e+29,6.709128703821823e+26,2.8161510545977795e+24,4.018469981083229e+19,1.875802797717007e+29
iter_0915,1.8762488680602623e+29,6.715907041821398e+26,2.694682762648958e+24,2456376596099.116,1.88299172192971e+29
iter_0916,1.9504180497543784e+29,6.709457793266375e+26,2.7620200386305127e+24,351220953298.2868,1.9571551277480313e+29
iter_0917,1.8126651312525275e+29,6.739996049627052e+26,2.840034035396329e+24,8517819369814656.0,1.8194335276425935e+29
iter_0918,1.8768138832762588e+29,6.760892864683608e+26,2.8073768308053434e+24,1892305111110960.2,1.8836028499092695e+29
iter_0919,1.9136911978794456e+29,6.646062046443626e+26,2.6084209776650345e+24,5884023690209494.0,1.9203633441357246e+29
iter_0920,1.9351968423282898e+29,6.69588705933417e+26,2.9065430352197435e+24,3001625539123771.5,1.941921794818006e+29
iter_0921,1.6540849268473394e+29,6.82240655962051e+26,2.684364640780163e+24,1.51205236754675e+17,1.6609341770548803e+29
iter_0922,1.7713110899647346e+29,6.642682474308771e+26,2.502780411635314e+24,354061803170708.3,1.7779788002431634e+29
iter_0923,1.9514381290218695e+29,6.603720874663883e+26,2.725232240577904e+24,265956038999248.2,1.958069102218942e+29
iter_0924,1.722650144060425e+29,6.677334829697088e+26,2.532893140226565e+24,972568680939734.2,1.7293528078215343e+29
iter_0925,1.9323820984740098e+29,6.704231103482373e+26,2.8870793245052237e+24,828510795386902.6,1.9391152003707457e+29
iter_0926,1.8629332306368098e+29,6.71058388193345e+26,2.4533087011566287e+24,770600799603973.0,1.8696683476057626e+29
iter_0927,1.8842633876771206e+29,6.638693109536214e+26,2.8784798540490097e+24,457669064657969.25,1.8909308655852017e+29
iter_0928,1.726775961116693e+29,6.752516399721791e+26,2.6840278831528e+24,38808627142638.86,1.7335553177952467e+29
iter_0929,1.9647594667752186e+29,6.691933504329618e+26,2.7730173282396497e+24,194554578120400.75,1.9714791304528328e+29
iter_0930,1.785942926076517e+29,6.626326855599143e+26,2.709209512085165e+24,3378501062182.187,1.792596345027237e+29
iter_0931,2.0301760229802914e+29,6.626352846626111e+26,2.9513106380352585e+24,5.6623480211466246e+17,2.03683188893896e+29
iter_0932,1.9128161207169455e+29,6.80407612812901e+26,2.7756692855664537e+24,6.488664015198043e+17,1.9196479535444187e+29
iter_0933,1.758438055504862e+29,6.72808967387087e+26,2.6123035250492917e+24,133850484696578.73,1.7651922682139847e+29
iter_0934,1.9132850330672788e+29,6.743836340719485e+26,2.726680903304502e+24,624811875677398.0,1.9200561362170376e+29
iter_0935,1.8572331839635672e+29,6.670593258263026e+26,2.853763130104962e+24,1759044345388368.2,1.8639323148531488e+29
iter_0936,1.9220740507719957e+29,6.809467923924709e+26,2.751613043104554e+24,19292097022050.645,1.9289110348263516e+29
iter_0937,1.751810581358257e+29,6.816892948680347e+26,3.085000602250319e+24,1.3685593289564058e+17,1.7586583243143285e+29
iter_0938,1.905592082744014e+29,6.755491812491696e+26,2.7136361594273997e+24,2584008917403426.5,1.9123747109181257e+29
iter_0939,1.909109315627609e+29,6.797211071053988e+26,2.705038233190191e+24,1.2185737192504754e+16,1.9159335770811168e+29
iter_0940,1.8400192149134366e+29,6.802817187742486e+26,2.64080764804266e+24,1.5079219317741332e+16,1.8468484401778106e+29
iter_0941,1.9238810365732072e+29,6.785798877567283e+26,2.744151307363032e+24,1.891727178114911e+16,1.9306942769640375e+29
iter_0942,1.9254763171436125e+29,6.80384019839113e+26,2.5818275211996495e+24,300592995780946.6,1.932305975617219e+29
iter_0943,1.8584714919012788e+29,6.555582819861682e+26,2.572704887063953e+24,1.7292744547617544e+19,1.8650528019429384e+29
iter_0944,1.899277092796708e+29,6.75158990515098e+26,2.651365518769988e+24,1176681387003105.2,1.906055196357058e+29
iter_0945,1.9772727177296192e+29,6.711713273180721e+26,2.819789781696766e+24,539949293915642.8,1.9840126289006222e+29
iter_0946,1.799511033549044e+29,6.798779678732758e+26,2.54943073512432e+24,3849707195249635.5,1.8063353075351667e+29
iter_0947,1.8435535830048235e+29,6.599223707442644e+26,2.6837327714166527e+24,21330747310715.17,1.8501796440399807e+29
iter_0948,1.9562538330952073e+29,6.717233329751152e+26,2.7652036190371765e+24,41887619622282.27,1.962998718461149e+29
iter_0949,1.7193296125024873e+29,6.760621080139443e+26,3.1531018180827866e+24,81325453408002.05,1.7261217646008083e+29
iter_0950,1.878357584719145e+29,6.718861867109297e+26,2.769194350027089e+24,27677254729852.82,1.885104138529755e+29
iter_0951,1.833593425741231e+29,6.727509956846891e+26,2.745385548795358e+24,1378052529480996.5,1.8403483895535796e+29
iter_0952,1.8133271051782877e+29,6.71494463247013e+26,2.629364298978328e+24,17145087113832.357,1.8200683434537477e+29
iter_0953,1.6890396382334986e+29,6.792541220322336e+26,2.5665956403522863e+24,23770958990.965233,1.6958578454102242e+29
iter_0954,1.9702493648987067e+29,6.751371337956266e+26,2.8673125819067586e+24,41628778919265.02,1.9770294093624824e+29
iter_0955,1.8880486724001074e+29,6.766793272282792e+26,2.7772949062672915e+24,758393681943185.8,1.8948432386214603e+29
iter_0956,1.934002092374278e+29,6.750997670243802e+26,2.7597406663935464e+24,5880749368628669.0,1.9407806874512446e+29
iter_0957,1.799047610936101e+29,6.84540380389825e+26,2.701523777338474e+24,1796652744850303.8,1.8059200299777906e+29
iter_0958,1.9530971972928707e+29,6.718515324175976e+26,2.621664839087039e+24,1.5919996316417994e+16,1.9598419292655966e+29
iter_0959,1.968781250302381e+29,6.74100524686892e+26,2.6016690079899256e+24,2.6324595304195306e+20,1.9755482748717892e+29
iter_0960,2.052520041058255e+29,6.686357069869583e+26,2.9253188226859146e+24,2844996619552.097,2.0592356513163516e+29
iter_0961,1.8919570162698372e+29,6.678529686647581e+26,2.806880690740249e+24,1025379412051682.6,1.8986636147634022e+29
iter_0962,1.9929828291134954e+29,6.579523710301077e+26,2.9003378773386463e+24,41483486203211.36,1.9995913562025703e+29
iter_0963,1.8237259698686403e+29,6.7770263903672e+26,2.5846266813878913e+24,8.87291469712006e+16,1.8305288425267087e+29
iter_0964,1.866394940014566e+29,6.695761573647253e+26,2.7150503276850147e+24,777308707754314.6,1.8731178520914977e+29
iter_0965,1.7534024779200968e+29,6.729855313106904e+26,2.6582664156697974e+24,3.830037268794784e+16,1.760158915897744e+29
iter_0966,1.8933559411077883e+29,6.776617021539913e+26,2.7910267241304875e+24,395556682155978.56,1.9001604683965735e+29
iter_0967,1.757756744006366e+29,6.66552874050477e+26,2.665698901924624e+24,545819346950827.9,1.7644489297358955e+29
iter_0968,1.8367320926296704e+29,6.837828707304418e+26,2.794739062267941e+24,2.4661074905081546e+17,1.8435978687300637e+29
iter_0969,1.8690149291722058e+29,6.612402151534736e+26,2.6373292769288297e+24,39577408039616.805,1.8756537046165102e+29
iter_0970,1.8268299258978332e+29,6.85450721052998e+26,2.7516533860201986e+24,2807744960417095.0,1.8337119496422516e+29
iter_0971,1.9340050019512203e+29,6.774858761323155e+26,2.506723384498539e+24,18300166498246.48,1.940804927946389e+29
iter_0972,1.8198862875884472e+29,6.681362981183174e+26,2.7756387457037496e+24,1658380121289234.8,1.826595406957104e+29
iter_0973,1.8608111536672528e+29,6.609373228802958e+26,2.7178962061510836e+24,1011539459025638.1,1.8674477058581275e+29
iter_0974,1.8199915381317706e+29,6.669727567903418e+26,2.9214549681361345e+24,1432809631329442.5,1.82669048024937e+29
iter_0975,1.9930381013174582e+29,6.74137574990401e+26,2.567835198223013e+24,14347661037078.928,1.9998051554193443e+29
iter_0976,1.806628463936633e+29,6.71706833917685e+26,2.6885153920045484e+24,7.826823416678262e+17,1.8133724174375568e+29
iter_0977,1.8528650763771343e+29,6.71565981159073e+26,2.6532757164591275e+24,2144718243628.0867,1.8596072689458895e+29
iter_0978,1.831947137319229e+29,6.717357516243243e+26,2.647291962460581e+24,940419950122179.4,1.8386909677551065e+29
iter_0979,1.7419839067559817e+29,6.746804093204213e+26,2.9894119266824324e+24,172444177644159.22,1.7487606049684545e+29
iter_0980,2.181851727179267e+29,6.87413288524074e+26,2.685422973717474e+24,3097210144866418.0,2.188752714294276e+29
iter_0981,1.7798669703119346e+29,6.74503759027526e+26,2.7492791500286986e+24,623368323581968.2,1.7866395006937165e+29
iter_0982,1.7938486925576162e+29,6.71769100483728e+26,2.820169554607137e+24,1.2531929443089688e+16,1.800594585258125e+29
iter_0983,2.0497489726460034e+29,6.648195107705293e+26,2.7060383918219183e+24,1.862489148890062e+16,2.056424228137813e+29
iter_0984,1.9185596410393514e+29,6.737993875668898e+26,2.8557047125369095e+24,30224922019221.523,1.925326191962146e+29
iter_0985,1.9457299199667154e+29,6.754582565876244e+26,2.7255560295075225e+24,134210193822079.05,1.9525117580928882e+29
iter_0986,1.8049899100480485e+29,6.752760315531364e+26,2.705114566840009e+24,488601086862494.3,1.8117697215092534e+29
iter_0987,1.859510045579369e+29,6.766261253823804e+26,2.727619001438e+24,109516134155248.36,1.8663035830232084e+29
iter_0988,1.868231092728089e+29,6.721412587740187e+26,2.8944314675048456e+24,43373993164674.85,1.8749814496305046e+29
iter_0989,1.95511157482211e+29,6.801292677456151e+26,2.6111954460569516e+24,2076425965321727.0,1.9619389794540473e+29
iter_0990,1.848058253810603e+29,6.635980888821001e+26,2.825208946346103e+24,1.867238130170377e+16,1.854722486789074e+29
iter_0991,1.906093684315075e+29,6.69895101471805e+26,2.788164918951525e+24,9066031871003168.0,1.9128205169790734e+29
iter_0992,1.7896759383348135e+29,6.702287526260266e+26,2.62739473540467e+24,451393999874030.06,1.7964044998084325e+29
iter_0993,1.9292717765718014e+29,6.709948578448278e+26,2.9481674451341843e+24,5757541456156.106,1.936011206824701e+29
iter_0994,1.7655875567521503e+29,6.697595970620767e+26,2.5364827793513344e+24,203775045056.42575,1.7723105175505646e+29
iter_0995,1.7513907340840542e+29,6.793045884006319e+26,2.6851898718281893e+24,8025631872134.437,1.758210631866779e+29
iter_0996,1.8695034206078827e+29,6.745076635104977e+26,2.972267583362556e+24,1.4479032274056736e+16,1.8762782199189663e+29
iter_0997,1.8281341126237015e+29,6.75263589513189e+26,2.7478071024881394e+24,40144035167881.76,1.8349142265898586e+29
iter_0998,1.8289628519688147e+29,6.697023628070417e+26,2.735075274778906e+24,164549217914794.62,1.8356872263496348e+29
iter_0999,1.9578080367102163e+29,6.627107072183763e+26,2.579468972249344e+24,3556226771115577.0,1.964460938472158e+29
iter_1000,1.8414653119972736e+29,6.957822781582245e+26,2.740078618661141e+24,986618211876614.6,1.8484505355650525e+29
