iter,Upper Crust,Middle Crust,Lower Crust,Mantle,Total
iter_0001,1.0566635157119625e+28,2.467982810488625e+27,5.094236811111436e+26,3.13300941247782e+26,1.3857342589967176e+28
iter_0002,1.084903792737805e+28,2.5554851504834654e+27,5.4923518551184925e+26,3.8800055698694744e+26,1.4341758820360313e+28
iter_0003,1.0706915031110923e+28,2.511053300830441e+27,5.0099891260762165e+26,3.084747699947765e+26,1.4027442014543761e+28
iter_0004,1.0624659652763435e+28,2.565933826673674e+27,5.374165598998728e+26,3.551465055601203e+26,1.4083156544897104e+28
iter_0005,1.0541132914154017e+28,2.490489823774062e+27,5.185754130073544e+26,3.3986450521872234e+26,1.3890062656154154e+28
iter_0006,1.070292731921747e+28,2.481943078149977e+27,4.802513141733394e+26,2.9305917073025006e+26,1.3958180882271036e+28
iter_0007,1.077854345059247e+28,2.5591411719623307e+27,5.329833824822479e+26,3.0918852524492583e+26,1.4179856530281975e+28
iter_0008,1.0669640524934075e+28,2.567451079695017e+27,5.304166285736716e+26,3.31384931302206e+26,1.409889316450497e+28
iter_0009,1.0631588095366798e+28,2.478325390830657e+27,5.183179786026131e+26,3.372674775666134e+26,1.396549894236668e+28
iter_0010,1.049634449954535e+28,2.4745443721930742e+27,5.3070196150560705e+26,3.438630567622969e+26,1.3845453890006328e+28
iter_0011,1.0713555462385403e+28,2.5293764840626477e+27,5.302014354954926e+26,3.30057613636723e+26,1.4103190995580267e+28
iter_0012,1.0628082259121788e+28,2.5555706875359043e+27,5.279710476948414e+26,3.622868580325057e+26,1.4073910852385038e+28
iter_0013,1.0665784346988135e+28,2.566531955056619e+27,5.2414988664184174e+26,3.299515185801267e+26,1.4086417707266723e+28
iter_0014,1.078362507359756e+28,2.5253607373024996e+27,4.9895818836336615e+26,3.4411870021037724e+26,1.4152062699473803e+28
iter_0015,1.0732105867126615e+28,2.476054531044887e+27,5.2205021206733585e+26,3.249810992528691e+26,1.4055191709491708e+28
iter_0016,1.0805860634173926e+28,2.5090860184492153e+27,5.221569906342419e+26,3.2566066580742686e+26,1.4162764309064808e+28
iter_0017,1.0875369553551525e+28,2.5266249648773844e+27,5.551609965699703e+26,3.61605670307389e+26,1.4318761185306267e+28
iter_0018,1.072077342542262e+28,2.5592685533000605e+27,5.295299753958125e+26,3.519298001841701e+26,1.4161501754302662e+28
iter_0019,1.0670574152052815e+28,2.496588893890778e+27,4.947157987637511e+26,3.134730878116756e+26,1.397535193251902e+28
iter_0020,1.076405615593778e+28,2.485348019947178e+27,5.085822450820976e+26,3.3641124081269565e+26,1.4094397661779751e+28
iter_0021,1.0571086037433196e+28,2.5175731902083854e+27,5.381617359216461e+26,3.472090253956642e+26,1.3974029988958889e+28
iter_0022,1.0582318483712761e+28,2.4867226725665643e+27,5.215586018291428e+26,3.4794013263952705e+26,1.3938539890747996e+28
iter_0023,1.0779734538769807e+28,2.581488685664598e+27,5.2777570983261184e+26,3.208985291102302e+26,1.4209897463377246e+28
iter_0024,1.08317170960609e+28,2.581074106093487e+27,5.32846223716247e+26,3.366271511015744e+26,1.4282264576972209e+28
iter_0025,1.0721218708895311e+28,2.5222175709099676e+27,5.088118474138658e+26,3.492750438277089e+26,1.4101523171046852e+28
iter_0026,1.0692059486306035e+28,2.555399691945882e+27,5.2672291430121605e+26,3.287807217226869e+26,1.410296281427582e+28
iter_0027,1.071395111971905e+28,2.5308539246610526e+27,5.073919882457412e+26,3.444856602920326e+26,1.4096682692917875e+28
iter_0028,1.060827403703573e+28,2.4988569212053704e+27,5.140429748874718e+26,3.145377843939637e+26,1.3935711717522536e+28
iter_0029,1.0592702273947148e+28,2.5321068439146993e+27,5.2448017619975085e+26,3.510905993550585e+26,1.4000379893416658e+28
iter_0030,1.0591468282436802e+28,2.462696593621878e+27,4.8694811535616336e+26,3.323639141075273e+26,1.387347690552237e+28
iter_0031,1.0588369943108343e+28,2.5204449343882444e+27,5.0176160792429046e+26,3.142091010427712e+26,1.3924785586463651e+28
iter_0032,1.0615048003570013e+28,2.5242167565144435e+27,5.2154710851116205e+26,3.334588996399057e+26,1.3994270768235523e+28
iter_0033,1.0547910645787848e+28,2.4801703010429924e+27,5.1694920574084905e+26,3.23734666734201e+26,1.386876481930589e+28
iter_0034,1.0680590281894617e+28,2.550939724228703e+27,5.275080614212886e+26,3.226871989309258e+26,1.4081725266475534e+28
iter_0035,1.0675308513572167e+28,2.5432436307970415e+27,5.315168708370028e+26,3.190086214162455e+26,1.4069077636622457e+28
iter_0036,1.0582970195213368e+28,2.4358843681221667e+27,4.818874701198767e+26,3.33755213359475e+26,1.3834497246814887e+28
iter_0037,1.0737182464609958e+28,2.4866371933590764e+27,5.076361363452478e+26,3.409418805388152e+26,1.4072397674853097e+28
iter_0038,1.0681761779664663e+28,2.5363803453462287e+27,5.366960016524096e+26,3.4845452072816506e+26,1.4103292647391467e+28
iter_0039,1.0650477995275824e+28,2.5538088572651975e+27,4.936133101097648e+26,3.291608563463162e+26,1.4027061018997102e+28
iter_0040,1.0559235514566782e+28,2.4916900259183285e+27,5.4780954141664184e+26,3.486614244718051e+26,1.3947396506373558e+28
iter_0041,1.0659532055092003e+28,2.464833962086339e+27,5.140236421594264e+26,3.314230514173628e+26,1.396981271075513e+28
iter_0042,1.0581112207919491e+28,2.5320917091942505e+27,5.166271241726204e+26,3.085832889817259e+26,1.3938414330268086e+28
iter_0043,1.0783649906789788e+28,2.5944403423548334e+27,5.6749372251931565e+26,3.314254123968918e+26,1.427700938406083e+28
iter_0044,1.0704246418506788e+28,2.536138689969009e+27,5.026637567339245e+26,3.5130352515193835e+26,1.4094352390361658e+28
iter_0045,1.0696379045923592e+28,2.529713211167012e+27,5.181465377297069e+26,3.238707715123569e+26,1.406810956633267e+28
iter_0046,1.07564938645277e+28,2.5685956318270357e+27,5.348843077018379e+26,3.696730076006029e+26,1.4229646811657176e+28
iter_0047,1.0673476117436569e+28,2.489934611522501e+27,4.9863298110055425e+26,3.386103443747441e+26,1.4000654054434366e+28
iter_0048,1.079978516921245e+28,2.556336272665298e+27,5.259647510020735e+26,3.6410179251654486e+26,1.4246187985396367e+28
iter_0049,1.0689046710293343e+28,2.5051026810977763e+27,5.3102723989608674e+26,3.21624511008926e+26,1.4046801142296132e+28
iter_0050,1.0628021593336503e+28,2.46752813223367e+27,4.970655195804486e+26,3.043368080596494e+26,1.389695205321027e+28
iter_0051,1.0627479050036644e+28,2.505944125452241e+27,5.102806690749308e+26,3.143132143260331e+26,1.3958017058889849e+28
iter_0052,1.065954479367257e+28,2.5954755619987253e+27,5.4295377824640956e+26,3.694603601793248e+26,1.416743449409703e+28
iter_0053,1.0831176308693961e+28,2.502946136854938e+27,5.123276485002051e+26,3.0676997283161474e+26,1.4153220066880718e+28
iter_0054,1.0692908741281875e+28,2.4989188566544694e+27,4.819856839143948e+26,3.0075467440143193e+26,1.3974567956252172e+28
iter_0055,1.0680047970416093e+28,2.4450795115812516e+27,4.769064918885329e+26,2.9911464807411695e+26,1.3901148621959995e+28
iter_0056,1.0689437786924619e+28,2.4793166012801285e+27,5.063472157725188e+26,3.437252384263144e+26,1.401882684240358e+28
iter_0057,1.0652934739770947e+28,2.577572556950356e+27,5.2682797664610606e+26,3.2568879895590404e+26,1.4083024072323314e+28
iter_0058,1.0517221672717839e+28,2.4684651828332775e+27,5.160466771110511e+26,3.325294749905919e+26,1.3834263007652758e+28
iter_0059,1.0764548160307275e+28,2.486413125025111e+27,4.839033040085338e+26,3.455142350476021e+26,1.4080378824388521e+28
iter_0060,1.075374594958246e+28,2.5662388918938204e+27,5.187338122578024e+26,3.5807189850464986e+26,1.4196790552238731e+28
iter_0061,1.06835718287896e+28,2.4950303780013283e+27,5.1788251756487595e+26,3.380761395733034e+26,1.4034560863929106e+28
iter_0062,1.0650303473213924e+28,2.4946686638390333e+27,5.210310533890186e+26,3.31151548066235e+26,1.3997154738508212e+28
iter_0063,1.0638146900967222e+28,2.45128208924186e+27,5.035630246714597e+26,3.051685237740904e+26,1.3898160538654632e+28
iter_0064,1.0791190509011562e+28,2.575857914137145e+27,5.1497529612045335e+26,3.109793387175856e+26,1.4193003057986746e+28
iter_0065,1.0796430288158005e+28,2.5411459096580295e+27,5.2984312055369335e+26,3.3148218634623166e+26,1.419890150471596e+28
iter_0066,1.0608468060587708e+28,2.4676767002548306e+27,5.1565578655255596e+26,3.312209879018057e+26,1.39230215352969e+28
iter_0067,1.0630479388619913e+28,2.524241024887809e+27,5.332553473887696e+26,3.463582057247342e+26,1.4034333966621225e+28
iter_0068,1.061437323343983e+28,2.488190722015197e+27,4.9741535915079894e+26,3.2147242571435513e+26,1.3921451740320181e+28
iter_0069,1.0643605350377274e+28,2.506094672129034e+27,5.1360526657593576e+26,3.36259675676334e+26,1.3999564964758576e+28
iter_0070,1.0615852671305435e+28,2.4536657569335096e+27,4.7549157043136405e+26,3.174801848041182e+26,1.3862490183474426e+28
iter_0071,1.0664108601506494e+28,2.5062393359531985e+27,5.0497690968176634e+26,2.9481016511016284e+26,1.3970135012251622e+28
iter_0072,1.0740451806722816e+28,2.477626374899646e+27,5.230355331016927e+26,3.4246783027078696e+26,1.4083581544994943e+28
iter_0073,1.0468073734676963e+28,2.482099551476258e+27,5.381569270520327e+26,3.322211894857438e+26,1.3820551402690998e+28
iter_0074,1.0552935616597947e+28,2.4346779314328256e+27,5.010632142010966e+26,3.106740754100666e+26,1.3799350837641936e+28
iter_0075,1.0472927598831785e+28,2.4567789982486628e+27,5.11858142078558e+26,3.245289434397825e+26,1.3766093682598788e+28
iter_0076,1.0557577854060638e+28,2.4928748655296103e+27,5.253862570944862e+26,3.259378804416872e+26,1.3901776857126421e+28
iter_0077,1.0747120150088394e+28,2.524002711180254e+27,5.3051594395694045e+26,3.430762248742787e+26,1.414471503009987e+28
iter_0078,1.0731841117289785e+28,2.554684583022488e+27,5.207014000807604e+26,3.422653249136071e+26,1.4149492425306643e+28
iter_0079,1.0780634456279212e+28,2.5624263953212695e+27,5.295539316305725e+26,3.574823245870226e+26,1.4230097107818079e+28
iter_0080,1.0820296626006408e+28,2.559925484085602e+27,5.3766219644507145e+26,3.632360018523865e+26,1.428112030838947e+28
iter_0081,1.067183986119736e+28,2.518518521259668e+27,5.446745026079167e+26,3.306568261163109e+26,1.4065689711181256e+28
iter_0082,1.0676760943655992e+28,2.4755815075941923e+27,4.947854932614614e+26,3.2496552286416005e+26,1.3972093467375804e+28
iter_0083,1.0507666678913719e+28,2.5064767396094877e+27,5.3749709858373456e+26,3.190990381073409e+26,1.3870739555214281e+28
iter_0084,1.0694217064195277e+28,2.5457321920943283e+27,5.00304712696949e+26,3.292595752559201e+26,1.4069513544242475e+28
iter_0085,1.0558529781820741e+28,2.495938666442936e+27,4.9660933116854555e+26,3.033855486251269e+26,1.385446332805735e+28
iter_0086,1.0762946640563333e+28,2.577021171620474e+27,5.371772499051963e+26,3.74791598621799e+26,1.42519366607108e+28
iter_0087,1.061066628346872e+28,2.516781853272146e+27,5.075880101238388e+26,3.13304415211181e+26,1.3948340562075884e+28
iter_0088,1.069750080117382e+28,2.5395375612426457e+27,5.1584081813750605e+26,3.108972185702811e+26,1.4063776399124252e+28
iter_0089,1.0476627576602845e+28,2.5236691641988295e+27,5.134855922675074e+26,3.4705114888380654e+26,1.3860833481952989e+28
iter_0090,1.0649311639891424e+28,2.43852808886952e+27,4.93957344830124e+26,3.231448483078186e+26,1.3904941921898887e+28
iter_0091,1.0713789316067896e+28,2.532626158080497e+27,5.2099706258235284e+26,3.6091604148322374e+26,1.4128328578213968e+28
iter_0092,1.0770589855315393e+28,2.5238249006004115e+27,5.2560783523628687e+26,3.53426451565488e+26,1.4173449042717581e+28
iter_0093,1.0745635092155249e+28,2.5060132141159194e+27,5.055564443982662e+26,3.147581310322794e+26,1.4071962881701716e+28
iter_0094,1.0503244026700233e+28,2.4945372949999086e+27,4.928736092485632e+26,2.7781994281757712e+26,1.3768474873766282e+28
iter_0095,1.0673745397579293e+28,2.519905457923557e+27,5.395208055701431e+26,3.804533199178731e+26,1.4113624980990866e+28
iter_0096,1.0715737270661583e+28,2.520423955309342e+27,4.765490153216451e+26,2.9714397944354962e+26,1.4009854220736118e+28
iter_0097,1.0884496485933058e+28,2.4807067201126274e+27,4.869703356596624e+26,3.193193732176331e+26,1.417149291492298e+28
iter_0098,1.074102151407762e+28,2.5020892534702696e+27,4.856368848617503e+26,3.4294634290492436e+26,1.4071693995314566e+28
iter_0099,1.0484417332042388e+28,2.4422995029699725e+27,5.12035313376997e+26,3.314228580219993e+26,1.3770175006411358e+28
iter_0100,1.078674147853773e+28,2.545894634153009e+27,5.150113147903864e+26,3.103275704375431e+26,1.4157974997918667e+28
iter_0101,1.0679875171179658e+28,2.5225092230657734e+27,5.2765999865690916e+26,3.1590173537358095e+26,1.4045946128275922e+28
iter_0102,1.0564199360936226e+28,2.5274413346820453e+27,5.04817425849217e+26,3.000935285640556e+26,1.3896551650031543e+28
iter_0103,1.0705290796368379e+28,2.5259532303009915e+27,5.3018806491210255e+26,3.176185594818488e+26,1.407905065106332e+28
iter_0104,1.0820804217159821e+28,2.5536210856410423e+27,5.274771358494321e+26,3.507007003795856e+26,1.425260313902988e+28
iter_0105,1.0600315388733372e+28,2.4938361449408704e+27,5.1528971554544456e+26,3.199800397868179e+26,1.3929421289006506e+28
iter_0106,1.0636267240806825e+28,2.4580430738308387e+27,4.58519775437133e+26,2.582059032429029e+26,1.38110359933177e+28
iter_0107,1.0578613342202031e+28,2.4524792482778715e+27,5.209008219461351e+26,3.40866275930483e+26,1.3892859688356522e+28
iter_0108,1.0604995872664858e+28,2.4929939615264763e+27,4.9814815647017686e+26,2.7493667944462327e+26,1.3871074670106135e+28
iter_0109,1.0659535407747325e+28,2.5276800694696573e+27,4.9527021568148344e+26,3.244331401444325e+26,1.4006918833042897e+28
iter_0110,1.0666701892138796e+28,2.5315633671358066e+27,5.27562666648089e+26,3.190581846751651e+26,1.4044886110597857e+28
iter_0111,1.074346762345949e+28,2.508057538272712e+27,5.091409973641453e+26,3.285742008064416e+26,1.4089240359902788e+28
iter_0112,1.0683494903891585e+28,2.502158895380304e+27,5.2839495070615796e+26,3.2782166241200254e+26,1.4041870412390048e+28
iter_0113,1.0713232324492604e+28,2.5269996550473356e+27,5.00225597480303e+26,3.093808507772665e+26,1.4049838427797506e+28
iter_0114,1.0673639889112117e+28,2.5284492066789004e+27,5.3621612051105065e+26,3.297323521025243e+26,1.4068037568404593e+28
iter_0115,1.0512386892804961e+28,2.4719099001156583e+27,5.2946493266416634e+26,3.132704543969445e+26,1.382703217998173e+28
iter_0116,1.0633672241389737e+28,2.5267716498521714e+27,5.043417720686395e+26,3.3468597383852605e+26,1.3999471637149073e+28
iter_0117,1.064185688209298e+28,2.5314465127084105e+27,5.1953369865529e+26,2.662505211886049e+26,1.3959087614645283e+28
iter_0118,1.0552276340406055e+28,2.4891252148838136e+27,5.349514667297239e+26,3.348599634873291e+26,1.3911212985506921e+28
iter_0119,1.0536138323427533e+28,2.5383459719087464e+27,5.422367447899225e+26,3.782703051400827e+26,1.3994991345266285e+28
iter_0120,1.0809019458080807e+28,2.5316734651081146e+27,5.516553722117639e+26,3.534010331936215e+26,1.4245749328594307e+28
iter_0121,1.0504157217831698e+28,2.4832134710954145e+27,5.010272024870101e+26,3.141293500572512e+26,1.3802527241471375e+28
iter_0122,1.0657144534420831e+28,2.514906819368482e+27,5.325460718332717e+26,3.742042001161759e+26,1.4078801625738761e+28
iter_0123,1.082143383406036e+28,2.510394663115002e+27,4.9442480936387024e+26,3.401246650912181e+26,1.416637797163045e+28
iter_0124,1.0594689992251417e+28,2.5461782702549164e+27,5.1397831042886104e+26,3.2408139879192156e+26,1.3978927971727116e+28
iter_0125,1.0534444225867597e+28,2.5453442701281863e+27,5.747225363630593e+26,3.661164256505624e+26,1.4020627458009404e+28
iter_0126,1.0720694391627142e+28,2.5807236380910287e+27,5.371111439609737e+26,3.0850885993384523e+26,1.4147038033612988e+28
iter_0127,1.0666081236188925e+28,2.529788292696077e+27,5.143354463510256e+26,3.178300357708742e+26,1.4028035011006902e+28
iter_0128,1.0628471586872617e+28,2.4766050330015387e+27,5.0033935017984305e+26,3.2253505679979786e+26,1.3927951026853797e+28
iter_0129,1.0490311399782724e+28,2.4730455609206842e+27,5.2580733816263506e+26,3.5181455725538124e+26,1.3840978856121426e+28
iter_0130,1.0520882405981067e+28,2.4625858771985526e+27,4.995101634016952e+26,2.9081299867870975e+26,1.3773791445260024e+28
iter_0131,1.0602116933622891e+28,2.4654474816616458e+27,4.998306452984777e+26,3.672343254826199e+26,1.3934629386065636e+28
iter_0132,1.0581988364421886e+28,2.4861463872587816e+27,4.8989392305326784e+26,2.9407617913934525e+26,1.3852104853873282e+28
iter_0133,1.051275773877746e+28,2.4731028206983308e+27,5.3742840385099744e+26,3.5710292295045894e+26,1.3880391886277247e+28
iter_0134,1.0677543297144106e+28,2.49979313519482e+27,5.133466315240773e+26,3.335181100298318e+26,1.4024201173892835e+28
iter_0135,1.0784874283596542e+28,2.5352348364316406e+27,4.716536888371291e+26,2.7493129106205802e+26,1.406669409992737e+28
iter_0136,1.0780854342461645e+28,2.5038898808544546e+27,5.200340605177147e+26,3.473422592142539e+26,1.415212054304807e+28
iter_0137,1.0638196749741962e+28,2.5162931423534286e+27,5.0925924779272665e+26,2.946083193005416e+26,1.395835745918866e+28
iter_0138,1.0675056825240431e+28,2.541383277621254e+27,5.2529937649359127e+26,3.794872385102724e+26,1.412122671786555e+28
iter_0139,1.082558893772243e+28,2.529381373795125e+27,5.152305186968647e+26,3.0359342012188852e+26,1.4173794250336306e+28
iter_0140,1.065174429612954e+28,2.5448300382310094e+27,5.555908744836344e+26,3.5090691301335865e+26,1.4103072121857545e+28
iter_0141,1.0597202050437815e+28,2.4631282470960426e+27,4.791908374971561e+26,3.0912845314477904e+26,1.3848649588175793e+28
iter_0142,1.077199970867987e+28,2.5245125648564636e+27,5.122618111796158e+26,2.8116766507671746e+26,1.4089941749792667e+28
iter_0143,1.081215942034309e+28,2.545313867287833e+27,4.876391153398736e+26,3.0603428210209158e+26,1.4151146685072888e+28
iter_0144,1.0764847650030829e+28,2.5465435492665026e+27,5.438074871758927e+26,3.4683052958285743e+26,1.4202029216056082e+28
iter_0145,1.0893821187285649e+28,2.5404304199458723e+27,5.055552205615785e+26,3.1864219872452376e+26,1.4258449026517622e+28
iter_0146,1.073507256718483e+28,2.520259004190311e+27,5.262051242347387e+26,3.24733906527226e+26,1.4106270602137106e+28
iter_0147,1.0611868245251055e+28,2.5183720069762684e+27,5.0894328860853176e+26,3.118247166660391e+26,1.3951008257501896e+28
iter_0148,1.0442829490147125e+28,2.4775519226556644e+27,5.33334880066471e+26,3.1931217916547966e+26,1.377302847203474e+28
iter_0149,1.0625272237865139e+28,2.519970832275397e+27,5.3296895167243366e+26,3.4984368267998525e+26,1.4028055704492954e+28
iter_0150,1.0701977138661213e+28,2.5405800432715253e+27,4.939892612501728e+26,3.108218774000029e+26,1.4047368320582915e+28
iter_0151,1.0638756370211877e+28,2.5157283415001827e+27,5.153430457294761e+26,3.4202040096724986e+26,1.4011848158408785e+28
iter_0152,1.080241161047769e+28,2.4925789864709105e+27,5.02468553396934e+26,3.198138798074498e+26,1.4117273030152985e+28
iter_0153,1.0591357978367234e+28,2.525112485550619e+27,5.133757542430277e+26,2.8820226831035082e+26,1.3918048486471232e+28
iter_0154,1.0631399004214105e+28,2.492130074296793e+27,5.1726394190437396e+26,3.3777572291253066e+26,1.3978568743327803e+28
iter_0155,1.0870791150071475e+28,2.580425328956384e+27,5.4557831623306125e+26,3.0901514423005786e+26,1.4305809939490976e+28
iter_0156,1.0676357727576556e+28,2.50093752489519e+27,5.218773906090731e+26,3.162052013054664e+26,1.4015377844386285e+28
iter_0157,1.0690568971279701e+28,2.511405221742654e+27,4.944697911911008e+26,3.0000139395771932e+26,1.3996445378171174e+28
iter_0158,1.0822779009906575e+28,2.527070707842873e+27,5.18931705472882e+26,3.684231341459539e+26,1.4237204557368284e+28
iter_0159,1.063769467902882e+28,2.5478914032236234e+27,5.499544292923459e+26,3.68370570743508e+26,1.41039110822883e+28
iter_0160,1.06063962616105e+28,2.498509011026261e+27,5.045783085067425e+26,3.223847790106776e+26,1.393186836015418e+28
iter_0161,1.061804711079981e+28,2.5031935326629397e+27,5.16748808786004e+26,3.490190043123708e+26,1.3987008456561125e+28
iter_0162,1.077077710409079e+28,2.528807865486253e+27,5.418659054974941e+26,3.3601141931378605e+26,1.4177462294388324e+28
iter_0163,1.0682202828874003e+28,2.442705786055572e+27,4.81498393068939e+26,3.0232896796901094e+26,1.3908735975967523e+28
iter_0164,1.072390291024981e+28,2.4860233428394646e+27,4.725895056819333e+26,3.061871556158011e+26,1.3988702914387008e+28
iter_0165,1.0732977715623711e+28,2.5327726720407104e+27,5.075364592655755e+26,2.9605230198474244e+26,1.4069339148914738e+28
iter_0166,1.0670414884602024e+28,2.506500037101289e+27,5.357208899686375e+26,3.314267281370557e+26,1.4044062539809005e+28
iter_0167,1.0852045556667061e+28,2.496778311802734e+27,4.835001336627719e+26,3.231718815991167e+26,1.4155495883731685e+28
iter_0168,1.0646562901445128e+28,2.5171092047744517e+27,5.26312502597934e+26,3.301282716304724e+26,1.4020112880447985e+28
iter_0169,1.069522812464837e+28,2.4981026577089506e+27,5.115158181580123e+26,3.214732635609175e+26,1.402631986407625e+28
iter_0170,1.0609999962698744e+28,2.4419977848694948e+27,4.953306947850765e+26,2.740691153285196e+26,1.3821397557681834e+28
iter_0171,1.059910575429993e+28,2.519791269539335e+27,5.265997774830592e+26,3.188457140372829e+26,1.3964342515359607e+28
iter_0172,1.0635588591263829e+28,2.506021548674689e+27,5.367405259687245e+26,3.4657440356604774e+26,1.4024925069473291e+28
iter_0173,1.0779973105506074e+28,2.532358888542568e+27,5.186400744157683e+26,3.3311396934621626e+26,1.4164086037810626e+28
iter_0174,1.0660450922770989e+28,2.510253241175769e+27,5.0219201955590295e+26,3.623416525046437e+26,1.4035237836007302e+28
iter_0175,1.0673354820534675e+28,2.521439575538808e+27,5.2050380364318566e+26,3.310830017769837e+26,1.4046381201493652e+28
iter_0176,1.0572011577045005e+28,2.5331074765527773e+27,5.449791752976376e+26,3.824755845421695e+26,1.403257381343759e+28
iter_0177,1.0691231781764957e+28,2.5208081609751657e+27,5.3732511237304284e+26,3.6498084924787414e+26,1.411434590436104e+28
iter_0178,1.0651695155182653e+28,2.543358351294866e+27,5.2906364602179595e+26,3.297666844444704e+26,1.4053883836943785e+28
iter_0179,1.0572709490123697e+28,2.5527103846434764e+27,5.602355316870216e+26,3.555873129184434e+26,1.4041242719372639e+28
iter_0180,1.0661340018948325e+28,2.5627698273958496e+27,5.236528735726341e+26,3.167923242364332e+26,1.4064555044153244e+28
iter_0181,1.062361039395526e+28,2.4662593530288147e+27,5.1308128894418565e+26,2.975081328723964e+26,1.3900459168800655e+28
iter_0182,1.0615941936703568e+28,2.4639042441413876e+27,4.906161832482568e+26,3.0358712044897184e+26,1.3874049484542186e+28
iter_0183,1.0558479846095227e+28,2.513318499144272e+27,5.032019401522094e+26,2.7734336489058305e+26,1.3852343650282293e+28
iter_0184,1.0780136587293374e+28,2.547624226981915e+27,5.163272033044655e+26,3.375112100374646e+26,1.418159922761722e+28
iter_0185,1.081581003266314e+28,2.48537500272139e+27,4.8905115189248584e+26,3.256577405654655e+26,1.4115893927842483e+28
iter_0186,1.0796566413098052e+28,2.4819824858203986e+27,5.011543642200662e+26,3.47078906289679e+26,1.4126782169428195e+28
iter_0187,1.0715416590308605e+28,2.504844509878994e+27,5.3685362473056865e+26,3.4494905150852174e+26,1.410206377642669e+28
iter_0188,1.0763939125075753e+28,2.502339618329371e+27,5.1221807004598776e+26,3.050493530136505e+26,1.408354616646476e+28
iter_0189,1.0787378486566904e+28,2.536938432536811e+27,5.155784987948454e+26,3.130619927937355e+26,1.4152957410692298e+28
iter_0190,1.0656025903320933e+28,2.4775960552416765e+27,5.109249370177802e+26,3.0184278035083108e+26,1.394638967593122e+28
iter_0191,1.0552822669155023e+28,2.4829420806243916e+27,5.200214015941e+26,3.565818442335965e+26,1.3912367995607112e+28
iter_0192,1.059356891959256e+28,2.5250676288014524e+27,5.2790480779268605e+26,3.220963858693903e+26,1.3968637742056089e+28
iter_0193,1.0861019814247568e+28,2.530118426278194e+27,4.90509490120318e+26,3.442372478900887e+26,1.4225884978536168e+28
iter_0194,1.0634298421041684e+28,2.501886358005472e+27,5.160069980515378e+26,3.143759306948162e+26,1.396656770779351e+28
iter_0195,1.0678271551571798e+28,2.512820308006131e+27,5.193729640679937e+26,3.7050800824132704e+26,1.408097283188725e+28
iter_0196,1.0691046574883695e+28,2.503084879359278e+27,4.965915404450317e+26,3.2812315873975166e+26,1.4018846153427757e+28
iter_0197,1.0659325722635284e+28,2.5273147157743963e+27,5.397895900256824e+26,3.538287156902204e+26,1.4080258744125585e+28
iter_0198,1.0551701319751764e+28,2.49043026964672e+27,5.131640003770585e+26,3.483517435076366e+26,1.390364733328318e+28
iter_0199,1.0666714643073817e+28,2.501806525942774e+27,5.166363413439018e+26,3.336174645816695e+26,1.401877497494216e+28
iter_0200,1.064846806449549e+28,2.529112186869391e+27,5.20807108190839e+26,3.34750283589165e+26,1.4033137643144885e+28
iter_0201,1.0838479283362784e+28,2.561799416893711e+27,5.3010852527171365e+26,3.62363332887343e+26,1.4292750558415552e+28
iter_0202,1.0619124890415069e+28,2.492841507702774e+27,4.900527928209409e+26,3.1255443980301724e+26,1.3914573630741801e+28
iter_0203,1.0661776147098986e+28,2.526001236248059e+27,5.0516210275008876e+26,3.127633331269281e+26,1.4005702819224061e+28
iter_0204,1.0540048647499798e+28,2.494708658095317e+27,5.397198285852733e+26,3.4890202602657016e+26,1.3923379160206959e+28
iter_0205,1.0598807254347188e+28,2.5974582302874805e+27,5.362907287534492e+26,3.205674642306234e+26,1.405312367761874e+28
iter_0206,1.0705970024298278e+28,2.540614614366797e+27,5.3174609453761065e+26,3.449889465988292e+26,1.4123319679801514e+28
iter_0207,1.0725423835236292e+28,2.5092208625482584e+27,5.161015936953216e+26,3.360524698960046e+26,1.4086798761375877e+28
iter_0208,1.057413998982045e+28,2.422576385474659e+27,4.93571898065344e+26,2.7875283193452847e+26,1.3769041105294982e+28
iter_0209,1.0577303420736552e+28,2.513476031790278e+27,5.246872991203027e+26,3.220651750216025e+26,1.3937531926668734e+28
iter_0210,1.0670362845346791e+28,2.5186447529575654e+27,4.952295484096691e+26,3.362593330787479e+26,1.4020496479792775e+28
iter_0211,1.0645621238193865e+28,2.540376499012901e+27,5.1338071918328285e+26,3.449249128540692e+26,1.4044303369244118e+28
iter_0212,1.0722290185246402e+28,2.5322432670833963e+27,5.015516772972362e+26,3.223481083117104e+26,1.4078433237938746e+28
iter_0213,1.051014298228798e+28,2.481621393035398e+27,4.9994541083752306e+26,2.9749250258239897e+26,1.37892022887433e+28
iter_0214,1.0681409310048995e+28,2.5617791413697957e+27,5.275534957326783e+26,3.3418604780265156e+26,1.410492799495412e+28
iter_0215,1.0666449840950028e+28,2.499609462524948e+27,5.037478821257284e+26,3.292114533569018e+26,1.3999018638957606e+28
iter_0216,1.0642005408095352e+28,2.543312087517758e+27,5.4769049894006596e+26,3.285512377701406e+26,1.4061559232323318e+28
iter_0217,1.0696881209740034e+28,2.53872973253312e+27,5.271530671207673e+26,3.2734136252366796e+26,1.409010537191759e+28
iter_0218,1.0679102125799284e+28,2.481710130258193e+27,4.863850605361015e+26,3.28399763137566e+26,1.3975597079731144e+28
iter_0219,1.0604991980117692e+28,2.5641626431428953e+27,5.207586413937865e+26,2.8616581628200068e+26,1.3976079080936376e+28
iter_0220,1.0751728572337828e+28,2.5289556174795886e+27,5.4408714953754475e+26,3.6288438469491785e+26,1.4187655724049878e+28
iter_0221,1.0790926966062585e+28,2.468546977380225e+27,5.181035973786426e+26,3.4752499924273204e+26,1.4125102540064186e+28
iter_0222,1.0845005007345816e+28,2.5098827045187285e+27,4.909481069454207e+26,3.134622777990009e+26,1.4159298096608968e+28
iter_0223,1.0736729825915483e+28,2.5261916345270814e+27,5.366835057073662e+26,3.8637250443055595e+26,1.4185977470580486e+28
iter_0224,1.0655682654925812e+28,2.5037727794835e+27,5.139248097449252e+26,3.0929181579047258e+26,1.3982672059944712e+28
iter_0225,1.0681693752017607e+28,2.536731499268884e+27,5.435546506844693e+26,3.602984950963067e+26,1.4122278397067268e+28
iter_0226,1.0713170410991575e+28,2.51917869043722e+27,5.107711983340804e+26,2.9729612362610905e+26,1.4040416423388986e+28
iter_0227,1.0643170181790938e+28,2.5012037338065316e+27,5.0812771059790305e+26,3.162709469015607e+26,1.3968772573096932e+28
iter_0228,1.0561800943536151e+28,2.49151081377614e+27,4.875801052809936e+26,3.1072200303538664e+26,1.3851613865628671e+28
iter_0229,1.061224606402087e+28,2.5426011762978196e+27,5.449857373187e+26,3.4441223296722855e+26,1.4044245210604617e+28
iter_0230,1.0667988361492965e+28,2.504238253299816e+27,5.413155014757271e+26,3.2479834331468675e+26,1.4038340459583195e+28
iter_0231,1.0541231993000656e+28,2.4950525336689113e+27,5.158110317426448e+26,3.069192229550805e+26,1.3859014781367295e+28
iter_0232,1.0591904791269716e+28,2.5154909048248414e+27,5.187922660604177e+26,3.1380057890178026e+26,1.3939988541056755e+28
iter_0233,1.0534404922274934e+28,2.4758499071101154e+27,5.270312189725186e+26,3.2962719849723596e+26,1.3866913246854804e+28
iter_0234,1.0636663901128783e+28,2.464688953658277e+27,5.067609707509918e+26,3.381113059530692e+26,1.394622513149112e+28
iter_0235,1.0631635480115982e+28,2.515245742484535e+27,5.3995277280727575e+26,3.2294778261735027e+26,1.4009781778025143e+28
iter_0236,1.0619035842366755e+28,2.5260945774906523e+27,5.2119231577159134e+26,3.227599715452008e+26,1.3989082707174202e+28
iter_0237,1.0696537632640536e+28,2.4925877110591006e+27,4.676656381061594e+26,2.656599200474552e+26,1.392245090185325e+28
iter_0238,1.0606230927359565e+28,2.4873032226078974e+27,5.3286341096836295e+26,3.819343851336926e+26,1.4008331946069516e+28
iter_0239,1.069167165259919e+28,2.53096860963349e+27,5.2693380304805246e+26,3.5585868602065125e+26,1.4105432751301385e+28
iter_0240,1.0721414789153996e+28,2.4893093985562237e+27,5.006467290535821e+26,3.382954346579011e+26,1.4049666351421702e+28
iter_0241,1.066489935506302e+28,2.489322908542123e+27,4.9977814256569895e+26,3.270802461814242e+26,1.3981080652352265e+28
iter_0242,1.0755159728030762e+28,2.5676737981093036e+27,5.392916721577979e+26,3.3799999114745435e+26,1.4200125189445316e+28
iter_0243,1.0745324062990616e+28,2.5491986685792294e+27,5.184179692234339e+26,3.143231429821023e+26,1.412726384377538e+28
iter_0244,1.0710136962852837e+28,2.518947499219944e+27,5.278672595869771e+26,3.689378753520185e+26,1.4125889597011775e+28
iter_0245,1.0635131200184696e+28,2.4496485976307716e+27,5.245516997436608e+26,3.439820192001298e+26,1.3953313516759258e+28
iter_0246,1.069850347735169e+28,2.5146183069148344e+27,5.1083985582393935e+26,3.269484093149384e+26,1.4050910049405404e+28
iter_0247,1.0623485899941827e+28,2.454455063724049e+27,4.703189815566616e+26,3.107068341447009e+26,1.385896677936724e+28
iter_0248,1.0586099963298348e+28,2.499137461045142e+27,5.3451204418073204e+26,3.235927604462293e+26,1.3943342228970452e+28
iter_0249,1.0685592687341293e+28,2.5078029656476583e+27,5.2368003000463954e+26,3.2288047755680615e+26,1.4039956160550397e+28
iter_0250,1.0490254721618854e+28,2.4645828590029073e+27,5.255424016784537e+26,2.9304570737167358e+26,1.377342568967189e+28
iter_0251,1.058782896024574e+28,2.490287464265477e+27,5.259978143389009e+26,3.309703573423479e+26,1.3935084596192465e+28
iter_0252,1.0686832729832377e+28,2.5086139096743995e+27,5.196369923198353e+26,3.7136411732045546e+26,1.4086447749147067e+28
iter_0253,1.0790774590269391e+28,2.482179445468853e+27,5.151867031841438e+26,3.516303301073135e+26,1.4139771069029703e+28
iter_0254,1.0598683712834186e+28,2.468200795628652e+27,5.0037255541535886e+26,3.23316999059197e+26,1.3890574062937393e+28
iter_0255,1.0730986275934654e+28,2.520664988946043e+27,5.0197626453253656e+26,3.0768064406636662e+26,1.4061308173479599e+28
iter_0256,1.0546725188048297e+28,2.500506852612469e+27,5.173166038575802e+26,3.354725361626172e+26,1.3900021180680963e+28
iter_0257,1.0761115483323182e+28,2.5400475313108455e+27,5.115185277384564e+26,3.0303838544118774e+26,1.411571992781367e+28
iter_0258,1.0665904671590271e+28,2.5293251904077555e+27,5.083477652370876e+26,3.1016358228347274e+26,1.4013741209518587e+28
iter_0259,1.071114187804261e+28,2.57131594672741e+27,5.591938922256376e+26,3.39573463436632e+26,1.418122518043229e+28
iter_0260,1.0560369930002466e+28,2.461844836576063e+27,5.098250299949292e+26,3.0745552408146666e+26,1.3839495320654924e+28
iter_0261,1.0685301739485973e+28,2.515297048638004e+27,5.156537215602248e+26,3.307837543810514e+26,1.4047036264065254e+28
iter_0262,1.0721755810097717e+28,2.4847976327387824e+27,5.112138790961662e+26,3.3848651173382066e+26,1.4056253833666486e+28
iter_0263,1.06649163138449e+28,2.4863639726114716e+27,5.346301610377581e+26,3.533236104697886e+26,1.4039234057963917e+28
iter_0264,1.0689924285351738e+28,2.4820250772153006e+27,5.100627744367329e+26,3.143158665706643e+26,1.3996328003574434e+28
iter_0265,1.061973601610889e+28,2.5535266273654256e+27,5.3320684090514385e+26,3.4440072220861236e+26,1.405087020658807e+28
iter_0266,1.0775738652628974e+28,2.503699785540131e+27,5.562641489948031e+26,3.3294558675233366e+26,1.4168648173916241e+28
iter_0267,1.0795998335042733e+28,2.5668541746141036e+27,5.5353316763342125e+26,3.279276930509834e+26,1.424431337034124e+28
iter_0268,1.0601493772680567e+28,2.4062425118117634e+27,4.658299114780876e+26,3.0079574456279213e+26,1.377436194053321e+28
iter_0269,1.0730481436549907e+28,2.5321236500047823e+27,5.046064506195074e+26,3.236099969376733e+26,1.409082153411187e+28
iter_0270,1.0777960882329765e+28,2.549803829887281e+27,5.391489031554071e+26,3.545417025669277e+26,1.4221455317939381e+28
iter_0271,1.0589012574183767e+28,2.50056101094142e+27,5.0086109937898926e+26,3.122073722954252e+26,1.39026420567996e+28
iter_0272,1.0752260290028795e+28,2.5113057481578316e+27,4.99850562663547e+26,3.346081539967757e+26,1.4098024754846952e+28
iter_0273,1.0714835904804513e+28,2.5287222037217556e+27,5.435620934662492e+26,3.0859581198278814e+26,1.4095716013975304e+28
iter_0274,1.0746106575459028e+28,2.510413934754099e+27,4.918410824591741e+26,2.7873911326927602e+26,1.4027100705941575e+28
iter_0275,1.0752025573001807e+28,2.529030237072438e+27,4.8740321277699895e+26,2.97731890453401e+26,1.4066190913304646e+28
iter_0276,1.068595428607972e+28,2.4992838341123083e+27,5.261864506236237e+26,3.0967470413760057e+26,1.4021099274953252e+28
iter_0277,1.0715278460846057e+28,2.4911778374663634e+27,5.0713817037092366e+26,3.5180619991508765e+26,1.4065400668598432e+28
iter_0278,1.055767606048588e+28,2.485645822193623e+27,5.194733549861074e+26,3.280456314433519e+26,1.3890840869108963e+28
iter_0279,1.0794112525632267e+28,2.534236674075937e+27,5.398857368416943e+26,3.57897080660775e+26,1.4226132017210674e+28
iter_0280,1.0746273830616222e+28,2.503872460254031e+27,5.104370197413205e+26,3.373071870235186e+26,1.409789049763509e+28
iter_0281,1.0518198301027286e+28,2.501963046742951e+27,5.1820025598388665e+26,3.262333831432804e+26,1.3864594986897406e+28
iter_0282,1.069905982057319e+28,2.5239483056937746e+27,5.021260515909949e+26,3.302400325683137e+26,1.4055374210426273e+28
iter_0283,1.0573737288009448e+28,2.5478721783846497e+27,5.346560180991476e+26,3.34242698674163e+26,1.3990508183167408e+28
iter_0284,1.0526562693733428e+28,2.4539882453014431e+27,5.2793482445639e+26,3.255617267287938e+26,1.3834047490220056e+28
iter_0285,1.074184079966923e+28,2.516214461850279e+27,5.183794202006679e+26,3.095622850156641e+26,1.4085996966735842e+28
iter_0286,1.073198646863198e+28,2.5534569052623414e+27,5.43488708270075e+26,3.481810805965896e+26,1.4177113162760988e+28
iter_0287,1.0641022091192584e+28,2.5051590273716827e+27,5.193758740973023e+26,3.442560825776164e+26,1.4009813075239186e+28
iter_0288,1.0564669151005746e+28,2.470153897225293e+27,5.0958665255050276e+26,2.8759578631620444e+26,1.3832005487097747e+28
iter_0289,1.0704251124123057e+28,2.5345225857761605e+27,5.515847535500715e+26,3.5615717682013094e+26,1.414651564026942e+28
iter_0290,1.083110825170309e+28,2.545596803680685e+27,5.238725088125322e+26,3.108319691520605e+26,1.4211409533348369e+28
iter_0291,1.067363937660934e+28,2.513549887563359e+27,5.322169244542215e+26,3.4827914497036425e+26,1.4067685333597286e+28
iter_0292,1.061770302468682e+28,2.5060672212817773e+27,5.204061943336722e+26,3.125116508617132e+26,1.3956688091163985e+28
iter_0293,1.06537170176661e+28,2.523545777143047e+27,5.184867625446248e+26,3.497564470193649e+26,1.4045506004373136e+28
iter_0294,1.0694192530199532e+28,2.4413008665671326e+27,4.926520031252443e+26,3.0883781437994725e+26,1.3936983214271858e+28
iter_0295,1.0694675441608172e+28,2.5001761722856093e+27,4.887842188980589e+26,3.138484989019917e+26,1.3997484331693833e+28
iter_0296,1.0721042767572036e+28,2.504102642218157e+27,5.2886538816940205e+26,3.2026597707764834e+26,1.4074276775037244e+28
iter_0297,1.0523261193091325e+28,2.512769379612511e+27,5.2738943288721715e+26,3.421103430360892e+26,1.3905530348627143e+28
iter_0298,1.074767994940058e+28,2.5305529821835297e+27,5.337825134560587e+26,3.568640517409585e+26,1.4168879496781126e+28
iter_0299,1.0643900110380229e+28,2.5321721949077245e+27,5.0070078953071936e+26,3.415745791725201e+26,1.4018347673991193e+28
iter_0300,1.0633882348038736e+28,2.4834359399249894e+27,4.811576206055599e+26,2.781994872495816e+26,1.3876675395818868e+28
iter_0301,1.0545875489182822e+28,2.499433352275679e+27,5.342627804020585e+26,3.515222760903817e+26,1.3931093897950942e+28
iter_0302,1.069655199460059e+28,2.492927502673245e+27,5.223507520435168e+26,3.217293698772268e+26,1.403355961919458e+28
iter_0303,1.0718635897670572e+28,2.46305777610957e+27,5.25590865153132e+26,3.2497007786976974e+26,1.4032254616803046e+28
iter_0304,1.0647340548111937e+28,2.508988895794227e+27,5.2040281443975034e+26,3.0236436202593652e+26,1.3979096620371851e+28
iter_0305,1.0623876838193895e+28,2.498582805398368e+27,5.0563676614243456e+26,3.2442375575106714e+26,1.3952520165485766e+28
iter_0306,1.079185762846352e+28,2.576514940346352e+27,5.445823277111532e+26,3.374963161582021e+26,1.4250451212679228e+28
iter_0307,1.07344881785371e+28,2.486988787252001e+27,5.1062065608008955e+26,3.3835496846346945e+26,1.4070452590332662e+28
iter_0308,1.0706122528881852e+28,2.525751481222569e+27,5.168021380029704e+26,3.336377260895804e+26,1.4082313874196971e+28
iter_0309,1.051615277812247e+28,2.4663641745441217e+27,5.221448968202281e+26,3.0442680320897108e+26,1.3809088652695791e+28
iter_0310,1.071941822386336e+28,2.4778673130337363e+27,4.866204102234389e+26,2.9046514093170134e+26,1.3974371088052237e+28
iter_0311,1.063091552740915e+28,2.515850795662196e+27,5.449741247759658e+26,3.5491836634224836e+26,1.4046658814189558e+28
iter_0312,1.0582230953639835e+28,2.4604406996082797e+27,4.8909184229675756e+26,3.0640976972802958e+26,1.3838173265272904e+28
iter_0313,1.058407704711546e+28,2.501581749714379e+27,5.129040409023467e+26,3.1169623861829184e+26,1.3910259076350476e+28
iter_0314,1.059910715271201e+28,2.487292735274337e+27,5.0824873286570015e+26,3.217791420743687e+26,1.3916427762926414e+28
iter_0315,1.0661419339428488e+28,2.542406422024867e+27,5.091111901992088e+26,3.411172339240112e+26,1.4054054185576574e+28
iter_0316,1.0843833739396118e+28,2.5316070199939905e+27,5.2254387801343725e+26,3.444380903136428e+26,1.424242272771719e+28
iter_0317,1.071136481989662e+28,2.523355262880127e+27,5.094053310743904e+26,3.3323588633473964e+26,1.4077361300185878e+28
iter_0318,1.072572657674594e+28,2.4872662646333886e+27,4.961952433142676e+26,2.952309917466029e+26,1.40044190764402e+28
iter_0319,1.0649908286663134e+28,2.532817845070908e+27,5.415273457558125e+26,3.471144254070333e+26,1.4071367902896888e+28
iter_0320,1.0733882499045875e+28,2.505569766643736e+27,5.0289447832011424e+26,3.251230865480872e+26,1.4067469830557811e+28
iter_0321,1.0689844069180029e+28,2.4928758229427176e+27,4.927897663249008e+26,3.438800466377518e+26,1.4019389705085398e+28
iter_0322,1.0636063302584595e+28,2.4966324826263636e+27,5.249695206347363e+26,3.4977666552368414e+26,1.4007441971369378e+28
iter_0323,1.0719685602588579e+28,2.538987946048088e+27,5.212853133060748e+26,3.1427794008487166e+26,1.4094236802027613e+28
iter_0324,1.0736490672368787e+28,2.491685655544049e+27,5.3043248174107724e+26,3.437202622067374e+26,1.4102329071860652e+28
iter_0325,1.0710278963500687e+28,2.569468531859501e+27,5.73100785703726e+26,3.580184699240116e+26,1.4210866750987924e+28
iter_0326,1.0686909070302573e+28,2.5303518700670094e+27,5.124841533373011e+26,3.429965143195165e+26,1.4072741608026399e+28
iter_0327,1.0716307756247485e+28,2.516807888450729e+27,5.21054065739379e+26,3.60070669937076e+26,1.4114240380374668e+28
iter_0328,1.0699799390659877e+28,2.505065878692767e+27,5.007590971937374e+26,3.0095840664319134e+26,1.4006582773189572e+28
iter_0329,1.0504325096635828e+28,2.4978912105476823e+27,4.8304087505672395e+26,2.786356853073663e+26,1.3763892867547602e+28
iter_0330,1.0645265042430953e+28,2.518369980128135e+27,5.6782520076394286e+26,3.419795001196859e+26,1.4073439723442717e+28
iter_0331,1.053415237465945e+28,2.5414400687525685e+27,5.079701050680145e+26,3.105891522627023e+26,1.3894151700742733e+28
iter_0332,1.0664903398944457e+28,2.5162282602890725e+27,5.383703309780053e+26,3.569729963427194e+26,1.4076474986554255e+28
iter_0333,1.0546759433762482e+28,2.509674128320974e+27,5.171360275377746e+26,2.9834209983830956e+26,1.387191168945954e+28
iter_0334,1.0564949221878304e+28,2.508456929926344e+27,5.011543175666592e+26,2.938472344383313e+26,1.3868407703809639e+28
iter_0335,1.063436981784518e+28,2.540607477924972e+27,5.169729760214278e+26,3.2453393711966985e+26,1.401648420891125e+28
iter_0336,1.072832334144192e+28,2.497719521173674e+27,5.1754891577931265e+26,3.20862281459382e+26,1.4064454059854289e+28
iter_0337,1.052510202798657e+28,2.499836056286716e+27,5.057787137790638e+26,3.0563969222798997e+26,1.383635649028034e+28
iter_0338,1.09231087122838e+28,2.5498545160840475e+27,5.3342946982857e+26,3.7455277876124e+26,1.4380945476957658e+28
iter_0339,1.0638819162730012e+28,2.5283273147874365e+27,5.245415026747934e+26,3.290836159180905e+26,1.402077159611033e+28
iter_0340,1.0558419591731668e+28,2.4947559239323696e+27,5.1694774260641376e+26,3.3630439690045335e+26,1.3906427655170903e+28
iter_0341,1.048040658858066e+28,2.4567225037032718e+27,5.3621391380386276e+26,3.300075403114996e+26,1.3803350546399292e+28
iter_0342,1.0626828625576604e+28,2.456188476906364e+27,5.014483357437696e+26,2.9518499803697175e+26,1.3879650436263708e+28
iter_0343,1.0854743997387609e+28,2.5685955378824714e+27,4.9530783063839564e+26,3.184883693562789e+26,1.4237135735264755e+28
iter_0344,1.0697444537355915e+28,2.496913609097649e+27,5.1881542292041715e+26,3.395525068003652e+26,1.4052726076174345e+28
iter_0345,1.0623040273919373e+28,2.4914537982820853e+27,5.185992623156928e+26,3.2641260077026975e+26,1.395950593528742e+28
iter_0346,1.0675591663647058e+28,2.5064949920873566e+27,4.971882001422553e+26,3.296054367659762e+26,1.4008880292642647e+28
iter_0347,1.0494534546497513e+28,2.490863234111008e+27,4.915561299005221e+26,3.2931653856233526e+26,1.380627044907138e+28
iter_0348,1.0613558753247895e+28,2.5385134277801474e+27,5.3742585849973214e+26,3.0778016415293086e+26,1.3997278203680703e+28
iter_0349,1.065121661419945e+28,2.499353830150085e+27,5.001857443596137e+26,3.1300214258986904e+26,1.396375833129902e+28
iter_0350,1.049783926329377e+28,2.4423856586344467e+27,4.944324338175476e+26,3.068220116482524e+26,1.3741479367394017e+28
iter_0351,1.0775841184613486e+28,2.540581711405776e+27,5.271685038726034e+26,3.239601187396234e+26,1.4167551518631488e+28
iter_0352,1.0649772240982469e+28,2.44788976135908e+27,4.957158068775719e+26,2.8967325029904276e+26,1.3883051059518162e+28
iter_0353,1.0579599610345612e+28,2.4754434317080794e+27,5.1948396841530826e+26,3.213952638553516e+26,1.389592227432435e+28
iter_0354,1.0656350646778976e+28,2.521206833953768e+27,5.326131923063828e+26,3.521057995813411e+26,1.4062276472620468e+28
iter_0355,1.0682288386254079e+28,2.51593719560445e+27,5.02037653397e+26,3.0310107853983097e+26,1.400336431379536e+28
iter_0356,1.0525564251393084e+28,2.5265250288486106e+27,5.101863590841551e+26,3.458004843417947e+26,1.3908076123667644e+28
iter_0357,1.0670586389967533e+28,2.488695377571451e+27,5.314557997378436e+26,3.2412470356964515e+26,1.4014862270846474e+28
iter_0358,1.0827745104008842e+28,2.525437919620692e+27,5.250632618568202e+26,3.255295074535947e+26,1.420377579293995e+28
iter_0359,1.0514520584368918e+28,2.408486874840396e+27,5.011020801105167e+26,3.2267058649492696e+26,1.3746780125814758e+28
iter_0360,1.065047809191342e+28,2.5047880292748914e+27,4.9725349872797724e+26,3.111918817433947e+26,1.3963711501659684e+28
iter_0361,1.075066477962092e+28,2.4827217708579005e+27,5.2021773046908483e+26,3.7145957751801276e+26,1.4125063858465917e+28
iter_0362,1.050965651928817e+28,2.43389188261166e+27,5.139664607545141e+26,3.575566641063446e+26,1.3815071526760688e+28
iter_0363,1.0868714263612704e+28,2.494786822401834e+27,5.11765888208685e+26,2.8209146057518057e+26,1.4157358434798406e+28
iter_0364,1.0700487968448054e+28,2.523643560022606e+27,5.3017578699090956e+26,3.4105943935442e+26,1.4095366754815988e+28
iter_0365,1.0827283257874472e+28,2.562471235797867e+27,5.218606188825998e+26,3.2557784640656004e+26,1.4237192958961499e+28
iter_0366,1.0639791792220167e+28,2.538011395918667e+27,5.32920219968089e+26,3.389056821286647e+26,1.4049629090235587e+28
iter_0367,1.0732784632058807e+28,2.4716671923120563e+27,5.312313845994485e+26,3.0652655650385704e+26,1.404220976547417e+28
iter_0368,1.07143160027914e+28,2.512105286775428e+27,5.461213508383771e+26,3.608141179890331e+26,1.4133356758394237e+28
iter_0369,1.0656482511639651e+28,2.5061850814160343e+27,5.201606088359448e+26,3.128979344714965e+26,1.3995726136363126e+28
iter_0370,1.0851430340742846e+28,2.542284121632483e+27,5.423013750665231e+26,3.1387398340768604e+26,1.4249889820849538e+28
iter_0371,1.0645252516375934e+28,2.54240682208161e+27,5.0740998140019825e+26,3.2281276550542235e+26,1.4017882085363164e+28
iter_0372,1.0788393303342261e+28,2.5271924586431033e+27,5.165515677903029e+26,3.176240361947136e+26,1.414976136597038e+28
iter_0373,1.0739726999105902e+28,2.518300071615325e+27,5.072787200775396e+26,3.263329425856171e+26,1.4091638733384383e+28
iter_0374,1.080571057096679e+28,2.5119837372587763e+27,5.4714020334942956e+26,3.38677243661938e+26,1.4203511755236932e+28
iter_0375,1.0781721587775374e+28,2.537560408659098e+27,5.274817092304674e+26,2.9942969701148036e+26,1.4146193402676418e+28
iter_0376,1.0604390370549336e+28,2.5479642350628863e+27,5.199409727793437e+26,3.1432021498412175e+26,1.3986615793375689e+28
iter_0377,1.0693619781840039e+28,2.490368235889481e+27,5.243433536046463e+26,3.395962098285332e+26,1.4047927581162697e+28
iter_0378,1.0790456401051748e+28,2.5357624168676714e+27,5.04826650615034e+26,3.220579124843353e+26,1.4153103381018787e+28
iter_0379,1.0736861756613793e+28,2.4775669557302814e+27,5.163597536134042e+26,3.2060855129286444e+26,1.4051397017250343e+28
iter_0380,1.0604042986052181e+28,2.529834779166255e+27,5.261167121056923e+26,3.311083832334251e+26,1.3991102860557554e+28
iter_0381,1.0436070120450743e+28,2.4759132848473635e+27,5.1566389728808595e+26,3.236718809245472e+26,1.375131918351074e+28
iter_0382,1.071853859656837e+28,2.481074595713597e+27,5.0514700065546e+26,2.725226895353697e+26,1.3977282882472796e+28
iter_0383,1.0629807779271797e+28,2.521068713971412e+27,5.2164228239124096e+26,3.27837775572385e+26,1.4000356551206834e+28
iter_0384,1.0664441668820722e+28,2.519311050396785e+27,5.197138517704854e+26,3.0078989027021902e+26,1.400425646125821e+28
iter_0385,1.0611008119095775e+28,2.540502980510501e+27,5.463394334101874e+26,3.267771764098847e+26,1.402462770942635e+28
iter_0386,1.0676961989147174e+28,2.4991974105446017e+27,5.243338437755466e+26,3.385096426971113e+26,1.4039002886164433e+28
iter_0387,1.0853597371519474e+28,2.560967966734364e+27,5.2744348790238214e+26,3.431510509256439e+26,1.4285159877081866e+28
iter_0388,1.0590682144392556e+28,2.4837340283868227e+27,4.9763524700872e+26,3.2131651125497104e+26,1.3893367931043072e+28
iter_0389,1.0682233594408797e+28,2.4960518734765845e+27,4.919762985486354e+26,3.285755306391264e+26,1.3998837297073142e+28
iter_0390,1.0829470983309368e+28,2.5602244557256785e+27,5.143993223395293e+26,3.0173504224915235e+26,1.4205829803623728e+28
iter_0391,1.0544936434110704e+28,2.479841420504522e+27,5.231753546838588e+26,3.142424698671075e+26,1.3862195679166194e+28
iter_0392,1.075762432566668e+28,2.544160132890209e+27,5.179019076042687e+26,3.333362096706084e+26,1.4153022575831765e+28
iter_0393,1.0787774808717836e+28,2.494735102690352e+27,4.938059998061758e+26,3.1349551550726355e+26,1.4089811426721626e+28
iter_0394,1.0577478840063654e+28,2.5065929116874916e+27,5.4495487362201766e+26,3.350739721935985e+26,1.3964100597566763e+28
iter_0395,1.0801404354283262e+28,2.535684937517333e+27,5.1424674667238816e+26,3.3768569894332265e+26,1.4189021737416305e+28
iter_0396,1.0636588531923608e+28,2.505984760112635e+27,5.1314104034850616e+26,3.316168661483788e+26,1.3987331198533126e+28
iter_0397,1.0586596937604517e+28,2.497115899995664e+27,5.339956380559744e+26,3.459335902224534e+26,1.3963642065878608e+28
iter_0398,1.057608727681545e+28,2.4580018009209385e+27,4.890791176256182e+26,3.338344448912666e+26,1.3857002640253273e+28
iter_0399,1.0757862562725577e+28,2.4589924607419154e+27,4.878384768735335e+26,3.4382305719463025e+26,1.4048516557535656e+28
iter_0400,1.0624438480755599e+28,2.56066357626112e+27,5.222288711475685e+26,3.4347251295170474e+26,1.405080344111599e+28
iter_0401,1.0742920623589961e+28,2.526950459994975e+27,5.097454264477064e+26,3.1701713103478386e+26,1.4096633641067426e+28
iter_0402,1.0719119374959257e+28,2.5153697326921344e+27,5.31160797125038e+26,3.259000636436648e+26,1.4091549968420094e+28
iter_0403,1.0765481126919843e+28,2.5014485375937235e+27,5.334998747016827e+26,3.100881643314798e+26,1.4110517703546728e+28
iter_0404,1.0785681409218478e+28,2.5500708236150485e+27,5.26280631954299e+26,3.4607416290981386e+26,1.420810702769764e+28
iter_0405,1.062633632276587e+28,2.480449832264954e+27,5.219057439012524e+26,3.460189488615574e+26,1.3974710847793634e+28
iter_0406,1.067290014553561e+28,2.510175105695508e+27,5.153238894487509e+26,3.455085225135842e+26,1.4043907663193454e+28
iter_0407,1.0679842056700837e+28,2.447507668319365e+27,4.8247523496878085e+26,3.18094893185323e+26,1.3927919853174304e+28
iter_0408,1.059968763513173e+28,2.493086729757496e+27,5.1088755271694e+26,2.968605400983125e+26,1.390052245770448e+28
iter_0409,1.0841573728444447e+28,2.49697018061391e+27,4.9192502617259134e+26,2.8466983898171248e+26,1.411513877421266e+28
iter_0410,1.0649502774396244e+28,2.4841111209540993e+27,4.965866563747683e+26,3.390730292063804e+26,1.3969273580931494e+28
iter_0411,1.055223770377887e+28,2.4634073522053598e+27,4.770514738987365e+26,2.9919957149410176e+26,1.3791896101377068e+28
iter_0412,1.0792559203243224e+28,2.540588064522757e+27,5.5216340350781934e+26,3.707499966085412e+26,1.4256060667882343e+28
iter_0413,1.0667119852325356e+28,2.52481011164679e+27,5.1233528655792324e+26,3.1277876446553393e+26,1.4017044014995605e+28
iter_0414,1.0695333187273047e+28,2.505213273061329e+27,5.302595058110707e+26,3.391861024442716e+26,1.4069992068589717e+28
iter_0415,1.0618272629417439e+28,2.510261007456423e+27,5.17943181642811e+26,3.290644068040327e+26,1.3975541225320706e+28
iter_0416,1.0483351751359868e+28,2.462326479481493e+27,4.977555652412984e+26,3.174186715852466e+26,1.3760852467667904e+28
iter_0417,1.0782951932205956e+28,2.567758813082556e+27,5.508754988193983e+26,3.6749244127685374e+26,1.4269078685384765e+28
iter_0418,1.0735501277393723e+28,2.489878009571185e+27,5.13601393736407e+26,3.227477771428817e+26,1.4061728457844197e+28
iter_0419,1.0700713264163087e+28,2.492047387482618e+27,5.333962517893345e+26,3.551382093816973e+26,1.4081295112816735e+28
iter_0420,1.0519409656581537e+28,2.51355397640475e+27,5.189148805285112e+26,3.624054304613354e+26,1.3914283943976134e+28
iter_0421,1.0750912615736535e+28,2.530895277503268e+27,5.2520542520118874e+26,3.7006124685499723e+26,1.4177074565295991e+28
iter_0422,1.062483225096162e+28,2.556125918424025e+27,5.356784880776805e+26,3.245241257338002e+26,1.4041160783197126e+28
iter_0423,1.0586945737738429e+28,2.478073396797647e+27,5.019646683051008e+26,2.9442818915338812e+26,1.3861411991994563e+28
iter_0424,1.0742554243853716e+28,2.545604571414153e+27,5.122324359873757e+26,3.193504576430413e+26,1.4119741708898285e+28
iter_0425,1.0773323514034004e+28,2.555224406177626e+27,5.388649041475023e+26,3.633934261006111e+26,1.4230806250459744e+28
iter_0426,1.057502269274741e+28,2.508990160445018e+27,5.392297488625077e+26,3.607267614041017e+26,1.398396936345904e+28
iter_0427,1.0817882637547432e+28,2.531643394492315e+27,5.2195696555669326e+26,3.4481730104871294e+26,1.4216300298645155e+28
iter_0428,1.0846545420416602e+28,2.5765866612081783e+27,5.114378913526525e+26,3.168593251080323e+26,1.4251429298085467e+28
iter_0429,1.0725668959298187e+28,2.48520173882878e+27,5.082029336947139e+26,3.230537189074348e+26,1.4042127350729116e+28
iter_0430,1.0544231744296034e+28,2.516025214329176e+27,5.282772752197563e+26,3.37074572479444e+26,1.3925608806324412e+28
iter_0431,1.0485750763191234e+28,2.4690838649677618e+27,5.0093604680168335e+26,3.171484111359341e+26,1.3772919086096613e+28
iter_0432,1.0722879754727635e+28,2.5516998305166724e+27,4.9255164120356375e+26,2.8901154172295375e+26,1.4056142768170824e+28
iter_0433,1.0754977218230533e+28,2.497543777966152e+27,5.0270730148056955e+26,3.266955203637061e+26,1.408192381804096e+28
iter_0434,1.0977132520245719e+28,2.549104928222664e+27,5.0421437776386626e+26,3.507675095763713e+26,1.438121933580862e+28
iter_0435,1.063925030583123e+28,2.5056967304629664e+27,5.057800538803914e+26,3.191725363103896e+26,1.3969899626484977e+28
iter_0436,1.066094370380042e+28,2.5621422975652283e+27,5.7287358647438585e+26,3.454132172729421e+26,1.4141372805112976e+28
iter_0437,1.0725910522743906e+28,2.4911944273844494e+27,4.842551160848501e+26,3.145230048151553e+26,1.401588307102836e+28
iter_0438,1.076185970993888e+28,2.5364573144702577e+27,5.2708932596719875e+26,3.330800192731786e+26,1.4158486369649516e+28
iter_0439,1.0614623142717426e+28,2.4692120961524593e+27,5.0125774330784156e+26,3.329144172512855e+26,1.3918007399429012e+28
iter_0440,1.0586511910171525e+28,2.535131401454361e+27,5.587790906607658e+26,3.755186886906375e+26,1.405594109097729e+28
iter_0441,1.0669449976374366e+28,2.488507238283139e+27,5.0438882189389374e+26,3.262358879197089e+26,1.3988581924471107e+28
iter_0442,1.0696091493639364e+28,2.523681382119037e+27,4.844202758621221e+26,3.186203764370315e+26,1.4022813528057553e+28
iter_0443,1.070514816503371e+28,2.5179915998275923e+27,5.443494426917176e+26,3.332772327717337e+26,1.4100766440324753e+28
iter_0444,1.0560642552066881e+28,2.4544323767553005e+27,4.986776752923431e+26,3.2257843054897554e+26,1.38363310346635e+28
iter_0445,1.0806086329480304e+28,2.5514128338714e+27,5.4560617561767625e+26,3.543566153472899e+26,1.425746195431667e+28
iter_0446,1.080534786167529e+28,2.543193496086136e+27,5.137948252865869e+26,3.077098383075727e+26,1.4170046021355587e+28
iter_0447,1.0622224125481363e+28,2.5443787095623533e+27,5.545539336152935e+26,3.7662729459216154e+26,1.409778406325117e+28
iter_0448,1.0652677450701568e+28,2.4961344912625265e+27,5.1495283686361704e+26,3.7151614608160426e+26,1.4035280924909315e+28
iter_0449,1.0526153638149853e+28,2.4769820343951357e+27,5.233143801819563e+26,3.4396760107712235e+26,1.3870417653804066e+28
iter_0450,1.062936936114313e+28,2.537863687688754e+27,5.3557121147467626e+26,3.4423386954476685e+26,1.4047038129851327e+28
iter_0451,1.0610519503959524e+28,2.5169757484709104e+27,5.02929890771954e+26,3.236419336926903e+26,1.395406707689508e+28
iter_0452,1.0566144933599357e+28,2.4914186906157765e+27,5.214541601888007e+26,3.5631630803293955e+26,1.3935334092436876e+28
iter_0453,1.0575410500118391e+28,2.552743029923397e+27,5.53042813163749e+26,3.4127132465253556e+26,1.4022467667858074e+28
iter_0454,1.0564913251169702e+28,2.5150379274052254e+27,5.4842698869392e+26,3.779308814492432e+26,1.400630904871809e+28
iter_0455,1.066738740748832e+28,2.489353252271378e+27,5.067926282591181e+26,2.7978943679448977e+26,1.3943322724813307e+28
iter_0456,1.0799521703193735e+28,2.5655100831501154e+27,5.3626296760189435e+26,3.1084938072536e+26,1.4212144134671103e+28
iter_0457,1.061510945264336e+28,2.5236010234546655e+27,5.328417132930831e+26,3.641171996422612e+26,1.403566938903337e+28
iter_0458,1.0715255144855465e+28,2.51866549787333e+27,5.1129182544686974e+26,3.2593060401522735e+26,1.4071143072190891e+28
iter_0459,1.0829635575963725e+28,2.504565052853847e+27,5.2590488768328886e+26,2.907563228116045e+26,1.4150861839312466e+28
iter_0460,1.0724661198378294e+28,2.4902253512870423e+27,5.005694725480167e+26,3.2853532923846746e+26,1.404399135145182e+28
iter_0461,1.053505525899624e+28,2.4710646136110576e+27,5.011987827862117e+26,3.0381823297754523e+26,1.3811136888371052e+28
iter_0462,1.0680773729656644e+28,2.5098123856025074e+27,5.036128219588536e+26,3.336979061971834e+26,1.4027896843415188e+28
iter_0463,1.0711208224107926e+28,2.512714683363039e+27,5.152655605713464e+26,3.258846368918233e+26,1.4065073104934136e+28
iter_0464,1.0685003926974144e+28,2.50105506180732e+27,4.9902393141777174e+26,3.069488881966533e+26,1.3992031808395888e+28
iter_0465,1.077856915059172e+28,2.5372242297125915e+27,5.1793149953550045e+26,3.0986334639324736e+26,1.4143588226233058e+28
iter_0466,1.0737821634971576e+28,2.482959874983448e+27,4.721203026462853e+26,2.7279888959225314e+26,1.3965700702193562e+28
iter_0467,1.0713345774746657e+28,2.511884341288636e+27,5.099498606166204e+26,3.272092072184714e+26,1.4062389183870386e+28
iter_0468,1.0713480705932634e+28,2.5107215711538685e+27,4.957499390193335e+26,3.2050586275295376e+26,1.404045807885879e+28
iter_0469,1.064657572196077e+28,2.5235958038320495e+27,5.430945105972662e+26,3.573386264660467e+26,1.4070604662856133e+28
iter_0470,1.045926630521003e+28,2.4597861737059283e+27,5.022340308997273e+26,3.3987702002371605e+26,1.3761163529839405e+28
iter_0471,1.0533809011418785e+28,2.4842975405133947e+27,5.033846479568654e+26,2.8948381815378122e+26,1.3810975018042826e+28
iter_0472,1.058526906247963e+28,2.4738412000225283e+27,5.5102255670762545e+26,3.703372023110677e+26,1.398047002152085e+28
iter_0473,1.0650213114542128e+28,2.497318124838685e+27,4.916240825837789e+26,3.207886528380134e+26,1.3959943974802605e+28
iter_0474,1.053039425162776e+28,2.50214433936602e+27,5.278950109902993e+26,3.60462160490707e+26,1.3920895762474786e+28
iter_0475,1.0525686042212048e+28,2.4425694035968228e+27,5.061135186315276e+26,3.298923574622535e+26,1.3804261321902651e+28
iter_0476,1.0735646077374256e+28,2.514519240302114e+27,5.085322855878609e+26,3.205220095248326e+26,1.4079219612789066e+28
iter_0477,1.0641702970800378e+28,2.5302754205041407e+27,5.1375036663004396e+26,3.1453260054432734e+26,1.4000261358478889e+28
iter_0478,1.0612077390713732e+28,2.413415401482629e+27,5.1583979949974646e+26,3.202975623097077e+26,1.3861630154005815e+28
iter_0479,1.0474141456244667e+28,2.514580841442713e+27,5.374592701839955e+26,3.214757308293012e+26,1.3847657298700678e+28
iter_0480,1.0612540592411225e+28,2.5209701018011704e+27,5.065437385014608e+26,3.452793452979171e+26,1.3985333778011772e+28
iter_0481,1.0810116803842932e+28,2.5528877641837926e+27,5.2058194469964676e+26,3.2548853032077304e+26,1.4209075043047144e+28
iter_0482,1.0685711002144322e+28,2.5575980749350537e+27,5.181177669276579e+26,3.233464079059579e+26,1.408477325191299e+28
iter_0483,1.0563661502826422e+28,2.498200926245091e+27,5.3505282724053544e+26,3.172624583616607e+26,1.3914177714673708e+28
iter_0484,1.0717397096684915e+28,2.4999027719109504e+27,4.9906239080089905e+26,2.9713318635589345e+26,1.4013495445752658e+28
iter_0485,1.0600188828016495e+28,2.498848039579826e+27,5.2272864656662155e+26,3.3258253280355974e+26,1.3954348046966502e+28
iter_0486,1.046686955969207e+28,2.478653204500246e+27,5.123380877950756e+26,3.101341733720505e+26,1.376799502535944e+28
iter_0487,1.0687989731054197e+28,2.500809569824541e+27,5.15023831471323e+26,3.401805455358384e+26,1.40440036778859e+28
iter_0488,1.0791822898726698e+28,2.5167043833419015e+27,5.0349706580019504e+26,3.2401750956165195e+26,1.4136041857430446e+28
iter_0489,1.047885988466334e+28,2.4527245690450701e+27,5.003900349890321e+26,3.349899756704258e+26,1.3766964464367867e+28
iter_0490,1.0487400027198985e+28,2.494671933423067e+27,5.045213424457649e+26,2.8642692713399517e+26,1.3773020230201812e+28
iter_0491,1.058917348075098e+28,2.4576332952045903e+27,5.1744742378559776e+26,3.403365308951505e+26,1.390459073063632e+28
iter_0492,1.0632454802211484e+28,2.4963017234851733e+27,4.97482363170313e+26,3.301787060896817e+26,1.3956417594956651e+28
iter_0493,1.0766350793658046e+28,2.538390322178708e+27,5.2735967532684854e+26,3.281997212602965e+26,1.41603005124239e+28
iter_0494,1.0725366199951872e+28,2.528494822989336e+27,5.411427306039459e+26,3.326351641067314e+26,1.4127638917651885e+28
iter_0495,1.0732050394331946e+28,2.500689192748951e+27,5.287901753586857e+26,3.13091172953483e+26,1.4074620935393065e+28
iter_0496,1.0685891775034393e+28,2.5182108830530297e+27,5.164575540696291e+26,3.433585476127865e+26,1.406391875976984e+28
iter_0497,1.0513032710477428e+28,2.5228846984975904e+27,5.029420315514162e+26,3.204462054656735e+26,1.385930564599211e+28
iter_0498,1.063398599264415e+28,2.48202070393364e+27,4.8799473261494636e+26,3.124684978461316e+26,1.3916469927038868e+28
iter_0499,1.0585575913052944e+28,2.5252725857360575e+27,5.1603697778730456e+26,3.0177559222646075e+26,1.3928661068802769e+28
iter_0500,1.0518596737431128e+28,2.4640433287509177e+27,5.0405392369144544e+26,3.210924743020389e+26,1.3807786464175531e+28
iter_0501,1.060727297482639e+28,2.5282579775188707e+27,5.07027497300394e+26,3.0202989255042438e+26,1.3944588342196078e+28
iter_0502,1.0661390348132456e+28,2.4447200195413468e+27,5.0656885876195356e+26,2.980593649774302e+26,1.3910738591413187e+28
iter_0503,1.073782134048568e+28,2.4886493031144375e+27,5.114563754442861e+26,3.219159991779348e+26,1.405984301822234e+28
iter_0504,1.0629137828304386e+28,2.450439844936289e+27,4.917844059099223e+26,2.7321713585073616e+26,1.3844579215001333e+28
iter_0505,1.0490621474542859e+28,2.4727548946698585e+27,5.207530890150844e+26,3.428311229391864e+26,1.382696058116699e+28
iter_0506,1.0705011468943974e+28,2.51261640693172e+27,4.948660403019826e+26,3.1366551300496315e+26,1.4026159429182642e+28
iter_0507,1.0618137783196792e+28,2.5348729677012083e+27,5.298421272032582e+26,3.298055973439704e+26,1.401265847544523e+28
iter_0508,1.084486727614285e+28,2.48032123020185e+27,4.891249169956988e+26,3.1861977760631755e+26,1.4132933200946717e+28
iter_0509,1.0631658202290196e+28,2.483831412007428e+27,4.965060019146213e+26,3.0876999123355883e+26,1.3920765607445807e+28
iter_0510,1.0726957721856193e+28,2.5163488779480716e+27,5.422911934446429e+26,3.304643625018885e+26,1.4116062155750795e+28
iter_0511,1.069028141070699e+28,2.505783178789204e+27,4.947601223547631e+26,3.277193172859452e+26,1.4018544029136901e+28
iter_0512,1.083901194758111e+28,2.5391917077653034e+27,5.269565465392791e+26,3.474422588762947e+26,1.4252602460761986e+28
iter_0513,1.0775274576614245e+28,2.5022755577932527e+27,4.772427440016735e+26,2.9250415032510106e+26,1.4047297028734272e+28
iter_0514,1.071293639545013e+28,2.5147887772237914e+27,5.235558194041559e+26,3.406391540272545e+26,1.4091920146105332e+28
iter_0515,1.0672836767747216e+28,2.466319014403882e+27,5.144755998282011e+26,3.240450780795621e+26,1.3977676460058862e+28
iter_0516,1.074104581472156e+28,2.54914105251329e+27,5.514456219460355e+26,4.111378403428461e+26,1.4252770329523731e+28
iter_0517,1.0629323490655693e+28,2.515843913252112e+27,5.284006495502225e+26,3.378250559251544e+26,1.4011393109383183e+28
iter_0518,1.089585255771452e+28,2.5276078438199735e+27,5.5209513244672696e+26,3.442257029539842e+26,1.4319781236935203e+28
iter_0519,1.07453266552743e+28,2.548399674307946e+27,5.127345976441851e+26,3.334703236781348e+26,1.4139931250904566e+28
iter_0520,1.0768364420325953e+28,2.585229146294203e+27,5.2859702778481945e+26,3.3179015914953646e+26,1.4213980753554511e+28
iter_0521,1.0731856681206694e+28,2.623660221065211e+27,5.3231759167060146e+26,3.2383348923111065e+26,1.4211667983173618e+28
iter_0522,1.0503309308434084e+28,2.514242106228758e+27,5.125766980636876e+26,3.482629671129372e+26,1.3878391079839465e+28
iter_0523,1.0605170112568964e+28,2.508350670195304e+27,5.3022071446950836e+26,3.444644133814634e+26,1.3988205910615238e+28
iter_0524,1.0518132304882597e+28,2.51239008050569e+27,5.152188953584383e+26,3.713475182402914e+26,1.3917088798987016e+28
iter_0525,1.072624759198688e+28,2.5365006123673194e+27,5.175945539585306e+26,3.00701494364832e+26,1.4081044252677564e+28
iter_0526,1.0725629742680203e+28,2.518129489545783e+27,5.263552043371099e+26,3.310375810322397e+26,1.4101152017595334e+28
iter_0527,1.0631249938528368e+28,2.4953957190924416e+27,5.053468671900489e+26,3.129546325239625e+26,1.3944947157334823e+28
iter_0528,1.0677846087740537e+28,2.487348642372102e+27,5.073788853069714e+26,3.3654351297825636e+26,1.4009117128397864e+28
iter_0529,1.0519535497418974e+28,2.4783879331857855e+27,4.94822560640078e+26,3.0217000986753263e+26,1.379491600111237e+28
iter_0530,1.0629582555429111e+28,2.503790451804577e+27,5.138462083104432e+26,3.0232802892673193e+26,1.3949547244470863e+28
iter_0531,1.0698709683694968e+28,2.5357558920221737e+27,5.168532194095778e+26,3.156857177210503e+26,1.406700451284777e+28
iter_0532,1.04317435728866e+28,2.489931196343291e+27,5.122765501125637e+26,3.277612590630095e+26,1.3761712578405465e+28
iter_0533,1.0505836512437029e+28,2.478627949504962e+27,4.7857584947054686e+26,2.9294391187813886e+26,1.3755984223290675e+28
iter_0534,1.0729585318870304e+28,2.504181897926316e+27,5.131380642501084e+26,3.435315083393811e+26,1.409043678938611e+28
iter_0535,1.0687300917193444e+28,2.4903020358875007e+27,4.97483133808585e+26,3.207240166987797e+26,1.3995810103588308e+28
iter_0536,1.0808755687212339e+28,2.537740694015568e+27,5.255902842184724e+26,3.0494228593526702e+26,1.4177028951381644e+28
iter_0537,1.0859118030778412e+28,2.5791227959999166e+27,5.4617716116382656e+26,3.615711655249413e+26,1.4345989153467096e+28
iter_0538,1.070558472663e+28,2.528905986676077e+27,4.636815439939616e+26,3.0359111374285437e+26,1.4001763371042895e+28
iter_0539,1.072013354838382e+28,2.5150576505108136e+27,5.170887092794783e+26,3.151592684340892e+26,1.4067439176608202e+28
iter_0540,1.055613370052634e+28,2.457552091039068e+27,5.1346912513734484e+26,3.177025228232444e+26,1.3844857439525998e+28
iter_0541,1.064216307932701e+28,2.5080151452685146e+27,5.3287422144496196e+26,3.366572709614415e+26,1.4019709717001927e+28
iter_0542,1.0642416500126511e+28,2.5018464002870906e+27,5.367022896341377e+26,3.587878317653113e+26,1.4039753021813052e+28
iter_0543,1.0762931841303801e+28,2.557508844874467e+27,5.113268733861172e+26,3.2072689404337305e+26,1.415249445360776e+28
iter_0544,1.0753286080912172e+28,2.553949689166575e+27,5.658786790732419e+26,3.9487269411079524e+26,1.4267987143262782e+28
iter_0545,1.0740828134650692e+28,2.593025978376188e+27,5.077474548373932e+26,3.287839315624662e+26,1.4170385499426738e+28
iter_0546,1.0719017585573769e+28,2.5416596392938847e+27,5.3410802414447494e+26,3.5598550954305546e+26,1.4150770758555186e+28
iter_0547,1.0592564525096807e+28,2.4686280414420594e+27,5.1614438370232495e+26,3.51522318009608e+26,1.39288592682508e+28
iter_0548,1.0631248023410861e+28,2.540224022980869e+27,5.3384700190817146e+26,3.2986635826094334e+26,1.4035185406560845e+28
iter_0549,1.0621522750918874e+28,2.50714513793499e+27,4.980693863849378e+26,3.106367570298579e+26,1.3937374032268659e+28
iter_0550,1.058751441622523e+28,2.4706993560662037e+27,4.9633890011935144e+26,3.2713116242072066e+26,1.3881683834831505e+28
iter_0551,1.0659818171743382e+28,2.5354987762868685e+27,5.583301255255491e+26,3.319013301544122e+26,1.4085548403710211e+28
iter_0552,1.0728049160373327e+28,2.496297773949731e+27,5.359301560238573e+26,3.3902497424550954e+26,1.4099302064592424e+28
iter_0553,1.0733885514324588e+28,2.4285032647437016e+27,4.922433923210277e+26,3.244311356961842e+26,1.3979063307085504e+28
iter_0554,1.0589163364475242e+28,2.4627900916177845e+27,5.197407262971707e+26,3.369448322334762e+26,1.3908639014623673e+28
iter_0555,1.065491750230651e+28,2.511965408475064e+27,5.0844043794007516e+26,3.224944476929037e+26,1.3997817796414551e+28
iter_0556,1.0519948515538215e+28,2.499632573181771e+27,5.3002398627947654e+26,3.571617338193639e+26,1.3906766808818827e+28
iter_0557,1.0813893343392742e+28,2.4942852094164626e+27,5.3094474661040995e+26,3.2323597919477815e+26,1.4162359278614395e+28
iter_0558,1.0789314974125607e+28,2.537741117917729e+27,5.294521681421327e+26,3.7748400484519895e+26,1.4233992265030667e+28
iter_0559,1.06922937487141e+28,2.540263479278956e+27,5.239143452259933e+26,3.0637314319443563e+26,1.4062844716413487e+28
iter_0560,1.0564942451844308e+28,2.5232824148649534e+27,5.293595347035375e+26,3.470711904478914e+26,1.3964655591860691e+28
iter_0561,1.0617014751394152e+28,2.498857899737624e+27,5.0355932187170376e+26,3.489575499048737e+26,1.3968389522908353e+28
iter_0562,1.0591280721937768e+28,2.4814388342558093e+27,5.439455731595336e+26,3.065637167316008e+26,1.392322884608471e+28
iter_0563,1.0674626081095613e+28,2.5247642900573116e+27,5.462225483691938e+26,3.3962066753776244e+26,1.408523358705988e+28
iter_0564,1.0767944783668488e+28,2.4991511267292964e+27,5.2658665875162764e+26,3.3417217727555204e+26,1.4127854746424963e+28
iter_0565,1.0608345179028759e+28,2.511530536957028e+27,5.000810788486236e+26,3.2874990407578524e+26,1.3948706698910197e+28
iter_0566,1.078436312344555e+28,2.5789500721945313e+27,5.322163496709189e+26,3.22633731931507e+26,1.4218163277242505e+28
iter_0567,1.080102296840294e+28,2.495807229705878e+27,5.065017302676183e+26,3.207604513518672e+26,1.4124092379728304e+28
iter_0568,1.0620117541959263e+28,2.5267816864878887e+27,5.092007438839913e+26,3.318759284631675e+26,1.3987975900794312e+28
iter_0569,1.0692355034977198e+28,2.549074886679174e+27,5.664386667639045e+26,3.79812146075896e+26,1.418768073449617e+28
iter_0570,1.0473063945339997e+28,2.4625409710184766e+27,5.1528751319167806e+26,3.210181155722775e+26,1.377191054512243e+28
iter_0571,1.0499899314113657e+28,2.4263261654703758e+27,4.958972876903576e+26,3.163481632109837e+26,1.3738470930485375e+28
iter_0572,1.0624156133788922e+28,2.5139729538758394e+27,4.982111084313168e+26,3.302838800300822e+26,1.396662407612616e+28
iter_0573,1.0714704497082925e+28,2.555158636257049e+27,5.400976919914487e+26,3.407309298457178e+26,1.4150691755177143e+28
iter_0574,1.0672846243478316e+28,2.530252815918734e+27,5.172032277556751e+26,3.3295339403197446e+26,1.4053255681184698e+28
iter_0575,1.058206796542668e+28,2.489101639279622e+27,5.2969792541536604e+26,3.266576797282192e+26,1.3927525209849888e+28
iter_0576,1.0562420898842451e+28,2.566297680012095e+27,5.552796442256258e+26,3.677076934259138e+26,1.4051705916506086e+28
iter_0577,1.0558063797097582e+28,2.556672240291599e+27,5.611086444276096e+26,3.125707333746096e+26,1.39884154151914e+28
iter_0578,1.0623526821286382e+28,2.49232826884797e+27,5.345577991455074e+26,3.382815727148797e+26,1.3988694461994737e+28
iter_0579,1.0577853113423579e+28,2.4447884173332449e+27,5.1076825392840756e+26,3.337852549836115e+26,1.386719503966884e+28
iter_0580,1.0785838074620093e+28,2.5238536533798235e+27,5.209683953354904e+26,3.532338534918735e+26,1.418389397682728e+28
iter_0581,1.0621444362733704e+28,2.5276525460108475e+27,5.434442032822932e+26,3.447510926133361e+26,1.4037292204640181e+28
iter_0582,1.05959834253719e+28,2.47712708223128e+27,4.902357089420464e+26,3.502558271158442e+26,1.391360204366107e+28
iter_0583,1.0779182282214235e+28,2.5119073068702584e+27,5.295369089585316e+26,3.365801351712868e+26,1.4157206633214312e+28
iter_0584,1.065566540412533e+28,2.468295203521741e+27,5.0904062342535504e+26,3.724006488033552e+26,1.400540187987578e+28
iter_0585,1.054075057947877e+28,2.482004249690108e+27,5.3222235157630024e+26,3.1552859402215766e+26,1.3870505774767337e+28
iter_0586,1.0592320146450912e+28,2.4645752442281323e+27,5.148092503046053e+26,3.3924020636960126e+26,1.3910944847353253e+28
iter_0587,1.0601245279594752e+28,2.5146053621047414e+27,5.190398086910467e+26,3.147082866316099e+26,1.3949598737022151e+28
iter_0588,1.0807290548942105e+28,2.5184307311324904e+27,5.180089708186848e+26,3.256770635534793e+26,1.416940731444676e+28
iter_0589,1.0624998632318645e+28,2.5345523235996264e+27,5.280906038201912e+26,3.093762676527467e+26,1.3997017827391207e+28
iter_0590,1.0633150065446213e+28,2.5072208746219316e+27,5.460136371520316e+26,3.462194427736987e+26,1.4032604019993874e+28
iter_0591,1.075292707951224e+28,2.559607381833231e+27,5.163437904001656e+26,3.174169993041576e+26,1.4146295251049792e+28
iter_0592,1.084472810634973e+28,2.5308979434601544e+27,5.2209562589526324e+26,3.237534074607675e+26,1.4221475083165913e+28
iter_0593,1.0394534268792995e+28,2.4643884389730585e+27,5.3456190074361386e+26,3.69342922850256e+26,1.3762827531359924e+28
iter_0594,1.0684330257348421e+28,2.5150930913352743e+27,5.170651003392895e+26,3.1270338764568394e+26,1.402919183666867e+28
iter_0595,1.0504893270152763e+28,2.4956835163822375e+27,5.306851166410329e+26,3.0799418925620378e+26,1.3839256092432237e+28
iter_0596,1.0838468886624646e+28,2.527404379843556e+27,5.184147450122608e+26,3.2026657581885356e+26,1.4204554587299317e+28
iter_0597,1.0834187592071975e+28,2.541077691643955e+27,5.2247048723026575e+26,3.003404746136967e+26,1.4198076245559894e+28
iter_0598,1.0819105390004303e+28,2.540077133648046e+27,5.1572720602875055e+26,3.4206843903022746e+26,1.4216978168711327e+28
iter_0599,1.0784906304714674e+28,2.552346314692716e+27,5.3742249403896724e+26,3.5813083606296734e+26,1.4232805949509325e+28
iter_0600,1.0650380278566e+28,2.4871436061616927e+27,5.2203305139158046e+26,3.455344918791812e+26,1.4005091427998454e+28
iter_0601,1.060806073178751e+28,2.5010969678441354e+27,5.171406603952733e+26,3.3824689970843125e+26,1.396454525973535e+28
iter_0602,1.0441771746556507e+28,2.4602025001986994e+27,5.2480982509213546e+26,3.0497346090278766e+26,1.3731757532750127e+28
iter_0603,1.0590203544841182e+28,2.478198830962299e+27,5.005891313647206e+26,3.228286395617415e+26,1.3891820146729943e+28
iter_0604,1.0576191219561007e+28,2.550357262935592e+27,5.3118206345724074e+26,3.5416717786553025e+26,1.401189772381937e+28
iter_0605,1.0626560982167524e+28,2.5200470455893865e+27,5.535025858791159e+26,3.6606364260428956e+26,1.4066174256240317e+28
iter_0606,1.0823710975816549e+28,2.5142128064996746e+27,5.313929465228435e+26,3.2162639981954125e+26,1.4190943128658608e+28
iter_0607,1.0633281521821206e+28,2.48014389106409e+27,5.082951458816958e+26,3.406927208835692e+26,1.3962413279650561e+28
iter_0608,1.088114347298978e+28,2.5627126520683764e+27,5.0388019999323024e+26,3.100522214745743e+26,1.425778854652596e+28
iter_0609,1.0729513512673926e+28,2.5449818818884967e+27,5.382350565456922e+26,3.226151738491213e+26,1.4135345624957237e+28
iter_0610,1.0602897288838248e+28,2.445930625554724e+27,5.0750498656749706e+26,3.842270455543876e+26,1.3940559946514859e+28
iter_0611,1.065363350977021e+28,2.5241010181729344e+27,5.161392538083949e+26,3.4574319054825204e+26,1.4039616972299793e+28
iter_0612,1.063944987157342e+28,2.53396231425327e+27,5.25492296739788e+26,3.308196044645464e+26,1.4029724087031023e+28
iter_0613,1.0564773038510271e+28,2.4410757810093394e+27,4.9638548692745574e+26,2.873888072926739e+26,1.3789623113739741e+28
iter_0614,1.0537874452704834e+28,2.494822040455679e+27,5.3570306002209034e+26,3.508400530381737e+26,1.3919239606220776e+28
iter_0615,1.0705366434065031e+28,2.5060809633468027e+27,5.140354523266772e+26,3.360673811973492e+26,1.406155023093586e+28
iter_0616,1.0548726204073987e+28,2.5060292357030415e+27,5.209951487589391e+26,3.1679289741015635e+26,1.3892543485946123e+28
iter_0617,1.0642128343199078e+28,2.507444853829647e+27,5.1453012937842904e+26,3.19674978558234e+26,1.3983778304965386e+28
iter_0618,1.0741500788908914e+28,2.506935386482534e+27,5.128871632989643e+26,3.260905443332026e+26,1.4087413883023615e+28
iter_0619,1.0684453614950896e+28,2.4693710131208776e+27,4.673361542935492e+26,3.034550999380502e+26,1.3924615882303373e+28
iter_0620,1.064301533987258e+28,2.518358784266035e+27,5.3747984021100405e+26,3.337557182147205e+26,1.4032609682564338e+28
iter_0621,1.0699480390887587e+28,2.496451821066989e+27,4.778421813119157e+26,3.0615815575766157e+26,1.3979932549024152e+28
iter_0622,1.0622719166899857e+28,2.477158278148047e+27,5.000878051577125e+26,3.148301930322757e+26,1.3914795443237893e+28
iter_0623,1.0730228182326777e+28,2.4805483949831546e+27,4.922392503005752e+26,2.9369377806418832e+26,1.3996709605674696e+28
iter_0624,1.0501913468493832e+28,2.4911731641758294e+27,5.311728394337431e+26,3.6033982535749896e+26,1.3884599297460904e+28
iter_0625,1.0680806695318873e+28,2.566938463980895e+27,5.687733341919133e+26,3.701093755265253e+26,1.4186627869018206e+28
iter_0626,1.0610422827688293e+28,2.4772165415160834e+27,5.2439100313515654e+26,3.0070865047088707e+26,1.391273902281042e+28
iter_0627,1.0584349920561537e+28,2.477036196269492e+27,4.6664557469150976e+26,3.242505135552189e+26,1.3852282205077758e+28
iter_0628,1.0625211321364086e+28,2.5371561212486123e+27,5.1897657315891234e+26,3.3898271428887516e+26,1.4020326730060486e+28
iter_0629,1.069840086807086e+28,2.478557171611182e+27,5.113754754961274e+26,3.199092762012852e+26,1.4008242791379456e+28
iter_0630,1.0689210732573725e+28,2.485056514493957e+27,4.969330804581037e+26,3.327477761431662e+26,1.4003948103668953e+28
iter_0631,1.0627258155455316e+28,2.5297067743392127e+27,5.245506656196944e+26,3.367490626801138e+26,1.4018264658094336e+28
iter_0632,1.062909764769847e+28,2.5026889502275066e+27,5.149613365248173e+26,3.491269572251563e+26,1.3995874891675954e+28
iter_0633,1.0794075985288132e+28,2.5117071079814737e+27,5.110213948035575e+26,3.360822542532819e+26,1.4152886742326445e+28
iter_0634,1.0704029451092764e+28,2.4849499132629944e+27,4.921487124456009e+26,3.22648575156258e+26,1.4003776651957617e+28
iter_0635,1.0583712573472808e+28,2.5059277681343376e+27,5.3237436078373625e+26,3.279157274693702e+26,1.3949930429860251e+28
iter_0636,1.0644940146391579e+28,2.520942570184951e+27,5.342951415787147e+26,3.299177039674897e+26,1.4030095562122734e+28
iter_0637,1.0578075242278058e+28,2.484046440292427e+27,5.302267514343065e+26,3.5292411986132016e+26,1.3945272553866113e+28
iter_0638,1.0575376393694794e+28,2.5099965696028643e+27,4.76436848585094e+26,3.2707175170008124e+26,1.3888881563582833e+28
iter_0639,1.0812314846789702e+28,2.4893655010072776e+27,5.1597561952510554e+26,3.29734467542974e+26,1.4147390434865059e+28
iter_0640,1.0600046099259337e+28,2.465819517772058e+27,5.074263129433333e+26,2.9467885185789522e+26,1.3867970781832625e+28
iter_0641,1.0642490128172512e+28,2.496772062588574e+27,5.142704533837787e+26,3.1528046398964714e+26,1.3968813108134511e+28
iter_0642,1.0688518712511336e+28,2.5237143920988764e+27,5.414369462938741e+26,3.583188731827803e+26,1.4111988924086865e+28
iter_0643,1.0725289836078344e+28,2.501322716380498e+27,5.300592581172284e+26,3.439303227493675e+26,1.4100602133325437e+28
iter_0644,1.0622810370385964e+28,2.487279099857601e+27,4.972262499805465e+26,3.051809438475951e+26,1.3912496664071707e+28
iter_0645,1.0653697408664228e+28,2.469595123160345e+27,4.818657427694904e+26,3.221240596015769e+26,1.392728233419564e+28
iter_0646,1.064038325569066e+28,2.47053240237023e+27,5.1750322237193134e+26,3.075275074987124e+26,1.3935946387931535e+28
iter_0647,1.0760962069474807e+28,2.533352930775388e+27,5.126474219887145e+26,3.377410984347877e+26,1.4144703520673695e+28
iter_0648,1.0614837940559053e+28,2.5204150178704285e+27,5.338915246626829e+26,3.135910237193549e+26,1.398273550681152e+28
iter_0649,1.0440758656846231e+28,2.4608439556708563e+27,5.1685161657064355e+26,2.9453030337809916e+26,1.371298453246583e+28
iter_0650,1.0620665321661616e+28,2.520982164855865e+27,5.2721081502638106e+26,3.40861436137458e+26,1.400971973768132e+28
iter_0651,1.0746757398677772e+28,2.453211923815402e+27,4.9445026676640024e+26,3.035152456321989e+26,1.3997934834891772e+28
iter_0652,1.0508064698748234e+28,2.485154904970539e+27,5.1919804918922245e+26,3.305047573495734e+26,1.3842922410257568e+28
iter_0653,1.064456322778005e+28,2.4698046127519612e+27,5.123897845614358e+26,3.392616357473815e+26,1.3966019260840827e+28
iter_0654,1.0672424268310964e+28,2.5047142864730353e+27,5.030118407481213e+26,3.4168894187315745e+26,1.4021839337405277e+28
iter_0655,1.0644413079628686e+28,2.5036702618476065e+27,5.0268566687218574e+26,3.2501978011332e+26,1.3975788788461797e+28
iter_0656,1.066842932724234e+28,2.551571512411429e+27,5.239578918029262e+26,3.029696028338668e+26,1.4046928334290562e+28
iter_0657,1.0564355540082668e+28,2.4783667013873513e+27,5.3940761971757566e+26,3.3616728526687356e+26,1.3918297146454467e+28
iter_0658,1.061942104744775e+28,2.4583885429994854e+27,5.0896326931099326e+26,3.0837352589388584e+26,1.3895146385652113e+28
iter_0659,1.0684787121249823e+28,2.5530649142500656e+27,5.4376447182747064e+26,3.874565598880713e+26,1.416907306721543e+28
iter_0660,1.0708567344145454e+28,2.498843866970347e+27,5.100457422106815e+26,3.201840692138723e+26,1.4037641022540355e+28
iter_0661,1.0685285403922382e+28,2.5163460007028366e+27,4.9067190402457574e+26,3.0657206550594558e+26,1.3998875374155738e+28
iter_0662,1.0608577265758745e+28,2.508837365257585e+27,5.369695942872558e+26,3.721108942587155e+26,1.40264951195623e+28
iter_0663,1.0757492019728118e+28,2.587210621247482e+27,5.332426629439876e+26,3.26266100801236e+26,1.4204211404720824e+28
iter_0664,1.0776538878112163e+28,2.5060996404854263e+27,4.852322241638599e+26,3.331916255173595e+26,1.4101062368278808e+28
iter_0665,1.0566462364556489e+28,2.5287043246273966e+27,5.1766845541556734e+26,3.1154654243495416e+26,1.3924381687034408e+28
iter_0666,1.059907507063999e+28,2.4761725869763295e+27,5.278872149424576e+26,3.231281178494698e+26,1.3926262990408247e+28
iter_0667,1.0709229608909165e+28,2.497405560607606e+27,5.2798143860788e+26,3.381205956003265e+26,1.407273720372498e+28
iter_0668,1.0624240002577687e+28,2.4512157072051868e+27,5.009893943367681e+26,3.018562952401695e+26,1.3878301399359809e+28
iter_0669,1.0689880386842172e+28,2.510012760779597e+27,5.1034799272115674e+26,2.8959381045846765e+26,1.3999834950801393e+28
iter_0670,1.0686278012257035e+28,2.4990119136848535e+27,5.173694821526342e+26,2.923510148725563e+26,1.3995010422967077e+28
iter_0671,1.0656068478568228e+28,2.4955744045653643e+27,4.922491988855866e+26,3.2592717127428424e+26,1.3969819253293464e+28
iter_0672,1.0753926970012042e+28,2.5661482944305654e+27,5.3434862088716074e+26,3.387013229542951e+26,1.4193125208284063e+28
iter_0673,1.073662746866879e+28,2.520726836647769e+27,5.2435177065035776e+26,3.341893585820186e+26,1.4115895434548936e+28
iter_0674,1.063758209517813e+28,2.5282840427684656e+27,5.116491477412275e+26,2.9823302012524923e+26,1.397574830581307e+28
iter_0675,1.0649788082017679e+28,2.4679610437246134e+27,4.77604369470412e+26,2.8887900310789003e+26,1.3884232498320595e+28
iter_0676,1.0650047375424176e+28,2.5006793516488336e+27,4.936379804442061e+26,3.1907265494572916e+26,1.3963437362462945e+28
iter_0677,1.065713072225423e+28,2.516287563735481e+27,5.0170599495870704e+26,3.297178291547796e+26,1.40048421101032e+28
iter_0678,1.0809144164398866e+28,2.519451678767981e+27,5.0406015416914444e+26,2.90164114255212e+26,1.4122820111591203e+28
iter_0679,1.0770555445494145e+28,2.529871968137246e+27,5.2110934439994774e+26,3.228370176114849e+26,1.4144373775642825e+28
iter_0680,1.0587025945114199e+28,2.502077858182764e+27,5.011934310359519e+26,3.0122698398332e+26,1.3891524218316235e+28
iter_0681,1.0743937648854127e+28,2.461365871326154e+27,5.254433116634337e+26,3.563686188626033e+26,1.4087115450706318e+28
iter_0682,1.049272722991969e+28,2.4301220379366125e+27,4.9972881907871066e+26,3.190781237189038e+26,1.3741656210653918e+28
iter_0683,1.076669660052678e+28,2.492762879544118e+27,5.2975192061575385e+26,3.163457064227142e+26,1.4105557107109365e+28
iter_0684,1.0560424183003692e+28,2.498048282405382e+27,5.068887075345615e+26,3.0502323588379663e+26,1.3870384408827433e+28
iter_0685,1.0665694524919388e+28,2.5250987983668767e+27,5.1034743256754444e+26,3.010585130227517e+26,1.400219926887656e+28
iter_0686,1.0691984368773578e+28,2.5579836413045244e+27,5.394375656016329e+26,3.431671740708611e+26,1.4132572749750597e+28
iter_0687,1.0696653969911864e+28,2.5041464799282563e+27,5.382503165590332e+26,3.358176423026882e+26,1.4074868408701843e+28
iter_0688,1.0603238206562241e+28,2.511731403449549e+27,5.287258746425006e+26,3.451882869049438e+26,1.3988883771559235e+28
iter_0689,1.0727470929034986e+28,2.4700244244344977e+27,5.041596329286122e+26,3.4048897812681925e+26,1.4042143964524915e+28
iter_0690,1.0705081072609003e+28,2.485140831853928e+27,5.159970037717202e+26,3.393893139202895e+26,1.4045608222154942e+28
iter_0691,1.070104347686933e+28,2.558406828371793e+27,5.449927901398927e+26,3.259933127428237e+26,1.4130436408123839e+28
iter_0692,1.0729654989772096e+28,2.5335791710933054e+27,5.196164969657983e+26,3.073734192202572e+26,1.4090224077051457e+28
iter_0693,1.0609782104261716e+28,2.4616653195006214e+27,5.0926899231795826e+26,3.0200072037127538e+26,1.3882717136451571e+28
iter_0694,1.0757948266835936e+28,2.4648770941452845e+27,5.004485200265479e+26,3.024022618088388e+26,1.4025676142816607e+28
iter_0695,1.0576496574935705e+28,2.483451071075195e+27,5.171245027579408e+26,3.195959703648385e+26,1.389666811913368e+28
iter_0696,1.0730300349316564e+28,2.5322746975862555e+27,5.222182292697318e+26,3.4457650948402024e+26,1.4129369785656573e+28
iter_0697,1.0587615934363961e+28,2.433508410797384e+27,5.0299392386339964e+26,3.0033031867439307e+26,1.382444858769914e+28
iter_0698,1.074885116896597e+28,2.5238145556369145e+27,4.807049883656677e+26,2.8274225774274944e+26,1.4036112970711303e+28
iter_0699,1.0648233413914727e+28,2.5135318473628553e+27,5.0716462481646005e+26,3.0444394581436114e+26,1.3973373831908405e+28
iter_0700,1.0670262756334604e+28,2.5326788882706717e+27,5.454711569277712e+26,3.47796735473301e+26,1.4096209537006349e+28
iter_0701,1.0668885820966573e+28,2.5147389386471514e+27,5.2622344325062584e+26,3.193642205265467e+26,1.4029212423390897e+28
iter_0702,1.0632407968971315e+28,2.5288779059550825e+27,5.0647559164304104e+26,2.9323554281061487e+26,1.3960997009380053e+28
iter_0703,1.074235989294563e+28,2.531205391979473e+27,4.908573781563952e+26,3.114545723866817e+26,1.407587723546818e+28
iter_0704,1.0731283093346685e+28,2.491927034175078e+27,5.2982150665729e+26,3.6087845986135984e+26,1.4113910094040414e+28
iter_0705,1.0786732466726416e+28,2.4896690073385854e+27,5.066642642505735e+26,3.0798531233373675e+26,1.409105105064931e+28
iter_0706,1.0624744194304192e+28,2.4619398366144075e+27,5.1494560347806056e+26,2.9965539180203077e+26,1.3901285026198692e+28
iter_0707,1.067343347939453e+28,2.4755898348917123e+27,5.0939806240640584e+26,3.3454965164791914e+26,1.3992971028340568e+28
iter_0708,1.0591039476867908e+28,2.4885153637578843e+27,5.2314387937842526e+26,3.6232026820573615e+26,1.3965018988209956e+28
iter_0709,1.0560971800515465e+28,2.4309691304452914e+27,4.808387479009685e+26,3.033254572992825e+26,1.3776105136161007e+28
iter_0710,1.057957229675439e+28,2.454552898300829e+27,4.908687335114862e+26,2.921302909786112e+26,1.3817124219545317e+28
iter_0711,1.0740884384230042e+28,2.5699821937475556e+27,5.2104708831078355e+26,3.215676218644294e+26,1.415348128815281e+28
iter_0712,1.0657479001425594e+28,2.4683871801524315e+27,5.1554207289025945e+26,3.303547403970386e+26,1.3971762994865326e+28
iter_0713,1.06074836069206e+28,2.490527976782877e+27,5.1121848110895926e+26,3.2519166046657126e+26,1.3934421725279006e+28
iter_0714,1.0755454494276348e+28,2.5249750233227934e+27,5.273342746192018e+26,3.1373576487126334e+26,1.4121499557089607e+28
iter_0715,1.0702088047654083e+28,2.551962441412478e+27,5.3282229415592437e+26,3.214272974401823e+26,1.4108300080662667e+28
iter_0716,1.0490492557691366e+28,2.446778419258172e+27,4.77776926296058e+26,2.866443532572432e+26,1.370169225650284e+28
iter_0717,1.054159262820219e+28,2.4812755298947966e+27,4.980228349400967e+26,3.288448286080833e+26,1.3849735821645167e+28
iter_0718,1.0702057752715717e+28,2.504412601956695e+27,4.871272869104772e+26,3.029093776694094e+26,1.3996507019252299e+28
iter_0719,1.0719340900659456e+28,2.523548039760623e+27,5.3323961101111646e+26,3.328750850031066e+26,1.4109003636434303e+28
iter_0720,1.0756382538442796e+28,2.5147265857951286e+27,5.026433412309051e+26,3.167808456766957e+26,1.4090533311145525e+28
iter_0721,1.0604081263257328e+28,2.516879800011245e+27,5.114501092862142e+26,3.071876468441464e+26,1.3939598819398932e+28
iter_0722,1.0660742837713533e+28,2.535024499398773e+27,5.59356186778352e+26,3.5327360862402276e+26,1.4108397132514681e+28
iter_0723,1.0648120706389216e+28,2.4778402133753216e+27,4.965157620993158e+26,3.2096453666570965e+26,1.3943441218529565e+28
iter_0724,1.0679934224851908e+28,2.5308887998422066e+27,5.3306709019452806e+26,3.8747923846342555e+26,1.4131369353352067e+28
iter_0725,1.063770067989143e+28,2.4762741890174605e+27,5.173370743571606e+26,3.108781535580938e+26,1.3942190096824146e+28
iter_0726,1.064470003452583e+28,2.490827064097212e+27,5.149367749398499e+26,3.293945091558711e+26,1.3979858382718763e+28
iter_0727,1.0579997509780945e+28,2.521741260323265e+27,5.2412765289988816e+26,3.267231674822441e+26,1.3952589590486341e+28
iter_0728,1.0692209532430854e+28,2.4590769527691643e+27,5.112268289065055e+26,3.1887990364048555e+26,1.398139321774701e+28
iter_0729,1.056850827550555e+28,2.4591161097798144e+27,5.165361615364792e+26,3.429856721896385e+26,1.3887146219011482e+28
iter_0730,1.051715022853363e+28,2.4669132356707712e+27,4.701163841579947e+26,2.9076102832062542e+26,1.3744940876683022e+28
iter_0731,1.0650528473517057e+28,2.4883374013893037e+27,5.22001809816475e+26,3.3568225739383845e+26,1.3996549942116674e+28
iter_0732,1.0628397666608364e+28,2.5117235514189334e+27,5.390622113966573e+26,3.505044036607798e+26,1.4029687833084734e+28
iter_0733,1.0713124502162527e+28,2.5633653977839553e+27,5.317260843416784e+26,3.389178641850735e+26,1.4147133848473236e+28
iter_0734,1.071580473770457e+28,2.54549324049377e+27,5.142538390678482e+26,3.4248553046584004e+26,1.4118037347732028e+28
iter_0735,1.065909632540848e+28,2.491533472293342e+27,5.352358901686604e+26,3.185083571061356e+26,1.4004374044976618e+28
iter_0736,1.0576758365129603e+28,2.5127997302446203e+27,5.203722549147488e+26,3.543018687078161e+26,1.3964232218996788e+28
iter_0737,1.0701864335692556e+28,2.5272268907012747e+27,5.137930345235992e+26,3.447182466775931e+26,1.4087602507595021e+28
iter_0738,1.0839524384039827e+28,2.531369421723789e+27,5.246086432635111e+26,3.206428745579767e+26,1.4216145323585106e+28
iter_0739,1.0764330727932077e+28,2.52046595307538e+27,5.1070425218030704e+26,3.2172576971927316e+26,1.4117226702907036e+28
iter_0740,1.049780870146861e+28,2.4791776837701725e+27,4.955961549369499e+26,3.0818032690072334e+26,1.3780762867076455e+28
iter_0741,1.0667713167486977e+28,2.523515375226575e+27,5.294322728424474e+26,3.352638093339588e+26,1.4055924624889957e+28
iter_0742,1.0724398224856441e+28,2.555177286556568e+27,5.3857332687983986e+26,3.552489358445816e+26,1.4173397774137431e+28
iter_0743,1.0683990571845935e+28,2.5860253262201464e+27,5.327314740744168e+26,3.362501383220582e+26,1.4138997510462557e+28
iter_0744,1.0807020249156494e+28,2.538508231095626e+27,5.097857112718777e+26,3.226327262546943e+26,1.4177946917778691e+28
iter_0745,1.0584695118637898e+28,2.4853824348687676e+27,5.300280016023316e+26,3.278498751335558e+26,1.3927955430242554e+28
iter_0746,1.0701538809435e+28,2.5145608604335177e+27,4.9150654643745235e+26,3.0664460194988344e+26,1.4014250818255852e+28
iter_0747,1.0458921663444625e+28,2.4520369563032065e+27,5.270748756396144e+26,3.605074218837428e+26,1.379854091727119e+28
iter_0748,1.0623063158065754e+28,2.5341428637881013e+27,5.52120239526664e+26,3.3646682408777014e+26,1.4045793085468288e+28
iter_0749,1.0710562217029084e+28,2.493214362208251e+27,4.901365570071829e+26,3.17898363641352e+26,1.401181149988587e+28
iter_0750,1.0567278736185991e+28,2.502362668616119e+27,5.397702164692997e+26,3.5156227760422106e+26,1.396097389887563e+28
iter_0751,1.067705946461639e+28,2.5181146258488e+27,5.2325348652704256e+26,3.5048407529828185e+26,1.4068911652290516e+28
iter_0752,1.0688624956340213e+28,2.5059156143302676e+27,4.9959706690286534e+26,2.9977714270265166e+26,1.3993914780275999e+28
iter_0753,1.0637505994152974e+28,2.438737469173252e+27,4.882018900210121e+26,3.0237511819887435e+26,1.3866820471546113e+28
iter_0754,1.079995834867884e+28,2.5499255803077175e+27,5.488977265583522e+26,3.819929376264283e+26,1.4280774593171337e+28
iter_0755,1.0638314535864978e+28,2.504241588915916e+27,5.184095245372666e+26,3.374159622521045e+26,1.3998381611570266e+28
iter_0756,1.0637167765401301e+28,2.523681552967278e+27,5.3469041870893565e+26,3.508832521283776e+26,1.4046422989205892e+28
iter_0757,1.0729054889603556e+28,2.5833338493729534e+27,5.589654348018363e+26,3.305827310503009e+26,1.4201936904828647e+28
iter_0758,1.0679470018650352e+28,2.5115250663421395e+27,5.113555604947638e+26,3.310338014893973e+26,1.4033384446976652e+28
iter_0759,1.0826995117837338e+28,2.4866355194303394e+27,5.2642150260404014e+26,3.245451208309579e+26,1.4164597260702675e+28
iter_0760,1.0658115259335915e+28,2.4912981785701853e+27,5.0461243175238294e+26,3.185949786035352e+26,1.3972620848262018e+28
iter_0761,1.0665490772416743e+28,2.4913227465349744e+27,4.836904449074195e+26,2.9758745125914112e+26,1.3938091415118278e+28
iter_0762,1.06046234268143e+28,2.491261239960184e+27,5.293993177484398e+26,3.3893751241984105e+26,1.3964221496942765e+28
iter_0763,1.0695894652280175e+28,2.558447509209961e+27,5.387064130789574e+26,3.264855681175195e+26,1.4119534142686612e+28
iter_0764,1.0690789209797997e+28,2.4749939232757386e+27,4.987376102601637e+26,3.325113232175719e+26,1.3997032066551471e+28
iter_0765,1.072926418821125e+28,2.5144259868356134e+27,5.423276872453074e+26,3.339792422438528e+26,1.4119997104536025e+28
iter_0766,1.0612318465702908e+28,2.497883482083652e+27,5.012941999637418e+26,3.514422860138805e+26,1.3962938433764182e+28
iter_0767,1.0637862614475474e+28,2.5133373861545473e+27,5.144730228760521e+26,3.0441590192977195e+26,1.3970088925435846e+28
iter_0768,1.0551091464180794e+28,2.5186203239743716e+27,5.222473535766465e+26,3.257026256752468e+26,1.391766176740706e+28
iter_0769,1.069764191167405e+28,2.5333090015015876e+27,5.0993402944268875e+26,3.218803588642827e+26,1.4062765301482608e+28
iter_0770,1.071333147592374e+28,2.541681074757849e+27,5.250972899382815e+26,3.225820511515373e+26,1.4102691891771408e+28
iter_0771,1.0839115618550784e+28,2.50780356278198e+27,5.277095222753791e+26,3.8097979822321865e+26,1.425560850183136e+28
iter_0772,1.0666353851448764e+28,2.5310378315281706e+27,5.625485812691738e+26,3.705582787528915e+26,1.4130498542999e+28
iter_0773,1.0618096089047443e+28,2.4530563606694504e+27,4.9876730256756175e+26,2.9845300515104904e+26,1.3868372757435504e+28
iter_0774,1.0595418978967051e+28,2.496415515747836e+27,5.370071806620515e+26,3.600750379552239e+26,1.3988916713332164e+28
iter_0775,1.0614194671173306e+28,2.4622192289255704e+27,5.05959861320442e+26,2.9375625782284828e+26,1.3876130019242165e+28
iter_0776,1.0622306187182568e+28,2.5331061342659227e+27,5.3683077171036813e+26,3.35536833094684e+26,1.4027779926253542e+28
iter_0777,1.0642901073810104e+28,2.531688277117691e+27,5.535164851870793e+26,3.496817145678619e+26,1.4077787550682737e+28
iter_0778,1.0640381077269618e+28,2.482245012823964e+27,5.05726274925278e+26,3.269116410724033e+26,1.3955264006091264e+28
iter_0779,1.0723831854436732e+28,2.5072795157632973e+27,5.3936093887439415e+26,3.3819911234286776e+26,1.4108671421417293e+28
iter_0780,1.0769977970916013e+28,2.5323069499083936e+27,5.19055337683607e+26,3.311203330759716e+26,1.4152460591583985e+28
iter_0781,1.068273982843618e+28,2.522929442136006e+27,5.258547383851651e+26,3.290313251608565e+26,1.4060555334118205e+28
iter_0782,1.0573277496403988e+28,2.5105506956469667e+27,5.252653685561316e+26,3.335242480655692e+26,1.3942617808672657e+28
iter_0783,1.0712136240340025e+28,2.531701324078543e+27,5.360730968156014e+26,3.3294540596560706e+26,1.4112856067199777e+28
iter_0784,1.071382449623176e+28,2.528810291422131e+27,5.436545583738829e+26,3.2733774190527944e+26,1.4113627087933053e+28
iter_0785,1.071465553319733e+28,2.520606593863626e+27,5.2021611120696e+26,3.548265541027931e+26,1.411030479237071e+28
iter_0786,1.0665936416250149e+28,2.4723661311775234e+27,5.1936812813001146e+26,3.37026862848e+26,1.3994697538405683e+28
iter_0787,1.0718073993681555e+28,2.5527189506296617e+27,5.2435708429509576e+26,2.9620988903520287e+26,1.4091359917641515e+28
iter_0788,1.0751935204243638e+28,2.505912221737641e+27,5.087729610514954e+26,3.191252330554193e+26,1.4085745620088194e+28
iter_0789,1.0468417865801527e+28,2.5297457981438553e+27,5.132877631974378e+26,3.306693752130627e+26,1.3842120802355885e+28
iter_0790,1.0658215746525578e+28,2.5262863124376614e+27,5.304656653048698e+26,3.326319225104347e+26,1.4047599646778544e+28
iter_0791,1.060859972294036e+28,2.5247933459088993e+27,5.0633573085420504e+26,3.27746199488109e+26,1.3967474999191572e+28
iter_0792,1.0672494779472536e+28,2.5427091073695836e+27,5.293837322737149e+26,3.713260656760164e+26,1.4115913684791852e+28
iter_0793,1.053162227285567e+28,2.445239954407272e+27,4.992844524213659e+26,3.017192823128378e+26,1.3777865961997145e+28
iter_0794,1.0800939712771614e+28,2.582185001022267e+27,5.390973297481388e+26,3.380480927137126e+26,1.4260270136255735e+28
iter_0795,1.0762689752833308e+28,2.5298304240493405e+27,5.352526096293224e+26,3.353857306734611e+26,1.4163158517185433e+28
iter_0796,1.063381263683768e+28,2.4871511280138186e+27,4.991209825668772e+26,3.0559867003951798e+26,1.3925683417457892e+28
iter_0797,1.065391242123133e+28,2.504417441119441e+27,4.933815138867329e+26,2.8098257962706296e+26,1.3932693955864567e+28
iter_0798,1.0791757685441235e+28,2.503517313466248e+27,5.390402692950135e+26,3.647330974690254e+26,1.4199048365671523e+28
iter_0799,1.0731146329504996e+28,2.4519713568611964e+27,4.946463040075607e+26,2.8141634192918567e+26,1.395918033230294e+28
iter_0800,1.064780539007256e+28,2.459510048649786e+27,5.167256923981273e+26,3.466586641091399e+26,1.3970699795229612e+28
iter_0801,1.0681448446889745e+28,2.572126500599156e+27,5.187340059823971e+26,3.4619724788225656e+26,1.4118506201353556e+28
iter_0802,1.0611241834720226e+28,2.516989688269763e+27,4.973063162328213e+26,3.3578149887147026e+26,1.396131933809428e+28
iter_0803,1.0672600884912724e+28,2.499500979254302e+27,5.206301060574762e+26,3.0563292320329046e+26,1.3998364893427792e+28
iter_0804,1.060163097753412e+28,2.521111275257224e+27,5.098364147481081e+26,3.361197424254152e+26,1.3968698409964867e+28
iter_0805,1.0819345497219277e+28,2.519086408024619e+27,5.023643890653942e+26,3.263237076575389e+26,1.416712000196683e+28
iter_0806,1.0690587595043962e+28,2.567095751296956e+27,5.045550314359112e+26,3.2443100127087834e+26,1.4086669379047706e+28
iter_0807,1.0680844053664856e+28,2.506949461192413e+27,5.193441451438712e+26,3.254526764770561e+26,1.4032590336478196e+28
iter_0808,1.0572204608705882e+28,2.4920039459772326e+27,5.274130146032252e+26,3.078320129404364e+26,1.3899453582226777e+28
iter_0809,1.0597215559264252e+28,2.4726225387580837e+27,5.0713060212423574e+26,3.270683820085841e+26,1.3904037082155157e+28
iter_0810,1.0524399268857564e+28,2.4852646955073625e+27,5.106393416213932e+26,3.4822147091333546e+26,1.3868524776899655e+28
iter_0811,1.050637717910769e+28,2.489492144884533e+27,5.09542539824934e+26,3.3473005827847025e+26,1.3840141922095627e+28
iter_0812,1.0786693076715164e+28,2.550813040563079e+27,5.2159129971173574e+26,3.554920994028995e+26,1.421458951639288e+28
iter_0813,1.073347360060691e+28,2.5443389116252483e+27,5.2820457287084144e+26,3.264407429270492e+26,1.4132457828030048e+28
iter_0814,1.0582462688706596e+28,2.4816573659668276e+27,4.983543082464602e+26,3.1176464534518505e+26,1.3874239008265068e+28
iter_0815,1.0646258405536626e+28,2.4968388710310383e+27,4.965995273982507e+26,3.006735650887027e+26,1.3940370369054617e+28
iter_0816,1.0572833514812492e+28,2.488962117112603e+27,4.9646922998821866e+26,3.0600488460468824e+26,1.3864269746518002e+28
iter_0817,1.0746096022966198e+28,2.4720112952050654e+27,4.9612367240486876e+26,3.5127639088851024e+26,1.406550738146464e+28
iter_0818,1.0720916536219578e+28,2.483502815949355e+27,4.90040008156756e+26,3.1746687897117474e+26,1.4011926239296863e+28
iter_0819,1.0708649637978628e+28,2.5299978411505646e+27,5.260522461175396e+26,3.135633997130435e+26,1.4078263124959774e+28
iter_0820,1.0622720028710043e+28,2.554398706455355e+27,5.506469084574879e+26,3.3565409764313325e+26,1.406341974126602e+28
iter_0821,1.0726753296976442e+28,2.586671707858248e+27,4.94997139680132e+26,2.929044056610182e+26,1.410132655017584e+28
iter_0822,1.060243072738752e+28,2.4805225854276237e+27,5.246720203596177e+26,3.4671746299930294e+26,1.3954342796174066e+28
iter_0823,1.0885313603182693e+28,2.576872124455574e+27,5.4754548464175096e+26,3.7507083738861605e+26,1.4384802049668633e+28
iter_0824,1.0681289811355736e+28,2.5139653909913513e+27,5.107638420497721e+26,3.3930845432413194e+26,1.4045327498720991e+28
iter_0825,1.059393265119227e+28,2.5542492506162646e+27,5.639498861310726e+26,3.758757609723093e+26,1.4088007548911913e+28
iter_0826,1.0663379717065752e+28,2.514748979795742e+27,5.2242753473798697e+26,3.0003758502353084e+26,1.4000593816623013e+28
iter_0827,1.0786622889052974e+28,2.546809656362053e+27,5.556357503155383e+26,3.244156606299109e+26,1.4213483956360477e+28
iter_0828,1.0639635246994746e+28,2.554410657090408e+27,5.4140421769267325e+26,3.206928064643186e+26,1.4056142928242145e+28
iter_0829,1.0661770263291404e+28,2.5065476122910045e+27,5.2112423379532126e+26,3.563301603319621e+26,1.4045772269709692e+28
iter_0830,1.0631976391012364e+28,2.5387268001965026e+27,5.481341442268886e+26,3.3362849137915015e+26,1.4052465826814906e+28
iter_0831,1.0733327961389662e+28,2.5786114647611107e+27,5.241480221971709e+26,3.57150556035352e+26,1.4193238004383295e+28
iter_0832,1.0606905053400697e+28,2.5036544020301343e+27,5.328380804562769e+26,3.290455728833811e+26,1.397244310877049e+28
iter_0833,1.061284211118412e+28,2.4673539839471126e+27,5.380317471704142e+26,3.2191554063038984e+26,1.394014338293204e+28
iter_0834,1.0686007239999452e+28,2.519337542900264e+27,4.866437516869271e+26,3.009288414327997e+26,1.3992917376019442e+28
iter_0835,1.0768409930356786e+28,2.4785053833976007e+27,4.9673041354635024e+26,3.0919868987761213e+26,1.405284441717835e+28
iter_0836,1.0852267548001804e+28,2.589923425644588e+27,5.239545547833862e+26,3.1766495685271106e+26,1.4283810485282488e+28
iter_0837,1.0665458176016109e+28,2.518765221220994e+27,5.111408865284763e+26,3.410620918315171e+26,1.4036426375597095e+28
iter_0838,1.0677604940448643e+28,2.4904246265749683e+27,5.210812387022304e+26,3.303051119565046e+26,1.4019415917682346e+28
iter_0839,1.0610726472681751e+28,2.474676351828744e+27,4.7671930460146e+26,3.0642682593146366e+26,1.386854895504342e+28
iter_0840,1.0620394462832873e+28,2.492044740234346e+27,5.1721611336769686e+26,3.4596298642230984e+26,1.3975618302857224e+28
iter_0841,1.0596268012557258e+28,2.490239284864866e+27,5.2985096391857295e+26,3.430765667148607e+26,1.3959434828055559e+28
iter_0842,1.060966944907684e+28,2.4689369690141072e+27,4.865234600479529e+26,2.7706836968053886e+26,1.3842198247819438e+28
iter_0843,1.0602350286370599e+28,2.514569277401074e+27,5.252920746034711e+26,3.142731504865369e+26,1.3956484788861681e+28
iter_0844,1.0626169734028475e+28,2.486474462572315e+27,5.189204079626251e+26,3.354375778145773e+26,1.3967002182377992e+28
iter_0845,1.0770841400484118e+28,2.594384123544906e+27,5.32525045015264e+26,3.2602683924887055e+26,1.4223777408293158e+28
iter_0846,1.078394569310966e+28,2.531270940251003e+27,5.070872141893775e+26,3.5376870741093334e+26,1.4176072554960974e+28
iter_0847,1.07030100146274e+28,2.5150972342351353e+27,5.288021293802359e+26,3.278930791195622e+26,1.4074802457362335e+28
iter_0848,1.0800820878167145e+28,2.523705193381705e+27,4.813036458354541e+26,3.0879889136972054e+26,1.4114628608754024e+28
iter_0849,1.0682868287024873e+28,2.4869417344148314e+27,5.3771542252051986e+26,3.292052408820016e+26,1.4036730684842227e+28
iter_0850,1.0648095574265614e+28,2.5092225237585486e+27,4.782602790575295e+26,3.184732990370627e+26,1.3954051676118757e+28
iter_0851,1.0687653809736132e+28,2.511586185017815e+27,5.177833443475208e+26,3.221505895930503e+26,1.4039173928694518e+28
iter_0852,1.0509715927704014e+28,2.5051530257667856e+27,5.197824921122526e+26,3.34546385826457e+26,1.3869197831409509e+28
iter_0853,1.0656845275335522e+28,2.548515801196764e+27,5.3905158492246344e+26,3.292218864864959e+26,1.4073634547941245e+28
iter_0854,1.0625419193802992e+28,2.4948555513289e+27,5.048584350500808e+26,3.190004884148059e+26,1.3944133668596778e+28
iter_0855,1.0688190761536173e+28,2.4751857543422994e+27,5.2943871700022224e+26,3.617111470633086e+26,1.4054526379942002e+28
iter_0856,1.0751913537946397e+28,2.51276441915492e+27,5.20978640018511e+26,3.158879140205502e+26,1.4101544511140377e+28
iter_0857,1.0623215705823487e+28,2.5059210908749724e+27,5.198352883110484e+26,3.074676777092988e+26,1.3956439762718808e+28
iter_0858,1.072887189327458e+28,2.556975748270672e+27,5.4842582968643624e+26,3.626726702835534e+26,1.419694614151524e+28
iter_0859,1.0667134434015007e+28,2.536800830056539e+27,5.3618715656071926e+26,3.473944920800171e+26,1.4087516912712282e+28
iter_0860,1.0613989630860312e+28,2.5402467062293e+27,5.226539930612604e+26,3.239076767104358e+26,1.4000798006861309e+28
iter_0861,1.07104890945368e+28,2.471938596126825e+27,4.7295836592770896e+26,2.722593314993317e+26,1.3927645388090669e+28
iter_0862,1.0670677118213156e+28,2.5405361530348865e+27,5.279503305526509e+26,3.243396243056595e+26,1.4063503226106353e+28
iter_0863,1.077660626085604e+28,2.5736525432723255e+27,5.397893588898717e+26,3.3490317309453475e+26,1.4224951336112773e+28
iter_0864,1.0601305950926528e+28,2.5003503690203777e+27,5.3299209477866826e+26,3.485053330037062e+26,1.398315374772928e+28
iter_0865,1.0661703277645325e+28,2.515135491707031e+27,5.4151622481381416e+26,3.3466313660012116e+26,1.4053018130766292e+28
iter_0866,1.0623425691093057e+28,2.4818772773673455e+27,5.041359935161718e+26,3.1760585342273585e+26,1.392704481539931e+28
iter_0867,1.065707599114241e+28,2.4991994074071914e+27,5.285012536308263e+26,3.4284517204494435e+26,1.4027621824225372e+28
iter_0868,1.062870623048285e+28,2.5194558521983493e+27,5.249947405287279e+26,3.0286714853770468e+26,1.3976023971747631e+28
iter_0869,1.0721838750633073e+28,2.489797412560914e+27,5.359289182179849e+26,3.452653852119338e+26,1.4092830466623903e+28
iter_0870,1.0618545279913817e+28,2.499159447558543e+27,4.870917353350167e+26,3.2030484480946975e+26,1.3925101307616846e+28
iter_0871,1.0608182360213316e+28,2.539113524452525e+27,5.360471119259166e+26,3.498675399709837e+26,1.4033210536562743e+28
iter_0872,1.0677848949917536e+28,2.545957270484916e+27,5.1856059322295876e+26,3.096872777967669e+26,1.4052054091422176e+28
iter_0873,1.0669565572784505e+28,2.545925119391018e+27,5.3630828229000265e+26,3.453133323006448e+26,1.4097112306766172e+28
iter_0874,1.0653506692602538e+28,2.4873521308390265e+27,4.857245876201114e+26,3.1629695803332e+26,1.3942880369094995e+28
iter_0875,1.067185286943207e+28,2.5606846213268675e+27,5.346639233119832e+26,3.295392651740424e+26,1.4096740679244964e+28
iter_0876,1.0662736011692174e+28,2.4856713460222853e+27,4.91138188296854e+26,2.773365473064648e+26,1.3916882093317778e+28
iter_0877,1.0735694248011676e+28,2.5379686412171217e+27,5.3310180627922736e+26,3.3670588965304546e+26,1.4143470585161072e+28
iter_0878,1.0511311484641913e+28,2.518265523099731e+27,5.402737101823222e+26,3.604047298974771e+26,1.393025544782144e+28
iter_0879,1.0801031009650494e+28,2.5660681861266814e+27,5.4761496069461534e+26,3.501752497499132e+26,1.4264889406221706e+28
iter_0880,1.0632862406167284e+28,2.5138675458168483e+27,5.566381515845099e+26,3.632276098790001e+26,1.4066595713447642e+28
iter_0881,1.0853236128530164e+28,2.577108141225065e+27,5.245777548649815e+26,3.328483342636341e+26,1.4287770358883844e+28
iter_0882,1.0655737527289975e+28,2.4868856809401607e+27,5.09914144064192e+26,3.5064429542939896e+26,1.4003181647723726e+28
iter_0883,1.0519238715811803e+28,2.4356268038291743e+27,4.8199847937127785e+26,3.093141229305311e+26,1.3746178121942787e+28
iter_0884,1.0702847630556091e+28,2.446246005140207e+27,5.112257973481956e+26,3.2934083277360766e+26,1.3989660265818101e+28
iter_0885,1.0611219842875116e+28,2.4717209901412884e+27,5.233502395970349e+26,3.185286729550727e+26,1.3924819745568512e+28
iter_0886,1.0582495048889265e+28,2.5185531545756726e+27,5.086969841528773e+26,3.0148729111239393e+26,1.3911232478730208e+28
iter_0887,1.0704487538221353e+28,2.563234362825765e+27,5.3150050856102624e+26,3.254695693719328e+26,1.4124691978980076e+28
iter_0888,1.0704821531344242e+28,2.5401158676248585e+27,5.526139777226149e+26,3.808179470527587e+26,1.4178369323744476e+28
iter_0889,1.0620191772242347e+28,2.4686136790356762e+27,5.331420477243044e+26,3.1925880087725126e+26,1.394120629987958e+28
iter_0890,1.0631856199707653e+28,2.514442111104076e+27,5.141226634216989e+26,3.4643962466567e+26,1.4006860598899098e+28
iter_0891,1.0601840007109032e+28,2.4498884510791708e+27,5.2820728015811536e+26,3.6849773292590266e+26,1.394843347127222e+28
iter_0892,1.0559755605435584e+28,2.4602792584521643e+27,5.136023223475846e+26,3.366495762289901e+26,1.3870286762464323e+28
iter_0893,1.0639988878513125e+28,2.52460290920933e+27,5.239327931874195e+26,3.366546176808558e+26,1.4025179198590731e+28
iter_0894,1.0638913169094261e+28,2.554057187755776e+27,5.351612941380734e+26,3.3450652386984766e+26,1.406263817485796e+28
iter_0895,1.061664833303091e+28,2.5394053081249507e+27,5.391621519653095e+26,3.542982976549442e+26,1.4049514090776115e+28
iter_0896,1.0771958820852179e+28,2.5526256237079314e+27,5.276070317369398e+26,3.3806858012627346e+26,1.4190260056423323e+28
iter_0897,1.0741240087990762e+28,2.490542169927403e+27,5.114332588162906e+26,3.601092922588295e+26,1.4103324808993285e+28
iter_0898,1.064221133739347e+28,2.497245271009515e+27,4.874259846615531e+26,3.5409235103171896e+26,1.3980974944096258e+28
iter_0899,1.067707381203816e+28,2.580026292932748e+27,5.1648979354090495e+26,3.438094743663728e+26,1.4117399372878186e+28
iter_0900,1.0614705595128122e+28,2.535736492421201e+27,5.4931238023707416e+26,3.3081162203742685e+26,1.4030566089823825e+28
iter_0901,1.0587920739519472e+28,2.4261923655821282e+27,4.9647993066435684e+26,2.9656284646911334e+26,1.380715588223507e+28
iter_0902,1.0659871341216499e+28,2.51391868724286e+27,4.8718948096116635e+26,2.9224376894451974e+26,1.3953223278365044e+28
iter_0903,1.0655205068481274e+28,2.5046277346401455e+27,4.9329209961328115e+26,2.9712613842337096e+26,1.3950251041158072e+28
iter_0904,1.0732412956253918e+28,2.491956565986822e+27,5.234741235521443e+26,3.3171553507015115e+26,1.4079559180863035e+28
iter_0905,1.0681454070385106e+28,2.464712319956162e+27,5.027892026967629e+26,3.2874106821094606e+26,1.3977696661248976e+28
iter_0906,1.0660210077513877e+28,2.4968258725521214e+27,5.105468370594805e+26,3.5025407108306656e+26,1.4017836858208547e+28
iter_0907,1.0652865050581685e+28,2.510057718607594e+27,5.031287560692907e+26,3.0596017672813655e+26,1.3972011701986705e+28
iter_0908,1.0539659494642515e+28,2.4739998196473483e+27,4.718313058443321e+26,2.668498725221773e+26,1.3752340492656374e+28
iter_0909,1.070790351886453e+28,2.497285711761335e+27,4.88557337408747e+26,3.066987471612857e+26,1.4000445315195896e+28
iter_0910,1.061978122092377e+28,2.498915239308666e+27,5.461874071268942e+26,3.692731113078806e+26,1.403415697866721e+28
iter_0911,1.0755784806982235e+28,2.5438624290260855e+27,5.556663722291016e+26,3.631325539978689e+26,1.421844616223529e+28
iter_0912,1.068016033736486e+28,2.4560433422438162e+27,5.0574365301662786e+26,3.27189574876193e+26,1.3969136907501498e+28
iter_0913,1.0629419646075305e+28,2.4510346576698753e+27,5.038944939194877e+26,2.9255432113175178e+26,1.387690311879642e+28
iter_0914,1.06375154867531e+28,2.4538084196953594e+27,4.8618785881284555e+26,3.0852942661477422e+26,1.388604119187608e+28
iter_0915,1.0782857334416e+28,2.5493366084483864e+27,5.407279114348574e+26,3.295565943800245e+26,1.4202478448679269e+28
iter_0916,1.062144705582349e+28,2.483272993033369e+27,5.070495921343429e+26,3.4187076091822256e+26,1.3953640401909426e+28
iter_0917,1.0685596781101743e+28,2.5196479261958256e+27,5.297400888703978e+26,3.163153737987922e+26,1.4051300169966758e+28
iter_0918,1.0746331922596194e+28,2.4690544058450217e+27,5.234002588167739e+26,3.7957642603539785e+26,1.4118363013293388e+28
iter_0919,1.058852715738103e+28,2.5057697651538585e+27,5.326754389978613e+26,3.6485870247374636e+26,1.3991831064006497e+28
iter_0920,1.0735542770542246e+28,2.5030483465201825e+27,4.9275003570877713e+26,2.9699098677231064e+26,1.4028332139543516e+28
iter_0921,1.05821521663409e+28,2.523563260551344e+27,5.0973331788584663e+26,3.130117414880123e+26,1.3928460486266105e+28
iter_0922,1.063058198068755e+28,2.505293482238008e+27,5.051650528846493e+26,3.251643856603352e+26,1.3966204901470543e+28
iter_0923,1.0581770473799878e+28,2.521214593282453e+27,5.223855089198581e+26,3.348939295942433e+26,1.3960264505596432e+28
iter_0924,1.0534380825637096e+28,2.479218343461837e+27,5.050043076113287e+26,2.9584686847943446e+26,1.3814450345189696e+28
iter_0925,1.067807643323701e+28,2.47500302102984e+27,5.2657785405417076e+26,3.499836044766205e+26,1.402964091279764e+28
iter_0926,1.050499471159928e+28,2.495283735664508e+27,5.3594249952236394e+26,3.4638536169155856e+26,1.388260630847771e+28
iter_0927,1.0772541493294944e+28,2.540951557793e+27,5.3113532629958955e+26,3.351599839279852e+26,1.4179788361315518e+28
iter_0928,1.0753183941105298e+28,2.550334252273429e+27,5.064865525117219e+26,3.109967379744956e+26,1.4121001483864946e+28
iter_0929,1.060945853920893e+28,2.4863590161393375e+27,5.303384811871941e+26,3.568944332898775e+26,1.3983050469825338e+28
iter_0930,1.0774334317793221e+28,2.5184089405308323e+27,4.9991072874603966e+26,2.995363344391092e+26,1.4092190321509203e+28
iter_0931,1.0593289662107955e+28,2.481653257766836e+27,5.227594625833149e+26,3.157394909540641e+26,1.3913441873412168e+28
iter_0932,1.0706833956641889e+28,2.51849550953054e+27,5.331310917560879e+26,3.728006388843372e+26,1.4131261196812854e+28
iter_0933,1.0532725964974477e+28,2.5217434212232516e+27,5.441908572661871e+26,3.253242671354891e+26,1.3923984510599403e+28
iter_0934,1.0487426816247357e+28,2.5033047239785546e+27,5.342745411659786e+26,3.499834104401733e+26,1.3874989491832064e+28
iter_0935,1.0738291495855679e+28,2.596077178147833e+27,5.561069189034856e+26,3.411259732749202e+26,1.4231601566181918e+28
iter_0936,1.0794662383298546e+28,2.549993230828614e+27,5.172360493036846e+26,3.0103028581889626e+26,1.416292194924974e+28
iter_0937,1.078089822168256e+28,2.5422677256787255e+27,5.259250313279027e+26,3.227965425479506e+26,1.4171887521237136e+28
iter_0938,1.069205874709618e+28,2.499951601986267e+27,5.087376042042517e+26,3.100582009054107e+26,1.401080615419211e+28
iter_0939,1.064048062212586e+28,2.484233331725274e+27,4.7105215070119e+26,2.894054688534647e+26,1.3885171573405788e+28
iter_0940,1.0570301576167456e+28,2.4687685010960172e+27,4.922008607673797e+26,3.154834515524734e+26,1.3846754389583326e+28
iter_0941,1.0621281626768939e+28,2.42315954029616e+27,5.102397658549447e+26,3.457349348308787e+26,1.3900415867750922e+28
iter_0942,1.0656392370983867e+28,2.5085520471673197e+27,5.22687956408384e+26,3.115931447388794e+26,1.399922551929845e+28
iter_0943,1.0496477658287482e+28,2.438305249320245e+27,4.964808132200505e+26,3.335709920920881e+26,1.3764834712919866e+28
iter_0944,1.0866454053712782e+28,2.505092096334067e+27,4.9447167242755004e+26,3.343945450126746e+26,1.4200412367487074e+28
iter_0945,1.065591601822289e+28,2.5421076135627867e+27,5.415594497352828e+26,3.32805423448013e+26,1.4072388504968971e+28
iter_0946,1.0706184435745712e+28,2.538852983840086e+27,5.334144480145959e+26,3.471397408558868e+26,1.412559160845628e+28
iter_0947,1.0851671130393193e+28,2.5515653974989317e+27,5.4377423992857055e+26,3.4137653378383675e+26,1.4288387301604531e+28
iter_0948,1.0667739878791574e+28,2.4764033540541463e+27,4.9165241427459795e+26,3.0212814820228447e+26,1.3937923795322604e+28
iter_0949,1.091187274344878e+28,2.534588559935257e+27,5.1779617814082744e+26,3.316115242532174e+26,1.4295869005778081e+28
iter_0950,1.0832468277163796e+28,2.481024340798567e+27,5.140656425842623e+26,3.1337261917226156e+26,1.4140930879718886e+28
iter_0951,1.0615474013848743e+28,2.564597095356364e+27,5.421258026081499e+26,3.38588575564739e+26,1.4060785487377994e+28
iter_0952,1.0633803711087338e+28,2.52991711441408e+27,5.152373054388485e+26,3.504621212224259e+26,1.402942025216269e+28
iter_0953,1.0536612237688456e+28,2.4983624291339155e+27,5.2147983348946e+26,2.8469972894109485e+26,1.3841154229252926e+28
iter_0954,1.0570408844497688e+28,2.4720351422956352e+27,5.0258871819209147e+26,3.197269042958772e+26,1.3864759609281292e+28
iter_0955,1.0582912067203888e+28,2.4707749227967677e+27,5.161562647036298e+26,3.1438070175335184e+26,1.3884223956457637e+28
iter_0956,1.0702796267436338e+28,2.5235837954156984e+27,4.975203295106288e+26,3.318073798404076e+26,1.4055707772203071e+28
iter_0957,1.0870731525376393e+28,2.5643102840026714e+27,5.462269206225573e+26,3.6338950629078884e+26,1.434465823629241e+28
iter_0958,1.0729122543351931e+28,2.522384210144589e+27,5.113862811298411e+26,3.0502084903015874e+26,1.406791388365652e+28
iter_0959,1.0652584257505994e+28,2.4805396862653566e+27,5.103553091010941e+26,3.120460700135792e+26,1.3955525322886024e+28
iter_0960,1.0666199705833014e+28,2.525081978622402e+27,5.4607103628439725e+26,3.3211354121233165e+26,1.4069466261952143e+28
iter_0961,1.0658438378460463e+28,2.491503494625945e+27,5.593758192140851e+26,3.4561758710347454e+26,1.4054935279403968e+28
iter_0962,1.0685031622084432e+28,2.51423836642676e+27,5.510264136415579e+26,3.5737141102681255e+26,1.4107667813179562e+28
iter_0963,1.0624061938464214e+28,2.530700099662143e+27,5.360703222301784e+26,3.333181688205338e+26,1.4024150529177069e+28
iter_0964,1.077956229799607e+28,2.5578490458091567e+27,5.3325817572697595e+26,3.245596692390109e+26,1.4195229188771213e+28
iter_0965,1.0588373625782507e+28,2.461067295060354e+27,5.358267441232852e+26,3.652901332869125e+26,1.3950557798253059e+28
iter_0966,1.0681252079671244e+28,2.5042994879087786e+27,4.986874029253509e+26,3.0426959290927032e+26,1.3988508563414646e+28
iter_0967,1.0619170709251342e+28,2.4577503764159964e+27,5.368291049714916e+26,3.3478066917903743e+26,1.3948530859817866e+28
iter_0968,1.0739687902109873e+28,2.54297971526909e+27,5.3532578200916075e+26,3.6176212593834236e+26,1.4179755525326469e+28
iter_0969,1.0679917309993766e+28,2.4672573201218647e+27,5.117346537566756e+26,3.4001327362707974e+26,1.3998922557499386e+28
iter_0970,1.0618284116611626e+28,2.4925108645179847e+27,5.4116832267004156e+26,3.3851978443195116e+26,1.3990483088231605e+28
iter_0971,1.0780843914809724e+28,2.5595403316712656e+27,5.275245852293537e+26,3.531358213631559e+26,1.42210446530735e+28
iter_0972,1.0499415410875872e+28,2.4725402417588256e+27,5.0539752759897475e+26,2.673948134060726e+26,1.3744747993639743e+28
iter_0973,1.0744737074784023e+28,2.531859055415426e+27,5.324582873840348e+26,2.9351033859466747e+26,1.410256475617815e+28
iter_0974,1.0629100334728825e+28,2.443846279162933e+27,5.168876862730243e+26,3.2960007340246345e+26,1.3919434373567245e+28
iter_0975,1.0497815034614288e+28,2.46286386500996e+27,4.909142428924359e+26,3.2838327093908515e+26,1.377997641345577e+28
iter_0976,1.059676413086425e+28,2.510921583438734e+27,5.372654222068504e+26,3.584158005268051e+26,1.400336693703664e+28
iter_0977,1.0495854469723889e+28,2.4943473287337015e+27,5.232324356983031e+26,3.141608084716927e+26,1.3827595042627585e+28
iter_0978,1.081667349197987e+28,2.588087975526307e+27,5.177514184357133e+26,3.37575991125161e+26,1.426008887706705e+28
iter_0979,1.0712546231424309e+28,2.5033637249854636e+27,5.29867188048201e+26,2.9074283361995163e+26,1.4036519978077925e+28
iter_0980,1.070539307962301e+28,2.524744687444681e+27,5.0211742682348845e+26,2.8625433198969956e+26,1.4018509525880877e+28
iter_0981,1.0726550174120632e+28,2.533518605275135e+27,5.27092727362625e+26,3.135181987752915e+26,1.4100679705533685e+28
iter_0982,1.0775757827117126e+28,2.512571617634043e+27,5.0679872539598875e+26,3.242272276016089e+26,1.4119355397748765e+28
iter_0983,1.0872346660817682e+28,2.538898109292255e+27,5.1623984681161286e+26,3.3874050993021964e+26,1.4266225126851768e+28
iter_0984,1.0693976931074394e+28,2.4983349351314075e+27,5.236267151196186e+26,3.7573901233358494e+26,1.4091677593659005e+28
iter_0985,1.076069215927416e+28,2.5587766434451654e+27,5.344743081514483e+26,3.0481939046805217e+26,1.4158762501338827e+28
iter_0986,1.062786651103828e+28,2.494397934806283e+27,5.17337450421776e+26,2.908403430650805e+26,1.393044223933142e+28
iter_0987,1.063890523849005e+28,2.5050438824794097e+27,5.1341977259309636e+26,3.402973814363217e+26,1.3997666274998876e+28
iter_0988,1.0564418783560845e+28,2.478029106254637e+27,5.4192944172233596e+26,3.663589962012098e+26,1.3950736327739027e+28
iter_0989,1.0605988575810862e+28,2.5550481584527727e+27,5.490412288397051e+26,3.608293987001674e+26,1.4070907361803508e+28
iter_0990,1.070618534283684e+28,2.5247361650069236e+27,4.973178251489017e+26,3.391545685502928e+26,1.4067393901542958e+28
iter_0991,1.0695828409370003e+28,2.5105908558348604e+27,5.164716984779044e+26,3.368086321553324e+26,1.4059699595838102e+28
iter_0992,1.064864448877503e+28,2.532009716675121e+27,5.109740360714248e+26,3.6422863312014266e+26,1.405585687464172e+28
iter_0993,1.05967952714213e+28,2.494564792392493e+27,5.0075646767876784e+26,3.398625305450553e+26,1.3931979062037616e+28
iter_0994,1.069742631884205e+28,2.489452154415389e+27,5.340592606064384e+26,3.402007362864977e+26,1.4061138470150375e+28
iter_0995,1.0747200248303258e+28,2.542319946917999e+27,5.5076330768614394e+26,3.797641047009599e+26,1.4220047607608359e+28
iter_0996,1.0528926282679032e+28,2.4508818537246843e+27,5.075543510311083e+26,3.329774991269266e+26,1.3820339986561752e+28
iter_0997,1.0783600503320316e+28,2.4889395171179775e+27,5.1449829168587096e+26,3.284895290397457e+26,1.411552784116391e+28
iter_0998,1.0596649407990398e+28,2.4644115669535764e+27,5.023364689064946e+26,2.8738712372381087e+26,1.3850784567574282e+28
iter_0999,1.0558197745110285e+28,2.4658469786198182e+27,5.2134898582787595e+26,3.8090228892572616e+26,1.3926295998483706e+28
iter_1000,1.0676560606492828e+28,2.516776050773991e+27,5.1448786393347255e+26,3.308789954246919e+26,1.4038703516624983e+28
