iter,Upper Crust,Middle Crust,Lower Crust,Mantle,Total
iter_0001,1.4640805983545019e+28,6.76052050849763e+26,2.663524803047387e+24,1.0445904954803014e+16,1.5319521559208274e+28
iter_0002,1.4669756614668376e+28,6.814922631474282e+26,2.726620323169262e+24,4.166822684172613e+17,1.5353975498555654e+28
iter_0003,1.4729537950394469e+28,6.651605632451155e+26,2.859120813616291e+24,9.693423844985856e+17,1.5397557635422543e+28
iter_0004,1.4832931786559082e+28,6.728753127622683e+26,2.748451904240406e+24,3872127685318560.5,1.5508555551229462e+28
iter_0005,1.467242211769588e+28,6.634021959250914e+26,2.8028485977383427e+24,4.476379265198263e+17,1.5338627162666345e+28
iter_0006,1.4587863563761197e+28,6.714808407480856e+26,2.5766455433399223e+24,1.3354725788457896e+19,1.5261921063407348e+28
iter_0007,1.4620062211607468e+28,6.822472068901802e+26,2.6476082005766506e+24,5319535272676233.0,1.5304957026703546e+28
iter_0008,1.482599923043821e+28,6.601097446540944e+26,2.707739769009488e+24,1.1985110490201349e+17,1.5488816714981166e+28
iter_0009,1.4682918725970938e+28,6.665114480769815e+26,2.679107951789672e+24,3594401841131972.5,1.5352109282003304e+28
iter_0010,1.4624254106648249e+28,6.823600207493347e+26,2.598917308918162e+24,2602330062963526.0,1.5309213044709105e+28
iter_0011,1.4745036465615217e+28,6.703334756945573e+26,2.842600702321594e+24,4525281315632764.0,1.5418212542016623e+28
iter_0012,1.463548058335921e+28,6.567043220157014e+26,2.756001643125268e+24,2.986334369364677e+16,1.52949409070479e+28
iter_0013,1.4798503788661577e+28,6.737749018377003e+26,2.574964841969302e+24,1.5803293031231828e+19,1.547485367114454e+28
iter_0014,1.469750689698468e+28,6.955015648453571e+26,2.737184334211022e+24,6361820721250364.0,1.539574564617061e+28
iter_0015,1.4624449049362967e+28,6.706637528618378e+26,2.5695597618598115e+24,3.8496978487663944e+16,1.529768236202516e+28
iter_0016,1.46547572139857e+28,6.694176424477631e+26,2.897784819359073e+24,4.576966407784535e+17,1.5327072641710517e+28
iter_0017,1.469742044920743e+28,6.858088840977763e+26,2.600888568861878e+24,5.738599582130847e+18,1.5385830227612668e+28
iter_0018,1.4611022448702733e+28,6.659735028409318e+26,2.7139775686831426e+24,1.4829897598870467e+19,1.5279709943942247e+28
iter_0019,1.466707525191956e+28,6.668059051902082e+26,2.7436612642134694e+24,6.295894306563567e+16,1.533662481843694e+28
iter_0020,1.4581851130769605e+28,6.896808094779721e+26,2.6214989088093024e+24,229829386176575.1,1.5274153439156617e+28
iter_0021,1.4735658045291973e+28,6.747488129846518e+26,2.7408630902453414e+24,3.957051951220574e+19,1.5413147760937392e+28
iter_0022,1.4634913970615389e+28,6.786998480105092e+26,2.797282428221456e+24,46881692946003.65,1.5316411101054166e+28
iter_0023,1.4732985974255242e+28,6.767684204504481e+26,2.825617606503018e+24,6916493734500792.0,1.5412580012319108e+28
iter_0024,1.4823512652865267e+28,6.792122962732725e+26,2.9976132981813565e+24,2.8295401439753334e+18,1.5505722565266261e+28
iter_0025,1.4550311154522909e+28,6.77426565289425e+26,2.76414041527131e+24,1711591658509622.8,1.5230501860229315e+28
iter_0026,1.4704940305948343e+28,6.924606227405277e+26,2.7067215058419754e+24,1.5538722315694958e+18,1.5400107651748583e+28
iter_0027,1.4639009726276409e+28,6.5974849197481e+26,2.5892123329726145e+24,11730713554684.557,1.5301347430584204e+28
iter_0028,1.4853596797476472e+28,6.697322019115183e+26,2.861562189573659e+24,4.039271241890717e+17,1.552619056198149e+28
iter_0029,1.4629186816718927e+28,6.634072534573806e+26,2.696288592524079e+24,5456524667751901.0,1.5295290358774288e+28
iter_0030,1.4687645075025551e+28,6.782937719219228e+26,2.888464232303058e+24,3.2589049295808794e+17,1.5368827311505668e+28
iter_0031,1.4655467360777447e+28,6.672511405184146e+26,2.668873869007622e+24,6.051711098602362e+18,1.532538738121658e+28
iter_0032,1.4599699979030345e+28,6.846402595587285e+26,2.7651393023175584e+24,310154345271671.25,1.52871053778917e+28
iter_0033,1.4679144638061359e+28,6.734138358885894e+26,2.488000081646524e+24,1.398376082844564e+16,1.5355046474045578e+28
iter_0034,1.4692349971777702e+28,6.940807661885899e+26,2.588930878442295e+24,1.1810995637202598e+18,1.5389019670025836e+28
iter_0035,1.4831449489488654e+28,6.608906808083112e+26,2.6385436421674297e+24,8.735159753396886e+17,1.5494978714812648e+28
iter_0036,1.4739114795336293e+28,6.713740114827564e+26,2.6820475032411674e+24,474370991545015.0,1.5413170854322766e+28
iter_0037,1.4712361653897333e+28,6.778853128504943e+26,2.7201612600567633e+24,2677441541768476.0,1.5392967128010562e+28
iter_0038,1.478102019523572e+28,6.685206513768926e+26,2.753286744537512e+24,3.9307926101405843e+17,1.5452294133750228e+28
iter_0039,1.4695991216456164e+28,6.76420545927816e+26,2.625223862051571e+24,1392095773631231.2,1.5375036986247424e+28
iter_0040,1.4653459815703106e+28,6.726786070760633e+26,2.77462996098023e+24,1.8727788755108042e+17,1.5328913052927426e+28
iter_0041,1.4501027419184652e+28,6.806899830823228e+26,2.8630610428124686e+24,420402004312660.25,1.5184580463310206e+28
iter_0042,1.4748903364555946e+28,6.602990069832668e+26,2.6493865553720327e+24,8.93145412015972e+16,1.54118517581839e+28
iter_0043,1.4565486556064203e+28,6.824365759950133e+26,2.762589880557035e+24,6.5537313903473736e+16,1.525068572200531e+28
iter_0044,1.4686294197287145e+28,6.672101787370329e+26,2.7368782026099797e+24,946794171902131.6,1.5356241254227736e+28
iter_0045,1.4608023933322773e+28,6.830440115313067e+26,2.554270580312377e+24,9018039417247.916,1.52936222154344e+28
iter_0046,1.469560813821663e+28,6.758478371956569e+26,2.7219530562071605e+24,8635376024407321.0,1.5374177928477131e+28
iter_0047,1.4631693014788293e+28,6.765053809383436e+26,3.083790972780619e+24,4.386305205934242e+19,1.531128223056247e+28
iter_0048,1.4722227773848328e+28,6.740899107677584e+26,2.8101918872902857e+24,1.106811390863711e+17,1.5399127876614058e+28
iter_0049,1.46099829931887e+28,6.697231263823329e+26,2.5591895189860343e+24,3.701754607501726e+19,1.5282265346107565e+28
iter_0050,1.4548103507775208e+28,6.720657672499708e+26,2.872548980325492e+24,3.842911059994792e+17,1.5223041824389795e+28
iter_0051,1.4549678012386923e+28,6.786596776749383e+26,2.7081252720289384e+24,1.0449911500621872e+16,1.523104581534434e+28
iter_0052,1.4746643600230903e+28,6.72483527556192e+26,2.7346734582306965e+24,6509149925889091.0,1.5421861801251835e+28
iter_0053,1.480708854040738e+28,6.609296608255014e+26,2.8438914533153375e+24,2199517407572213.0,1.5470862092688397e+28
iter_0054,1.4588683276826099e+28,6.642994564273648e+26,2.9368004428100606e+24,6516435384843775.0,1.5255919533702788e+28
iter_0055,1.4750867842977086e+28,6.723101782653926e+26,2.860405076100226e+24,435856071128589.4,1.5426038426319015e+28
iter_0056,1.4654677040190582e+28,6.709151849149792e+26,2.831189186336938e+24,1.7881869656149078e+17,1.5328423414470716e+28
iter_0057,1.459990281591033e+28,6.855334469926254e+26,2.9325126027648016e+24,52951807846523.95,1.5288368775505772e+28
iter_0058,1.456240181725426e+28,6.749199629731514e+26,2.8466270470602855e+24,4.179635248494203e+18,1.5240168411454106e+28
iter_0059,1.469594094690595e+28,6.734443551747492e+26,2.8001251187619454e+24,3.176582402473202e+19,1.5372185458965285e+28
iter_0060,1.4576408902492627e+28,6.920419612215066e+26,3.0321523918563133e+24,6750307147263867.0,1.527148301611274e+28
iter_0061,1.47526778507727e+28,6.789428091914127e+26,2.7423427335755506e+24,389836571455661.4,1.5434363002698076e+28
iter_0062,1.452163052128546e+28,6.636348274708783e+26,2.7622301196414216e+24,9.310308472499248e+16,1.5188027578969084e+28
iter_0063,1.4864694429646241e+28,6.756559931952645e+26,2.564150548191561e+24,5.032090629385049e+17,1.5542914573892905e+28
iter_0064,1.4612166898924016e+28,6.735773248825502e+26,2.559654171689882e+24,1884138812227371.8,1.528830387798014e+28
iter_0065,1.4674798081852842e+28,6.665363680260412e+26,2.8021512601686874e+24,2927862961442754.0,1.534413660114198e+28
iter_0066,1.4650137092358966e+28,6.706976594300719e+26,2.690058869629297e+24,3609679534872574.0,1.5323524810662277e+28
iter_0067,1.4880920213128556e+28,6.820641444930304e+26,2.5559200558687114e+24,4.143737744553841e+17,1.5565540278091828e+28
iter_0068,1.4590801380528837e+28,6.6722153747051e+26,2.7117393769811373e+24,7.23486633415561e+17,1.5260734658099816e+28
iter_0069,1.451319380951033e+28,6.743848240443972e+26,2.7355753761897826e+24,354521317181031.8,1.5190314208931272e+28
iter_0070,1.4723333557796678e+28,6.754875081380385e+26,2.748872899130405e+24,2.671972070020758e+16,1.5401569938860567e+28
iter_0071,1.4654993475096354e+28,6.660710725173441e+26,2.689588626164331e+24,2.1266497407774848e+17,1.5323754136452529e+28
iter_0072,1.4769035514486483e+28,6.78216856773679e+26,2.799233462549804e+24,597371485009457.6,1.545005160472331e+28
iter_0073,1.4696069206382282e+28,6.579365774098717e+26,2.8613211682575696e+24,559958506083138.75,1.535686710496097e+28
iter_0074,1.4773589760838707e+28,6.662793696375636e+26,2.532598016101267e+24,2.4377382320306684e+16,1.5442401728516749e+28
iter_0075,1.4696776969483355e+28,6.701140342148665e+26,2.891510171931237e+24,8.869580554688064e+16,1.5369782513958848e+28
iter_0076,1.463028332145948e+28,6.717649872910278e+26,2.726166496038871e+24,1.1766827960285827e+18,1.5304774476423228e+28
iter_0077,1.4627508689644235e+28,6.802479860027968e+26,2.601060439618608e+24,1.5835643144085522e+16,1.5310357736102485e+28
iter_0078,1.456310394592362e+28,6.753859715863893e+26,2.737923947399496e+24,699245719898912.2,1.524122784145811e+28
iter_0079,1.476039317104062e+28,6.623033781149724e+26,3.0497568392533876e+24,2.0670027379666173e+17,1.5425746306201546e+28
iter_0080,1.4685092797555513e+28,6.820632148117573e+26,2.9101177076189496e+24,6.224839645798143e+18,1.537006613629973e+28
iter_0081,1.4626160247056038e+28,6.686377981731477e+26,2.756720412175023e+24,1.711354471666672e+17,1.5297554765812495e+28
iter_0082,1.469006194904289e+28,6.679648398293572e+26,2.780387893592516e+24,4.007015930309309e+16,1.5360807176805911e+28
iter_0083,1.476591364036143e+28,6.775743603990227e+26,2.677574137968847e+24,5.1902106140288264e+16,1.5446165574950322e+28
iter_0084,1.4645149107840931e+28,6.784014245024165e+26,2.768920440555068e+24,1.1728203443762534e+18,1.5326319453956723e+28
iter_0085,1.473749857364352e+28,6.64318036187911e+26,2.790393092591214e+24,1.2401280153500398e+19,1.5404607015325302e+28
iter_0086,1.4604623773451329e+28,6.78807430481224e+26,2.635217536964621e+24,2.2699485790379308e+16,1.5286066421492217e+28
iter_0087,1.4742666236177496e+28,6.692288975524051e+26,2.688485692016009e+24,1.397102833061e+17,1.5414583619561626e+28
iter_0088,1.477972232096988e+28,6.667708081243213e+26,2.596424036404778e+24,1.2698507480412352e+16,1.5449089553143306e+28
iter_0089,1.4639566480107633e+28,6.5632909628755e+26,2.6504828776687053e+24,5.416802466899075e+16,1.529854605932702e+28
iter_0090,1.4635362320616077e+28,6.745498626154504e+26,2.8322770495154376e+24,1.1075506979243344e+17,1.5312744460391799e+28
iter_0091,1.4788408725698134e+28,6.651367449841436e+26,2.587528961730683e+24,1.886404592471402e+16,1.5456132999662871e+28
iter_0092,1.4683340473169274e+28,6.668457137303889e+26,2.890674762756318e+24,1377419446006404.2,1.5353076861663797e+28
iter_0093,1.466436382488038e+28,6.775082940309269e+26,3.016874061926713e+24,3.233585813671401e+17,1.534488899329659e+28
iter_0094,1.4700153007571023e+28,6.762957003457078e+26,2.6971958194271155e+24,9.578787453075713e+17,1.537914590469404e+28
iter_0095,1.4670547850146082e+28,6.797174984183693e+26,2.933871157657424e+24,8828354769609342.0,1.5353199219730938e+28
iter_0096,1.4719777396132845e+28,6.69803306306583e+26,2.7683622849326854e+24,1.894318154247109e+16,1.5392349064743304e+28
iter_0097,1.460935536571686e+28,6.780208755900968e+26,2.894670132732415e+24,2.1851927923234476e+16,1.529027091146154e+28
iter_0098,1.4742394446234458e+28,6.869159014281399e+26,2.8120796062577604e+24,2.665442364401527e+19,1.543212245392328e+28
iter_0099,1.4776538927915636e+28,6.684021363317172e+26,2.9116104228259014e+24,912511585433067.6,1.5447852674671091e+28
iter_0100,1.4686622257944813e+28,6.801303423528355e+26,2.995531284659955e+24,1148359935618795.5,1.5369748131583458e+28
iter_0101,1.4526585543173576e+28,6.841449087060058e+26,2.792260010546032e+24,2.7372521258213027e+17,1.5213522712163853e+28
iter_0102,1.468403023389014e+28,6.714595586757302e+26,2.9451197088712263e+24,1.0284063958609295e+19,1.5358434922558807e+28
iter_0103,1.461409229916206e+28,6.660346882480731e+26,2.696584438389951e+24,4.4711487233423866e+17,1.5282823572295635e+28
iter_0104,1.4855021534282314e+28,6.770407582782411e+26,2.564876608881677e+24,173809466650896.12,1.5534627169169611e+28
iter_0105,1.4601212180613e+28,6.781255249932832e+26,2.7711088458523497e+24,1.948600997173426e+16,1.528210881447162e+28
iter_0106,1.4490960669454253e+28,6.72979486555742e+26,2.4740124264230183e+24,1.8909945936112648e+20,1.5166414357535875e+28
iter_0107,1.4713303487543086e+28,6.675693845283025e+26,2.9813368157790807e+24,2.2962802822660817e+20,1.5383854438515198e+28
iter_0108,1.46359771358379e+28,6.665148437321246e+26,2.4998568909107875e+24,1.84099034167388e+16,1.5304991836479346e+28
iter_0109,1.471626685614639e+28,6.765247268305744e+26,2.5448537120730295e+24,1.6929060464167194e+16,1.5395336436705968e+28
iter_0110,1.4657494923871844e+28,6.655526660372686e+26,2.632887287748064e+24,47953634074441.24,1.5325680477196908e+28
iter_0111,1.4654097771227294e+28,6.650212423465533e+26,3.018930165790568e+24,90902663163898.5,1.5322137943739726e+28
iter_0112,1.4669083555459115e+28,6.710461892126696e+26,2.650617362100618e+24,1.402916283955465e+17,1.5342780362174176e+28
iter_0113,1.4872463992011556e+28,6.761797675766617e+26,2.7311067315255117e+24,1.9733907661693078e+17,1.555137486651708e+28
iter_0114,1.4645991911264129e+28,6.727341309146377e+26,2.6509594177041675e+24,1.2774358046031224e+17,1.5321377001724212e+28
iter_0115,1.4608232105296109e+28,6.819072202004809e+26,2.6614677905282147e+24,2360891599956102.5,1.5292800793289478e+28
iter_0116,1.4695043951244951e+28,6.552055649019264e+26,2.666947160343612e+24,2707656614286792.0,1.5352916463309927e+28
iter_0117,1.4670882056718788e+28,6.887611771222434e+26,2.88351805528945e+24,2.0365280745398028e+16,1.5362526751916686e+28
iter_0118,1.4618513581699265e+28,6.685635285274846e+26,2.860695585250445e+24,2.3691404434922842e+20,1.5289938042726045e+28
iter_0119,1.4826187112618677e+28,6.775483478204655e+26,2.633174993105875e+24,8.198763171670594e+16,1.5506368635514236e+28
iter_0120,1.4792633347254921e+28,6.746744037276712e+26,3.1959160802854397e+24,4.001069512519264e+16,1.5470503667102888e+28
iter_0121,1.4784415121276371e+28,6.75716334516814e+26,2.6323487925734654e+24,2.851921924606214e+17,1.546276380487095e+28
iter_0122,1.4620334060097207e+28,6.568957871991767e+26,2.767244782602438e+24,8.958646037490352e+16,1.5279997092168572e+28
iter_0123,1.4602821395998809e+28,6.643897946591043e+26,2.6467866854720426e+24,3.006801739465459e+16,1.5269857977373453e+28
iter_0124,1.4682971842205544e+28,6.803908366202383e+26,2.7798750739438966e+24,9.607106781702524e+17,1.5366142554860436e+28
iter_0125,1.475610251570324e+28,6.67884659994793e+26,2.681398118803938e+24,8.230220557556876e+17,1.5426668574639858e+28
iter_0126,1.4713748073831468e+28,6.69579536600328e+26,2.897426779394439e+24,1.534567832410387e+19,1.5386225052556868e+28
iter_0127,1.4801197472746622e+28,6.645089426310534e+26,2.823957317064788e+24,7.259528163299629e+16,1.5468530372767337e+28
iter_0128,1.4733400659857956e+28,6.84395141441644e+26,2.679720140925976e+24,1.147488171015456e+17,1.5420475521555274e+28
iter_0129,1.4781174904612374e+28,6.73265299003368e+26,2.8848023533688985e+24,2.2772620921475676e+16,1.5457325005991885e+28
iter_0130,1.477462598324752e+28,6.676971575702472e+26,2.8064842182122354e+24,5.304637156331453e+18,1.5445129630340618e+28
iter_0131,1.4661583156579645e+28,6.784383003631512e+26,2.6649539799243313e+24,1.1909147293987243e+17,1.5342686411041813e+28
iter_0132,1.4744217701748389e+28,6.75694441982954e+26,2.993938728790897e+24,5.865243378045646e+17,1.5422906083046657e+28
iter_0133,1.458344209779677e+28,6.78741883712296e+26,2.5842045887570987e+24,1.6968397177637782e+16,1.526476818611479e+28
iter_0134,1.4778972099343065e+28,6.717750768866723e+26,2.7652189604685617e+24,5.832144929506917e+18,1.545351240102235e+28
iter_0135,1.4577588782599968e+28,6.705445736099818e+26,2.671699261765152e+24,9.80517960029985e+16,1.5250805055569768e+28
iter_0136,1.4678710801706855e+28,6.664627728135698e+26,2.75687954335184e+24,4.955862120987026e+16,1.5347930454113334e+28
iter_0137,1.4721489269322194e+28,6.752076953114629e+26,2.6885874777082496e+24,1.2604939419226482e+20,1.539938567816076e+28
iter_0138,1.4632426595312502e+28,6.795720274473287e+26,2.4874257441265156e+24,1.9123632308886996e+16,1.531448604852308e+28
iter_0139,1.4672135681624265e+28,6.77497917718161e+26,2.7216118029270897e+24,5.327792234437057e+18,1.5352355216473143e+28
iter_0140,1.4729677072941627e+28,6.715693636166203e+26,2.794731432214734e+24,1.0704739028476901e+19,1.5404041178695203e+28
iter_0141,1.4543500337080363e+28,6.754061445278179e+26,2.567151671607452e+24,2.7444743580068275e+18,1.522147363602426e+28
iter_0142,1.4760046537771434e+28,6.706833273564583e+26,2.792619970220173e+24,672731862285112.1,1.5433522485098785e+28
iter_0143,1.44938803590813e+28,6.755532105949308e+26,2.811175094196589e+24,8.823823037019045e+17,1.5172244745652808e+28
iter_0144,1.4567285465701529e+28,6.887916172929803e+26,2.836502529418931e+24,2.629259298755364e+18,1.5258913588153188e+28
iter_0145,1.460150537887057e+28,6.706403584785894e+26,2.837485037106382e+24,1.7661804386968174e+16,1.5274983222403927e+28
iter_0146,1.4774489255061327e+28,6.695424906352623e+26,2.879300432896427e+24,7.028758743827838e+16,1.5446911046199774e+28
iter_0147,1.475371449885629e+28,6.852975380994366e+26,2.727944065988857e+24,773453461139225.2,1.5441739981022488e+28
iter_0148,1.4613785622114872e+28,6.636197774185056e+26,2.684120575855095e+24,9.576755572248498e+16,1.5280089520205e+28
iter_0149,1.4605368088209251e+28,6.777310122745262e+26,2.585168746323407e+24,2.158842105455732e+16,1.5285684269251687e+28
iter_0150,1.4804991059798815e+28,6.769404763931124e+26,2.49128071922188e+24,3.904623100676332e+19,1.548442285595738e+28
iter_0151,1.4657698858353131e+28,6.618208630652375e+26,2.6085142714505667e+24,5.1691784751687256e+16,1.5322128235741512e+28
iter_0152,1.464602845328804e+28,6.756109362290579e+26,3.06175630079042e+24,1940541127476505.5,1.5324701145819828e+28
iter_0153,1.4688205689014924e+28,6.692590978522785e+26,2.642047801180123e+24,523453330575879.4,1.5360106834668904e+28
iter_0154,1.4714494566396307e+28,6.770003193931169e+26,2.499571402094684e+24,7.192273880996893e+18,1.539399446438379e+28
iter_0155,1.4835004685408433e+28,6.656571722278834e+26,2.580433084088551e+24,7829352147733647.0,1.5503242290728234e+28
iter_0156,1.4734020577672023e+28,6.742544727814617e+26,2.547990328986875e+24,2.1141347422815e+16,1.5410823040803612e+28
iter_0157,1.455140101034992e+28,6.796822818011256e+26,2.9072080425042214e+24,1.4672159769327392e+17,1.5233990500340273e+28
iter_0158,1.4480480226028347e+28,6.831574252236859e+26,2.8649212065297523e+24,82499889479125.98,1.5166502572458647e+28
iter_0159,1.4689806509468846e+28,6.663301339192356e+26,2.6819054122103673e+24,819320850707308.1,1.5358818548801112e+28
iter_0160,1.4627657515320845e+28,6.669254653932265e+26,2.933400370081327e+24,2.0155013364115395e+17,1.5297516381285702e+28
iter_0161,1.4673459943669174e+28,6.731839968420283e+26,2.8196863635593264e+24,3299397740011965.0,1.534946362687806e+28
iter_0162,1.4621327260578537e+28,6.759167084533107e+26,2.649841191641034e+24,180903047956688.3,1.529989381022367e+28
iter_0163,1.4793209783210458e+28,6.670306828199702e+26,2.889808662418171e+24,1.4144103305689906e+16,1.546313027470699e+28
iter_0164,1.4722950358258204e+28,6.811091045055122e+26,2.7975652106908366e+24,5.182484326156247e+17,1.5406857028492657e+28
iter_0165,1.4603779656002245e+28,6.739820860636439e+26,2.4469457454726384e+24,15411519378546.662,1.5280208687811378e+28
iter_0166,1.4553400862799463e+28,6.636785488773522e+26,2.9275910222142024e+24,95837931192485.86,1.5220007002699127e+28
iter_0167,1.461461764871953e+28,6.646632787598443e+26,2.6581664387934536e+24,861513346878002.9,1.528193909391903e+28
iter_0168,1.4711216792743197e+28,6.787812789712752e+26,2.8483758043897757e+24,23831460589346.1,1.5392846447518885e+28
iter_0169,1.4599496823605316e+28,6.7650730405359e+26,2.737666169583256e+24,878683606851036.5,1.5278741793829368e+28
iter_0170,1.4609035460599896e+28,6.778424421907496e+26,2.8728481957578606e+24,882632003662866.6,1.5289750750987287e+28
iter_0171,1.478288518201416e+28,6.719608934206602e+26,2.7068272397934483e+24,7331953172234529.0,1.5457552902681944e+28
iter_0172,1.4687027628064133e+28,6.650801642984913e+26,2.7400483087972295e+24,1.7557094983404382e+16,1.5354847840688977e+28
iter_0173,1.469228937331035e+28,6.638650327908999e+26,2.730233035728286e+24,7602715529361921.0,1.535888463914458e+28
iter_0174,1.4736666933604718e+28,6.589698558552198e+26,2.8049787794162325e+24,2.5547423732347856e+16,1.5398441768264901e+28
iter_0175,1.4630167627091385e+28,6.771642474317565e+26,2.5851621938253026e+24,356978582306159.1,1.5309917036717322e+28
iter_0176,1.4656113387940216e+28,6.787230531233222e+26,2.820426019354606e+24,1.9099119107097613e+18,1.5337656868992806e+28
iter_0177,1.4687404883804786e+28,6.700203779136941e+26,2.869519158254751e+24,2.676629900626448e+18,1.5360294783553364e+28
iter_0178,1.477193250359146e+28,6.683170950769446e+26,2.7325178061240863e+24,2209041230557200.2,1.544298211647674e+28
iter_0179,1.483182701767455e+28,6.665162485567445e+26,2.956797919506883e+24,3.790154214061483e+18,1.5501300067940956e+28
iter_0180,1.4703819150979261e+28,6.704404786823123e+26,2.999382822178118e+24,6.266688772225888e+17,1.537725901311042e+28
iter_0181,1.464388449016161e+28,6.773423440079885e+26,2.7248840712057425e+24,7504689965518211.0,1.532395171824831e+28
iter_0182,1.483821231517403e+28,6.758775510284404e+26,2.5441321617387906e+24,423192004433057.1,1.5516633998364632e+28
iter_0183,1.4696427627354994e+28,6.723875812830862e+26,2.8324031327416243e+24,1.2416042666046056e+17,1.5371647611894985e+28
iter_0184,1.467219595050322e+28,6.776953801612178e+26,2.848325043793335e+24,2.570652812624043e+18,1.5352739658278886e+28
iter_0185,1.4779898584127928e+28,6.604187322238802e+26,2.6910423281276835e+24,2.5186710508899808e+17,1.5443008358931803e+28
iter_0186,1.466634485306458e+28,6.752259709533491e+26,2.4953777073011575e+24,7.696598575694136e+16,1.5344066201802196e+28
iter_0187,1.449348908288161e+28,6.77214188591395e+26,2.8644456065027967e+24,9.843078590898774e+19,1.5173567815510295e+28
iter_0188,1.4675723481826255e+28,6.700297279145017e+26,2.8121195104233185e+24,4.7905670688633576e+16,1.5348565329299086e+28
iter_0189,1.4679781012033018e+28,6.71570353265028e+26,2.7664521611659986e+24,741342576502141.9,1.535411781745995e+28
iter_0190,1.4651674753666272e+28,6.657909221859811e+26,2.8493948090354725e+24,169138674322773.0,1.532031507066146e+28
iter_0191,1.4565202132994688e+28,6.659266778903924e+26,2.7423945288304556e+24,196347312220472.38,1.5233871205414107e+28
iter_0192,1.4664506950655806e+28,6.67086967453706e+26,2.859704558529287e+24,5.658424660764235e+16,1.5334453622724627e+28
iter_0193,1.4600937994852202e+28,6.699447097910877e+26,2.6553235382166764e+24,4.401540094974888e+17,1.5273538028621661e+28
iter_0194,1.478142391279571e+28,6.674330935954984e+26,2.6966321834179216e+24,2237581255769346.0,1.5451553638576863e+28
iter_0195,1.4612070450761056e+28,6.796575048126309e+26,2.679000975784771e+24,7.047487164015035e+16,1.5294406956619945e+28
iter_0196,1.4552426207137758e+28,6.679452614242772e+26,2.7839250565682733e+24,3.4666147768908624e+16,1.522315539365327e+28
iter_0197,1.4744457951368871e+28,6.790863255579839e+26,2.680768178047102e+24,458593642919381.44,1.5426225045105362e+28
iter_0198,1.4663322899854318e+28,6.757918230809044e+26,2.776212707966568e+24,1.5678738482205649e+19,1.5341890951321927e+28
iter_0199,1.4711789558184954e+28,6.851963665885516e+26,2.689039951670279e+24,1.0251802671430886e+16,1.5399674964735427e+28
iter_0200,1.4605815690555005e+28,6.884484417373248e+26,2.7415499028187906e+24,1.9661251033874787e+17,1.5297005682391762e+28
iter_0201,1.4705048546729889e+28,6.777389322084931e+26,2.9259947853191633e+24,5.1126281411604536e+16,1.5385713473774827e+28
iter_0202,1.4725579073658282e+28,6.729118011985913e+26,2.652726473012095e+24,45748340128267.664,1.5401143601329931e+28
iter_0203,1.4760281727365817e+28,6.67458434603718e+26,2.6981921797581567e+24,3.4561320289121524e+16,1.5430438354183856e+28
iter_0204,1.463949912451897e+28,6.737159420094508e+26,2.6860678053901343e+24,1.9145509128362166e+17,1.5315901134525266e+28
iter_0205,1.4762041987005236e+28,6.6878648269705e+26,2.47586315354844e+24,8.524437316558464e+17,1.543330433370828e+28
iter_0206,1.4785264723402204e+28,6.678958126027e+26,2.749583865232679e+24,1963559652757008.5,1.54559101198721e+28
iter_0207,1.4739871512716472e+28,6.712388341202769e+26,2.842744895095041e+24,2.250701309580681e+16,1.541395309175435e+28
iter_0208,1.4608026501312484e+28,6.735908975107584e+26,2.7609732122513545e+24,6112127737822470.0,1.5284378372041605e+28
iter_0209,1.4644465931044435e+28,6.719592658105018e+26,2.866624239590918e+24,6.2880462750465096e+16,1.5319291821157409e+28
iter_0210,1.4646039080481071e+28,6.773927806955796e+26,2.7526052381096494e+24,1.76080284709467e+18,1.5326184468175563e+28
iter_0211,1.4689815049530142e+28,6.785842837326402e+26,2.910389667768607e+24,7.809159761475128e+18,1.5371309730739712e+28
iter_0212,1.457683108256071e+28,6.760627354601421e+26,2.46201692955193e+24,2.813451471591492e+17,1.5255355835231749e+28
iter_0213,1.4817098582477001e+28,6.708728324666536e+26,2.7000987973863385e+24,332379381102697.06,1.5490671513741372e+28
iter_0214,1.4636202396340424e+28,6.783161193149165e+26,2.628586323003253e+24,2.3019906498155056e+17,1.5317147102208542e+28
iter_0215,1.464917894872709e+28,6.659829972837833e+26,2.609076976872195e+24,2.3382460457865773e+17,1.531777102322157e+28
iter_0216,1.4708845238373247e+28,6.879892659784572e+26,2.726509530452292e+24,1.3004808921426013e+17,1.5399561014012204e+28
iter_0217,1.4738306411797523e+28,6.802452935978981e+26,2.6033842359707507e+24,1.10058314352589e+19,1.5421155100637223e+28
iter_0218,1.479828929808585e+28,6.846082292546176e+26,2.8560360937023235e+24,1.6018137182497014e+17,1.548575356359435e+28
iter_0219,1.472888364676656e+28,6.799544806229555e+26,2.731340801315556e+24,82696404117943.47,1.5411569468190914e+28
iter_0220,1.4674455828833077e+28,6.7037271633191e+26,2.7684888433715444e+24,7225307296052893.0,1.5347597034015585e+28
iter_0221,1.4786256743892858e+28,6.845302959642584e+26,2.8705516424482063e+24,2.6976818847453194e+17,1.5473657591769332e+28
iter_0222,1.4799838031140007e+28,6.655639987218115e+26,2.626908289051548e+24,5363248455187020.0,1.5468028938156234e+28
iter_0223,1.481368410873064e+28,6.853435396701436e+26,2.610248170232503e+24,1.856237247242172e+16,1.5501637896589577e+28
iter_0224,1.486183098637449e+28,6.68224979242992e+26,2.909367401934412e+24,1.4834073610657853e+18,1.5532965334502824e+28
iter_0225,1.4731663096739632e+28,6.779005494456933e+26,2.50823169838858e+24,971963844067423.4,1.5412071877884688e+28
iter_0226,1.4635184008082062e+28,6.745680853127518e+26,2.6993686223778096e+24,91151475360342.22,1.531245146201728e+28
iter_0227,1.4759899237595506e+28,6.617693473224195e+26,2.874634269886547e+24,3.2147795058773304e+16,1.542454321921996e+28
iter_0228,1.4694083614755407e+28,6.889274652289964e+26,2.867997204936192e+24,9.899679661997316e+17,1.5385879078179308e+28
iter_0229,1.4584852863712532e+28,6.815635529172998e+26,2.7917114363471647e+24,309941579075300.06,1.5269208128066488e+28
iter_0230,1.4673767909441203e+28,6.780280806560721e+26,2.47121331424183e+24,4000306834580502.5,1.5354267203415519e+28
iter_0231,1.484641002550557e+28,6.683168926636378e+26,2.7917599032172313e+24,1506411709507285.0,1.5517518678073932e+28
iter_0232,1.4719788979608453e+28,6.697449861601543e+26,2.8112657491465404e+24,9.35058615501215e+16,1.5392345231611261e+28
iter_0233,1.4672371360401626e+28,6.724107427549049e+26,2.592986564799986e+24,1.858393289533906e+17,1.534737508990717e+28
iter_0234,1.4670068497587745e+28,6.693043360578702e+26,2.518089613075603e+24,5406908879152770.0,1.5341890923264099e+28
iter_0235,1.4646127064408755e+28,6.73897621529578e+26,2.7243834871463617e+24,2.6839151750878835e+17,1.5322749069693872e+28
iter_0236,1.4714471695293274e+28,6.59901068812812e+26,2.7574985023314633e+24,4.698382693618505e+17,1.5377130263078258e+28
iter_0237,1.468524421402195e+28,6.622968671725706e+26,2.75513026132285e+24,288268593772206.94,1.5350296211456133e+28
iter_0238,1.4738109091684288e+28,6.806050328230597e+26,2.5532317495163177e+24,2.9043775802639037e+18,1.5421267359161242e+28
iter_0239,1.481890017985646e+28,6.756333134400867e+26,2.5527500881437194e+24,1.3510827377201788e+16,1.5497086243398204e+28
iter_0240,1.479414182762438e+28,6.680108683675282e+26,2.847159844314975e+24,497929431316464.2,1.5464999855836722e+28
iter_0241,1.4542993668428623e+28,6.606222288230683e+26,2.716086533641089e+24,6587953385270466.0,1.5206331983791922e+28
iter_0242,1.4754064896197383e+28,6.768737795394038e+26,2.7496627640866785e+24,7.343884109050766e+17,1.5433688339235261e+28
iter_0243,1.4642977227938355e+28,6.677029846445529e+26,2.683369832924349e+24,6774368026485418.0,1.5313363582422608e+28
iter_0244,1.4718764097540275e+28,6.767358351595325e+26,2.8289824538890996e+24,4.415969054169994e+16,1.5398328915197856e+28
iter_0245,1.4653927198525131e+28,6.778826739173256e+26,2.5307492413613006e+24,3.158386409368578e+16,1.5334340621715404e+28
iter_0246,1.4578221957724933e+28,6.838030283802153e+26,2.8331234757515927e+24,9893955803297950.0,1.5264858109590794e+28
iter_0247,1.4663437744807253e+28,6.749056071217657e+26,2.5882326665095953e+24,375359956637304.06,1.5340931584595905e+28
iter_0248,1.4743840775049282e+28,6.696446919483827e+26,2.760800722746436e+24,2.198428770842639e+16,1.5416246267742393e+28
iter_0249,1.462660029682707e+28,6.750440684187685e+26,2.492861882046901e+24,3.0205303889240257e+19,1.530413725733319e+28
iter_0250,1.4788520468090814e+28,6.820340925542285e+26,2.5423159183304894e+24,58366459314052.63,1.5473096876563432e+28
iter_0251,1.470018002144887e+28,6.627826114665859e+26,2.9340630240120855e+24,7.574076332278805e+16,1.536589669601521e+28
iter_0252,1.4803917081164967e+28,6.790726926103387e+26,2.667888914914346e+24,1.0047389796074738e+18,1.548565766369496e+28
iter_0253,1.4788835213656927e+28,6.844688643039628e+26,2.783573357607278e+24,4421750120758974.5,1.547608765132292e+28
iter_0254,1.4718448609963584e+28,6.834366766823767e+26,2.7515504820881484e+24,4594172933893020.0,1.5404636837132643e+28
iter_0255,1.465113953740335e+28,6.754970522012599e+26,2.9188039102046757e+24,3159816504729665.5,1.5329555393517977e+28
iter_0256,1.4652001831930416e+28,6.7432567844058e+26,2.917894095925149e+24,1409202780344397.8,1.532924540446833e+28
iter_0257,1.46153617591837e+28,6.755219878648765e+26,2.763942888947583e+24,1.6381005106038642e+16,1.5293647689953905e+28
iter_0258,1.4942829578331046e+28,6.772702112683393e+26,2.6560753451478297e+24,19117824485418.312,1.5622755864944553e+28
iter_0259,1.4684140672949963e+28,6.678247256989922e+26,2.5143883028321565e+24,5.00567162683706e+16,1.5354479787001843e+28
iter_0260,1.471246429151311e+28,6.698849675469203e+26,2.980326450624978e+24,5.975630593871693e+17,1.538532958610822e+28
iter_0261,1.4579290067449977e+28,6.671054811924889e+26,2.700191971823384e+24,2.2869159425545612e+16,1.524909574063716e+28
iter_0262,1.4596811087219597e+28,6.791456372125844e+26,2.454501973041332e+24,4.0210714000809155e+18,1.5278411230426294e+28
iter_0263,1.4863044173681365e+28,6.801713359672231e+26,2.764884505386933e+24,6.405756322660625e+17,1.5545980394794552e+28
iter_0264,1.4648320828970722e+28,6.702450125936445e+26,2.6231051644415817e+24,552715700350518.06,1.532118894672936e+28
iter_0265,1.462440814733515e+28,6.759481332714329e+26,2.5649052712468987e+24,5.90009612131657e+17,1.5302921186467839e+28
iter_0266,1.4617945558667022e+28,6.707549046613674e+26,2.919276523418958e+24,1.3156402567437824e+19,1.5291619753008212e+28
iter_0267,1.4653277708171113e+28,6.84945793704041e+26,2.993364553650739e+24,634081505813372.5,1.5341216866429438e+28
iter_0268,1.4731818296805533e+28,6.701476901556864e+26,2.583909918443269e+24,3268194554345671.0,1.540454989688293e+28
iter_0269,1.4720808623876186e+28,6.654411294314659e+26,2.7570654858634066e+24,2.7064297492916716e+16,1.538900681882058e+28
iter_0270,1.4528191209030544e+28,6.738560817998739e+26,2.8085667990873455e+24,4499377260059099.5,1.5204855857634005e+28
iter_0271,1.4674770639114476e+28,6.774715434855304e+26,2.687165401188496e+24,250984206737113.62,1.5354929348001445e+28
iter_0272,1.4728891416086973e+28,6.832087498576427e+26,2.9124647151466765e+24,1.1658465740361972e+16,1.541501263067142e+28
iter_0273,1.4596925573877643e+28,6.66303477783669e+26,2.8122380376835324e+24,1.3313386659006605e+17,1.526604128983213e+28
iter_0274,1.4760556161528516e+28,6.647843251047649e+26,2.8409599404272366e+24,1989833658047160.5,1.54281814465757e+28
iter_0275,1.4688854595680842e+28,6.738330387306164e+26,2.6961663074367926e+24,3.1266345742329464e+16,1.536538380075016e+28
iter_0276,1.4844410695442222e+28,6.72576037512868e+26,2.8096217945790957e+24,7875752831599720.0,1.5519796354757545e+28
iter_0277,1.4800697810396943e+28,6.6895441404931e+26,2.7685829419160495e+24,4.026211511580914e+19,1.5472420847650286e+28
iter_0278,1.4594253102561258e+28,6.803106083450269e+26,2.6974381735058864e+24,2.639672268367998e+16,1.5277261149106189e+28
iter_0279,1.4596591035378198e+28,6.699110364927196e+26,2.597811503676736e+24,161734032468715.84,1.5269099883374757e+28
iter_0280,1.4683043205337318e+28,6.727662892137125e+26,2.7504213283110007e+24,2193957908840926.5,1.5358559915881534e+28
iter_0281,1.4653340127153061e+28,6.668825362473076e+26,2.9691093542511104e+24,7.405077835770362e+16,1.5323191772828671e+28
iter_0282,1.4654881092292647e+28,6.523903800237193e+26,2.704731578367383e+24,4.299132447313756e+19,1.530997624688606e+28
iter_0283,1.4828168299026642e+28,6.710636496302891e+26,2.6386091061007524e+24,2.8827334631077524e+18,1.5501870560645763e+28
iter_0284,1.4670735576060413e+28,6.760896958174855e+26,2.9413327099928165e+24,3.48547369975526e+16,1.5349766604622746e+28
iter_0285,1.466592192397908e+28,6.693461418489542e+26,2.876570662802959e+24,1764644323783844.2,1.53381446364926e+28
iter_0286,1.4701281760031339e+28,6.898192041169162e+26,2.862224353474874e+24,1.2440749417775212e+18,1.5393963189745805e+28
iter_0287,1.4636015528894984e+28,6.752164385603665e+26,2.88775439933889e+24,785764441231342.2,1.5314119721855475e+28
iter_0288,1.4791863804112247e+28,6.678280497932262e+26,2.673249867874003e+24,445175515524331.44,1.546236510377379e+28
iter_0289,1.4823376995140537e+28,6.848688797155117e+26,2.868115199795125e+24,47065731492478.94,1.551111399005589e+28
iter_0290,1.484605148761757e+28,6.669307299382981e+26,2.492432756938131e+24,7478453059669157.0,1.5515474650320285e+28
iter_0291,1.4651312053506167e+28,6.804464834311655e+26,2.7739635432109354e+24,2322897831104214.0,1.5334532500482866e+28
iter_0292,1.4573517640731772e+28,6.61235449286637e+26,2.713761292300777e+24,2.2618146666520924e+19,1.5237466873928856e+28
iter_0293,1.460063615144704e+28,6.749823272961282e+26,2.4569092507574423e+24,5.619090635378216e+16,1.5278075388050117e+28
iter_0294,1.462843563071128e+28,6.72641210127421e+26,2.8824138398537145e+24,1.4710303858663812e+20,1.5303959401781592e+28
iter_0295,1.4652482934538958e+28,6.709896871890468e+26,2.8620403558020974e+24,1.2880077948466122e+16,1.5326334662096686e+28
iter_0296,1.4613550561901935e+28,6.829906528189651e+26,2.7115889225530437e+24,1.4064884641118351e+19,1.5299252817708337e+28
iter_0297,1.4597502516744904e+28,6.715346544240746e+26,2.6195065037682384e+24,5.266079123724391e+17,1.5271656678199355e+28
iter_0298,1.4770545154580566e+28,6.736047194384605e+26,2.6187312384259884e+24,1.508495889229961e+17,1.5446768605408302e+28
iter_0299,1.467513999296252e+28,6.81960954072501e+26,2.920228827467375e+24,6.426201430371665e+17,1.5360021176505109e+28
iter_0300,1.4769261996567246e+28,6.660008258568554e+26,2.694870877355741e+24,557281729262128.2,1.5437957693302014e+28
iter_0301,1.470053602275544e+28,6.675173259695023e+26,2.9055328369761764e+24,1799766202490144.8,1.537095888156372e+28
iter_0302,1.4705570932206268e+28,6.701555250500383e+26,2.793901925671279e+24,1.7783437359152237e+17,1.5378520359359813e+28
iter_0303,1.4566894220786313e+28,6.800110764529045e+26,2.6442674778698934e+24,941433884989722.8,1.524954956471803e+28
iter_0304,1.4620888208009074e+28,6.79117637599698e+26,2.979066898596948e+24,2.928893359198608e+18,1.5302984915436261e+28
iter_0305,1.4512102420575066e+28,6.709185131829002e+26,2.6452379261606966e+24,3122459024410064.0,1.518566617168725e+28
iter_0306,1.448169411416925e+28,6.806416687953269e+26,2.613542249906237e+24,4.400637657297214e+16,1.516494932525849e+28
iter_0307,1.458894239255233e+28,6.72197848551107e+26,2.9441299871255233e+24,4.3091805877378944e+18,1.5264084375399742e+28
iter_0308,1.4634310678378644e+28,6.726733795425184e+26,2.5367614608405367e+24,9.193041538632649e+17,1.5309520820301306e+28
iter_0309,1.4802982308052516e+28,6.786359535533235e+26,2.711057012930276e+24,8.798265383757774e+16,1.5484329318706751e+28
iter_0310,1.4899419021443005e+28,6.705962751479495e+26,2.7045309907351524e+24,1.530815004864398e+18,1.5572719829112503e+28
iter_0311,1.4668908894906841e+28,6.806593994794402e+26,2.607646865954014e+24,1.8363423262932767e+18,1.5352175943088578e+28
iter_0312,1.4689988087101118e+28,6.779263618901556e+26,2.670478723541993e+24,2309717908964043.0,1.5370584927717125e+28
iter_0313,1.4853704306293453e+28,6.85613529130328e+26,2.98938590918282e+24,3729713388668210.5,1.5542307221336692e+28
iter_0314,1.4751671797944099e+28,6.76362733828245e+26,2.6134652698762607e+24,1.2301920398508149e+17,1.543064799716524e+28
iter_0315,1.4709833290355661e+28,6.781721508987844e+26,2.735475331850746e+24,7.975742214109038e+18,1.539074092456204e+28
iter_0316,1.474634840512429e+28,6.688294780694571e+26,2.8475711024474096e+24,1.1316629358904195e+17,1.541802545440936e+28
iter_0317,1.4849968188742608e+28,6.794644297513741e+26,2.793806509948939e+24,2.127287457214733e+18,1.5532226427131218e+28
iter_0318,1.4644044396176026e+28,6.754970054714937e+26,2.7449806074693476e+24,4.664629643694673e+16,1.5322286382301634e+28
iter_0319,1.4638418733488228e+28,6.736559062381534e+26,2.464875519941242e+24,646471828756554.0,1.531453951524697e+28
iter_0320,1.4795891642567564e+28,6.866678305875314e+26,2.6894994606378884e+24,1.1418632458085204e+18,1.5485248973757596e+28
iter_0321,1.463256449781423e+28,6.658555954210138e+26,2.6596005563065317e+24,3979132767225390.0,1.530107969379553e+28
iter_0322,1.4817562686401113e+28,6.71020997936398e+26,2.654050645824692e+24,3.0525941617187668e+16,1.5491237735013863e+28
iter_0323,1.4707609045891008e+28,6.744393517353206e+26,2.559807148448647e+24,2.3557524587950592e+17,1.538460820501035e+28
iter_0324,1.4832994113850187e+28,6.762696784318466e+26,2.4994120585335126e+24,4.743010290171621e+17,1.5511763204814868e+28
iter_0325,1.461893828100023e+28,6.703054083239049e+26,2.724698871984285e+24,2.0286120871129245e+17,1.529196838839898e+28
iter_0326,1.4659552111490139e+28,6.680694419237418e+26,2.5148912182197255e+24,1.2598618687535084e+16,1.5330136444644698e+28
iter_0327,1.4735788013622027e+28,6.666979253062238e+26,2.8929151078952295e+24,4.41846128682259e+19,1.540537889822076e+28
iter_0328,1.4639415699269129e+28,6.79925216646598e+26,2.9558576408126854e+24,2.3952209297088096e+17,1.5322296773796062e+28
iter_0329,1.477047139249535e+28,6.717332271378832e+26,2.8319658086605006e+24,778884485012117.5,1.544503658544267e+28
iter_0330,1.4535794841670709e+28,6.734166614839378e+26,2.753624336188409e+24,3.985868957116364e+16,1.5211965127530693e+28
iter_0331,1.460391622937319e+28,6.689357794572672e+26,2.6881848591534075e+24,8677618972223589.0,1.5275540193698287e+28
iter_0332,1.4798949253602183e+28,6.710359507211883e+26,2.7469122840642006e+24,1.251588874043881e+16,1.5472732116619952e+28
iter_0333,1.4593402802296042e+28,6.810391684332345e+26,2.8102834712496123e+24,7.054963318261431e+17,1.5277252254906024e+28
iter_0334,1.4779113905573505e+28,6.775657415002099e+26,2.9435432996479546e+24,8.851732701626548e+19,1.545962327889069e+28
iter_0335,1.4686758132003936e+28,6.59601615625874e+26,2.858861519725283e+24,3.4008129793574572e+16,1.5349218609183542e+28
iter_0336,1.4719219508831768e+28,6.757255419410675e+26,2.6735062912328407e+24,2.5125016820423655e+19,1.5397618582189085e+28
iter_0337,1.4827629896892928e+28,6.742454916789038e+26,2.736079124956178e+24,5.244596299460297e+18,1.5504611472941384e+28
iter_0338,1.4656311168091805e+28,6.71188455943905e+26,2.5797908904004845e+24,3117197468047804.0,1.533007941492923e+28
iter_0339,1.4684574864490116e+28,6.740601496701378e+26,2.7099557792566225e+24,1.8031563040452852e+16,1.5361344969957542e+28
iter_0340,1.4675800490473436e+28,6.724668350536715e+26,2.92770531878167e+24,7.171100008504554e+18,1.535119503801699e+28
iter_0341,1.4631815715001973e+28,6.620811108518793e+26,2.5874297403667186e+24,9.027424130006323e+17,1.5296484256496964e+28
iter_0342,1.4804685371008519e+28,6.761273466916985e+26,2.8514103334610036e+24,2.3405172462429668e+16,1.5483664128057083e+28
iter_0343,1.4433638220628e+28,6.850136245208034e+26,2.838805588615912e+24,9515655568860418.0,1.5121490650746935e+28
iter_0344,1.4680557081885856e+28,6.813250859357226e+26,2.677388718863243e+24,6.452069480954299e+17,1.5364559557185647e+28
iter_0345,1.4673715689952484e+28,6.686395405033127e+26,2.7095781175465413e+24,5.179315057849324e+18,1.5345064813752658e+28
iter_0346,1.4560592442658901e+28,6.667988019023843e+26,2.866316531345077e+24,1.3669131042069885e+18,1.5230257562459542e+28
iter_0347,1.4705186216127307e+28,6.688270827177926e+26,2.758520708756393e+24,6.762810508909348e+17,1.5376771820230136e+28
iter_0348,1.4781371185521809e+28,6.735942844400258e+26,2.7240116322798226e+24,1.1516443724274181e+17,1.5457689481709279e+28
iter_0349,1.4672702828314596e+28,6.780575339397282e+26,2.6154441443909415e+24,3.868551910059477e+17,1.5353375806785568e+28
iter_0350,1.4728563737351544e+28,6.809547905866692e+26,2.5359698485174445e+24,2.2948215263559668e+16,1.541205449780968e+28
iter_0351,1.4592637635420785e+28,6.837741157723996e+26,2.80401841118974e+24,2.4231674168814883e+17,1.527921576984669e+28
iter_0352,1.4563104973083522e+28,6.599279353623436e+26,2.800797551539904e+24,1354177748027494.5,1.522583370599876e+28
iter_0353,1.462367576326515e+28,6.688050740949033e+26,2.8902004962737054e+24,5.654982824946859e+19,1.5295371094406156e+28
iter_0354,1.4777405953548602e+28,6.662972347932647e+26,2.8647594933816654e+24,1.0342073121418132e+18,1.5446567948869456e+28
iter_0355,1.4655396112703837e+28,6.819917273487263e+26,2.561034996585479e+24,2.1924032551915276e+16,1.5339948875071073e+28
iter_0356,1.4591375848507522e+28,6.824738506834446e+26,2.8288049703218907e+24,1.235718160767227e+21,1.5276679739879449e+28
iter_0357,1.4659518833819633e+28,6.738269307996676e+26,2.5841434718695187e+24,1.6313991730114125e+18,1.5335929909722569e+28
iter_0358,1.4762767920803162e+28,6.724327850587316e+26,2.7005343759970475e+24,205856790096828.72,1.5437901240238096e+28
iter_0359,1.4538910500542982e+28,6.665902190122842e+26,2.6510031737278946e+24,321357648908713.44,1.5208151722729314e+28
iter_0360,1.4747143331634413e+28,6.924151674573998e+26,2.5842953159828264e+24,4.0507138593948093e+18,1.5442142798458508e+28
iter_0361,1.4764160455792803e+28,6.555271937724459e+26,2.933805751405113e+24,5.005098813983001e+19,1.5422621505367643e+28
iter_0362,1.4568857239801087e+28,6.737909587209704e+26,2.717125277363954e+24,1700894608779559.5,1.524536532380112e+28
iter_0363,1.4820967436494328e+28,6.614289033448645e+26,2.6989275346636643e+24,1.9460838084214512e+17,1.5485095267568466e+28
iter_0364,1.4701268415881845e+28,6.828233265472421e+26,2.828904393697799e+24,8121779632604424.0,1.5386920646830905e+28
iter_0365,1.4586941013689499e+28,6.594355256850591e+26,2.799770336370007e+24,1.9240472562807562e+17,1.5249176309903333e+28
iter_0366,1.4763294369956327e+28,6.756345722709335e+26,2.7278378594676767e+24,303495840056254.8,1.5441656780087031e+28
iter_0367,1.4709670992416353e+28,6.667897326478885e+26,2.8631078824383834e+24,3316292695691105.0,1.5379323832949996e+28
iter_0368,1.4559909724340242e+28,6.745003726485657e+26,2.5581671555845645e+24,1.3279509764541714e+19,1.5236968277423902e+28
iter_0369,1.4475552806522958e+28,6.868784886223883e+26,2.803174788559154e+24,4936135149080808.0,1.5165234469938841e+28
iter_0370,1.4767920570689237e+28,6.737621717606769e+26,2.9563796434001114e+24,2754457622962349.0,1.544463912209607e+28
iter_0371,1.4535609733392979e+28,6.74787855279337e+26,2.801770901152351e+24,2288305023756427.0,1.5213199359575757e+28
iter_0372,1.477540648286909e+28,6.813748552067368e+26,2.781154079876218e+24,1382079294379854.0,1.5459562492157086e+28
iter_0373,1.4637341469274394e+28,6.664466842164899e+26,2.666033950664383e+24,2.204673274953388e+17,1.5306454187662016e+28
iter_0374,1.4750256361789616e+28,6.754116203195185e+26,2.7930011424293424e+24,4.650286848789183e+18,1.5428460987901851e+28
iter_0375,1.463276727323568e+28,6.631220275084985e+26,2.6679879388416685e+24,4.7827690438816064e+17,1.5298557289161298e+28
iter_0376,1.4720668880405766e+28,6.639649488465513e+26,2.8982035279389287e+24,4245434850825828.0,1.5387532032784503e+28
iter_0377,1.4597336620944142e+28,6.70496177304042e+26,3.0542105073976566e+24,2.0464612578177356e+19,1.5270887029220194e+28
iter_0378,1.4862699163692764e+28,6.687074523120034e+26,2.604018586050281e+24,7.179323851245654e+19,1.5534010706384055e+28
iter_0379,1.4728703094631298e+28,6.805117625575396e+26,2.584430728720195e+24,5.6398894846405536e+17,1.5411799288481547e+28
iter_0380,1.4743210149206686e+28,6.703064985841324e+26,2.4907422659737846e+24,4643091665419043.0,1.5416007390061437e+28
iter_0381,1.4662758579433082e+28,6.672147862799106e+26,2.6604659789882913e+24,2.6087275558257652e+16,1.5332633831718068e+28
iter_0382,1.471527981544613e+28,6.730796920146705e+26,2.8494943021550254e+24,2993667425282122.0,1.5391209001765949e+28
iter_0383,1.4606571089801928e+28,6.683950584807465e+26,2.589473709235236e+24,2.5168407899531725e+18,1.5277555624508752e+28
iter_0384,1.4651692146403722e+28,6.724154772842211e+26,2.780445212845432e+24,6285890385966492.0,1.5326888068907073e+28
iter_0385,1.4728794770566515e+28,6.650537783857266e+26,2.793464129604556e+24,1.0922669278722202e+19,1.5396642024004517e+28
iter_0386,1.4663183168365147e+28,6.689422477507632e+26,2.7342960093968694e+24,2471612478136933.0,1.5334859712127778e+28
iter_0387,1.457812361597737e+28,6.72288746761408e+26,2.818319349819145e+24,7.436701455496666e+21,1.525323811879005e+28
iter_0388,1.470012155514697e+28,6.741171179474058e+26,2.8346604837401894e+24,1.0030018599096219e+17,1.5377073333678416e+28
iter_0389,1.4707414989044524e+28,6.697609370373535e+26,2.7990931206917984e+24,8.358621107461406e+16,1.5379975019286155e+28
iter_0390,1.4723020669124437e+28,6.806491755709677e+26,2.920224738020528e+24,3.073108772213428e+18,1.5406590072506533e+28
iter_0391,1.4553262632889192e+28,6.673277290430151e+26,2.840062988951535e+24,74859543283268.48,1.5223430424921232e+28
iter_0392,1.456477168526367e+28,6.717688150585356e+26,2.7786298539561885e+24,1.2963031639149454e+17,1.5239319130305792e+28
iter_0393,1.4856688169563783e+28,6.737913741309783e+26,2.707407078694198e+24,2.3614563888551312e+17,1.5533186951009602e+28
iter_0394,1.4650561084743978e+28,6.709158178817517e+26,2.646041072723604e+24,1.2378932585095007e+18,1.5324122944936347e+28
iter_0395,1.4733875746385545e+28,6.78911127875539e+26,2.610806815918333e+24,2308759021765.448,1.5415397681077005e+28
iter_0396,1.4774891824796887e+28,6.760345969692334e+26,2.937300597276102e+24,1.0721628557504712e+17,1.5453863722470612e+28
iter_0397,1.4553992958493488e+28,6.704863931639373e+26,2.6375675536442976e+24,3893602935860542.0,1.5227116919214965e+28
iter_0398,1.4649920299045323e+28,6.733219926829166e+26,2.501605506822453e+24,1.8274527900763011e+19,1.532574391550959e+28
iter_0399,1.4690049738292016e+28,6.644678975971825e+26,2.5308120581969873e+24,3.690808393515186e+16,1.5357048447984305e+28
iter_0400,1.4663121326952012e+28,6.808307458236222e+26,2.5478091420040885e+24,9.270924197694358e+16,1.5346499882010348e+28
iter_0401,1.4525070134965199e+28,6.873021346930258e+26,2.9148075970475634e+24,14102046834307.146,1.5215287077255285e+28
iter_0402,1.4721008876696064e+28,6.75287412765334e+26,2.56612369134598e+24,6.400479361861569e+17,1.5398862413792793e+28
iter_0403,1.4786719138666101e+28,6.748143120450099e+26,2.5085183909597727e+24,2.8632748451074963e+17,1.54640419693884e+28
iter_0404,1.4669437045364417e+28,6.770562044161628e+26,2.714266224509385e+24,7.994636901350986e+17,1.5349207516804552e+28
iter_0405,1.4739883722180925e+28,6.929367795886313e+26,2.529241020963962e+24,1788975921466017.0,1.5435349742792312e+28
iter_0406,1.465131954115281e+28,6.784832387487349e+26,2.6204134760225084e+24,1.0587815421079586e+16,1.5332423193388155e+28
iter_0407,1.4728629835227148e+28,6.655929497067724e+26,3.0524933491706816e+24,7792576558235002.0,1.5397275278290884e+28
iter_0408,1.45511040249821e+28,6.727835001446263e+26,2.8623977037902683e+24,1.6627437229937666e+16,1.5226749922847143e+28
iter_0409,1.462737880085505e+28,6.739929786796326e+26,2.3569366696722038e+24,2.0948567341664627e+17,1.530372871641384e+28
iter_0410,1.465579035034824e+28,6.69329865171345e+26,2.62079255575066e+24,1.5261589491779228e+16,1.5327741008090597e+28
iter_0411,1.4679227964619308e+28,6.696761932110409e+26,2.9833217429287283e+24,2019349725723402.5,1.5351887479575297e+28
iter_0412,1.4803547774697436e+28,6.718653314213886e+26,2.4650537084811e+24,3.322162352945019e+17,1.5477878160159522e+28
iter_0413,1.478267353258722e+28,6.790274750385959e+26,2.7381652440331653e+24,417074481126037.1,1.5464439172870266e+28
iter_0414,1.4505913429184074e+28,6.587498543240819e+26,2.5810317406265307e+24,1.802338197121453e+18,1.516724431705112e+28
iter_0415,1.46859230279566e+28,6.793363438886067e+26,2.6701729230203755e+24,5.561273671659377e+16,1.536792954482384e+28
iter_0416,1.4709266687344086e+28,6.712218356373359e+26,2.5670762472041677e+24,3.833192061161347e+16,1.5383055599266958e+28
iter_0417,1.458441584558508e+28,6.753593053097854e+26,2.8522390572137e+24,2.639995612054168e+20,1.5262627653951642e+28
iter_0418,1.4737396560532255e+28,6.69927151774394e+26,2.7627520648117743e+24,3371770285152788.5,1.5410086464374832e+28
iter_0419,1.4727016341607936e+28,6.675359555797074e+26,2.7714417073036385e+24,2.116786443883851e+18,1.5397323741011733e+28
iter_0420,1.474603192214747e+28,6.787301024536006e+26,2.69950162914975e+24,1.4410610655824692e+16,1.542746152624463e+28
iter_0421,1.4804092409047664e+28,6.674609519888281e+26,2.870638340443422e+24,3.5937176231120456e+16,1.5474423999412873e+28
iter_0422,1.4687224987657951e+28,6.821761848961316e+26,2.669024895636576e+24,703153957302857.0,1.5372070197450425e+28
iter_0423,1.4806817821302368e+28,6.770643031986309e+26,2.607621466367248e+24,1.3076201836546523e+19,1.5486489759043567e+28
iter_0424,1.4648938551236896e+28,6.870402348145376e+26,2.719855290834653e+24,7090936954361513.0,1.533869864134936e+28
iter_0425,1.4728910306933363e+28,6.859093472515392e+26,2.767929091714494e+24,3695800595949758.0,1.5417587583280313e+28
iter_0426,1.4632743128822924e+28,6.716046224260343e+26,2.819803336886323e+24,2.026666055356633e+16,1.530716755460611e+28
iter_0427,1.4657094174469357e+28,6.776502797172613e+26,2.9045329532560787e+24,2.157264665681889e+19,1.5337649008712522e+28
iter_0428,1.474022908388713e+28,6.745356425667903e+26,2.5482841904955665e+24,4.796037364445871e+17,1.5417313011124021e+28
iter_0429,1.4777574979271343e+28,6.724494708418178e+26,2.726130008935802e+24,1.0173758611884188e+18,1.5452750581139472e+28
iter_0430,1.4588272096136253e+28,6.724795542204366e+26,2.59173123928365e+24,1.5026751064387376e+17,1.5263343381746242e+28
iter_0431,1.4559523951092351e+28,6.701904446225381e+26,2.586760438327158e+24,339008585989676.06,1.5232301156153556e+28
iter_0432,1.4558724878764305e+28,6.748268279361751e+26,2.6695234172478946e+24,3.5482220131739546e+20,1.5236221584939928e+28
iter_0433,1.465751958022978e+28,6.799565668325762e+26,2.7221568940686553e+24,7335868931505917.0,1.534019830396376e+28
iter_0434,1.4710260771392118e+28,6.745160084150642e+26,2.944510744198431e+24,396028268354783.94,1.5387721290551776e+28
iter_0435,1.4649358046501128e+28,6.730661688225392e+26,2.9455815327010063e+24,6.844624570560309e+19,1.5325369865302614e+28
iter_0436,1.471476410608477e+28,6.581117322307774e+26,2.773384532910999e+24,1.486072594059118e+18,1.5375649224334531e+28
iter_0437,1.4656559686585447e+28,6.730397591817402e+26,2.7702380871273023e+24,1.3473425762250258e+18,1.5332369685201656e+28
iter_0438,1.4642862615163083e+28,6.841609995784658e+26,2.8055331869207764e+24,1.5230231149203498e+17,1.5329829148080772e+28
iter_0439,1.4679223949453273e+28,6.661208845116832e+26,2.419336878142727e+24,5.5509759571888984e+16,1.5347764170898607e+28
iter_0440,1.4592720632306048e+28,6.78757492134919e+26,2.705426977720107e+24,1.0864639913742613e+17,1.5274183551527333e+28
iter_0441,1.4722198065274695e+28,6.757680933462368e+26,2.969494355552034e+24,665726622696988.9,1.5400935652977151e+28
iter_0442,1.478538070307164e+28,6.764925541724265e+26,2.7982047664167733e+24,3828797122701010.0,1.5464671462014313e+28
iter_0443,1.4788356465448273e+28,6.825567344316495e+26,2.8230627434364874e+24,526066356964458.0,1.5473736262623883e+28
iter_0444,1.478644330223931e+28,6.771982112483271e+26,2.395785177591452e+24,429935308566247.94,1.546603729866566e+28
iter_0445,1.4597864802238242e+28,6.687726432925517e+26,2.64660888766917e+24,3.962204558440236e+17,1.5269284054814682e+28
iter_0446,1.4709153222352184e+28,6.65730944585377e+26,2.909104028123294e+24,2148693556222734.5,1.5377793270967833e+28
iter_0447,1.4778592403595353e+28,6.710410618384587e+26,2.7412047738195905e+24,2.3386954764374184e+16,1.5452374670231018e+28
iter_0448,1.4660340018431269e+28,6.786521812036567e+26,2.771949376695065e+24,3.346028769189492e+16,1.534176414904508e+28
iter_0449,1.4611261453840837e+28,6.764722093954522e+26,2.474402966342174e+24,7.255807896985332e+17,1.5290208066928212e+28
iter_0450,1.4678737889166902e+28,6.787923273750877e+26,2.8616088106018004e+24,4.9032699434807e+18,1.5360391830255864e+28
iter_0451,1.4760414396908306e+28,6.567172484265078e+26,2.654892587027439e+24,1.772741590410309e+19,1.5419786555649256e+28
iter_0452,1.4712662731906595e+28,6.62284276555887e+26,2.2904137122792506e+24,123158054873829.89,1.5377237422174884e+28
iter_0453,1.4768827532929475e+28,6.684808346463342e+26,2.759168510373807e+24,335889350761680.2,1.544006753608652e+28
iter_0454,1.4621454716109745e+28,6.691184082712187e+26,2.7150055199896813e+24,1.571771001135617e+18,1.5293288131472724e+28
iter_0455,1.4577601914570605e+28,6.58039899500024e+26,2.753855678109489e+24,1789156528335594.0,1.5238395669750529e+28
iter_0456,1.4670536182659514e+28,6.832191314673574e+26,2.547982514896886e+24,3.555774096783915e+17,1.5356303296997346e+28
iter_0457,1.4727613493848976e+28,6.571132900337573e+26,2.71888559426692e+24,8.111640510463642e+16,1.5387445669558115e+28
iter_0458,1.455797661407331e+28,6.664764498491788e+26,2.53001118849098e+24,867144012047529.2,1.5226983075111844e+28
iter_0459,1.4823824985646933e+28,6.663149049091869e+26,2.657012182154816e+24,3.2229475423659974e+17,1.549279690306057e+28
iter_0460,1.4674247134116543e+28,6.733937263908718e+26,2.8027819988594654e+24,4.1365720119763736e+16,1.535044364254764e+28
iter_0461,1.4703706968291763e+28,6.803775616498079e+26,2.7651217262474484e+24,4.123593880513288e+17,1.5386849652080178e+28
iter_0462,1.4671972583845176e+28,6.601556653882862e+26,2.8736368653717667e+24,1.9559262591103898e+17,1.5335001886294425e+28
iter_0463,1.4536143647108343e+28,6.698021566589749e+26,2.5793167743259103e+24,1.4084455073396062e+16,1.5208525120555729e+28
iter_0464,1.477403847514176e+28,6.692710011821704e+26,3.0443751511241115e+24,2.887447935855614e+19,1.5446353880349534e+28
iter_0465,1.4652107154663346e+28,6.693983250954668e+26,2.7290270515838017e+24,3.1613667707721216e+16,1.532423450684201e+28
iter_0466,1.4576289026607123e+28,6.754554133039052e+26,2.587140499365603e+24,2.2938238275472016e+16,1.5254331580433334e+28
iter_0467,1.4633685634585936e+28,6.706885968370485e+26,2.883277292811458e+24,6.015786411673743e+17,1.5307257509317375e+28
iter_0468,1.478331739394805e+28,6.624010537628703e+26,2.3915670656670254e+24,4.085991124961557e+18,1.5448110018862579e+28
iter_0469,1.4735909587959646e+28,6.767418327135692e+26,2.9597309103692355e+24,4227335192920120.0,1.541561115158781e+28
iter_0470,1.4635093004483868e+28,6.739580335035762e+26,2.922426694633697e+24,4.496787273297214e+17,1.5311973465131757e+28
iter_0471,1.476313238099665e+28,6.61883233462035e+26,2.6764936938838676e+24,3.1966946858914406e+17,1.542769210847224e+28
iter_0472,1.4788621626077602e+28,6.799622177393325e+26,2.8016562423098517e+24,8.492377996390922e+17,1.5471385500908484e+28
iter_0473,1.4762796633458556e+28,6.7507594314153e+26,2.7656424982511177e+24,2.153227654885899e+17,1.544063821931366e+28
iter_0474,1.4687952980408745e+28,6.811929278182441e+26,2.6361621712048825e+24,2515702761154550.0,1.537178207040071e+28
iter_0475,1.4616607370459654e+28,6.683224624617015e+26,2.8477694002730837e+24,4.32159898339301e+16,1.5287777602364844e+28
iter_0476,1.4808338212680851e+28,6.846334363923699e+26,2.747593492205632e+24,2.0602152773313933e+19,1.5495719263167578e+28
iter_0477,1.4621955534739352e+28,6.766935683086865e+26,2.992734191678522e+24,9.71441500509665e+16,1.530164183733686e+28
iter_0478,1.4626685960289206e+28,6.724579733047356e+26,2.884720766684857e+24,7.259918853211979e+19,1.5302028726959815e+28
iter_0479,1.470779831685983e+28,6.799974005958457e+26,2.6332719635353005e+24,3.789363824152066e+16,1.5390428989457104e+28
iter_0480,1.4630885398285686e+28,6.824852287030556e+26,2.796388108838395e+24,1.1266890300545676e+16,1.5316167015108848e+28
iter_0481,1.4607012773964592e+28,6.671782584855088e+26,2.787984200140131e+24,4.740446304148021e+20,1.5276979490694872e+28
iter_0482,1.4744638224933197e+28,6.690335469202992e+26,2.8580018800356774e+24,1.7438933427222605e+18,1.5416529775477426e+28
iter_0483,1.4465721309753678e+28,6.588938086355582e+26,2.7721819142301146e+24,1.7655785331600573e+17,1.5127387300480025e+28
iter_0484,1.4668685684766705e+28,6.794634673203045e+26,2.483257780251622e+24,2.2469056434691235e+17,1.5350632410091951e+28
iter_0485,1.4638343801031006e+28,6.635444472525951e+26,2.590552627343587e+24,3640560541643820.5,1.5304478800914586e+28
iter_0486,1.4614727412735191e+28,6.636976824746952e+26,2.6955352020425224e+24,171476677075607.03,1.52811206304121e+28
iter_0487,1.4635848295173192e+28,6.721633536964601e+26,2.7328292687211915e+24,4.438892189022526e+17,1.5310744478582262e+28
iter_0488,1.4661571052592318e+28,6.764444556416466e+26,2.680242203975624e+24,2.8775955608053846e+17,1.53406957507257e+28
iter_0489,1.462526993623843e+28,6.701556792317905e+26,2.523890341176431e+24,4761233960347780.0,1.5297949505816159e+28
iter_0490,1.473427947480981e+28,6.797931140223144e+26,2.758069281848006e+24,389885287261269.7,1.5416830658114361e+28
iter_0491,1.4739129170858968e+28,6.80798864261296e+26,2.7714682113249897e+24,1378323950690631.2,1.5422699503332968e+28
iter_0492,1.461016838081839e+28,6.625001894990678e+26,2.607435942840819e+24,2.5113824610362612e+16,1.5275276006285413e+28
iter_0493,1.4582967642259968e+28,6.697081395768079e+26,2.73914250645141e+24,3.2428547894442412e+16,1.5255414924375656e+28
iter_0494,1.480856817762908e+28,6.791752429851378e+26,3.060764413739302e+24,277319445247151.38,1.5490804185028236e+28
iter_0495,1.4598666542874869e+28,6.723386616560163e+26,2.814828372305355e+24,1.403024319488145e+16,1.527382003291722e+28
iter_0496,1.4681671566846303e+28,6.652925485968052e+26,2.4446204711877016e+24,2.1687829692158756e+16,1.534940873593598e+28
iter_0497,1.4693943868976609e+28,6.650629816597049e+26,2.926421921981577e+24,1.0817114072101053e+18,1.5361933273640005e+28
iter_0498,1.4693414852856644e+28,6.72915522471305e+26,2.8596711766095555e+24,6.96362106907564e+17,1.5369190047200923e+28
iter_0499,1.482683600612862e+28,6.878334479875038e+26,2.86537588216485e+24,3.645440152251608e+17,1.5517534830362831e+28
iter_0500,1.4832228672337885e+28,6.646116078885232e+26,2.744977457910841e+24,1.8882738286798026e+18,1.5499585259572593e+28
iter_0501,1.4687101969635639e+28,6.6899805227149e+26,2.437271892526319e+24,4.273294412426677e+17,1.5358537294226983e+28
iter_0502,1.464923888714244e+28,6.751874115850846e+26,2.817492459995535e+24,9694287307829914.0,1.5327243791197214e+28
iter_0503,1.4808566699330754e+28,6.574707397274241e+26,2.58121538702235e+24,3.6029713135712507e+18,1.5468618658048172e+28
iter_0504,1.4584214755937474e+28,6.777344752689185e+26,2.6952907909295393e+24,2.0799509812274718e+20,1.526464472999242e+28
iter_0505,1.4739562512903602e+28,6.773994815891082e+26,2.606546741105782e+24,1.2859669323880494e+17,1.5419568541362413e+28
iter_0506,1.4675273698037938e+28,6.681509986690178e+26,2.608620744293142e+24,118426895166424.6,1.5346033317451367e+28
iter_0507,1.4737896229176469e+28,6.585451566689698e+26,2.888098853939735e+24,1.0305382874344658e+17,1.5399329484802431e+28
iter_0508,1.470351646150869e+28,6.640816145663833e+26,2.663744638869778e+24,8.277155867044948e+17,1.537026182154166e+28
iter_0509,1.4634452294121934e+28,6.630340901146218e+26,2.717949225761805e+24,445184781167839.0,1.530020433346276e+28
iter_0510,1.472807416831907e+28,6.775359745103793e+26,3.0284075662098594e+24,1.6741888539098632e+16,1.5408638550412399e+28
iter_0511,1.4663445679456913e+28,6.916429234477275e+26,2.638573248191592e+24,2.927093918882539e+17,1.5357727176445543e+28
iter_0512,1.4637518177784793e+28,6.727706671364843e+26,2.807356008306274e+24,1.311573866742642e+18,1.5313096202241156e+28
iter_0513,1.4726242245405557e+28,6.583279595641723e+26,2.930839798617912e+24,2.3862922535229926e+17,1.5387501045006977e+28
iter_0514,1.4637356227031284e+28,6.709901101059258e+26,2.8160259931121894e+24,4.2672013013521e+18,1.5311162367397523e+28
iter_0515,1.4707417352389823e+28,6.673118037061298e+26,2.615478872203441e+24,1.3031901010425366e+17,1.5377344635098476e+28
iter_0516,1.4665432771594093e+28,6.892305988482824e+26,2.625830551377551e+24,4114575529971608.5,1.5357289200997869e+28
iter_0517,1.4760967208470137e+28,6.699329765080991e+26,2.758395279390203e+24,5.681378020494362e+16,1.543365858031444e+28
iter_0518,1.4695146947256853e+28,6.77144832100211e+26,2.4655125186580896e+24,1.6328917809872672e+17,1.5374757292039009e+28
iter_0519,1.4418250344799763e+28,6.759896525356724e+26,2.548494314329007e+24,2.853932583603321e+19,1.5096788520189089e+28
iter_0520,1.472355263632086e+28,6.728248555244826e+26,2.617175752759911e+24,4.894687014473605e+18,1.539899467249279e+28
iter_0521,1.485071273578001e+28,6.775530401532996e+26,2.675162784535089e+24,5325974112677037.0,1.553094093872317e+28
iter_0522,1.4445112165808237e+28,6.575576851983466e+26,2.5300455478491793e+24,5.5679739955071816e+16,1.5105199896610114e+28
iter_0523,1.4747840965996218e+28,6.762876550636736e+26,2.788219959841322e+24,2.730872550764789e+19,1.542691686832846e+28
iter_0524,1.474061178781108e+28,6.816948336652377e+26,2.7489206039353894e+24,2.879263594949477e+16,1.5425055542109045e+28
iter_0525,1.4888540168524325e+28,6.80038616706313e+26,3.0432581556236116e+24,2.823787104809812e+18,1.5571622046210048e+28
iter_0526,1.4705068077539563e+28,6.636489567201787e+26,2.6986087328711194e+24,1.3507535629694861e+19,1.5371415656500148e+28
iter_0527,1.4721700588863602e+28,6.772216698915014e+26,3.141566371168523e+24,1190303304433080.8,1.5402063825127463e+28
iter_0528,1.4543789074978312e+28,6.778929316494989e+26,2.87193674846736e+24,1.0043244203281926e+16,1.522455394338632e+28
iter_0529,1.4779528378688299e+28,6.752700966208314e+26,2.6491871898200453e+24,8.698620067897817e+18,1.545744767119757e+28
iter_0530,1.4778337860415085e+28,6.784366232731527e+26,2.6385148083423444e+24,2.8382312927890843e+20,1.5459413282319707e+28
iter_0531,1.4564423576478295e+28,6.756843466453311e+26,2.668478058868503e+24,8.112306696335254e+16,1.5242776401263617e+28
iter_0532,1.4668111763264734e+28,6.687934123990291e+26,2.8035310472615725e+24,1.2822543496791962e+19,1.5339708719533569e+28
iter_0533,1.4697861864601605e+28,6.665381094882813e+26,2.6009071360863465e+24,2.924181111195144e+17,1.536700088151839e+28
iter_0534,1.4731131864701092e+28,6.802163014512139e+26,2.716376597994385e+24,117898526124424.19,1.541406454275042e+28
iter_0535,1.4676525986352403e+28,6.617701514776087e+26,2.882781373060196e+24,1.67716588478768e+18,1.534117892088024e+28
iter_0536,1.476837876395471e+28,6.722382352930077e+26,2.536848112808374e+24,4.2017790499977866e+18,1.5443153851562306e+28
iter_0537,1.4720008297471338e+28,6.863167309330546e+26,2.483179893623849e+24,5.912796842108886e+16,1.5408808208357145e+28
iter_0538,1.4731812837555395e+28,6.618575870621305e+26,2.6646663613470397e+24,7536684866372388.0,1.539633509098641e+28
iter_0539,1.4611065004874657e+28,6.678388474670547e+26,2.688113397320187e+24,8030244666667094.0,1.5281591965747062e+28
iter_0540,1.4597400851722096e+28,6.73924644742363e+26,2.8219459341331744e+24,3.029876057141083e+17,1.527414744270158e+28
iter_0541,1.466759689269949e+28,6.669910458319232e+26,2.6894652402589185e+24,4.500129188209497e+16,1.5337277403816673e+28
iter_0542,1.4715737608431263e+28,6.773802597041007e+26,2.947869215211359e+24,975182739118279.6,1.539606573735155e+28
iter_0543,1.4716804616586205e+28,6.680387185969248e+26,2.8495144142685004e+24,3.6830620512802345e+19,1.5387692886428019e+28
iter_0544,1.4608138126487428e+28,6.7156449609131e+26,2.887538901005781e+24,1.6446725106537216e+18,1.5282590163124414e+28
iter_0545,1.460342824005253e+28,6.53358079037297e+26,2.75516690731043e+24,5.796976575568471e+20,1.5259542065694794e+28
iter_0546,1.4720068812584868e+28,6.745449549339293e+26,2.683966946630928e+24,961494021497308.8,1.539729773446639e+28
iter_0547,1.4730985209172445e+28,6.615819783297572e+26,2.819625633948851e+24,1.0409468082829537e+18,1.5395386814177099e+28
iter_0548,1.4617138324746685e+28,6.682997665393319e+26,2.827727007109112e+24,3.392244623371998e+17,1.528826581863235e+28
iter_0549,1.470971201306442e+28,6.708846803244885e+26,2.666689510765879e+24,1382297348556480.5,1.538326338290106e+28
iter_0550,1.4776094117514507e+28,6.663217991589613e+26,2.616973605002302e+24,1420653430252990.8,1.5445032890279892e+28
iter_0551,1.485195191082542e+28,6.618403720879e+26,2.787064207229087e+24,2.2108345871428193e+18,1.5516579349331384e+28
iter_0552,1.464449443274568e+28,6.681710867974307e+26,2.8764618039779524e+24,2.8912895262850336e+17,1.5315541981636217e+28
iter_0553,1.4791480030265112e+28,6.8058429292389e+26,2.588554557130215e+24,768369184501317.0,1.54746528777469e+28
iter_0554,1.4630984276609166e+28,6.730734341383876e+26,3.235217835510678e+24,2.467379204101509e+18,1.5307292931050444e+28
iter_0555,1.478373887604482e+28,6.667297548936145e+26,2.7831097511135704e+24,567105106143896.6,1.5453251740690115e+28
iter_0556,1.459983289630392e+28,6.804313098408104e+26,2.8021282051378514e+24,601791441904469.0,1.528306633435047e+28
iter_0557,1.47064615480343e+28,6.667663781378199e+26,2.661551802968625e+24,4.109812159928552e+17,1.537588947838607e+28
iter_0558,1.4617423067775548e+28,6.789028845019291e+26,2.729200728577558e+24,1.029216832843706e+17,1.5299055153108975e+28
iter_0559,1.4732454841356e+28,6.856087278209075e+26,2.469887855819877e+24,959521489091995.4,1.5420533457033686e+28
iter_0560,1.468239960102378e+28,6.614613194071186e+26,2.6095764453189414e+24,5.508491369999907e+16,1.5346470496931304e+28
iter_0561,1.475876324005514e+28,6.707860210254912e+26,2.6263877089012344e+24,249577517021451.0,1.5432175648789782e+28
iter_0562,1.4559170277358955e+28,6.868952240870055e+26,2.43298141220352e+24,2429980553158107.5,1.5248498482860596e+28
iter_0563,1.4589469186690937e+28,6.78251699650936e+26,2.822028885729427e+24,4.1396266781855176e+16,1.5270542915269e+28
iter_0564,1.4727114589436196e+28,6.696003516261421e+26,2.543929835052248e+24,1574049992630181.2,1.5399258870898965e+28
iter_0565,1.4619860497838614e+28,6.80449293260143e+26,2.863584319356634e+24,1.7601347063462166e+17,1.5303173375594127e+28
iter_0566,1.4712817767184422e+28,6.72273699821423e+26,2.5994744819241387e+24,2.734848157372137e+19,1.5387690968836252e+28
iter_0567,1.4723489543446472e+28,6.74235665659727e+26,2.583988143040768e+24,8.66586977370026e+19,1.5400309283907938e+28
iter_0568,1.4582026568367052e+28,6.73353880399396e+26,2.895998860729155e+24,1213355412290295.5,1.525827644762839e+28
iter_0569,1.47056503188853e+28,6.780124322265093e+26,2.5719023314817116e+24,2.601153748946772e+17,1.5386234653703405e+28
iter_0570,1.4677485155325703e+28,6.893002984336921e+26,2.6960504999779124e+24,1.2685912461618368e+18,1.5369481505527967e+28
iter_0571,1.478520161027165e+28,6.779763162119906e+26,2.691706648104786e+24,4.3247709186559237e+18,1.5465869637456514e+28
iter_0572,1.4696923967546527e+28,6.78525932438728e+26,2.6345740389199825e+24,2.4031402910676108e+16,1.5378084474048205e+28
iter_0573,1.475809639528342e+28,6.6375952155164e+26,2.8423502520116864e+24,2004195435838817.0,1.5424698267089076e+28
iter_0574,1.4629374202980912e+28,6.743940156520116e+26,2.689143879946804e+24,3.9723669800696986e+17,1.5306457362910105e+28
iter_0575,1.46205517142651e+28,6.907723901609269e+26,2.801684969697702e+24,8.805902551785765e+17,1.5314125790276313e+28
iter_0576,1.4811578303234e+28,6.763757078303377e+26,2.6774295092298946e+24,6.604241339874355e+17,1.5490631441233993e+28
iter_0577,1.4725077475833412e+28,6.807069317307096e+26,2.9282518742184455e+24,5.3116253175769096e+16,1.5408712659491454e+28
iter_0578,1.4641229387883062e+28,6.638638883739792e+26,2.770232736518922e+24,1199214956925840.2,1.5307863508994758e+28
iter_0579,1.4584009076321217e+28,6.825018125357504e+26,2.6346245730144094e+24,134804839535855.95,1.5269145513430118e+28
iter_0580,1.474621082583894e+28,6.724489069593023e+26,3.013189281150581e+24,1.2806918903609487e+18,1.5421672923360084e+28
iter_0581,1.473560733536755e+28,6.652520172006312e+26,2.822915633729137e+24,94382334628801.02,1.5403682268202006e+28
iter_0582,1.46269704788154e+28,6.772936822541371e+26,2.6798714437586984e+24,5.5462739443643256e+16,1.530694403256876e+28
iter_0583,1.4701551813840918e+28,6.725804152350197e+26,2.775140233244662e+24,2.561676366790761e+16,1.5376907369334797e+28
iter_0584,1.464367972050316e+28,6.789604223714235e+26,2.8454788317014926e+24,5.663022781163253e+19,1.5325485678336513e+28
iter_0585,1.4707984751466394e+28,6.589714076545565e+26,2.8485719984707846e+24,1.4581141552756235e+20,1.5369804876930837e+28
iter_0586,1.474768016471086e+28,6.65054349668987e+26,2.8253549792531194e+24,3.7659091608068685e+17,1.541555986973569e+28
iter_0587,1.471565950923941e+28,6.831568292489942e+26,2.9537879161908396e+24,7.270477347643232e+17,1.5401770127131642e+28
iter_0588,1.465841555032161e+28,6.744984663279115e+26,2.5095533562450375e+24,1.0481135162729536e+18,1.5335423571053881e+28
iter_0589,1.459228745950818e+28,6.749990145238006e+26,2.851051415548191e+24,4.893343112087305e+16,1.527013752549646e+28
iter_0590,1.4732825853921846e+28,6.764918571129184e+26,2.8525184972790933e+24,862442501185219.6,1.5412170229532905e+28
iter_0591,1.4787686464452106e+28,6.704324119261755e+26,2.7964194322771945e+24,1108195220048359.0,1.5460915295811666e+28
iter_0592,1.4785112372131058e+28,6.852767824990851e+26,2.58623387213874e+24,1.0816034114136794e+16,1.54729753885131e+28
iter_0593,1.4508457307674684e+28,6.655973718447546e+26,2.7675733497313537e+24,2.9805871342202394e+17,1.5176822253167227e+28
iter_0594,1.4896950873440223e+28,6.779002963457755e+26,2.7014931091642127e+24,1.1427584042628307e+19,1.5577552674322745e+28
iter_0595,1.4569661331151282e+28,6.872101636588987e+26,2.8125323543054394e+24,4.557061583640945e+17,1.5259684027620193e+28
iter_0596,1.4772996331855928e+28,6.686692054300976e+26,2.7486276635191576e+24,1.0836968852296833e+19,1.5444414175786515e+28
iter_0597,1.4814057142591714e+28,6.70140262569065e+26,2.7016073402544296e+24,1587544746680645.2,1.548689901250262e+28
iter_0598,1.4651066632941644e+28,6.66242558856904e+26,2.906889340940469e+24,2.3509705737231426e+19,1.5320216104649193e+28
iter_0599,1.459932767657549e+28,6.695349959561521e+26,2.824909317214528e+24,6.062074559304695e+17,1.5271687582455064e+28
iter_0600,1.4524272414733512e+28,6.832705063207874e+26,2.773549116029218e+24,1.6237879907833642e+17,1.5210316470332707e+28
iter_0601,1.469545619195163e+28,6.686997358335916e+26,2.6958954800138376e+24,7836582013304371.0,1.5366851823273073e+28
iter_0602,1.4819425595621817e+28,6.653278264556775e+26,2.6874680091272207e+24,66161966247268.07,1.5487440890086687e+28
iter_0603,1.461105760161997e+28,6.777441023918455e+26,2.588684619375198e+24,3880696650276120.5,1.529139038863507e+28
iter_0604,1.471900898702258e+28,6.762812719896057e+26,2.7105309252714494e+24,734911006174536.2,1.5398000789938193e+28
iter_0605,1.4651101824709325e+28,6.742442705221003e+26,2.698669200397463e+24,1.2087604833955475e+17,1.53280447645527e+28
iter_0606,1.4614134072718142e+28,6.879454224279251e+26,2.663230461940418e+24,2.8366797498260925e+18,1.5304742728444689e+28
iter_0607,1.4796268301599345e+28,6.625808204703227e+26,2.663867805230492e+24,36082198810251.63,1.5461512989874933e+28
iter_0608,1.4531619696567348e+28,6.764137098793597e+26,2.689817519204329e+24,1.8527047298638656e+17,1.5210723224151181e+28
iter_0609,1.4807027810807894e+28,6.819928081291232e+26,3.0198088594549846e+24,1.158812145003347e+18,1.5492040428955285e+28
iter_0610,1.4648046622135114e+28,6.707235703152072e+26,2.6805583840645856e+24,6.853250556798442e+16,1.532145075090292e+28
iter_0611,1.465127959179438e+28,6.632564942150925e+26,2.4945602670711365e+24,2.783412627519631e+18,1.5317030649059958e+28
iter_0612,1.4608965145600639e+28,6.719750890202198e+26,2.841470731097767e+24,5149426439144628.0,1.5283781705357106e+28
iter_0613,1.4863288948436904e+28,6.670379002314086e+26,2.625191887088658e+24,4.199071166921551e+17,1.553295204097531e+28
iter_0614,1.4567947421500561e+28,6.765394650793807e+26,2.7737458712722086e+24,1.7334882789051953e+19,1.5247260649786097e+28
iter_0615,1.4765771212749602e+28,6.846407851016235e+26,2.939559327737726e+24,1.997376140525504e+17,1.54533515573787e+28
iter_0616,1.4605516809292611e+28,6.618360886300448e+26,2.4902706248310985e+24,167384689801169.84,1.5269843168547654e+28
iter_0617,1.4616034119271262e+28,6.73880240888173e+26,2.84349007104723e+24,469070239597681.3,1.529275785023095e+28
iter_0618,1.4639139731911865e+28,6.712816835001664e+26,2.9899158474017135e+24,307948683104543.56,1.531341133125974e+28
iter_0619,1.4646227921100518e+28,6.68765944727071e+26,2.652337130312705e+24,5.695692657681412e+18,1.5317646208653595e+28
iter_0620,1.4676683612023709e+28,6.700727122901007e+26,2.975692846971703e+24,6.4341086503887784e+16,1.5349732017225121e+28
iter_0621,1.473982621008285e+28,6.763462202772734e+26,2.912769783555953e+24,4163972023542366.5,1.5419085200147843e+28
iter_0622,1.4683801721441386e+28,6.7436690606569e+26,2.6698291217175517e+24,9265497257440906.0,1.536083845663806e+28
iter_0623,1.4579106988936276e+28,6.769854047730933e+26,2.76610106039745e+24,6.225102966798159e+16,1.5258858494832017e+28
iter_0624,1.46844553055592e+28,6.755326940299519e+26,2.840163336348759e+24,1229772331383303.2,1.5362828162926729e+28
iter_0625,1.4754130495560086e+28,6.72969757202146e+26,2.7449198542903684e+24,1.958576995607593e+17,1.542984517281238e+28
iter_0626,1.476830285969724e+28,6.709385994290807e+26,2.5089766223745724e+24,8273756625044747.0,1.5441750435756968e+28
iter_0627,1.4648240849355037e+28,6.713032840880315e+26,2.6152188544413656e+24,3396248547250667.0,1.5322159352300906e+28
iter_0628,1.4726077995899535e+28,6.620340238853762e+26,2.9625526682023247e+24,2.371290766481901e+17,1.5391074572690244e+28
iter_0629,1.4647158843725236e+28,6.763802580093533e+26,2.6995044720575156e+24,3.0599870303556248e+19,1.5326238636806515e+28
iter_0630,1.4675450345487761e+28,6.668706014270174e+26,2.9529126601721615e+24,2.1196621463594515e+17,1.5345273859786915e+28
iter_0631,1.4822039645870723e+28,6.500007912259156e+26,2.615937332579204e+24,2.0255737749335814e+17,1.5474656374631774e+28
iter_0632,1.491385315625397e+28,6.676552734775084e+26,2.867340200449479e+24,1.3409030091225339e+17,1.5584375770066018e+28
iter_0633,1.4585924574216802e+28,6.702536166152063e+26,2.681884521813915e+24,220442757135629.0,1.5258860075354042e+28
iter_0634,1.4714409006947415e+28,6.641384783334642e+26,2.8823724776854117e+24,25410624637419.24,1.538142985775859e+28
iter_0635,1.458553231742986e+28,6.622899985017051e+26,2.5350390211791537e+24,268107300280632.16,1.5250357354953014e+28
iter_0636,1.462417756339954e+28,6.75368774810794e+26,2.731926349286103e+24,9.150334376363243e+16,1.5302278264651124e+28
iter_0637,1.4679267122549368e+28,6.677599904991425e+26,2.6409990119288114e+24,6.715626963791375e+16,1.5349668112127596e+28
iter_0638,1.4700278571411166e+28,6.798485055216546e+26,2.930345598603643e+24,10656055921289.332,1.5383057422531435e+28
iter_0639,1.4679295978915912e+28,6.621894545883136e+26,2.467279822330061e+24,1999339469278776.2,1.5343952713328554e+28
iter_0640,1.4612764725856017e+28,6.697188378278494e+26,2.745781121244347e+24,4727342166314816.0,1.528522934480984e+28
iter_0641,1.4762933543387206e+28,6.789778754053598e+26,2.6804068549522055e+24,7.439860054219374e+16,1.5444591825721917e+28
iter_0642,1.4568324492863099e+28,6.738016518091924e+26,2.7299841856758724e+24,3.0112915708266337e+18,1.524485613186926e+28
iter_0643,1.4583257076941332e+28,6.781834603202522e+26,2.8319178588291525e+24,2.34672646167976e+18,1.5264272457467141e+28
iter_0644,1.4685362358433799e+28,6.68930053356449e+26,2.783362762188144e+24,6.197829332277992e+17,1.535707577517222e+28
iter_0645,1.4568053883711395e+28,6.658424906562043e+26,2.8929354636124603e+24,1.7160189228791126e+20,1.5236789481433103e+28
iter_0646,1.4521669432364193e+28,6.79185704673185e+26,2.662192205307289e+24,5.570727455042505e+18,1.5203517334813413e+28
iter_0647,1.4725415154504337e+28,6.736905929328941e+26,2.8351283264577016e+24,2.8911993367787504e+16,1.5401940875792602e+28
iter_0648,1.4530748814316263e+28,6.740820785014782e+26,2.8190295225843633e+24,5.855466528088209e+17,1.5207649922925873e+28
iter_0649,1.4602753305528699e+28,6.593703391880744e+26,2.9372413071680974e+24,1.5181916674416132e+16,1.5265060886039123e+28
iter_0650,1.460949477145797e+28,6.806769278682827e+26,2.6022883536279525e+24,8.080241370205594e+17,1.5292773988487903e+28
iter_0651,1.4649425731869577e+28,6.694358003045745e+26,2.904264889424165e+24,2.0881961552825808e+20,1.532176600588319e+28
iter_0652,1.4741736534716272e+28,6.640956420834729e+26,2.661609091191855e+24,4553825131344164.0,1.5408493785895491e+28
iter_0653,1.4663714839739576e+28,6.722156895366752e+26,2.816220308928282e+24,4.151167908684314e+20,1.5338747164701971e+28
iter_0654,1.4645209863497566e+28,6.708618653760998e+26,2.82235107676081e+24,5.91543798239251e+17,1.5318894080541971e+28
iter_0655,1.4676792720594266e+28,6.778553921451669e+26,2.7931697793189146e+24,1.0234116917999722e+16,1.5357441282528985e+28
iter_0656,1.4506657565912242e+28,6.755960344946347e+26,2.6560783472496843e+24,2006101669562231.5,1.5184909678756132e+28
iter_0657,1.468363267976121e+28,6.624318651734525e+26,2.756587232311854e+24,1.670194488284375e+17,1.5348821132333993e+28
iter_0658,1.4692930470315417e+28,6.779732828805622e+26,2.7992753868554964e+24,560377233818807.94,1.5373703028583394e+28
iter_0659,1.4700489187835232e+28,6.743035439332197e+26,2.630072681851837e+24,1095124748922125.9,1.5377422804451398e+28
iter_0660,1.4666643176802563e+28,6.801620378697056e+26,2.769091299159912e+24,1.7266144443089206e+18,1.5349574307698044e+28
iter_0661,1.4654349200174453e+28,6.580918524935529e+26,2.5977896502549076e+24,4.664628275573205e+16,1.5315038842364908e+28
iter_0662,1.480618165854856e+28,6.663115050772628e+26,2.5018958667915896e+24,2873878835704556.0,1.5474995059495487e+28
iter_0663,1.4768771892492422e+28,6.670807327912733e+26,2.579668614002732e+24,9.219505840093961e+17,1.543843229481965e+28
iter_0664,1.4718402604672025e+28,6.778147188640367e+26,2.944327453361703e+24,1.6404378058401718e+18,1.5399161652629863e+28
iter_0665,1.4585639204644606e+28,6.730011289502053e+26,2.7860797380412066e+24,4338015748132207.5,1.5261426413337193e+28
iter_0666,1.473447362743306e+28,7.011409022546506e+26,2.469151750310725e+24,1.998431555428368e+16,1.5438083681458007e+28
iter_0667,1.4757993966021444e+28,6.734504719832238e+26,2.533294862061847e+24,1.495138609639327e+17,1.5433977733016244e+28
iter_0668,1.4527200850356557e+28,6.724063393330688e+26,2.88341831372933e+24,9.06405710725385e+16,1.5202490608093997e+28
iter_0669,1.4730285119171797e+28,6.688025551076677e+26,2.8283614389414444e+24,3.406430924089303e+16,1.540191603575247e+28
iter_0670,1.4699051343892727e+28,6.640469876692694e+26,2.679471534652102e+24,6.189651669701447e+19,1.5365777864993167e+28
iter_0671,1.468212949169304e+28,6.865512130357712e+26,2.7671456519266e+24,8.527166209894057e+17,1.5371447851233455e+28
iter_0672,1.4625754273126791e+28,6.642524390331817e+26,2.76820567996894e+24,1.6910739167431514e+17,1.529277491800905e+28
iter_0673,1.4521949110371188e+28,6.714010369507016e+26,2.660931950253848e+24,1.6071739941666264e+16,1.5196011079288217e+28
iter_0674,1.465631127499365e+28,6.711944257437847e+26,2.7456162526593017e+24,9.117315133638867e+17,1.5330251317901827e+28
iter_0675,1.4498585753066238e+28,6.726392911782244e+26,2.7949064663772287e+24,1.0777160771398688e+17,1.517401995081861e+28
iter_0676,1.4645234892506113e+28,6.780512445446372e+26,3.043922745242398e+24,6.578181814091325e+20,1.5326330717614174e+28
iter_0677,1.4722759151591452e+28,6.823651685623916e+26,2.4989584289522185e+24,1.642323447943806e+16,1.5407623278599217e+28
iter_0678,1.4592200011182197e+28,6.857809336749344e+26,2.746910751639098e+24,2.3468540954326132e+16,1.5280727855632236e+28
iter_0679,1.4649326588399353e+28,6.727790845399758e+26,3.0068048308882737e+24,1.539257685704272e+17,1.5325112477924143e+28
iter_0680,1.4588817852205807e+28,6.742514827536527e+26,2.803517186917478e+24,3.1993085269337117e+19,1.5265872884139462e+28
iter_0681,1.4679693951765867e+28,6.796522191244733e+26,2.8755421688888334e+24,2.7880887343726515e+18,1.536222171584732e+28
iter_0682,1.4590862923932952e+28,6.712299965150671e+26,2.79508827846508e+24,513484474367283.3,1.5264888008726999e+28
iter_0683,1.4782361762105835e+28,6.7482206890952e+26,2.8059353671046285e+24,1306614026850.7422,1.545998976638246e+28
iter_0684,1.450979726892833e+28,6.82070040055601e+26,2.536270661197805e+24,6.62140193776906e+17,1.5194403580307268e+28
iter_0685,1.471866860372723e+28,6.816955707479295e+26,2.7926092854914864e+24,1.3977909644914196e+19,1.540315679773856e+28
iter_0686,1.4727533276573698e+28,6.63994357157257e+26,3.0168420685223265e+24,4.355523950574466e+17,1.5394544476235027e+28
iter_0687,1.455582372554523e+28,6.631509404784731e+26,2.730822452322038e+24,3.297081509783361e+16,1.5221705488508996e+28
iter_0688,1.4661187949006267e+28,6.776201237624146e+26,2.656151767455396e+24,2.341882959120258e+17,1.5341464224770327e+28
iter_0689,1.463109848838956e+28,6.785478014162053e+26,2.868297127030327e+24,8.000990760684387e+18,1.5312514594933785e+28
iter_0690,1.471227168431731e+28,6.616474875831802e+26,2.698302493948609e+24,8.483655992253362e+16,1.5376617474479274e+28
iter_0691,1.4711191871959408e+28,6.78642049187085e+26,2.949234937641424e+24,5.0224359579710744e+16,1.5392783156134357e+28
iter_0692,1.4629724556911052e+28,6.760178368204547e+26,2.505959311485023e+24,6630847481658504.0,1.5308248353049622e+28
iter_0693,1.458958964611305e+28,6.677090168473712e+26,2.570083233019609e+24,1882982049726244.5,1.5259868746195321e+28
iter_0694,1.4627406554438648e+28,6.632827437337494e+26,2.625082340125129e+24,3.7046777388813164e+18,1.52933143842172e+28
iter_0695,1.4720393194479202e+28,6.773429229850262e+26,2.790947632381932e+24,209232968958901.06,1.540052706509682e+28
iter_0696,1.4637708276230058e+28,6.682700443110117e+26,2.7421684503119284e+24,3.842772053270028e+16,1.530872048902981e+28
iter_0697,1.4543906233187287e+28,6.725388060598727e+26,2.774548248379148e+24,632166169414970.4,1.521921958749617e+28
iter_0698,1.4682408413906763e+28,6.71492584892585e+26,2.7711221990244095e+24,1.5818549777588503e+19,1.5356672136816923e+28
iter_0699,1.4543725048061592e+28,6.816816813458111e+26,2.647735609506231e+24,7.124836313405111e+17,1.5228054465729393e+28
iter_0700,1.4723795626643848e+28,6.803735076953248e+26,2.85314423141752e+24,1.5530117700721925e+18,1.5407022280123602e+28
iter_0701,1.459454758946347e+28,6.731025973914676e+26,2.6511640744654214e+24,3.1181147705060684e+16,1.5270301350960587e+28
iter_0702,1.4554586568677867e+28,6.732322473989641e+26,2.818193184263798e+24,2.2372429335205736e+19,1.5230637031633525e+28
iter_0703,1.4743295789069017e+28,6.684310085357433e+26,2.621827810927701e+24,5.000529326225957e+18,1.5414348630416217e+28
iter_0704,1.4562361940649683e+28,6.711239108123017e+26,2.723669773598687e+24,1.7797845137821802e+17,1.5236209521413563e+28
iter_0705,1.4624095410959075e+28,6.755251888731851e+26,2.616495941495168e+24,113731039368563.78,1.5302237095773868e+28
iter_0706,1.471979482451194e+28,6.776260534590592e+26,2.435023603178616e+24,1265717387082447.2,1.5399855901575445e+28
iter_0707,1.4647389125653634e+28,6.762818339258572e+26,2.6451688060591774e+24,8.406677828096592e+16,1.5326316128469617e+28
iter_0708,1.4636168353515502e+28,6.582909747570414e+26,2.732728031285249e+24,127299194088700.1,1.5297192056303957e+28
iter_0709,1.4597356904813618e+28,6.69596084764374e+26,2.7029393184104994e+24,2.0465548877578554e+17,1.5269655929101058e+28
iter_0710,1.47237150039603e+28,6.805328877468419e+26,2.9027791095913115e+24,3.1725252419245114e+17,1.5407150671133986e+28
iter_0711,1.4831300673859052e+28,6.707674834709203e+26,2.6750215755647835e+24,9919135886520668.0,1.5504743178915456e+28
iter_0712,1.4747978171430403e+28,6.772996939138138e+26,2.8492676988501655e+24,181678547343329.7,1.542812713304325e+28
iter_0713,1.4718730476625422e+28,6.686108291510101e+26,2.785413621539004e+24,135019025511967.25,1.5390126719398105e+28
iter_0714,1.46089667076971e+28,6.661371839540863e+26,2.633028608859048e+24,1.0686424024216876e+16,1.5277736920270734e+28
iter_0715,1.4684445268217082e+28,6.722885055143169e+26,2.511259747211145e+24,1.4747644599830287e+18,1.5359245034953374e+28
iter_0716,1.4687550422978662e+28,6.81801318445403e+26,2.6762980682416397e+24,5.032644020833496e+17,1.537202803999557e+28
iter_0717,1.4639958723737264e+28,6.813201299345307e+26,2.500218524208527e+24,6701258963846.108,1.5323779072196009e+28
iter_0718,1.4697829615372282e+28,6.765884062971686e+26,2.6622799217978264e+24,5.4106905252317504e+17,1.5377080302132318e+28
iter_0719,1.4653124869420017e+28,6.643982504031162e+26,2.791458129933911e+24,1.6429423002404586e+16,1.5320314577969496e+28
iter_0720,1.4687028148149192e+28,6.639989658068384e+26,2.7316139028212123e+24,7.042921693286763e+19,1.535375879828807e+28
iter_0721,1.4620585370505589e+28,6.816022088139812e+26,2.701185085283334e+24,3.1180050217789344e+17,1.5304888764716655e+28
iter_0722,1.4753497462432315e+28,6.755791842164926e+26,2.703230925455791e+24,4.823078980778572e+16,1.5431779877622495e+28
iter_0723,1.4693979031210326e+28,6.762982242515809e+26,2.5691528918241835e+24,6798751725639389.0,1.5372846408360529e+28
iter_0724,1.4794927908124923e+28,6.866547381925031e+26,2.723817488124697e+24,1.6767078967540112e+17,1.5484306463973221e+28
iter_0725,1.4772422884552456e+28,6.784377426328464e+26,2.8670936296815634e+24,997298870241977.8,1.5453727720815982e+28
iter_0726,1.4698035777875486e+28,6.797866854403971e+26,2.69212167536212e+24,6.002722418225292e+18,1.5380514590993968e+28
iter_0727,1.4658129705553547e+28,6.692711334338264e+26,3.047932877411846e+24,7460414544883508.0,1.5330448771872248e+28
iter_0728,1.4559274867916489e+28,6.757730174948561e+26,2.702660364952541e+24,420792245942934.0,1.5237750545776717e+28
iter_0729,1.4606262538276925e+28,6.804683397970124e+26,2.681719292705824e+24,1.3591063375073447e+20,1.5289412733277278e+28
iter_0730,1.4673850247587766e+28,6.613359386425454e+26,2.66436027995914e+24,2818031380325.6694,1.5337850546510274e+28
iter_0731,1.4788151244500826e+28,6.776533047518732e+26,2.6961866297420673e+24,2.2428362713795556e+16,1.546850073590487e+28
iter_0732,1.46951326672895e+28,6.698999630695832e+26,3.037780312294896e+24,4.638222118239915e+18,1.53680704153096e+28
iter_0733,1.4596739484245734e+28,6.815436025788777e+26,2.677635243469369e+24,745662271705328.1,1.5280960722068827e+28
iter_0734,1.467399551483082e+28,6.686279518840736e+26,2.742670598325611e+24,1051023524354661.4,1.5345366137314272e+28
iter_0735,1.4628123927332834e+28,6.602924314946805e+26,2.8189441013868745e+24,1.469956900105246e+18,1.529123530439886e+28
iter_0736,1.4622930011828311e+28,6.717358723824123e+26,2.971385012284688e+24,2.6892140497718524e+16,1.52976372692499e+28
iter_0737,1.4985650170191463e+28,6.667975461674875e+26,2.653095766807644e+24,5.473686432407767e+16,1.5655100812180495e+28
iter_0738,1.4780633520977692e+28,6.794110791653224e+26,2.63679750733465e+24,1.6196905367185597e+17,1.5462681397812317e+28
iter_0739,1.4559533815242272e+28,6.720874956428984e+26,2.6588721524957955e+24,7.383499453047027e+16,1.52342801831115e+28
iter_0740,1.4781631749081667e+28,6.773021396736664e+26,2.5422382840311347e+24,7.868505894324531e+17,1.5461476127826214e+28
iter_0741,1.448616707849326e+28,6.855147329238156e+26,2.6276492990873496e+24,1.5102402004995958e+17,1.5174309460867187e+28
iter_0742,1.4664369097771637e+28,6.691202196263252e+26,2.7886833677298874e+24,1.004409977823819e+16,1.5336278000775736e+28
iter_0743,1.4701982934545544e+28,6.773555510565709e+26,2.52650221077354e+24,3.2928514783635504e+16,1.5381864987845817e+28
iter_0744,1.4678147168324372e+28,6.658677329568436e+26,2.579516510105262e+24,3.8999356059283016e+16,1.534659441783032e+28
iter_0745,1.458214572774793e+28,6.704138884021798e+26,2.8205499917188994e+24,1.1222859200859838e+17,1.525538016625406e+28
iter_0746,1.471776542036681e+28,6.568764079428608e+26,2.7776354950865494e+24,2.8376945981698906e+17,1.5377419464088526e+28
iter_0747,1.4748189547706183e+28,6.850066415734493e+26,2.579535350854534e+24,4164541830122217.0,1.5435775724634652e+28
iter_0748,1.4594824583896908e+28,6.782015744691803e+26,2.7522808927321177e+24,6.357760088650784e+16,1.5275778439322399e+28
iter_0749,1.4739703820874904e+28,6.799934443112867e+26,2.666029178077028e+24,3.8468916647480295e+19,1.5422363332833186e+28
iter_0750,1.4650003085989752e+28,6.688180301774679e+26,2.5829204460792034e+24,7.054894098719583e+17,1.5321404037318788e+28
iter_0751,1.469446085328002e+28,6.715161032532907e+26,2.8972817996374737e+24,9.253910870143371e+18,1.5368874247586858e+28
iter_0752,1.4710307316948067e+28,6.662694376744885e+26,2.7743490758655097e+24,1699582541821602.5,1.537935110370012e+28
iter_0753,1.4589353838330109e+28,6.765496949917234e+26,2.555163803070679e+24,6.069467678957824e+17,1.5268458697731849e+28
iter_0754,1.470587069802373e+28,6.781014412117898e+26,2.693500005221799e+24,9180049537738336.0,1.5386665639249922e+28
iter_0755,1.482352184395939e+28,6.677290939938003e+26,3.1138816220766767e+24,8.018394204231739e+16,1.549436481965545e+28
iter_0756,1.4716026564687193e+28,6.803678111289748e+26,2.8367410447464826e+24,1.6866493357971763e+18,1.539923111854756e+28
iter_0757,1.4618968289497617e+28,6.743934532070575e+26,2.781872268357737e+24,5.6219695461177075e+17,1.529614361553523e+28
iter_0758,1.4653741528353438e+28,6.784461010779356e+26,2.683934284213485e+24,5.7171663770499573e+20,1.5334872135432224e+28
iter_0759,1.4672886253158647e+28,6.787415636550323e+26,2.9947383959371765e+24,1.9748231701740084e+16,1.5354622555229362e+28
iter_0760,1.4700695430572664e+28,6.764278013026566e+26,2.8298258681202373e+24,5.999732487174698e+17,1.5379953058343415e+28
iter_0761,1.4728217397740576e+28,6.789274595651409e+26,2.5654176014523396e+24,1.7680012637609859e+18,1.540971027667517e+28
iter_0762,1.4625616398798414e+28,6.585618399255472e+26,2.4793990276745124e+24,1.5829659757569763e+17,1.528665763790993e+28
iter_0763,1.4778107121931873e+28,6.795584207827475e+26,2.599790303061737e+24,3.907962883747686e+16,1.5460265333056763e+28
iter_0764,1.4662964929517579e+28,6.784532302270347e+26,2.47030150506165e+24,1.1172689077275071e+18,1.5343888462366944e+28
iter_0765,1.4605039302570213e+28,6.665568945331539e+26,2.5257533632134977e+24,3.071673568147104e+17,1.527412195077375e+28
iter_0766,1.474775790827219e+28,6.748109599410925e+26,2.903089886537019e+24,169960759402947.44,1.542547195809999e+28
iter_0767,1.4561984549942851e+28,6.760621228648919e+26,2.8827978922509225e+24,1.9181007460021664e+17,1.5240929470891804e+28
iter_0768,1.4593323516773607e+28,6.770474397321148e+26,2.78969517820525e+24,1.0275919487575066e+18,1.527316065271152e+28
iter_0769,1.459984433461546e+28,6.780789304606791e+26,2.648892801164673e+24,2.7186160769673784e+18,1.528057216059592e+28
iter_0770,1.4773319879004507e+28,6.695120844547618e+26,2.83106742065831e+24,832913589301198.5,1.544566303088076e+28
iter_0771,1.4593296111563339e+28,6.830097385887155e+26,2.6618708466866166e+24,1.127005082589986e+18,1.5278967722125748e+28
iter_0772,1.4701203407140683e+28,6.707790649035952e+26,2.7065797183419494e+24,5.6415456979714963e+17,1.5374689052326776e+28
iter_0773,1.4698731985296634e+28,6.754797483301004e+26,2.804911992510483e+24,1341715229544412.5,1.5377016645620588e+28
iter_0774,1.468171635441067e+28,6.790896355655737e+26,2.859226279464758e+24,296850045552258.4,1.5363665216256007e+28
iter_0775,1.4784532960366955e+28,6.783364362381979e+26,3.011724039539429e+24,398344181758948.44,1.546588112064509e+28
iter_0776,1.4539467170967514e+28,6.798798483806125e+26,2.847701828157933e+24,4.2361466896791405e+17,1.5222194721599898e+28
iter_0777,1.4798795367050651e+28,6.746645183085577e+26,2.702718676914853e+24,8.438696865889373e+17,1.5476162604879994e+28
iter_0778,1.4778724682834618e+28,6.659465507532136e+26,2.7066806860054245e+24,3658643693147158.0,1.5447377914277497e+28
iter_0779,1.4766114309699123e+28,6.763541015809343e+26,2.7427111902887046e+24,2.873296363697827e+19,1.5445211151203308e+28
iter_0780,1.4682540546864677e+28,6.717218933231659e+26,2.5017851242259205e+24,2.0203802264470746e+17,1.5356764225514107e+28
iter_0781,1.4545597949220892e+28,6.641781323977373e+26,2.581577371246564e+24,2.8596231143434666e+19,1.5212357687586106e+28
iter_0782,1.4695539236795407e+28,6.704421501980261e+26,2.622021195902033e+24,6.246703471728035e+16,1.5368603408251803e+28
iter_0783,1.4613043540606894e+28,6.835873740387517e+26,2.710430849545799e+24,9204218844956124.0,1.5299341345504397e+28
iter_0784,1.4683632900255556e+28,6.698372856941065e+26,2.641749839257733e+24,7.716309338362474e+17,1.5356111936560551e+28
iter_0785,1.471796855304497e+28,6.62973430761442e+26,2.774292892620297e+24,4.68466621791863e+17,1.5383716277167499e+28
iter_0786,1.4567653471449764e+28,6.688503465875628e+26,2.7685316454708653e+24,9.06247864084786e+17,1.5239272350589047e+28
iter_0787,1.4640612803156988e+28,6.825426518614236e+26,2.9255781210588664e+24,8.350719845176943e+18,1.532608104149019e+28
iter_0788,1.4718587155392073e+28,6.808854245341317e+26,2.9255489295848443e+24,1.0289664552584562e+16,1.5402398128866079e+28
iter_0789,1.4707791784599761e+28,6.746106623163433e+26,2.752663906996387e+24,2.7012199491082656e+17,1.5385155111093221e+28
iter_0790,1.4761102990814297e+28,6.723821244350236e+26,2.69570415440131e+24,2446112448906.472,1.5436180819403725e+28
iter_0791,1.465637128293911e+28,6.782470756709754e+26,2.9496669606603097e+24,6.744315909878732e+16,1.533756802563819e+28
iter_0792,1.469418322073055e+28,6.668835032062709e+26,2.768035463705135e+24,5.114819585592567e+16,1.5363834759451677e+28
iter_0793,1.4672154689038255e+28,6.855991969688297e+26,2.709518565520384e+24,1.1266269257774734e+16,1.536046340458387e+28
iter_0794,1.4618951594647072e+28,6.722427051261753e+26,2.809697019185321e+24,8751697549172109.0,1.5294003996801185e+28
iter_0795,1.4738931381104236e+28,6.734795605859247e+26,2.7227801174233696e+24,51369590419759.6,1.5415133721807635e+28
iter_0796,1.4713082796590397e+28,6.782251930356774e+26,2.4846511541127334e+24,4845743762989571.0,1.5393792640785034e+28
iter_0797,1.471395131373887e+28,6.560010832506653e+26,3.017617412383759e+24,6005655231383446.0,1.5372970014407925e+28
iter_0798,1.4754093874152892e+28,6.796758398729655e+26,2.914533741593725e+24,115745225954115.94,1.5436684247767569e+28
iter_0799,1.460108320713631e+28,6.724811086212376e+26,2.783848367208284e+24,1.9724677802614784e+17,1.5276348164322e+28
iter_0800,1.4815058062377986e+28,6.778335022040879e+26,2.7996156948609706e+24,2.287644578813543e+16,1.549569118029981e+28
iter_0801,1.4665150618264696e+28,6.735079783205281e+26,2.671019246459055e+24,797575141074666.4,1.534132961583248e+28
iter_0802,1.4437195524135193e+28,6.652595476434818e+26,2.8633705640817716e+24,7.324390627215571e+19,1.5105318515586662e+28
iter_0803,1.470732334974177e+28,6.886531439165764e+26,2.622222039688497e+24,1.6276099498829606e+17,1.5398598715860796e+28
iter_0804,1.449968778648041e+28,6.617776999152898e+26,2.7451301502941143e+24,1.7324251256821921e+18,1.5164210618278419e+28
iter_0805,1.4724889287332023e+28,6.703907389103945e+26,2.4371681182213107e+24,4.275011386602179e+16,1.539771719440339e+28
iter_0806,1.4500018345179375e+28,6.818405229596396e+26,2.768378856418945e+24,1.5490935160879514e+17,1.5184627247150344e+28
iter_0807,1.4592779921703995e+28,6.7510400822328e+26,2.784902298350732e+24,396899513422604.3,1.5270668832226022e+28
iter_0808,1.4746079365454079e+28,6.687979128125508e+26,2.649070207209929e+24,3.293919338849353e+16,1.5417526348506779e+28
iter_0809,1.4770064892325388e+28,6.633699566596434e+26,2.673254645975916e+24,4.3959096384597944e+16,1.5436108103674964e+28
iter_0810,1.4640523763521259e+28,6.74912202208011e+26,2.657499701298137e+24,2.901680554239233e+16,1.5318093465459585e+28
iter_0811,1.4774628136524587e+28,6.82625333514179e+26,2.828033373401526e+24,2.2421516994040087e+19,1.5460081525833684e+28
iter_0812,1.477423076909846e+28,6.733148578787222e+26,2.6329411041893593e+24,9240557743502444.0,1.5450178568090611e+28
iter_0813,1.472586688672269e+28,6.726651227633688e+26,2.519867567412636e+24,3448672273789122.0,1.540105187705692e+28
iter_0814,1.4609512639575209e+28,6.811598977257724e+26,2.984381696981801e+24,3.1850710643163054e+18,1.5293656922183036e+28
iter_0815,1.4565832116667474e+28,6.741377828211031e+26,2.529193232998072e+24,1.1724709066251013e+17,1.5242499092838822e+28
iter_0816,1.4634782021008366e+28,6.70001890637554e+26,2.793677127654036e+24,3047312841224559.5,1.5307577588776622e+28
iter_0817,1.4674327767815027e+28,6.73508456680787e+26,2.5297847104004524e+24,312571336235398.8,1.5350366009206528e+28
iter_0818,1.4566661059403807e+28,6.657187522621863e+26,2.6577758847127086e+24,3.889076650452171e+17,1.5235037587939615e+28
iter_0819,1.4696562008994863e+28,6.628230057053561e+26,2.8316465933241943e+24,3.814663623754423e+18,1.5362216665108206e+28
iter_0820,1.4683428280626901e+28,6.732317865170524e+26,2.540052994871849e+24,660025397982228.4,1.5359200120139484e+28
iter_0821,1.446478980301126e+28,6.770022605565436e+26,2.6325225361139726e+24,4.147613774171882e+16,1.5144424586145395e+28
iter_0822,1.452358899741232e+28,6.797723063557242e+26,2.7900252387415586e+24,2.290948425439411e+17,1.5206151329235881e+28
iter_0823,1.4733695236919867e+28,6.743952017298531e+26,2.690825935496948e+24,1.4986478942757618e+16,1.5410781264600204e+28
iter_0824,1.4587802403687596e+28,6.683056379903968e+26,2.59758966215437e+24,5.599652376440464e+17,1.5258705631900113e+28
iter_0825,1.4763753144185506e+28,6.689853973586208e+26,2.5783970026395125e+24,1.6295353999511677e+18,1.54353169401763e+28
iter_0826,1.4696024321456285e+28,6.631768095310866e+26,2.660954667505564e+24,4.3295280875915023e+18,1.5361862089984404e+28
iter_0827,1.4753784265926426e+28,6.689497764529945e+26,2.9816244616091854e+24,1.4809831668946014e+16,1.542571566685584e+28
iter_0828,1.4650285629255378e+28,6.67656856176102e+26,2.529466493497915e+24,7.670525412682863e+17,1.5320471952692029e+28
iter_0829,1.4667074278474788e+28,6.636178204647723e+26,2.6903290915112396e+24,4.184288662307526e+17,1.53333824284495e+28
iter_0830,1.467535285337297e+28,6.683785211079778e+26,2.725149853022995e+24,1.7964581321347277e+17,1.5346456524513616e+28
iter_0831,1.462672155586969e+28,6.793489314264897e+26,2.801714029984741e+24,4014775882054887.0,1.5308872201330178e+28
iter_0832,1.4685514240899723e+28,6.794795426094528e+26,2.5899383436168703e+24,3.019253596140837e+18,1.5367583724872047e+28
iter_0833,1.4637946411341449e+28,6.766453043279482e+26,2.838366446920316e+24,1.9963644339253526e+17,1.5317430082315954e+28
iter_0834,1.4768825891431514e+28,6.747905656307071e+26,2.612120976100429e+24,2273054606643566.5,1.5446228578040597e+28
iter_0835,1.4641415700110049e+28,6.658063508798627e+26,2.4817140032565407e+24,7.448189829803127e+17,1.5309703765737986e+28
iter_0836,1.4428506273122176e+28,6.881635211318301e+26,3.012066705698479e+24,754120286958839.5,1.511968186096046e+28
iter_0837,1.494984298471062e+28,6.700080182502678e+26,2.7781228091412054e+24,4573670558787770.0,1.5622629125774602e+28
iter_0838,1.4698667357985892e+28,6.723492297012806e+26,2.645269912824694e+24,1.2087490432114866e+17,1.5373661857720874e+28
iter_0839,1.4583428258090936e+28,6.720282929443199e+26,2.7177995254282796e+24,1.2640462285840994e+17,1.5258174350687088e+28
iter_0840,1.4638772485589762e+28,6.640058870846141e+26,2.785787750192203e+24,3.399862409420245e+18,1.530556416382443e+28
iter_0841,1.4636057432500364e+28,6.789279641130224e+26,2.750817341006484e+24,1662965510791408.8,1.5317736213956054e+28
iter_0842,1.46911079742801e+28,6.835557799046934e+26,2.6498053192705847e+24,1.081463767331567e+16,1.5377313559514879e+28
iter_0843,1.4743942753726388e+28,6.835039911420222e+26,2.994294659926518e+24,6046031436110428.0,1.5430441039534383e+28
iter_0844,1.4610155315049356e+28,6.73054505337212e+26,2.657001132662807e+24,2.920391599029247e+20,1.528586711355839e+28
iter_0845,1.4665082018075107e+28,6.825889372484947e+26,2.7223065302589834e+24,4.455560827971307e+18,1.535039326630942e+28
iter_0846,1.4731815010899016e+28,6.701500107498486e+26,2.842635194090634e+24,1.2371661227624126e+17,1.5404807656966671e+28
iter_0847,1.465219090885302e+28,6.687262902042859e+26,2.7471197559172874e+24,845516661091598.4,1.5323664318814068e+28
iter_0848,1.4667528385404059e+28,6.811620904987375e+26,2.7898254983298943e+24,1.5206204613667973e+18,1.5351480302921747e+28
iter_0849,1.4620350436055572e+28,6.709901266798174e+26,2.6408680540733467e+24,82397793518692.53,1.5293981430789546e+28
iter_0850,1.4641595542441589e+28,6.688564151075873e+26,2.627863603474586e+24,5.808442929131825e+17,1.5313079821733493e+28
iter_0851,1.4584985941382126e+28,6.61403464245065e+26,2.673682567105937e+24,1.0220872248889626e+18,1.5249063089216385e+28
iter_0852,1.4693474659615666e+28,6.71538741823288e+26,2.8451975954060317e+24,6881753092230341.0,1.5367858599041239e+28
iter_0853,1.450556459909549e+28,6.70084291023206e+26,2.65488754611443e+24,1.7753461073720403e+17,1.5178303777842343e+28
iter_0854,1.4642881211818213e+28,6.767092477159036e+26,2.8561904007344094e+24,144025599219925.97,1.5322446649934993e+28
iter_0855,1.4770931138828865e+28,6.630838939682016e+26,2.675565866132459e+24,4.7719390123077274e+17,1.5436690599140394e+28
iter_0856,1.4601046953613957e+28,6.771186881458092e+26,2.6545173933677104e+24,1.114299442455894e+17,1.5280820159264564e+28
iter_0857,1.459097424802363e+28,6.793223273679366e+26,2.6134218651169176e+24,8123258034403619.0,1.5272909997264807e+28
iter_0858,1.4676456830758789e+28,6.796420513776613e+26,2.887800098147016e+24,1.014116967581379e+17,1.535898668233601e+28
iter_0859,1.4684722091549153e+28,6.838854097800045e+26,2.545702507171578e+24,19953414737856.203,1.5371153203836348e+28
iter_0860,1.4758861537897887e+28,6.704224045663345e+26,2.8720133107523924e+24,5.796727676104083e+20,1.543215653544774e+28
iter_0861,1.4671785389885623e+28,6.674977449448848e+26,2.7843804773658167e+24,1146301277650639.0,1.5342067515309019e+28
iter_0862,1.478353923100531e+28,6.726235612938274e+26,2.8938768785915485e+24,1.0584513805552852e+16,1.5459056669188313e+28
iter_0863,1.4708831885996838e+28,6.682981174590788e+26,2.5609023409510603e+24,8.683643560667534e+16,1.5379690905883704e+28
iter_0864,1.4580486847205965e+28,6.747303953721318e+26,2.626274873219728e+24,438913274873994.75,1.5257843517451757e+28
iter_0865,1.4596532732698131e+28,6.693103097867317e+26,2.809604175092216e+24,3.6343398584828604e+19,1.5268652683003354e+28
iter_0866,1.4518479269698097e+28,6.744757471074132e+26,2.9803216174322524e+24,5.182981727710368e+18,1.5195935343605924e+28
iter_0867,1.4718134616695991e+28,6.727990202809652e+26,2.770305210461761e+24,1.2926902555046456e+17,1.5393703942316686e+28
iter_0868,1.4786475585615083e+28,6.786230447242208e+26,2.729249478663532e+24,1.172109205536182e+18,1.5467827880990079e+28
iter_0869,1.4637829053508982e+28,6.824576146012693e+26,2.4388425725414955e+24,8.46951858630467e+16,1.5322725510767488e+28
iter_0870,1.464527068282109e+28,6.628819500579958e+26,2.578191956106023e+24,8.146178548325194e+16,1.5310730824916654e+28
iter_0871,1.4656615556082403e+28,6.680969552879942e+26,2.981733051963037e+24,3.342205748457399e+16,1.5327694244455784e+28
iter_0872,1.4619348989770515e+28,6.613350867990566e+26,2.657641665782429e+24,39884802664014.5,1.5283341718235394e+28
iter_0873,1.4675220765818548e+28,6.703154248448739e+26,2.572227560710236e+24,1632033031301831.8,1.5348108418225763e+28
iter_0874,1.4754608470151263e+28,6.720025674467811e+26,2.805695288960319e+24,6.597438879396788e+18,1.5429416739484443e+28
iter_0875,1.481099940309217e+28,6.682443851912712e+26,2.7647909135327365e+24,2257461139605757.5,1.5482008579199232e+28
iter_0876,1.4478783929340962e+28,6.736477300434237e+26,2.7329423731262936e+24,363464819862712.6,1.5155164601757876e+28
iter_0877,1.4552916413632915e+28,6.782427653450794e+26,2.6552810599808564e+24,5.57735987414742e+17,1.5233814460595711e+28
iter_0878,1.4691070673404826e+28,6.714653133865639e+26,2.7777869130599956e+24,3.626974619257755e+17,1.5365313774067147e+28
iter_0879,1.452525123729513e+28,6.680405165029705e+26,2.9157459180621885e+24,3.300359332542194e+16,1.5196207499749167e+28
iter_0880,1.463601302316971e+28,6.891635038905409e+26,2.6824630833758177e+24,1661378434200632.5,1.532785899014529e+28
iter_0881,1.4472494551597798e+28,6.798433562471293e+26,2.7305921153324124e+24,2.710499333313453e+19,1.5155068527065254e+28
iter_0882,1.4829943311937843e+28,6.673037531989223e+26,2.711156263542091e+24,3.9099931576827576e+16,1.5499958221439408e+28
iter_0883,1.4617958333021007e+28,6.657548188232936e+26,2.6496545158203253e+24,7.93102099347751e+16,1.5286362806439432e+28
iter_0884,1.469573445652479e+28,6.786107718101479e+26,2.656734477821799e+24,5.4484275839163736e+16,1.5377001962867246e+28
iter_0885,1.4677923724305565e+28,6.675414800193607e+26,2.601464367382205e+24,1.4269212955496264e+18,1.5348066670119231e+28
iter_0886,1.4675585379436026e+28,6.800410549863997e+26,2.566810920560892e+24,1.4647160179551458e+16,1.5358193245357636e+28
iter_0887,1.458656785354106e+28,6.667672497185327e+26,2.6819673344709566e+24,2.445604219733558e+17,1.5256017070838623e+28
iter_0888,1.457834722846765e+28,6.706832341414745e+26,2.901205529585681e+24,8091155587746186.0,1.52519316681468e+28
iter_0889,1.4823957102450312e+28,6.784941405126706e+26,2.669077732626493e+24,7501246111104438.0,1.550512032070311e+28
iter_0890,1.4756427969934921e+28,6.709667731659387e+26,2.5921052705034157e+24,2.8161773833234512e+17,1.5429986848652981e+28
iter_0891,1.460524881631829e+28,6.74686686189497e+26,3.000438481509676e+24,1.43693009533738e+16,1.5282935941003664e+28
iter_0892,1.4581462146546974e+28,6.863262232053324e+26,2.47117396050908e+24,133083225325064.3,1.527025954371295e+28
iter_0893,1.4686376789630506e+28,6.674435085481954e+26,2.7831000768968435e+24,1.9473354129760036e+16,1.535660339827507e+28
iter_0894,1.479011200193444e+28,6.674830728551236e+26,2.90588838689365e+24,1.0780957186500048e+16,1.546050096318724e+28
iter_0895,1.4571894510315744e+28,6.686079347666115e+26,2.7088452912319e+24,5.00373986786994e+16,1.5243211290423623e+28
iter_0896,1.4674937847667893e+28,6.77038191707249e+26,2.6557587236386086e+24,2.745811373875699e+18,1.5354631800844592e+28
iter_0897,1.4628438033325372e+28,6.71144045323078e+26,2.8562384196029244e+24,4927313699837984.0,1.5302438317072982e+28
iter_0898,1.4695309205190565e+28,6.715925446368955e+26,2.63418709257088e+24,8.071001161852203e+16,1.5369535937000743e+28
iter_0899,1.4657768557913857e+28,6.861810545344063e+26,2.974200274977038e+24,7.753389595359226e+18,1.534692382047663e+28
iter_0900,1.4770741357785667e+28,6.751836779248386e+26,2.8027959710193536e+24,1.232065173926404e+19,1.5448727844002176e+28
iter_0901,1.469149655564135e+28,6.659288411288181e+26,2.7501278315613253e+24,1.6490601712001213e+18,1.536017552625079e+28
iter_0902,1.4675015662282457e+28,6.71245983022474e+26,2.585389357483016e+24,1.7351063025517888e+18,1.534884703639752e+28
iter_0903,1.4749091838672609e+28,6.689674237359385e+26,2.610561403148849e+24,5330861977028928.0,1.5420669823817026e+28
iter_0904,1.4691408494101368e+28,6.693899183231834e+26,3.000085128586875e+24,398869848550164.5,1.5363798497553536e+28
iter_0905,1.4840524540316819e+28,6.727501886082888e+26,2.749283516292385e+24,7248020665955563.0,1.5516024012448647e+28
iter_0906,1.4682405512278566e+28,6.819391670348151e+26,2.91262788715657e+24,9625449972864368.0,1.5367257307210161e+28
iter_0907,1.4614364790928372e+28,6.710858089785868e+26,2.5832197301301356e+24,1.969250316899625e+16,1.528803381965678e+28
iter_0908,1.4766894782321559e+28,6.724556926452428e+26,2.718430035005471e+24,124253539300947.42,1.5442068905001931e+28
iter_0909,1.4495182174168907e+28,6.663143318612052e+26,2.593858899717839e+24,2.981358215376692e+16,1.5164090364959644e+28
iter_0910,1.4713712910667439e+28,6.724545527945657e+26,2.5728228481775497e+24,3.258136761123631e+16,1.5388740286342764e+28
iter_0911,1.4743083627616896e+28,6.712387025199778e+26,2.791159284629521e+24,1.6519158771815038e+16,1.541711348943802e+28
iter_0912,1.4593179671421847e+28,6.794599414149978e+26,3.04164708542308e+24,2.7612829286265875e+17,1.5275681260198397e+28
iter_0913,1.4701205428294786e+28,6.744656661334239e+26,2.6353517589214697e+24,4069630891892841.5,1.5378306446191203e+28
iter_0914,1.4774965619162238e+28,6.709128703821823e+26,2.8161510545977795e+24,6.90467269467427e+20,1.5448695331066287e+28
iter_0915,1.464458582462574e+28,6.715907041821398e+26,2.694682762648958e+24,248726892645408.06,1.5318871211570777e+28
iter_0916,1.469613272740605e+28,6.709457793266375e+26,2.7620200386305127e+24,63991799948191.68,1.5369840526771384e+28
iter_0917,1.4661083249806812e+28,6.739996049627052e+26,2.840034035396329e+24,4.1026137695994426e+17,1.5337922889215176e+28
iter_0918,1.4506279320712844e+28,6.760892864683608e+26,2.8073768308053434e+24,1.8642963975852326e+17,1.518517598419844e+28
iter_0919,1.466935339526444e+28,6.646062046443626e+26,2.6084209776650345e+24,3.288911501411379e+17,1.5336568021215358e+28
iter_0920,1.4565419699287558e+28,6.69588705933417e+26,2.9065430352197435e+24,1.38629981714343e+17,1.5237914948394827e+28
iter_0921,1.4683563519896505e+28,6.82240655962051e+26,2.684364640780163e+24,6.2312932489091e+18,1.5368488546730628e+28
iter_0922,1.4544783975441339e+28,6.642682474308771e+26,2.502780411635314e+24,2.160224629078718e+16,1.5211555003305456e+28
iter_0923,1.4764815011365048e+28,6.603720874663883e+26,2.725232240577904e+24,1.987647948494397e+16,1.542791233109189e+28
iter_0924,1.463254712126027e+28,6.677334829697088e+26,2.532893140226565e+24,6.500404097807762e+16,1.5302813497435209e+28
iter_0925,1.4693996570042372e+28,6.704231103482373e+26,2.8870793245052237e+24,6.5294861604713576e+16,1.5367306759780412e+28
iter_0926,1.464909288482803e+28,6.71058388193345e+26,2.4533087011566287e+24,6.8081820148970584e+16,1.5322604581790614e+28
iter_0927,1.476320422934485e+28,6.638693109536214e+26,2.8784798540490097e+24,2.7550983460223684e+16,1.5429952020180074e+28
iter_0928,1.4642010938163124e+28,6.752516399721791e+26,2.6840278831528e+24,3439345149396976.0,1.5319946606021896e+28
iter_0929,1.4762336791325812e+28,6.691933504329618e+26,2.7730173282396497e+24,1.7384062815170562e+16,1.5434303159104397e+28
iter_0930,1.4727201752814584e+28,6.626326855599143e+26,2.709209512085165e+24,673436221783122.4,1.5392543647887255e+28
iter_0931,1.469555385730978e+28,6.626352846626111e+26,2.9513106380352585e+24,1.0292137596196594e+19,1.5361140462902564e+28
iter_0932,1.458121755789989e+28,6.80407612812901e+26,2.7756692855664537e+24,3.030608715403535e+19,1.5264400870304446e+28
iter_0933,1.4644399758730788e+28,6.72808967387087e+26,2.6123035250492917e+24,1.7148964190347948e+16,1.5319821029660072e+28
iter_0934,1.47092833980729e+28,6.743836340719485e+26,2.726680903304502e+24,3.2153751384887416e+16,1.5386393713080305e+28
iter_0935,1.4697139985897318e+28,6.670593258263026e+26,2.853763130104962e+24,6.711926655399877e+16,1.5367053074920845e+28
iter_0936,1.4656593834738e+28,6.809467923924709e+26,2.751613043104554e+24,1946559762577914.0,1.534029224017552e+28
iter_0937,1.4681306410467084e+28,6.816892948680347e+26,3.085000602250319e+24,4.5717649832655544e+18,1.5366080710509132e+28
iter_0938,1.4822367596718226e+28,6.755491812491696e+26,2.7136361594273997e+24,1.4272855906624576e+17,1.550063041426955e+28
iter_0939,1.4674432062061667e+28,6.797211071053988e+26,2.705038233190191e+24,7.932816022091099e+17,1.535685820819354e+28
iter_0940,1.463419701741778e+28,6.802817187742486e+26,2.64080764804266e+24,5.996041656378798e+17,1.5317119544439674e+28
iter_0941,1.4720916594867798e+28,6.785798877567283e+26,2.744151307363032e+24,1.9716545779813888e+18,1.5402240635903544e+28
iter_0942,1.4707312469132977e+28,6.80384019839113e+26,2.5818275211996495e+24,2.009376907914437e+16,1.5390278316513384e+28
iter_0943,1.4863507393963628e+28,6.555582819861682e+26,2.572704887063953e+24,6.526516620380712e+20,1.5521639033488523e+28
iter_0944,1.479784282804306e+28,6.75158990515098e+26,2.651365518769988e+24,1.0080009675406224e+17,1.5475653184177728e+28
iter_0945,1.4679002493927468e+28,6.711713273180721e+26,2.819789781696766e+24,3.655258214509389e+16,1.5352993611063787e+28
iter_0946,1.4721896244823943e+28,6.798779678732758e+26,2.54943073512432e+24,1.3583278670076194e+17,1.5404323643568177e+28
iter_0947,1.4641007057221502e+28,6.599223707442644e+26,2.6837327714166527e+24,2191352363164951.2,1.5303613160739375e+28
iter_0948,1.479586548588145e+28,6.717233329751152e+26,2.7652036190371765e+24,4759448562352827.0,1.5470354022480362e+28
iter_0949,1.4636817308868115e+28,6.760621080139443e+26,3.1531018180827866e+24,6795289008282325.0,1.5316032518706936e+28
iter_0950,1.466862040259574e+28,6.718861867109297e+26,2.769194350027089e+24,3453790521678934.5,1.5343275783660154e+28
iter_0951,1.4613589963262598e+28,6.727509956846891e+26,2.745385548795358e+24,1.1530976626827717e+17,1.5289086344611393e+28
iter_0952,1.4577940611601e+28,6.71494463247013e+26,2.629364298978328e+24,1875694620334792.0,1.5252064439148866e+28
iter_0953,1.4650362140434289e+28,6.792541220322336e+26,2.5665956403522863e+24,5567616640199.886,1.533218285810688e+28
iter_0954,1.4659340522053075e+28,6.751371337956266e+26,2.8673125819067586e+24,5578896535911271.0,1.533734496843619e+28
iter_0955,1.4595685544558869e+28,6.766793272282792e+26,2.7772949062672915e+24,5.4093246377750824e+16,1.527514216674751e+28
iter_0956,1.472073518276483e+28,6.750997670243802e+26,2.7597406663935464e+24,3.187143924976997e+17,1.539859469077432e+28
iter_0957,1.457642973643531e+28,6.84540380389825e+26,2.701523777338474e+24,1.3832943083750266e+17,1.5263671640740802e+28
iter_0958,1.4829447829922643e+28,6.718515324175976e+26,2.621664839087039e+24,8.461363354060876e+17,1.5503921028025464e+28
iter_0959,1.478562948133502e+28,6.74100524686892e+26,2.6016690079899256e+24,7.270207161306503e+21,1.5462338945237065e+28
iter_0960,1.4653322586731963e+28,6.686357069869583e+26,2.9253188226859146e+24,256825044830984.5,1.5324883612541864e+28
iter_0961,1.469250873330687e+28,6.678529686647581e+26,2.806880690740249e+24,9.273693487889074e+16,1.5363168582755106e+28
iter_0962,1.4667279577115123e+28,6.579523710301077e+26,2.9003378773386463e+24,4026836413674861.0,1.5328132286026594e+28
iter_0963,1.4584227274065918e+28,6.7770263903672e+26,2.5846266813878913e+24,3.473321129761871e+18,1.5264514543257348e+28
iter_0964,1.4860096543160974e+28,6.695761573647253e+26,2.7150503276850147e+24,7.2521171900558e+16,1.5532387750925906e+28
iter_0965,1.4663427868065611e+28,6.729855313106904e+26,2.6582664156697974e+24,7.071039668640456e+18,1.5339071672863011e+28
iter_0966,1.461797632026829e+28,6.776617021539913e+26,2.7910267241304875e+24,3.6706863327193544e+16,1.529842904918312e+28
iter_0967,1.4829180155619576e+28,6.66552874050477e+26,2.665698901924624e+24,5.488379892790096e+16,1.549839872862686e+28
iter_0968,1.4621682495171198e+28,6.837828707304418e+26,2.794739062267941e+24,1.2292698911474244e+19,1.5308260117256606e+28
iter_0969,1.464770490468509e+28,6.612402151534736e+26,2.6373292769288297e+24,2602096359900448.5,1.5311582449118095e+28
iter_0970,1.4769783156987438e+28,6.85450721052998e+26,2.7516533860201986e+24,2.0631240712757984e+17,1.5457985531632768e+28
iter_0971,1.4710028485589767e+28,6.774858761323155e+26,2.506723384498539e+24,992092068435832.9,1.5390021085107574e+28
iter_0972,1.4599770661516988e+28,6.681362981183174e+26,2.7756387457037496e+24,8.475988807786045e+16,1.527068259846577e+28
iter_0973,1.470437335162412e+28,6.609373228802958e+26,2.7178962061510836e+24,1.0888204403589198e+17,1.536802857081945e+28
iter_0974,1.481324113383842e+28,6.669727567903418e+26,2.9214549681361345e+24,1.2359970021975339e+17,1.54831353457205e+28
iter_0975,1.462679256365416e+28,6.74137574990401e+26,2.567835198223013e+24,1083144599735894.8,1.5303497973843868e+28
iter_0976,1.461507595092567e+28,6.71706833917685e+26,2.6885153920045484e+24,2.762492857807694e+19,1.5289471327860288e+28
iter_0977,1.460735977275605e+28,6.71565981159073e+26,2.6532757164591275e+24,339512912882196.7,1.528157902963192e+28
iter_0978,1.4718800185594713e+28,6.717357516243243e+26,2.647291962460581e+24,5.7608049922699624e+16,1.5393183229239105e+28
iter_0979,1.4615353893684801e+28,6.746804093204213e+26,2.9894119266824324e+24,1.2187601346775468e+16,1.5293023714944092e+28
iter_0980,1.4710263141241816e+28,6.87413288524074e+26,2.685422973717474e+24,1.273388647806675e+17,1.5400361852866946e+28
iter_0981,1.4752947081928044e+28,6.74503759027526e+26,2.7492791500286986e+24,5.5686550363180104e+16,1.5430200120161284e+28
iter_0982,1.4682007445190938e+28,6.71769100483728e+26,2.820169554607137e+24,1.2762625227991608e+18,1.5356596716505534e+28
iter_0983,1.4745879393777052e+28,6.648195107705293e+26,2.7060383918219183e+24,1.7399954608200328e+18,1.5413404944679397e+28
iter_0984,1.4742895997617256e+28,6.737993875668898e+26,2.8557047125369095e+24,1792260087094550.5,1.5419551089898475e+28
iter_0985,1.4668578388892774e+28,6.754582565876244e+26,2.7255560295075225e+24,8172971792229822.0,1.534676220151808e+28
iter_0986,1.4692968848718072e+28,6.752760315531364e+26,2.705114566840009e+24,3.5548769671465816e+16,1.5370949994873598e+28
iter_0987,1.4699427451978236e+28,6.766261253823804e+26,2.727619001438e+24,6232080693907925.0,1.5378781196368287e+28
iter_0988,1.4649208117454773e+28,6.721412587740187e+26,2.8944314675048456e+24,4078752903944623.5,1.5324243807700374e+28
iter_0989,1.482057760454286e+28,6.801292677456151e+26,2.6111954460569516e+24,1.9064128804658573e+17,1.5503318067925174e+28
iter_0990,1.4795602173937723e+28,6.635980888821001e+26,2.825208946346103e+24,7.341213124078646e+17,1.546202547250029e+28
iter_0991,1.4583841453038519e+28,6.69895101471805e+26,2.788164918951525e+24,7.978354677721032e+17,1.5256524720227111e+28
iter_0992,1.4617000375758156e+28,6.702287526260266e+26,2.62739473540467e+24,3.642317904461214e+16,1.528985652315601e+28
iter_0993,1.46763599456032e+28,6.709948578448278e+26,2.9481674451341843e+24,640411256097929.6,1.5350302970893801e+28
iter_0994,1.4474439917023284e+28,6.697595970620767e+26,2.5364827793513344e+24,26743089803205.977,1.5146735996864738e+28
iter_0995,1.4647734464930025e+28,6.793045884006319e+26,2.6851898718281893e+24,863190523031977.0,1.532972424320335e+28
iter_0996,1.4696900606936962e+28,6.745076635104977e+26,2.972267583362556e+24,8.974176029307123e+17,1.5374380538928239e+28
iter_0997,1.4604008993871014e+28,6.75263589513189e+26,2.7478071024881394e+24,3192187089712935.0,1.5282020390489882e+28
iter_0998,1.4517984962445e+28,6.697023628070417e+26,2.735075274778906e+24,1.0496131376089638e+16,1.5190422400537317e+28
iter_0999,1.481283587833655e+28,6.627107072183763e+26,2.579468972249344e+24,2.5766310436410022e+17,1.547812605478484e+28
iter_1000,1.4807855338851207e+28,6.957822781582245e+26,2.740078618661141e+24,4.037647182958711e+16,1.5506377695668469e+28
