iter,Upper Crust,Middle Crust,Lower Crust,Mantle,Total
iter_0001,1.8913014917710067e+28,2.7838373073954496e+27,2.032003167063656e+25,2.5648250989627752e+23,2.171742873928605e+28
iter_0002,1.8829417263422213e+28,2.8037834333365573e+27,2.1105795921723186e+25,8.195834429388744e+22,2.1654388451024785e+28
iter_0003,1.898915859579057e+28,2.791812709454358e+27,2.0791786353683267e+25,2.4280744345658262e+23,2.180200589904207e+28
iter_0004,1.9089004062925809e+28,2.7787219228248295e+27,2.0897064345605103e+25,2.31911695184388e+23,2.188885496179143e+28
iter_0005,1.8924619303558598e+28,2.7807723624413536e+27,2.0996016951563477e+25,1.7564734942899004e+24,2.17281441564458e+28
iter_0006,1.8792092396426878e+28,2.7722602848463014e+27,2.0270655566601506e+25,7.003932400719451e+22,2.158469337616379e+28
iter_0007,1.8798705331507775e+28,2.805867625418326e+27,2.0061581587220463e+25,3.082854008753435e+23,2.1624942823914202e+28
iter_0008,1.9108140679228413e+28,2.76708241917716e+27,2.076209054149119e+25,5.975292598799967e+22,2.189604494187305e+28
iter_0009,1.883751027859866e+28,2.77543141167044e+27,2.094840651321981e+25,1.0736985606788476e+23,2.163399746663839e+28
iter_0010,1.8800641168379805e+28,2.814671295414359e+27,2.0777911951433474e+25,1.2815425549469256e+23,2.1636218530001093e+28
iter_0011,1.8970166057128202e+28,2.7948937810403325e+27,2.121768917303841e+25,1.394694846628221e+23,2.1786416996826236e+28
iter_0012,1.8855795090452822e+28,2.758519551994728e+27,2.144393660480427e+25,2.4338367515786696e+23,2.1636001962727516e+28
iter_0013,1.903607559361705e+28,2.7860722634342573e+27,2.0295955284954456e+25,1.2541114603976776e+23,2.1842569223482305e+28
iter_0014,1.8893548166758714e+28,2.81249039754349e+27,2.1074810086563944e+25,3.68532615626031e+23,2.1727481907004395e+28
iter_0015,1.8819611272961766e+28,2.786457818173607e+27,2.085567919446905e+25,2.679782648181256e+23,2.162719274859466e+28
iter_0016,1.8839854312320503e+28,2.7620275281961274e+27,2.1021161511545694e+25,1.767158080467609e+23,2.1623079717836226e+28
iter_0017,1.8876638360109695e+28,2.8160267349713986e+27,2.0348470997296884e+25,2.3098444988427252e+23,2.171324455052827e+28
iter_0018,1.87948174801978e+28,2.783312418894569e+27,2.13068110039036e+25,2.7268133989879395e+23,2.1599709391436174e+28
iter_0019,1.8850546955378824e+28,2.7864073693407666e+27,2.0987354980164565e+25,1.0516778870308128e+23,2.165804684748846e+28
iter_0020,1.8730178499257027e+28,2.79108769059513e+27,2.05579161754053e+25,4.5089910536405705e+22,2.15418691959381e+28
iter_0021,1.8925657762696087e+28,2.772436736842135e+27,2.1571251088069623e+25,9.720414193205884e+22,2.171976295476822e+28
iter_0022,1.8816664939650775e+28,2.7981929037889707e+27,2.050477772055985e+25,6.445589871185694e+22,2.163542707705902e+28
iter_0023,1.8975565607663972e+28,2.800246212065136e+27,2.1008975342364764e+25,1.7055459300361152e+23,2.179699134966448e+28
iter_0024,1.9069850447029516e+28,2.810478382894341e+27,2.1226247614020936e+25,3.4358052849151573e+24,2.1904990882822793e+28
iter_0025,1.8739498039087224e+28,2.7824105855930427e+27,2.1799543538711047e+25,1.5696041777644677e+23,2.1543865128636753e+28
iter_0026,1.8920726390627576e+28,2.8278684138838217e+27,2.042372349177882e+25,6.176115718448942e+22,2.1769080289160364e+28
iter_0027,1.8817085126630106e+28,2.7864729834272535e+27,2.045776521613447e+25,1.5301574835748072e+23,2.1624168891021852e+28
iter_0028,1.9091851706651835e+28,2.8005071060014257e+27,2.086663879580112e+25,4.803162650381806e+22,2.191327348307557e+28
iter_0029,1.8833698998854864e+28,2.7914747209982814e+27,2.09618079760043e+25,1.3472400076966777e+24,2.1647482767836842e+28
iter_0030,1.8861813078207456e+28,2.7922220984490724e+27,2.0539183139201235e+25,1.65998537036056e+23,2.1674740358332767e+28
iter_0031,1.8863834232625263e+28,2.7834410638091544e+27,2.083391836416829e+25,2.2475584268918383e+23,2.1668333970641275e+28
iter_0032,1.881154313619635e+28,2.795766792641215e+27,2.0978237821440786e+25,1.2019689870140102e+24,2.1629490135646018e+28
iter_0033,1.8912946645719918e+28,2.783463889005174e+27,2.0488182686404816e+25,1.1188929925619058e+23,2.1717010606710753e+28
iter_0034,1.8859706974087815e+28,2.818244640545585e+27,2.0877868455998697e+25,1.874234006193878e+23,2.169901690649002e+28
iter_0035,1.912125350924996e+28,2.7552198746736725e+27,2.06135946363722e+25,8.336624282143661e+22,2.1897170344802828e+28
iter_0036,1.8972219939458453e+28,2.807253991661615e+27,2.0745689722150544e+25,3.280248318763896e+23,2.1800547645674093e+28
iter_0037,1.8898686691384067e+28,2.801908778668002e+27,2.068330756151385e+25,9.987060067484838e+22,2.1721378648214256e+28
iter_0038,1.9001348164296172e+28,2.7616221889638835e+27,2.1819599427582814e+25,1.115593142547924e+23,2.1784901512001894e+28
iter_0039,1.8897561443145735e+28,2.797880641021427e+27,2.1011051448605825e+25,2.09895526748895e+24,2.1718552090883254e+28
iter_0040,1.8896633169309527e+28,2.793870266468344e+27,2.1448665030515783e+25,3.712460988977852e+23,2.1712323346907285e+28
iter_0041,1.861221795324349e+28,2.8018203090701256e+27,2.067989248924373e+25,1.589320477549233e+23,2.1434877086850614e+28
iter_0042,1.8988211812601493e+28,2.7704430068805716e+27,2.044217683279018e+25,1.2771606944940381e+23,2.1779224712384305e+28
iter_0043,1.8698376579116175e+28,2.825076804217999e+27,2.0635390355649346e+25,2.8478294087191937e+23,2.15443735566307e+28
iter_0044,1.8901317574985016e+28,2.766735771401085e+27,2.0809122669342698e+25,6.530234302007408e+23,2.1689515492485647e+28
iter_0045,1.8757085212535847e+28,2.7970978974003127e+27,2.0230166871113736e+25,1.200024688093546e+23,2.157453327927608e+28
iter_0046,1.8933461508328453e+28,2.784090696859289e+27,2.065894097207206e+25,5.650056269039798e+23,2.1738776151786716e+28
iter_0047,1.88058228609227e+28,2.7801541294633726e+27,2.1634312929316318e+25,1.8215965102939077e+23,2.160779346296642e+28
iter_0048,1.8937308107470974e+28,2.809195657719608e+27,2.1050471829772075e+25,2.7223013787009675e+23,2.1767826467158225e+28
iter_0049,1.8780935097719188e+28,2.7728510096580927e+27,2.0682282953294753e+25,1.06130451555406e+23,2.1574574520782135e+28
iter_0050,1.8688239189126722e+28,2.7817087499221876e+27,2.094652310905311e+25,3.116880945556783e+23,2.149120615025252e+28
iter_0051,1.8740420368000343e+28,2.7789799927145473e+27,2.0392991257419232e+25,5.0442003862362636e+23,2.154029777201093e+28
iter_0052,1.8971541446540993e+28,2.7983674705102254e+27,2.1050725675590987e+25,2.5302048308602594e+23,2.1791212663209894e+28
iter_0053,1.9040377314185945e+28,2.7794264033436626e+27,2.1070391315546283e+25,2.7025931009458996e+23,2.1841144368155248e+28
iter_0054,1.876361163839048e+28,2.768881994147279e+27,2.129892694013905e+25,6.526464933523286e+23,2.1554445205971254e+28
iter_0055,1.9008312552399606e+28,2.7996704074101936e+27,2.097023020044929e+25,9.183683505995003e+22,2.1829045026845313e+28
iter_0056,1.8870222493687136e+28,2.778182944072384e+27,2.1131464340453233e+25,3.8606672989282525e+22,2.166957550877296e+28
iter_0057,1.8739293986738212e+28,2.8156100759524463e+27,2.1759239644533095e+25,2.671025854929754e+24,2.1579334328190122e+28
iter_0058,1.8680587242797698e+28,2.8016002868964665e+27,2.1025092975877395e+25,1.2527593036875241e+23,2.1503337898600413e+28
iter_0059,1.8905083649642894e+28,2.794428200534717e+27,2.139840404511729e+25,8.558143149224356e+22,2.172099583565422e+28
iter_0060,1.8770174961773309e+28,2.8188447595471073e+27,2.1473813610311305e+25,1.7143621504478977e+23,2.161066497114577e+28
iter_0061,1.8994642773415618e+28,2.811903599625598e+27,2.111150963835369e+25,1.680253448600292e+23,2.182782590802443e+28
iter_0062,1.8619398316342968e+28,2.7749011658346617e+27,2.0492678335935275e+25,1.7467267599592077e+24,2.1416538887273526e+28
iter_0063,1.9157249204949581e+28,2.776830735026652e+27,2.064620909986611e+25,8.525972851273169e+22,2.195481140880461e+28
iter_0064,1.880307443708068e+28,2.790385651241608e+27,2.10683623085756e+25,4.844741829021094e+23,2.1615012924813764e+28
iter_0065,1.8894546877895753e+28,2.797059455200652e+27,2.1371717354002296e+25,3.108216748157837e+23,2.171328887212522e+28
iter_0066,1.8869597270981386e+28,2.760979337166703e+27,2.1191530775280166e+25,6.798573015116931e+22,2.165183612465352e+28
iter_0067,1.9152705029465602e+28,2.809912627931273e+27,2.0805648793293206e+25,2.1656882047649995e+24,2.1985588994394928e+28
iter_0068,1.8746600106965623e+28,2.7802945765465816e+27,2.1417759814071253e+25,1.8384318554664975e+23,2.1548496286511825e+28
iter_0069,1.8666330397018775e+28,2.8017014261585443e+27,2.0778258006710556e+25,2.5288842548583586e+23,2.1489062969609518e+28
iter_0070,1.8907139183534636e+28,2.7643271474604716e+27,2.091892202153545e+25,8.997244201705705e+23,2.1693284977436815e+28
iter_0071,1.8798344217377028e+28,2.77777281063397e+27,2.084833640642531e+25,1.3003164529753543e+23,2.159709539606272e+28
iter_0072,1.8996614979958446e+28,2.819500983580262e+27,2.192526563059714e+25,5.074954518483631e+22,2.183809197871449e+28
iter_0073,1.8911794502695369e+28,2.7688610077741164e+27,2.133703444431017e+25,3.078026718938292e+23,2.170230034758569e+28
iter_0074,1.9012543689566994e+28,2.779491254589948e+27,2.081162111787946e+25,1.7836254909447985e+23,2.1813024927823914e+28
iter_0075,1.8892041620321469e+28,2.7841434029093606e+27,2.1242421163146665e+25,1.5050786454737334e+23,2.1697577952258523e+28
iter_0076,1.8785231449621515e+28,2.792333868839535e+27,2.075048850211954e+25,5.43508583752003e+22,2.159837015782154e+28
iter_0077,1.8861396084577225e+28,2.7832626638538916e+27,2.0386215451131086e+25,6.422009306514662e+22,2.1665109183975313e+28
iter_0078,1.8684913466719066e+28,2.7733554109899034e+27,2.089915108259954e+25,1.1816038656733932e+24,2.1480349632657243e+28
iter_0079,1.9018460518349827e+28,2.7802883944064965e+27,2.1606501206839287e+25,2.2753447151241058e+23,2.1820582948434677e+28
iter_0080,1.8834633397126077e+28,2.799352667194668e+27,2.153667152416916e+25,1.9131667586744773e+23,2.165571405252078e+28
iter_0081,1.8817244029770945e+28,2.78753845233663e+27,2.053308904601471e+25,3.393359724920102e+23,2.1625654907126084e+28
iter_0082,1.887832108668642e+28,2.786248943520546e+27,2.1061050149962937e+25,7.970951764392871e+23,2.1686428175533367e+28
iter_0083,1.8945280372621357e+28,2.7987716542335494e+27,2.1027598011237087e+25,1.229824246427777e+24,2.176630944911257e+28
iter_0084,1.8868215059535648e+28,2.794853783603264e+27,2.0709465774165367e+25,2.2033514153372282e+23,2.1683998644054615e+28
iter_0085,1.8920342300608143e+28,2.785138121162652e+27,2.1564247026239814e+25,3.18177123461824e+23,2.1727362845920493e+28
iter_0086,1.8824428637019342e+28,2.791668279558814e+27,2.0830578995361393e+25,7.853699737190517e+22,2.163700603257089e+28
iter_0087,1.89319381310317e+28,2.7930685605563495e+27,2.1101905582310825e+25,2.0440947536040006e+23,2.174631300664572e+28
iter_0088,1.9083143232343868e+28,2.7931398149470366e+27,2.100586609063836e+25,1.6128797352247874e+23,2.189745020135507e+28
iter_0089,1.8835975126907009e+28,2.768665324848815e+27,2.0400076761748123e+25,4.399558050363874e+22,2.1625084524098074e+28
iter_0090,1.886143050358357e+28,2.7906447592353645e+27,2.1181753358924524e+25,7.170879117422789e+22,2.1673328724969036e+28
iter_0091,1.9023873804780678e+28,2.763947744109274e+27,2.0865879045218573e+25,2.3800248480343958e+24,2.1811067452783207e+28
iter_0092,1.8889955359225782e+28,2.7968262234399715e+27,2.1535539010693292e+25,9.611177408354388e+22,2.170841323345053e+28
iter_0093,1.8869789823475581e+28,2.7876738336278324e+27,2.1274677510406126e+25,4.618011025856348e+23,2.167920013571641e+28
iter_0094,1.8907918000853274e+28,2.777691423401035e+27,2.1256586699950846e+25,4.39637265177766e+22,2.1706909974680783e+28
iter_0095,1.8838138744652176e+28,2.797134717411069e+27,2.1633527135692674e+25,1.1508553778855711e+23,2.1657022074736724e+28
iter_0096,1.8924384069047484e+28,2.7873123236869305e+27,2.142136039234172e+25,2.2208592454312325e+23,2.17333398390513e+28
iter_0097,1.873486016532355e+28,2.8092295236693184e+27,2.074942533346855e+25,5.6386583172144205e+23,2.156540298015806e+28
iter_0098,1.9003229430161985e+28,2.7938886123526503e+27,2.1012412755063905e+25,1.4438372908015522e+23,2.1818274838998776e+28
iter_0099,1.904267290249402e+28,2.779774527804569e+27,2.117104658887293e+25,7.594824015402137e+23,2.1844377959289005e+28
iter_0100,1.8886409670484388e+28,2.786109838819803e+27,2.1925876043848294e+25,1.312010147115442e+23,2.169457658636275e+28
iter_0101,1.8667528076074678e+28,2.7895921332640793e+27,2.122018424727142e+25,4.042664024439129e+22,2.1478380820226273e+28
iter_0102,1.8919868883800777e+28,2.7934721904967036e+27,2.1229966926970577e+25,3.8145046437985466e+23,2.1734952491688834e+28
iter_0103,1.882873990483042e+28,2.781444437505432e+27,2.073479424602442e+25,6.363412748367149e+22,2.163098277070936e+28
iter_0104,1.9146757744001864e+28,2.792885731510612e+27,2.033279913673546e+25,2.7075918916695432e+23,2.1960247033838383e+28
iter_0105,1.8700049685583318e+28,2.818672296980824e+27,2.1202619061880185e+25,1.253964988744879e+23,2.1540049998124894e+28
iter_0106,1.8690306513539212e+28,2.7923909063402473e+27,1.9944792065251086e+25,8.901184946036536e+22,2.150273122379417e+28
iter_0107,1.8909689582420282e+28,2.797304008131171e+27,2.153843612499892e+25,7.11551626219113e+23,2.1729243578302667e+28
iter_0108,1.8835466507255571e+28,2.8072476265588897e+27,2.058669181152073e+25,8.67646447358806e+22,2.1663387590270717e+28
iter_0109,1.896103033249165e+28,2.796645881081829e+27,1.985126325970997e+25,1.6688428762035176e+23,2.1777694361120806e+28
iter_0110,1.8885036004398748e+28,2.76792121031908e+27,2.023010857597115e+25,1.2668943146696673e+23,2.1673314012725266e+28
iter_0111,1.8813602258458119e+28,2.7783330407780116e+27,2.150166739712712e+25,4.769352006331198e+22,2.1613484660153325e+28
iter_0112,1.8879654647421874e+28,2.792580477669624e+27,2.02380129547939e+25,2.52724526338033e+23,2.169272586257263e+28
iter_0113,1.9119974018502417e+28,2.7909899667447255e+27,2.0299548083531123e+25,2.273851568933723e+23,2.1931490918487565e+28
iter_0114,1.8813660051814854e+28,2.7760221525364144e+27,2.069256001048663e+25,3.878094192540477e+23,2.1610762573781007e+28
iter_0115,1.8772302833828646e+28,2.800678830265338e+27,2.0553288580275955e+25,3.425060065116768e+24,2.1596960012739377e+28
iter_0116,1.89188205032507e+28,2.7715754846768943e+27,2.02562655381411e+25,1.7763139195868634e+23,2.1710829884857696e+28
iter_0117,1.8920239299616402e+28,2.8034416193701615e+27,2.1221982920986135e+25,1.0357222560352127e+23,2.174500647413315e+28
iter_0118,1.882760128770289e+28,2.7573678124360414e+27,2.0834531099315887e+25,1.1441606806426542e+23,2.1605918047306314e+28
iter_0119,1.9102527918598508e+28,2.767661641110016e+27,1.998279323688423e+25,1.0006066616139242e+23,2.189027241361157e+28
iter_0120,1.9081043235718204e+28,2.781277872286727e+27,2.19078629169957e+25,4.166354124464426e+23,2.1884645606334376e+28
iter_0121,1.9036121431055856e+28,2.779039427487479e+27,2.085189006129154e+25,6.345876670492729e+22,2.1836076207371333e+28
iter_0122,1.8804463739946233e+28,2.778881711745235e+27,2.0931500672514955e+25,5.33728056531966e+22,2.1604330325169636e+28
iter_0123,1.876283211041869e+28,2.7843886753212665e+27,2.0946833187522254e+25,3.8536861344981545e+23,2.1568552987540927e+28
iter_0124,1.8845746832195586e+28,2.774945341631779e+27,2.134926152204563e+25,1.037244702560034e+23,2.164214515981967e+28
iter_0125,1.9008976727988383e+28,2.7854081451611903e+27,2.0582784697130327e+25,1.533952363191443e+23,2.1815121053083023e+28
iter_0126,1.8904440558102044e+28,2.7817621863168386e+27,2.1249248056088507e+25,1.2787740545575435e+23,2.170757986988043e+28
iter_0127,1.906948809148351e+28,2.7934204603905575e+27,2.1325112697905552e+25,8.445892486797756e+23,2.1885078253820653e+28
iter_0128,1.8926228947639374e+28,2.810251247954162e+27,2.131662447067557e+25,1.0294052326914169e+23,2.1757899760587483e+28
iter_0129,1.9013774620684497e+28,2.776664038895346e+27,2.135264252623352e+25,4.987263217948668e+23,2.181229002842787e+28
iter_0130,1.8993463243573277e+28,2.7837041281032213e+27,2.1058849907981093e+25,3.8097117313324955e+23,2.179860719275761e+28
iter_0131,1.883248940894545e+28,2.818246053931792e+27,2.106110986557735e+25,5.193284928350973e+23,2.1672315901235654e+28
iter_0132,1.898727441884187e+28,2.800661748542575e+27,2.115372488241493e+25,7.285512509246525e+23,2.1809818443517787e+28
iter_0133,1.878551485654772e+28,2.795150529587853e+27,1.985284962022001e+25,1.4670562588927276e+23,2.1600664941381683e+28
iter_0134,1.9067142717140003e+28,2.7922447373725597e+27,2.10259650635936e+25,4.291260463369409e+23,2.188084254562249e+28
iter_0135,1.8742401616306106e+28,2.794094967166552e+27,2.00757248582061e+25,6.999540230487139e+22,2.1556642303733165e+28
iter_0136,1.8956256106436845e+28,2.782500680206464e+27,2.1105476654518103e+25,1.3628827964464711e+23,2.1759998551577473e+28
iter_0137,1.8925456460867547e+28,2.777851511435942e+27,2.0296268645675953e+25,1.3949975692147453e+23,2.172374374070609e+28
iter_0138,1.8766235360990901e+28,2.815248835344012e+27,2.01877415478793e+25,5.766850327353619e+23,2.1602248622915524e+28
iter_0139,1.8856103165841272e+28,2.8102966527005404e+27,2.0841166956627496e+25,4.437188171562468e+23,2.1687684704315593e+28
iter_0140,1.891188537691425e+28,2.7897478666314996e+27,2.050067085505971e+25,5.210389254294416e+22,2.1722186018293352e+28
iter_0141,1.8761589810815073e+28,2.8079412988085105e+27,2.0181318210192693e+25,3.373948644096876e+23,2.159004982269819e+28
iter_0142,1.8981441189090882e+28,2.785124953020374e+27,2.1247639470846945e+25,2.2768647270480434e+23,2.1788041468054807e+28
iter_0143,1.868580341260471e+28,2.810325918502048e+27,2.0700887397882256e+25,1.5393098955202494e+23,2.151698414949419e+28
iter_0144,1.875669736349589e+28,2.826430475687707e+27,2.090297377485457e+25,3.4170624350150636e+22,2.1604064983582804e+28
iter_0145,1.8792668559300987e+28,2.802451519666293e+27,2.0686478923357514e+25,2.0856516301272216e+23,2.161601512305365e+28
iter_0146,1.9029556522312163e+28,2.779448052456353e+27,2.1297014432377546e+25,1.6017901151534652e+23,2.183046176821241e+28
iter_0147,1.898517529262862e+28,2.8129749594563567e+27,2.087644269540155e+25,6.540232744527953e+22,2.181909209710782e+28
iter_0148,1.8841978096418445e+28,2.7655271384321325e+27,2.0489183924314288e+25,3.355717614987414e+23,2.1628329990536392e+28
iter_0149,1.8762038641703513e+28,2.795028773401196e+27,2.101295819378546e+25,5.730151476765831e+23,2.1578653388446174e+28
iter_0150,1.9043619915097516e+28,2.7845749159473084e+27,2.052956534489333e+25,2.0311516461989444e+23,2.184892751155434e+28
iter_0151,1.8846994232677076e+28,2.795305342529752e+27,2.05441226455251e+25,5.1700124929919954e+23,2.1663360699101653e+28
iter_0152,1.8766943452159198e+28,2.7812432424337155e+27,2.2097173689100585e+25,6.47705435746205e+22,2.1570348638825585e+28
iter_0153,1.890022458114893e+28,2.7721715400812625e+27,2.027716578186503e+25,2.9525811255363867e+23,2.169296854512461e+28
iter_0154,1.889138499521772e+28,2.784235899008258e+27,2.0646025219032235e+25,8.820271488014452e+23,2.1697148946593813e+28
iter_0155,1.9104816450350674e+28,2.7697721510694606e+27,2.0163877808177314e+25,1.9619835935379954e+23,2.189494867758766e+28
iter_0156,1.8973747147711238e+28,2.795044197150251e+27,1.982902524769955e+25,3.9387228949677e+23,2.1789014242398683e+28
iter_0157,1.8730492499884867e+28,2.8009648895581373e+27,2.164326615703173e+25,4.603268671185973e+23,2.155356098246715e+28
iter_0158,1.8634803826853885e+28,2.8218596229207475e+27,2.1234593430685064e+25,1.2816683875950526e+23,2.147802621004408e+28
iter_0159,1.889223773278015e+28,2.7804544966764135e+27,2.081852959802942e+25,6.712157036540884e+22,2.169357788062496e+28
iter_0160,1.8843568663720729e+28,2.7632909241636427e+27,2.169609912491008e+25,1.6757817742516174e+23,2.1628723265186704e+28
iter_0161,1.8892584061808136e+28,2.782725692239437e+27,2.1684168507305977e+25,1.7398218259462318e+23,2.1697167904737475e+28
iter_0162,1.883150595552533e+28,2.7879355712921563e+27,2.0683726913937145e+25,1.2279003308603973e+23,2.164024804376451e+28
iter_0163,1.8991679713541142e+28,2.775140444061859e+27,2.1084173857578266e+25,1.52829174597104e+23,2.1788057160635177e+28
iter_0164,1.898759137995894e+28,2.8094468889310996e+27,2.1243539428637616e+25,5.606524737030556e+22,2.181833787356605e+28
iter_0165,1.8787046830323873e+28,2.812456653152698e+27,2.025533919168707e+25,1.4108752742114373e+23,2.161989991019568e+28
iter_0166,1.87453723149393e+28,2.7617546865051255e+27,2.1020789523385314e+25,2.4574223441294087e+23,2.1528393533202227e+28
iter_0167,1.8857309942823652e+28,2.778655597461406e+27,2.125425944502423e+25,1.6805414395684058e+24,2.165890034116965e+28
iter_0168,1.8857616523710253e+28,2.8001005059933925e+27,2.0883075984628067e+25,8.804570244548628e+23,2.1679480562712725e+28
iter_0169,1.8754671913893707e+28,2.792585940554779e+27,2.0676301355416016e+25,2.7777520107891125e+23,2.156821193100498e+28
iter_0170,1.877163755654272e+28,2.810972651386618e+27,2.0752566376379277e+25,2.830855679280843e+23,2.1603645859873644e+28
iter_0171,1.9015486333671993e+28,2.793718909787673e+27,2.021662298104823e+25,1.786073992486001e+23,2.1829600473839965e+28
iter_0172,1.8906956920869668e+28,2.7971033636118264e+27,2.1061458949937413e+25,9.205107944420045e+22,2.1725213794510876e+28
iter_0173,1.8897113633051946e+28,2.777369031150178e+27,2.1377467972786335e+25,5.3429243998588216e+23,2.1696394424614896e+28
iter_0174,1.8972025122732375e+28,2.7711443777338316e+27,2.092974144845561e+25,2.1868906175507203e+23,2.176431793097642e+28
iter_0175,1.884857139441023e+28,2.7863588794286434e+27,2.0935446189349525e+25,1.0623034685706109e+23,2.1655971950375077e+28
iter_0176,1.89060221606453e+28,2.7934652173076585e+27,2.0990276247445917e+25,1.8780255872388387e+23,2.1720665456759133e+28
iter_0177,1.8920750850942479e+28,2.793600066440739e+27,2.190004800007782e+25,2.9342330753556894e+23,2.173654438869083e+28
iter_0178,1.9008013204824645e+28,2.7848030841101e+27,2.095514878561445e+25,1.031781208342993e+23,2.1813874615841194e+28
iter_0179,1.9094868390221248e+28,2.7859034499380173e+27,2.161184650899521e+25,2.0578478856750253e+23,2.1902589471456826e+28
iter_0180,1.8843250294796398e+28,2.793816546952127e+27,2.211438567161774e+25,8.945942760578751e+23,2.16600758216962e+28
iter_0181,1.8881340976074044e+28,2.809981762227062e+27,2.1049344158515162e+25,1.0643307796933434e+23,2.171247851553759e+28
iter_0182,1.910090249849977e+28,2.802765023519865e+27,2.0631613643550757e+25,7.33970743682344e+22,2.1924372532737557e+28
iter_0183,1.8944299831640248e+28,2.790242029344219e+27,2.176791909838738e+25,7.655159129995864e+23,2.1757075295995852e+28
iter_0184,1.886728562864139e+28,2.7909609124611486e+27,2.1755549254542733e+25,6.919095833641685e+23,2.1680693999940448e+28
iter_0185,1.89972477037086e+28,2.7654126375853524e+27,2.0218088519587492e+25,6.776711804547056e+22,2.1782946196931584e+28
iter_0186,1.8876606532054996e+28,2.795936977277448e+27,2.0382162921104108e+25,2.614356267243372e+24,2.169554002852079e+28
iter_0187,1.8719160424146243e+28,2.7919801981715753e+27,2.08029783485599e+25,2.7483269750101856e+23,2.1532218433363878e+28
iter_0188,1.8850599026391697e+28,2.7771730818824853e+27,2.2030319461638914e+25,2.1560785469213004e+23,2.1650018035590514e+28
iter_0189,1.8876365290602803e+28,2.766333141710651e+27,2.0126348421044076e+25,8.531965226624487e+22,2.166291010038676e+28
iter_0190,1.8880089785369726e+28,2.776520482850846e+27,2.1101644964676515e+25,3.056152041288479e+23,2.1678017528389378e+28
iter_0191,1.8709967358126334e+28,2.76930326019307e+27,2.141771856524005e+25,2.169675730988021e+23,2.1500905304457737e+28
iter_0192,1.8858774059008316e+28,2.7865970299358324e+27,2.114039038634507e+25,1.7625236730322538e+23,2.1666687731697794e+28
iter_0193,1.8777368225400832e+28,2.781017766001229e+27,2.0991221927014257e+25,1.3074730028109632e+23,2.1579507960629357e+28
iter_0194,1.9018320457304566e+28,2.7715488272308523e+27,2.0620645249911634e+25,4.5764580966978475e+23,2.1810947575594997e+28
iter_0195,1.8820038528822372e+28,2.8006187494633536e+27,2.059984152927744e+25,1.4389624735529255e+23,2.164140101606236e+28
iter_0196,1.8700714264597808e+28,2.780576001645618e+27,2.048681854246685e+25,2.5737050577017656e+24,2.1504350789843593e+28
iter_0197,1.8954627275252654e+28,2.8090067237795164e+27,2.0387781308546814e+25,9.20926155228643e+22,2.178411387295624e+28
iter_0198,1.8840768412628722e+28,2.808026207420798e+27,2.1457409373765745e+25,1.4049442337052865e+23,2.1670392523846656e+28
iter_0199,1.8944737067674708e+28,2.7953731664917e+27,2.0837249238657184e+25,1.8114919735200708e+23,2.176112863260242e+28
iter_0200,1.8759509827499592e+28,2.8074730769208564e+27,2.0688371917243814e+25,1.1686447707934275e+23,2.1587788140814768e+28
iter_0201,1.8899406921934634e+28,2.8031658133522083e+27,2.2290986259486682e+25,1.0033630270809306e+23,2.172496405784904e+28
iter_0202,1.8937799503024575e+28,2.798480828047568e+27,2.1394419011755034e+25,2.418440878139792e+23,2.175791659417171e+28
iter_0203,1.8959268268815163e+28,2.770207899170509e+27,2.103062837373566e+25,1.3167383639561294e+23,2.1750638470195803e+28
iter_0204,1.8812108085707889e+28,2.7980149281582975e+27,2.082498968106855e+25,7.586579932631135e+23,2.163170666154052e+28
iter_0205,1.899794487173186e+28,2.7971807911524506e+27,2.007833935939371e+25,8.43559651246076e+23,2.181604756189495e+28
iter_0206,1.8954844234526575e+28,2.799095186598107e+27,2.094723724395024e+25,9.386569326509964e+22,2.1774980524061897e+28
iter_0207,1.8931092750796467e+28,2.7786273789496965e+27,2.133025750914463e+25,2.1681339163274618e+23,2.1731267200646942e+28
iter_0208,1.8745786812169506e+28,2.8088036913465297e+27,2.0326934450964785e+25,1.5493402183986936e+23,2.1575072371988843e+28
iter_0209,1.8851966714010942e+28,2.792064784495529e+27,2.078355672034639e+25,6.855673755956901e+23,2.1665500622602412e+28
iter_0210,1.8877152286130166e+28,2.8161692151764646e+27,2.034543427300769e+25,1.1931978989315367e+23,2.171378625536953e+28
iter_0211,1.8901890995757481e+28,2.8087164902375195e+27,2.142092080430926e+25,2.172653862357258e+23,2.1732245672185547e+28
iter_0212,1.869683758626135e+28,2.7805003727571973e+27,2.0144426406372753e+25,1.364093705060213e+23,2.1497618794795427e+28
iter_0213,1.906250728709388e+28,2.7857024168688894e+27,2.0211334667892087e+25,1.938951328301257e+23,2.186861493376349e+28
iter_0214,1.883732895853401e+28,2.810979614851753e+27,2.115196686266867e+25,1.485925139994418e+23,2.1669609132762425e+28
iter_0215,1.8814609722935625e+28,2.773540733744233e+27,2.073676098227859e+25,2.462482612319276e+24,2.1611349700274453e+28
iter_0216,1.8961910244382941e+28,2.8223109717193775e+27,2.093560995118451e+25,2.3615927811738112e+23,2.1805392985331625e+28
iter_0217,1.893189342558502e+28,2.8090975610733857e+27,2.0420087066906705e+25,9.628513840212897e+22,2.1761507358863713e+28
iter_0218,1.9026068042180337e+28,2.807263896500466e+27,2.047479215570596e+25,2.691605863186644e+23,2.185407589142283e+28
iter_0219,1.8992873289221673e+28,2.798584298634557e+27,2.0700146380833312e+25,1.0847607992019368e+23,2.1812266210316983e+28
iter_0220,1.8812296659208706e+28,2.794364706918919e+27,2.0811369257173746e+25,5.628159151957345e+23,2.1628035551299997e+28
iter_0221,1.9040467771522773e+28,2.8103886573417306e+27,2.0311290702704033e+25,4.308539451980508e+23,2.1871598573512406e+28
iter_0222,1.899902202035676e+28,2.774716027336653e+27,1.997028780624443e+25,1.2407732474116852e+23,2.17938324128244e+28
iter_0223,1.9105409498701382e+28,2.814157923775531e+27,2.0803186297320604e+25,5.339211863415147e+23,2.194090452996057e+28
iter_0224,1.9072330566466886e+28,2.7801245507275113e+27,2.0808813144408857e+25,1.2459034068157304e+24,2.187450983374562e+28
iter_0225,1.897443862180186e+28,2.799037101223993e+27,2.004317021065149e+25,1.308014372634676e+24,2.179482690760914e+28
iter_0226,1.880200607576509e+28,2.7916812265821066e+27,2.0613260681541398e+25,1.628972217425797e+24,2.1615929535246167e+28
iter_0227,1.8978412967140991e+28,2.770844197855898e+27,2.146480638159488e+25,8.824221341871143e+22,2.1770810213591903e+28
iter_0228,1.891165806380475e+28,2.817880721817247e+27,2.130793367256221e+25,6.279143752638163e+22,2.1750909510732087e+28
iter_0229,1.876111281251456e+28,2.806118074916245e+27,2.081826951323916e+25,5.1939872651178336e+23,2.1588568555670556e+28
iter_0230,1.8849873911529127e+28,2.783429947442334e+27,1.9763045910323327e+25,4.4101118669044674e+23,2.1653507916068477e+28
iter_0231,1.911702280856966e+28,2.7636638715582304e+27,2.0831934115359446e+25,2.2579496973551553e+23,2.1901744409212987e+28
iter_0232,1.8996373297712303e+28,2.806840352295008e+27,2.0753857364643772e+25,1.0448003841020817e+23,2.1824071987410366e+28
iter_0233,1.887264353583209e+28,2.7902468065987044e+27,2.0473881066344184e+25,1.3452812379085526e+23,2.168349875162093e+28
iter_0234,1.8904035797818632e+28,2.7954432955170213e+27,2.064903715454431e+25,3.745460878832678e+22,2.1720165585098984e+28
iter_0235,1.8848974326695792e+28,2.7834580212774194e+27,2.0208691588436494e+25,1.13962883728109e+23,2.1652755002445375e+28
iter_0236,1.895880667117173e+28,2.767541682579949e+27,2.0567904378233856e+25,1.3403597410502372e+23,2.1747050294104017e+28
iter_0237,1.8901793907844485e+28,2.7698884014816113e+27,2.1352573003388377e+25,1.3824770316477236e+23,2.169317313003265e+28
iter_0238,1.898332310570323e+28,2.7773887731515154e+27,2.0794136140683724e+25,1.59695505490235e+23,2.178166571050092e+28
iter_0239,1.9074809797100464e+28,2.7802795931314545e+27,2.0298270766314558e+25,4.903332684635938e+22,2.187543669432508e+28
iter_0240,1.9031533172746281e+28,2.7597835919887535e+27,2.1306425342056387e+25,5.2853968370586715e+23,2.18131517297608e+28
iter_0241,1.869001270460321e+28,2.752563631370525e+27,2.1216880730969703e+25,3.7350948404112e+23,2.1464166726188743e+28
iter_0242,1.902889860619539e+28,2.7977826115153186e+27,2.124986209975706e+25,1.1081703539794469e+23,2.1848041896845866e+28
iter_0243,1.8815665892550616e+28,2.7773121404902215e+27,2.058006871180992e+25,1.7070869957131546e+23,2.161372881045222e+28
iter_0244,1.8886324817465526e+28,2.7808711874509807e+27,2.0989532219710884e+25,4.149505411694181e+23,2.168860048767739e+28
iter_0245,1.8841492981641961e+28,2.8005093830370664e+27,2.0254596631278544e+25,1.554885091151965e+23,2.1662412449819423e+28
iter_0246,1.8754324891886752e+28,2.8034714256967296e+27,2.1837118813972945e+25,3.139467391492638e+23,2.1579947383136608e+28
iter_0247,1.8893000324621852e+28,2.7916360354474184e+27,2.05926764336394e+25,9.89502751827547e+22,2.170532798677809e+28
iter_0248,1.8997169347533585e+28,2.789489851879837e+27,2.121984369014371e+25,2.5939106961070547e+23,2.180813843417318e+28
iter_0249,1.8765949789091817e+28,2.791936788111828e+27,1.9299870539728966e+25,1.3383964339369417e+24,2.157852484417731e+28
iter_0250,1.9014287458693607e+28,2.80509232651953e+27,2.13387050165496e+25,2.4648995523572904e+23,2.1840964980184923e+28
iter_0251,1.8946949187123552e+28,2.7775018787585903e+27,2.1566155408763317e+25,1.6790086807403323e+24,2.1747696229971644e+28
iter_0252,1.9031281851509863e+28,2.823537050974159e+27,2.0086183122479106e+25,6.508112256223658e+23,2.187555589683212e+28
iter_0253,1.9023903356072743e+28,2.797900531131666e+27,2.0978398274790177e+25,1.3076248740148597e+23,2.1842913047966602e+28
iter_0254,1.893617686298253e+28,2.807012502179342e+27,2.0486128677087756e+25,1.182480376261504e+24,2.1764857974215217e+28
iter_0255,1.8846504131632293e+28,2.797232761441373e+27,2.073963492474903e+25,2.2138750722595673e+23,2.166469791550564e+28
iter_0256,1.8853651738941279e+28,2.7918798481462744e+27,2.0942205987579416e+25,7.630731678918044e+22,2.1666550100391923e+28
iter_0257,1.8828018150513617e+28,2.806729794665996e+27,2.1314031670136186e+25,1.342968628504829e+23,2.16561962737126e+28
iter_0258,1.9234471506942108e+28,2.7817452427722023e+27,2.0612780556743967e+25,8.985706444438178e+22,2.20369193873355e+28
iter_0259,1.8846853952384715e+28,2.764757559517306e+27,2.0303660722231136e+25,2.2899358234995698e+23,2.1632144166206603e+28
iter_0260,1.8893333972401124e+28,2.7963221811133077e+27,2.1494376222186275e+25,1.1709034361873817e+24,2.1712321433172807e+28
iter_0261,1.876951015257043e+28,2.775009185284057e+27,2.0544328557812803e+25,5.290944136416865e+23,2.156559276082594e+28
iter_0262,1.8741538607374945e+28,2.7870560457225233e+27,2.010869776088195e+25,1.4025796298166097e+23,2.154884360882133e+28
iter_0263,1.9115524616622156e+28,2.8149029207863797e+27,2.123932481746071e+25,1.2603789197235528e+24,2.195292724114572e+28
iter_0264,1.8788129542503813e+28,2.7791154176655574e+27,2.0742526793681937e+25,1.0784600241081932e+24,2.158906594698716e+28
iter_0265,1.877270063010587e+28,2.7991086664894806e+27,1.998073824608733e+25,5.1192108761387525e+23,2.159230195592905e+28
iter_0266,1.873641852312912e+28,2.766883941920171e+27,2.1204594847360987e+25,8.282791586385603e+23,2.1525335339055294e+28
iter_0267,1.8832809672547116e+28,2.812213423505059e+27,2.2086164911103997e+25,9.587915871065622e+22,2.1667205140121987e+28
iter_0268,1.893586572859834e+28,2.7835964719458835e+27,2.0088980407719455e+25,1.3167733919132255e+23,2.1739682858291135e+28
iter_0269,1.9000502636290965e+28,2.773300472604845e+27,2.082344691081575e+25,2.707779110251366e+24,2.1797334334916875e+28
iter_0270,1.8643534423668826e+28,2.789754098612245e+27,2.1394939510279722e+25,5.220874873583476e+23,2.145520554927871e+28
iter_0271,1.8880101173230777e+28,2.8173475738563863e+27,2.096145925479866e+25,1.8016867345210732e+23,2.1718590375015417e+28
iter_0272,1.8915008686967085e+28,2.7951917399430334e+27,2.083552706795617e+25,8.294299819034584e+22,2.1731118896976263e+28
iter_0273,1.8719096399197099e+28,2.7845526098564704e+27,2.0626265591417137e+25,4.264043455191105e+23,2.152470167899051e+28
iter_0274,1.8983418333119498e+28,2.7827395042378516e+27,2.105755871310323e+25,3.3149561106357275e+23,2.178754689168152e+28
iter_0275,1.8891855846181005e+28,2.7631359882731825e+27,2.0983191720361367e+25,2.035969942154182e+23,2.1676178623168767e+28
iter_0276,1.9101998890265947e+28,2.7910957264497776e+27,2.071916684444202e+25,1.465291437509104e+23,2.1913960312703915e+28
iter_0277,1.9069486402755931e+28,2.7486093423563594e+27,2.076372480041138e+25,2.404738529731041e+23,2.183909994376567e+28
iter_0278,1.872778210327377e+28,2.807459142262075e+27,2.0494032900002687e+25,2.5992871963270596e+23,2.155599520715548e+28
iter_0279,1.873669371827118e+28,2.79605879669039e+27,2.096531870100511e+25,8.537032197064493e+22,2.1553803203984544e+28
iter_0280,1.8852902660699057e+28,2.7873417537397014e+27,2.041639988078366e+25,4.208662146957714e+23,2.166108168053424e+28
iter_0281,1.884051923203785e+28,2.7812049586435844e+27,2.1319147721401627e+25,5.7673419959592136e+23,2.164362007260243e+28
iter_0282,1.8842152896908262e+28,2.7628112887502207e+27,2.047674556516831e+25,6.927352267209717e+23,2.162613366645037e+28
iter_0283,1.9111415673597326e+28,2.8063219581135135e+27,2.064390121929682e+25,6.976242520987387e+23,2.1939079157182237e+28
iter_0284,1.8843022009469696e+28,2.8075808814689515e+27,2.1461748994825282e+25,2.1241149532400716e+24,2.1674188754886715e+28
iter_0285,1.8861403203524357e+28,2.7799081389813886e+27,2.130499666897439e+25,6.182798207713801e+22,2.16626781671568e+28
iter_0286,1.8901155586602822e+28,2.8028501820156536e+27,2.08270876036291e+25,1.3023433348228185e+23,2.172496309055559e+28
iter_0287,1.8821902837854196e+28,2.799292394749065e+27,2.035279342218695e+25,2.6791514720989657e+23,2.1641815941172655e+28
iter_0288,1.9064376132895722e+28,2.777852194391419e+27,2.138786703623305e+25,2.3622975642676177e+23,2.18638524240798e+28
iter_0289,1.9071287541990085e+28,2.804685465517184e+27,2.0837185213559993e+25,6.475998627136062e+23,2.1897457792583546e+28
iter_0290,1.9047414419233296e+28,2.767986854172994e+27,2.021998913448597e+25,1.5681493216837486e+23,2.1835778077472945e+28
iter_0291,1.8797436125780474e+28,2.7957748119873534e+27,2.09286359934693e+25,8.694299297965441e+22,2.161422651675428e+28
iter_0292,1.8761700273534783e+28,2.773064969729782e+27,2.1124899407286445e+25,6.696316459261932e+22,2.1555957105836446e+28
iter_0293,1.879660306799278e+28,2.770880907624051e+27,2.011279737249594e+25,4.0401929238715266e+23,2.1588000792281714e+28
iter_0294,1.8822847130480986e+28,2.7899327318208446e+27,2.0957321957970436e+25,1.8614131295717416e+23,2.163392332557276e+28
iter_0295,1.8864091186745194e+28,2.779395504922989e+27,2.1431816976658703e+25,5.169280514515636e+23,2.1665435436696295e+28
iter_0296,1.8835221140983485e+28,2.814515818916322e+27,2.056193185430912e+25,2.457654176327449e+23,2.167054465717175e+28
iter_0297,1.881062809518252e+28,2.7748172903090294e+27,2.1047767873923953e+25,4.8939483172056606e+23,2.1606982548197194e+28
iter_0298,1.902864871437823e+28,2.802674967484232e+27,2.0871058006683214e+25,1.805872476883409e+23,2.185237532711683e+28
iter_0299,1.8915408673433123e+28,2.785586796859993e+27,2.108732138273768e+25,2.273644061003903e+23,2.1722310156081955e+28
iter_0300,1.9024945007820305e+28,2.7732464337866065e+27,2.080190473807548e+25,5.894537755658399e+22,2.1819052291722542e+28
iter_0301,1.8866855162227052e+28,2.7870597503133015e+27,2.126209306482209e+25,3.106954112819678e+23,2.167548770101646e+28
iter_0302,1.8919306801450993e+28,2.782095401974887e+27,2.1551268041361847e+25,2.2364708158738892e+23,2.172317711854883e+28
iter_0303,1.8704805059386346e+28,2.792521805756997e+27,2.0708607754495633e+25,1.9208451748773897e+23,2.151822755741533e+28
iter_0304,1.8758793036770985e+28,2.801796793059141e+27,2.1702048686112796e+25,4.508461183362516e+22,2.1582336963128072e+28
iter_0305,1.869638901593947e+28,2.7879337608399054e+27,2.0536821789975557e+25,2.1540556904509248e+23,2.1505075004138396e+28
iter_0306,1.860526068273263e+28,2.80599011284316e+27,2.0275782439109433e+25,2.3471062255996707e+23,2.143176128863746e+28
iter_0307,1.8748831322843062e+28,2.7853437455151684e+27,2.2000495483166845e+25,3.061800680440777e+23,2.1556481743909444e+28
iter_0308,1.8808762237073133e+28,2.7999805827918534e+27,2.0281043006612317e+25,1.3782065647308342e+23,2.1629161683528074e+28
iter_0309,1.9082377798406783e+28,2.8175486200791373e+27,2.0777423814720207e+25,9.234075568059186e+22,2.192079618305632e+28
iter_0310,1.9181989259725654e+28,2.802727306246168e+27,2.068475603918919e+25,8.92961477944802e+22,2.2005490618158804e+28
iter_0311,1.8896667467210534e+28,2.7965612921315336e+27,2.098031036515837e+25,1.1725445999754337e+24,2.1715381614307205e+28
iter_0312,1.8915433959679405e+28,2.80337211286933e+27,2.010681495104221e+25,2.7416259530128796e+23,2.173918705009508e+28
iter_0313,1.9136367048788852e+28,2.8135237921814846e+27,2.146511759115671e+25,1.96165604934211e+23,2.197155212416642e+28
iter_0314,1.9031723221165584e+28,2.795590124183128e+27,2.072004417015343e+25,1.1898226369584419e+23,2.184815237178256e+28
iter_0315,1.8905152937317949e+28,2.805088295718241e+27,2.097280343703685e+25,2.642285146604767e+23,2.173147826498789e+28
iter_0316,1.8950375745367202e+28,2.7779079553176187e+27,2.1896727682343848e+25,4.9454455036732066e+22,2.1750229882822204e+28
iter_0317,1.9169001666787714e+28,2.8188341837674593e+27,2.112401787745095e+25,3.8096939891910066e+23,2.2009340837831546e+28
iter_0318,1.8845126716722737e+28,2.7636801639425325e+27,2.0315284758650683e+25,1.0906725222562293e+23,2.1629231232676146e+28
iter_0319,1.888297403057826e+28,2.8148893300255243e+27,2.0776208046284322e+25,1.787890030216002e+23,2.1718818357653094e+28
iter_0320,1.9034665290018047e+28,2.803062359039529e+27,2.026766124128856e+25,1.2308145642652943e+23,2.185811839175529e+28
iter_0321,1.8828508231153037e+28,2.77186985128525e+27,2.1140236097585276e+25,1.1505565127316086e+23,2.1621633374187143e+28
iter_0322,1.9091525167843758e+28,2.7715929964155833e+27,2.1000541820908674e+25,8.973337999535607e+23,2.1885016039880203e+28
iter_0323,1.9007988385475727e+28,2.800031803083497e+27,1.9792499982286745e+25,1.2839641311576846e+23,2.1827941084954627e+28
iter_0324,1.9106834791590285e+28,2.7938146126256263e+27,2.014652290010678e+25,2.125008434456669e+23,2.1921008427959465e+28
iter_0325,1.8767430885862022e+28,2.787345952703314e+27,2.0394199197480134e+25,1.0131158264013815e+23,2.1575272349345453e+28
iter_0326,1.888685638599657e+28,2.7988739777269733e+27,2.0457976228426284e+25,3.135873942707809e+23,2.1706501927346244e+28
iter_0327,1.8891136094048325e+28,2.771116276408558e+27,2.158098960230417e+25,3.6489990941874756e+23,2.1684198259968605e+28
iter_0328,1.880334568154167e+28,2.811611059510392e+27,2.1873203454264444e+25,1.7799708951952776e+24,2.1638609915401527e+28
iter_0329,1.8990512006920604e+28,2.798474105231499e+27,2.0674099243352373e+25,6.561456020236133e+23,2.181031635699748e+28
iter_0330,1.8689106464109708e+28,2.798203692002151e+27,2.0677001273123568e+25,6.668853097333036e+22,2.1508053845915953e+28
iter_0331,1.8786365465861118e+28,2.786276967406838e+27,2.0343120896251376e+25,8.013927368410805e+23,2.159378694690105e+28
iter_0332,1.9037028116144724e+28,2.790496021255032e+27,2.1158456426182133e+25,7.071990789261436e+22,2.1848753313733835e+28
iter_0333,1.8765137322918e+28,2.8047011497843243e+27,2.092185318509447e+25,4.334138834920363e+22,2.1590803667275772e+28
iter_0334,1.90986972672943e+28,2.7873544646867877e+27,2.100361668769756e+25,1.0499231730041093e+23,2.1907160340986085e+28
iter_0335,1.8908303845155485e+28,2.776513482915229e+27,2.1717616938580584e+25,6.985952812203342e+23,2.170723354029051e+28
iter_0336,1.8948771671386034e+28,2.783788975711103e+27,2.1034887641453947e+25,1.1999452580874956e+23,2.17537155292644e+28
iter_0337,1.9069942146119428e+28,2.7900365923904596e+27,2.0934019669903095e+25,2.1688705584202637e+23,2.188112964523563e+28
iter_0338,1.8828980965395554e+28,2.7896147760916624e+27,2.054812803990046e+25,6.014547266089239e+22,2.1639204014999775e+28
iter_0339,1.8923738412293426e+28,2.794530511526838e+27,2.108451523258713e+25,5.0619855292930785e+23,2.1739859637605784e+28
iter_0340,1.8907198873281983e+28,2.785366308281203e+27,2.090135412269418e+25,7.927181255826525e+22,2.171354580749844e+28
iter_0341,1.8786117414354557e+28,2.7626834245039224e+27,2.003252438741806e+25,2.911477852372844e+23,2.1569124511031136e+28
iter_0342,1.912772436197567e+28,2.7932394982083214e+27,2.1045902379876263e+25,3.362621832178451e+24,2.1945372384396045e+28
iter_0343,1.858986318513439e+28,2.804578198587697e+27,2.1050018709430554e+25,1.0211123944837485e+23,2.141559351367096e+28
iter_0344,1.8847311457001178e+28,2.790328637731655e+27,2.092523437931015e+25,5.225416603219446e+23,2.1659087870772467e+28
iter_0345,1.887865189025719e+28,2.7892885008632883e+27,2.1022942700435854e+25,1.4741594139679083e+23,2.168911074976231e+28
iter_0346,1.8733944562106342e+28,2.7783048349591877e+27,2.1908933738673254e+25,1.56615864148962e+23,2.1534314946668348e+28
iter_0347,1.8885188139577953e+28,2.787883332949126e+27,2.0578056105630345e+25,7.709410442465876e+22,2.1693726622737135e+28
iter_0348,1.902755082371613e+28,2.777442494429654e+27,2.0119493124610937e+25,1.5216194633537406e+23,2.182526497321673e+28
iter_0349,1.8869059791870496e+28,2.798255550470037e+27,2.0928008262091803e+25,6.7015625276809135e+22,2.16883103662279e+28
iter_0350,1.8987305656813023e+28,2.8226875216288216e+27,2.056566420716979e+25,3.29338103763662e+24,2.183385222368665e+28
iter_0351,1.8772009341872095e+28,2.784869035983473e+27,2.0655004563972595e+25,2.5705644803996944e+23,2.157779043886758e+28
iter_0352,1.871888389093323e+28,2.761979388144242e+27,2.103406472322817e+25,1.3812570806961129e+23,2.1502035469508766e+28
iter_0353,1.8807569795411409e+28,2.768770987174703e+27,2.203764008721445e+25,2.4527907271560697e+23,2.1598623701746042e+28
iter_0354,1.8989397113322245e+28,2.794615216511176e+27,2.1309076149464838e+25,1.2650411103802555e+23,2.1805447910093925e+28
iter_0355,1.8816243851521857e+28,2.782443214639265e+27,1.990320443798051e+25,2.9739385090097272e+23,2.1618887664450007e+28
iter_0356,1.8758318433698826e+28,2.8134120619417236e+27,2.0959416263768645e+25,2.924337848526728e+23,2.1592982345689174e+28
iter_0357,1.8889834380369547e+28,2.796175681888365e+27,2.0573553791608405e+25,9.418822788201411e+22,2.17066778042774e+28
iter_0358,1.8952865390599422e+28,2.768190917710643e+27,2.0872937994195243e+25,2.2704968260687923e+23,2.174215629598687e+28
iter_0359,1.8736852165997215e+28,2.780110317378649e+27,2.057466551951191e+25,1.4261793886851963e+23,2.1537679766834247e+28
iter_0360,1.8935777693766898e+28,2.818941170233501e+27,1.9914064667073594e+25,3.4310858920015636e+23,2.1774976037256677e+28
iter_0361,1.902448757696257e+28,2.7277690496468393e+27,2.1038845844701583e+25,1.428365604839897e+24,2.177472383805895e+28
iter_0362,1.876824832352755e+28,2.769925273508021e+27,2.10464724774325e+25,3.1703438000278216e+23,2.1559537103893008e+28
iter_0363,1.9075871532499194e+28,2.781596846019157e+27,2.128154781377958e+25,3.2999562589278375e+23,2.187907992195802e+28
iter_0364,1.8932758847941268e+28,2.808760007854997e+27,2.151553814746891e+25,8.565765211333685e+23,2.1763890970464865e+28
iter_0365,1.8730419982567753e+28,2.7519071055159136e+27,2.1170320360112253e+25,1.2799055555026593e+23,2.1503625398999325e+28
iter_0366,1.9001871012233167e+28,2.788797820890504e+27,2.066540092557518e+25,1.093801309066363e+23,2.1811443614180155e+28
iter_0367,1.888973131317487e+28,2.795794942308324e+27,2.1064166171128456e+25,4.624337254486056e+23,2.1707052855379768e+28
iter_0368,1.8732571448513245e+28,2.774567446796472e+27,2.060032877192843e+25,3.7353193519012624e+22,2.1527776577275163e+28
iter_0369,1.8624831838530219e+28,2.8335759823718424e+27,2.1192491589383092e+25,3.1092218180719494e+23,2.147991123467325e+28
iter_0370,1.898127672385877e+28,2.803827505794688e+27,2.138773495038518e+25,6.499081706557976e+23,2.18071418727745e+28
iter_0371,1.8753553693799376e+28,2.813595328304084e+27,2.116090036069794e+25,7.822988657490595e+22,2.1588388152350734e+28
iter_0372,1.9021691626488383e+28,2.7892437403890765e+27,2.056532241617572e+25,4.8839599749452674e+23,2.183198908529113e+28
iter_0373,1.8845213073134612e+28,2.7835000215764674e+27,2.0749442939866156e+25,9.755068909960353e+22,2.1649560088340046e+28
iter_0374,1.896563880972761e+28,2.7878462100114577e+27,2.081687606996912e+25,1.1348472478270744e+23,2.177441538053382e+28
iter_0375,1.879149478793787e+28,2.7731275938174536e+27,2.13341987026502e+25,5.206253698983491e+23,2.1586477205827875e+28
iter_0376,1.8886808652807298e+28,2.7655119408579943e+27,2.170452908351758e+25,4.249182728880498e+23,2.16744500410217e+28
iter_0377,1.8776146332013506e+28,2.789704981609484e+27,2.1875267664353926e+25,6.857701125822656e+23,2.158841235139993e+28
iter_0378,1.911712015439661e+28,2.7846302271705436e+27,2.024242188793554e+25,1.5428115215357124e+23,2.1922147084607242e+28
iter_0379,1.8941087266496136e+28,2.779196343214782e+27,2.048935395731302e+25,9.846627426051163e+22,2.1740871429942493e+28
iter_0380,1.8990490699796552e+28,2.773049426096179e+27,2.0352070742980025e+25,7.573704180937733e+22,2.178396793367752e+28
iter_0381,1.8871750778986292e+28,2.770156003462865e+27,2.0746279846788993e+25,5.3783666194706544e+23,2.166319089895789e+28
iter_0382,1.8898483145101808e+28,2.786999872388907e+27,2.0884527204639816e+25,4.9805759550528744e+23,2.1706865602290856e+28
iter_0383,1.8765562953890985e+28,2.793478800762644e+27,2.089120331539959e+25,3.0064065179648225e+23,2.1580233598620824e+28
iter_0384,1.884648650271325e+28,2.792451343044127e+27,2.102830807168798e+25,4.08364511131889e+23,2.1660374518340197e+28
iter_0385,1.8912600439980163e+28,2.766611502464834e+27,2.122850842145276e+25,4.518206538245612e+23,2.170089227152027e+28
iter_0386,1.8853979995143763e+28,2.7887960345395765e+27,2.0602965782712353e+25,9.78400704874515e+22,2.1663476835536535e+28
iter_0387,1.874457744919916e+28,2.792255200963042e+27,2.0869643639268985e+25,2.9048609985978246e+23,2.155799277990133e+28
iter_0388,1.8892600116707868e+28,2.7991255097157365e+27,2.1623858455053683e+25,1.535311259216505e+23,2.171350301600458e+28
iter_0389,1.8941151503855901e+28,2.787396223753807e+27,2.06918646557175e+25,4.0341685401029654e+23,2.1749643009119433e+28
iter_0390,1.891899608236579e+28,2.8165862987593645e+27,2.1707580912754436e+25,1.662636061994793e+23,2.1757456225644107e+28
iter_0391,1.8731745984787899e+28,2.7763777004254737e+27,2.1350927443825223e+25,1.7649473845866554e+23,2.152965110739566e+28
iter_0392,1.8715838879165106e+28,2.8015273300899605e+27,2.0461698046223663e+25,3.410558024630731e+23,2.153816896310375e+28
iter_0393,1.915274232202919e+28,2.7831971537560776e+27,2.0908016279724878e+25,1.3521858990470092e+23,2.19569827106549e+28
iter_0394,1.8833918648242179e+28,2.786758968096296e+27,2.068814100861349e+25,6.564319946727819e+22,2.1641431400546553e+28
iter_0395,1.897714631934381e+28,2.800214600674401e+27,2.009162886422207e+25,1.6802756991988684e+23,2.179762057645235e+28
iter_0396,1.9028775861936713e+28,2.8012018085813614e+27,2.1525745929295366e+25,1.4286130817260056e+23,2.1851646277755544e+28
iter_0397,1.870871903821768e+28,2.807821433781387e+27,2.0514463752935116e+25,1.7695642238848686e+23,2.1537231892174392e+28
iter_0398,1.882449067868038e+28,2.78013418496929e+27,1.9863599717256647e+25,1.0797635710077681e+23,2.162459643972403e+28
iter_0399,1.8946261244195537e+28,2.786676274099957e+27,2.0044213427876204e+25,6.914555047896223e+23,2.175367318722816e+28
iter_0400,1.8836056220141457e+28,2.806472505616701e+27,2.0431398298595534e+25,9.66878205670287e+22,2.166305681187732e+28
iter_0401,1.8672133406124418e+28,2.804035739523829e+27,2.1809362277779366e+25,7.743480268030915e+22,2.149805594272871e+28
iter_0402,1.8946105227922462e+28,2.800741729174748e+27,2.01364159885374e+25,1.5687730735023816e+23,2.17671402503931e+28
iter_0403,1.9021065676764957e+28,2.7999745647151056e+27,2.0417951976194338e+25,7.550676994842395e+22,2.1841533700226207e+28
iter_0404,1.8880952657831037e+28,2.8012001097841073e+27,2.0815963432954294e+25,6.661529583402696e+22,2.1703035346343938e+28
iter_0405,1.8960584668742087e+28,2.8277162583857047e+27,2.01211027295849e+25,1.1181704230633423e+23,2.1808533846899685e+28
iter_0406,1.8836859847377863e+28,2.782507524182991e+27,2.0608755682183992e+25,1.1182650367226487e+23,2.1640087953746713e+28
iter_0407,1.8959897484276322e+28,2.791188242418857e+27,2.1537398417905264e+25,1.650976189027501e+23,2.1772788222731986e+28
iter_0408,1.8682890380544837e+28,2.793639537847069e+27,2.054237639538233e+25,1.702400245944924e+23,2.149724253481188e+28
iter_0409,1.8813289492056013e+28,2.791922348124177e+27,2.031830607525533e+25,1.7285413808667646e+23,2.162570300039353e+28
iter_0410,1.885908527757274e+28,2.7795974519694575e+27,2.070483162212899e+25,4.136482115736985e+23,2.16598012093759e+28
iter_0411,1.8866188445319052e+28,2.7725606189709846e+27,2.1165999378901676e+25,3.8551502612819623e+23,2.1660300578695064e+28
iter_0412,1.9044418852601331e+28,2.7974664235130527e+27,1.9902137415899035e+25,1.3981442403923223e+23,2.1861927227954322e+28
iter_0413,1.902655083507997e+28,2.813685837403561e+27,2.0348393824314368e+25,6.9515440067610914e+22,2.1860654581747914e+28
iter_0414,1.8642328724561244e+28,2.727080666968744e+27,2.0143081753847347e+25,2.6182750004643717e+23,2.138981430078388e+28
iter_0415,1.889963814160505e+28,2.811780030337274e+27,2.111223915729547e+25,1.576267431105606e+23,2.1732688037842727e+28
iter_0416,1.8999407508624204e+28,2.8029927804646843e+27,1.9790015717950514e+25,1.0542632112262387e+23,2.1822295731127963e+28
iter_0417,1.8794219400745831e+28,2.791658300634236e+27,2.125755851736126e+25,9.577003466389878e+23,2.160809296024407e+28
iter_0418,1.8926037155643493e+28,2.788202625766172e+27,2.1003823171533624e+25,1.1976397732465297e+23,2.1735363368558524e+28
iter_0419,1.8944414945942418e+28,2.756478315800255e+27,2.078322408583191e+25,5.990007845492503e+23,2.1722275486613053e+28
iter_0420,1.8953891716267218e+28,2.802545109531964e+27,2.081733814583352e+25,4.026394386366371e+23,2.177765680338365e+28
iter_0421,1.9010795229200808e+28,2.774204999719411e+27,2.0139060791379878e+25,1.372567615477013e+23,2.180527654647315e+28
iter_0422,1.893968587434033e+28,2.8128697321986074e+27,2.0692215816774116e+25,2.3383144140815935e+23,2.177348165379712e+28
iter_0423,1.901757324563912e+28,2.800498243981373e+27,2.0432313851753622e+25,4.235298276701356e+23,2.1838927333299914e+28
iter_0424,1.8808884885162212e+28,2.812307092502989e+27,2.097361996658519e+25,4.991294204986211e+23,2.1642664727052286e+28
iter_0425,1.890225717370334e+28,2.801847380100936e+27,2.0750767651966336e+25,7.456018549895126e+22,2.172492988164174e+28
iter_0426,1.8820524667393013e+28,2.781382045894191e+27,2.2069482114522954e+25,4.130683586200126e+23,2.1624389263760347e+28
iter_0427,1.8858889937874375e+28,2.807910662410538e+27,2.1161658636462625e+25,9.83425186028026e+22,2.168806060143998e+28
iter_0428,1.8930855117693234e+28,2.791158396874596e+27,2.0463468122322673e+25,1.5701153761444262e+24,2.1744047098066296e+28
iter_0429,1.9024782568674276e+28,2.7925237247883466e+27,2.0891728381688742e+25,2.101086858875346e+23,2.1838408130530196e+28
iter_0430,1.8793159202788328e+28,2.803811615749648e+27,2.0535574386715092e+25,1.5108025350918569e+23,2.16176574731782e+28
iter_0431,1.8700510884242162e+28,2.799077906059033e+27,2.0236321709083125e+25,4.6736629006857855e+22,2.1519871848639285e+28
iter_0432,1.8718578737409152e+28,2.798445817456743e+27,2.0714428762999238e+25,9.240500156397218e+22,2.153783138863046e+28
iter_0433,1.88605441641022e+28,2.798505899902484e+27,2.0716711575438807e+25,1.564125411171786e+23,2.167992318812124e+28
iter_0434,1.8904917835621913e+28,2.815378667721476e+27,2.0969565784222998e+25,9.269455350928873e+22,2.174135876368112e+28
iter_0435,1.881669918321259e+28,2.7866099429528e+27,2.212094860955149e+25,2.592381767399768e+23,2.1625689312951683e+28
iter_0436,1.8921816379622764e+28,2.7802571276325685e+27,2.128501096145411e+25,1.3632369520502627e+23,2.172349484191199e+28
iter_0437,1.8852592874679632e+28,2.801611398850688e+27,2.1603455699429187e+25,2.2407625612707958e+24,2.167804849179102e+28
iter_0438,1.889064929555036e+28,2.7898294435796224e+27,2.069626518246233e+25,2.6614543252057918e+23,2.1701441149744967e+28
iter_0439,1.8848866790724038e+28,2.778414195545629e+27,2.0001858772822906e+25,4.790291156683423e+22,2.1647330747954054e+28
iter_0440,1.8789274072827245e+28,2.79413909773389e+27,2.136900419030779e+25,6.429318545315813e+23,2.1605425106605973e+28
iter_0441,1.8933810198598907e+28,2.790231030258221e+27,2.1104987552105182e+25,1.5242864895001998e+23,2.1745298645058187e+28
iter_0442,1.903047434418197e+28,2.77823353880489e+27,2.1005742043788065e+25,1.563221332301531e+23,2.1829869947163882e+28
iter_0443,1.90463899699694e+28,2.792753803923962e+27,2.1398470931466086e+25,3.20036767680877e+23,2.1860862281592515e+28
iter_0444,1.9029871882338431e+28,2.799620637028724e+27,2.041486577460114e+25,3.1383464687884154e+23,2.1850221219788634e+28
iter_0445,1.8785876444646867e+28,2.793724678690897e+27,2.083825314636998e+25,1.0224648138337026e+24,2.160146184129797e+28
iter_0446,1.8928201446809484e+28,2.7735199776005403e+27,2.137845568756548e+25,8.549142577508903e+23,2.172395479435534e+28
iter_0447,1.9051992915839197e+28,2.7894581175872514e+27,2.0569350744630617e+25,1.049740920912385e+23,2.1862125358263173e+28
iter_0448,1.886814511822743e+28,2.785169836786444e+27,2.060235408526059e+25,1.1006529224825282e+23,2.1674027374391386e+28
iter_0449,1.8803902730237348e+28,2.7790078575067925e+27,2.020423356247163e+25,2.8950553021919235e+23,2.160340432683683e+28
iter_0450,1.8896567707566377e+28,2.794392039738399e+27,2.116916150787709e+25,1.3913770474767245e+23,2.17122680465174e+28
iter_0451,1.9030798678371473e+28,2.7778151829884715e+27,1.9903828036741055e+25,1.255843670924116e+23,2.182864327376378e+28
iter_0452,1.8948273849447099e+28,2.776096858056856e+27,1.9872622152515397e+25,3.1948356939027535e+23,2.174456281322586e+28
iter_0453,1.8981490831217557e+28,2.7939734618632264e+27,2.0729553586403335e+25,1.4194752018753213e+23,2.1796335794187375e+28
iter_0454,1.8803496547990248e+28,2.7853257092944064e+27,2.112075043493376e+25,1.3997099666024876e+23,2.161008297871625e+28
iter_0455,1.8764103540034834e+28,2.778467932458626e+27,2.1044217515788054e+25,2.4583107329003544e+24,2.156607400074215e+28
iter_0456,1.8882692065384238e+28,2.8149939105932534e+27,2.0062621537428766e+25,2.534547857424438e+23,2.1718002052300664e+28
iter_0457,1.896801325572456e+28,2.7785075786197687e+27,2.1031953012109384e+25,1.368022146149617e+24,2.176892080950259e+28
iter_0458,1.8690358339346395e+28,2.7701192647478197e+27,1.988463338498598e+25,1.3388947742131694e+24,2.1481701132253412e+28
iter_0459,1.9061540616509115e+28,2.7746458039334887e+27,2.13081522644122e+25,6.720021070229869e+22,2.1857561772917717e+28
iter_0460,1.8924694142489643e+28,2.7953369983480883e+27,2.1100591810313748e+25,8.270689231502982e+22,2.174121443954036e+28
iter_0461,1.8897946963914171e+28,2.800148576460921e+27,2.065171832276491e+25,2.4788830144180358e+23,2.1718995146999296e+28
iter_0462,1.8836806787544083e+28,2.77211171914298e+27,2.128917391299693e+25,5.22645865528947e+23,2.163073032646559e+28
iter_0463,1.8692197912039743e+28,2.775378330612234e+27,2.0108842843869707e+25,3.781284740454432e+23,2.148806321396989e+28
iter_0464,1.907667712701304e+28,2.785753508252301e+27,2.196296228337724e+25,2.2968448654963678e+23,2.188462328203527e+28
iter_0465,1.8854999650002199e+28,2.785261660399424e+27,2.087887796200523e+25,1.7287203316945572e+23,2.1661313060396797e+28
iter_0466,1.871779126321524e+28,2.796291762025071e+27,2.0121256102046318e+25,7.68574245686909e+24,2.1541890023799223e+28
iter_0467,1.8802812053215597e+28,2.778729624054395e+27,2.1128734034073e+25,1.5062260997973064e+23,2.1602821033914045e+28
iter_0468,1.8962893209128602e+28,2.7767173036344835e+27,2.0443433089625114e+25,8.50642058792796e+22,2.176013901005859e+28
iter_0469,1.8918997563175193e+28,2.7952578223055324e+27,2.1250334539448425e+25,3.402742370762704e+23,2.173584599425725e+28
iter_0470,1.8806732406516428e+28,2.773731365434175e+27,2.124036152893288e+25,2.4256418236108143e+24,2.1604129775303144e+28
iter_0471,1.8997654446588993e+28,2.789809249516711e+27,2.094379291198945e+25,1.3013625665306293e+23,2.180853762527435e+28
iter_0472,1.9009770657952352e+28,2.8183421344104827e+27,2.0599865149046605e+25,2.3043373879706548e+24,2.1851016994899853e+28
iter_0473,1.8970390416147156e+28,2.812839347650319e+27,2.170977502772175e+25,2.5842477887871793e+23,2.1805197963604077e+28
iter_0474,1.887971368219813e+28,2.8302052441013864e+27,2.047011578815765e+25,1.741153050023701e+23,2.173056315739268e+28
iter_0475,1.8779789858826722e+28,2.797845571831534e+27,2.1235381973541157e+25,4.10824830763283e+23,2.159928163746256e+28
iter_0476,1.9022466249685612e+28,2.80109643627049e+27,2.0815476309058255e+25,1.622800387702672e+23,2.1844540442303927e+28
iter_0477,1.8790617615957269e+28,2.798869120923551e+27,2.125172742230787e+25,2.315985131737337e+23,2.16109700628163e+28
iter_0478,1.885299152740334e+28,2.8076380177609147e+27,2.1441566180852187e+25,2.607674896637246e+24,2.1684678786241746e+28
iter_0479,1.8928438028494565e+28,2.785228182908407e+27,2.0690177942296114e+25,6.739477025910032e+22,2.1734423784115525e+28
iter_0480,1.8811372787610296e+28,2.7908637793029957e+27,2.110125935038872e+25,3.583630806332381e+23,2.1623696189344314e+28
iter_0481,1.875743448749819e+28,2.804616525844116e+27,2.063769522611428e+25,7.995068584553888e+22,2.158276865925427e+28
iter_0482,1.8957781219350778e+28,2.7841707736315995e+27,2.1421809659036114e+25,2.1730144745772e+23,2.1763591104088873e+28
iter_0483,1.8620786736692301e+28,2.7786363395699295e+27,2.1556399078533814e+25,7.2971457131270766e+22,2.1421052446797893e+28
iter_0484,1.8834825756292934e+28,2.8123255424504773e+27,2.101803203694373e+25,1.180247481002676e+23,2.1668287355528455e+28
iter_0485,1.8786028981634873e+28,2.774835722709154e+27,2.088508663294207e+25,5.4362882249806865e+22,2.1581804153859217e+28
iter_0486,1.8800548098874766e+28,2.761830215492816e+27,2.118703833175567e+25,6.3053956274302375e+22,2.158362840665561e+28
iter_0487,1.8843630370974071e+28,2.7808622449820717e+27,2.088535176390105e+25,5.767136994838116e+22,2.164543563908999e+28
iter_0488,1.8872250876249834e+28,2.800675217052603e+27,2.0413889510748917e+25,1.606099701092819e+23,2.16935005927833e+28
iter_0489,1.8816494689431181e+28,2.778832439931767e+27,2.0122343130137398e+25,1.327910160999469e+24,2.1616777382654084e+28
iter_0490,1.8966132591227969e+28,2.793006167161145e+27,2.1053370296034756e+25,1.104122408621913e+23,2.1780302540926014e+28
iter_0491,1.8969239485635494e+28,2.804304171094852e+27,2.1157198399545572e+25,1.9523800948911944e+23,2.179489609313938e+28
iter_0492,1.872719387813661e+28,2.778020442973833e+27,2.0832077466534116e+25,3.301068450046204e+23,2.1526376505421983e+28
iter_0493,1.8765629346958118e+28,2.787501226950051e+27,2.0994107242721487e+25,5.157482674856746e+22,2.157417625597764e+28
iter_0494,1.9008711318869868e+28,2.787193624905728e+27,2.1479185394446014e+25,9.914410819384125e+22,2.181748327327824e+28
iter_0495,1.8711884038017843e+28,2.7800764063406373e+27,2.1229124899309684e+25,1.8705552545720562e+24,2.151506012451236e+28
iter_0496,1.8879640825819701e+28,2.760448336024179e+27,2.0297728026919047e+25,5.557105637534312e+22,2.1660442460927174e+28
iter_0497,1.893107444742385e+28,2.7630177100365993e+27,2.1396183333763175e+25,4.600799014116256e+22,2.1715534348784352e+28
iter_0498,1.8891737664796244e+28,2.774808209484214e+27,2.00615234687567e+25,2.104841923712543e+24,2.1688712239672932e+28
iter_0499,1.904733499951843e+28,2.824976932476379e+27,2.108031962877708e+25,1.722179144998305e+23,2.1893564469538087e+28
iter_0500,1.906543391912629e+28,2.770780050511112e+27,2.1335721243971322e+25,1.0641438649425903e+24,2.1858613834746316e+28
iter_0501,1.8909604043128323e+28,2.796117362480248e+27,1.9791747755248905e+25,8.148635124854304e+22,2.172559463971507e+28
iter_0502,1.884720021602052e+28,2.7820631639576555e+27,2.1178339886157037e+25,1.6964004057069155e+23,2.1650611359904905e+28
iter_0503,1.9037628847025292e+28,2.774225322169491e+27,2.036321362879281e+25,4.7315580632230736e+23,2.18326905386299e+28
iter_0504,1.8736067279441845e+28,2.779612040566422e+27,2.0421283749254155e+25,9.50634882407678e+22,2.1536195667245765e+28
iter_0505,1.8937177265096671e+28,2.8055401072691245e+27,2.0897040558464325e+25,2.532257853810231e+23,2.176386763870964e+28
iter_0506,1.8800074938904502e+28,2.767635479425172e+27,2.085001213625658e+25,3.1913071556094386e+23,2.1588879561181493e+28
iter_0507,1.8974212812466318e+28,2.7567344120304777e+27,2.1006348081720807e+25,1.3489552302246316e+24,2.1753302527808744e+28
iter_0508,1.8939214652817666e+28,2.7975469705154246e+27,2.0180876774510577e+25,8.429128744049252e+22,2.175702679139504e+28
iter_0509,1.8825126324379834e+28,2.7642094962761256e+27,2.037443934907389e+25,2.3652349349703556e+24,2.1612075494940002e+28
iter_0510,1.8940586749522093e+28,2.7775546879874774e+27,2.1915525498416136e+25,1.6944293715343984e+23,2.1740226405945137e+28
iter_0511,1.8824011777793493e+28,2.814721052311629e+27,2.0456847770306358e+25,5.0337094989743944e+22,2.1659240014970416e+28
iter_0512,1.888716326757609e+28,2.7868182137161165e+27,2.143405900585309e+25,3.0760620805339957e+23,2.169572314650611e+28
iter_0513,1.8928223545213818e+28,2.76545245711646e+27,2.120137518025928e+25,1.4940741959569913e+23,2.1715026784930133e+28
iter_0514,1.8780392186826558e+28,2.766506914195205e+27,2.0889603619790904e+25,4.007335048670604e+23,2.156818943814642e+28
iter_0515,1.8901547215144507e+28,2.7773943849615683e+27,2.048799128614599e+25,1.7763895659683746e+23,2.169960723034882e+28
iter_0516,1.8859655539547065e+28,2.8113682183353987e+27,2.0903710258753886e+25,4.42085019220599e+23,2.1692369553160437e+28
iter_0517,1.902215320364258e+28,2.8006442574568436e+27,2.0574408036027034e+25,1.5512514111860468e+23,2.184352699427657e+28
iter_0518,1.8935897974539398e+28,2.794293737390703e+27,2.0541664853188243e+25,1.8466849064638743e+24,2.175258006168975e+28
iter_0519,1.8502385603009885e+28,2.807854885517945e+27,2.05607822101785e+25,4.327071155063346e+23,2.1331233977853515e+28
iter_0520,1.8942951607627684e+28,2.7909586712350985e+27,2.098218389395063e+25,1.1221730914898852e+23,2.1755004680065885e+28
iter_0521,1.9159541761238608e+28,2.7927704330748254e+27,2.0549315162872964e+25,8.397414125828798e+22,2.1972945483617565e+28
iter_0522,1.8559811505109767e+28,2.763932501953943e+27,2.010260875376959e+25,1.5485152512521124e+23,2.134400146734261e+28
iter_0523,1.896785758563785e+28,2.801574919330921e+27,2.14587118024856e+25,1.3208885310257018e+24,2.1792212105302282e+28
iter_0524,1.8965852590114476e+28,2.8182581290757055e+27,2.1088820608801436e+25,3.9420207552479686e+23,2.1805593741874506e+28
iter_0525,1.9167296707645556e+28,2.8033394640218984e+27,2.1679231605286345e+25,1.3617717340614408e+23,2.1992451580446146e+28
iter_0526,1.891990483051285e+28,2.7660649299186256e+27,2.079152643174887e+25,7.584421327076519e+23,2.1707519728995933e+28
iter_0527,1.8927044756591037e+28,2.794963827479168e+27,2.1624598821014095e+25,2.008283834767551e+23,2.1743834011274694e+28
iter_0528,1.86744251985698e+28,2.8154722958534785e+27,2.105074229738798e+25,1.2207306884378535e+24,2.15121689674091e+28
iter_0529,1.9027275309280947e+28,2.790967999327253e+27,2.02283988339656e+25,1.8301352795828466e+23,2.183865472097012e+28
iter_0530,1.8995956341561542e+28,2.80856402504384e+27,2.041318167032939e+25,1.0327739939688741e+23,2.182503682567511e+28
iter_0531,1.872953214208194e+28,2.809547608630905e+27,2.069864032995937e+25,1.9928560326555108e+23,2.1559977676646066e+28
iter_0532,1.890645090257472e+28,2.796049270176944e+27,2.0518347422308423e+25,1.2006114868248773e+23,2.172313858132265e+28
iter_0533,1.8930505094371218e+28,2.790831028949878e+27,2.0294914192249845e+25,6.4920516840361766e+22,2.1741695958030187e+28
iter_0534,1.89307612362955e+28,2.7857256301115843e+27,2.0303951977675995e+25,1.1263053195945634e+23,2.173690344891672e+28
iter_0535,1.8907654590891198e+28,2.770525503005292e+27,2.104883901029781e+25,1.1750961316910279e+23,2.1699346442519953e+28
iter_0536,1.8999972761627462e+28,2.780053017813126e+27,2.0117352965027442e+25,4.238202769279437e+23,2.1800566952682543e+28
iter_0537,1.89355119381657e+28,2.823062698626151e+27,2.058331917543134e+25,5.168245089348308e+22,2.1779209638418177e+28
iter_0538,1.8968642639059176e+28,2.7732680106671126e+27,2.097698606295518e+25,1.9930017913204024e+23,2.176308693596838e+28
iter_0539,1.8809350038344248e+28,2.787920643710886e+27,2.119166341322222e+25,5.034456095924755e+22,2.1618512690029315e+28
iter_0540,1.8749344547662448e+28,2.794572773930123e+27,2.0923773226097246e+25,3.6847016790078334e+23,2.1565209564986566e+28
iter_0541,1.8876184159628222e+28,2.797694651781585e+27,2.0691165374473125e+25,3.49233364055258e+23,2.169491921014834e+28
iter_0542,1.8933381470941433e+28,2.802813773907715e+27,2.1855713809463587e+25,4.873816491993507e+22,2.175809969682353e+28
iter_0543,1.8969824381323786e+28,2.7949988231217034e+27,2.1121885887260417e+25,1.3366300789850743e+23,2.178607875334065e+28
iter_0544,1.8830180108815418e+28,2.7925001929608975e+27,2.089341277915995e+25,3.1906982016945936e+23,2.1643892784375644e+28
iter_0545,1.8817689463888866e+28,2.774212753015512e+27,2.1448325940942787e+25,2.87241455639283e+23,2.161363778430096e+28
iter_0546,1.8940283773911175e+28,2.800329450147048e+27,2.100095647158207e+25,2.331915000738912e+23,2.176184737202988e+28
iter_0547,1.896553621064271e+28,2.774739550933458e+27,2.1179507940259693e+25,8.796098913852246e+22,2.1761543230505565e+28
iter_0548,1.8835312639358627e+28,2.7894905815313046e+27,2.1330288600119535e+25,1.859258660136673e+24,2.1647992768150185e+28
iter_0549,1.89780465534652e+28,2.7798483751973484e+27,2.0124839342963373e+25,4.482479571795881e+23,2.177846801596269e+28
iter_0550,1.899924713525186e+28,2.793272226372712e+27,2.0303482680477833e+25,5.23692812413182e+23,2.1813346537117463e+28
iter_0551,1.9155649938758824e+28,2.7787124664887186e+27,2.1138638847464412e+25,7.083689963398903e+23,2.195620941309135e+28
iter_0552,1.88167587702176e+28,2.779001399101328e+27,2.185647658770285e+25,8.952597679176508e+22,2.1617706171883423e+28
iter_0553,1.9102696462835007e+28,2.808909819972062e+27,2.0357188190121345e+25,5.3598186751845384e+23,2.193249945286471e+28
iter_0554,1.886010582655929e+28,2.796730131963965e+27,2.2306200312677567e+25,9.330970309237141e+22,2.1679235468539024e+28
iter_0555,1.9010641224074449e+28,2.777191017849182e+27,2.0869719697576105e+25,2.2074930132002358e+23,2.180892271092253e+28
iter_0556,1.8770334035338217e+28,2.7919074755379794e+27,2.0435852982280826e+25,2.8352943964159307e+23,2.158296089329812e+28
iter_0557,1.891633029465065e+28,2.7728864093805037e+27,2.096402089545483e+25,1.5620274473749e+23,2.1710336927671344e+28
iter_0558,1.8809624329593523e+28,2.780438832687783e+27,2.133542386806214e+25,2.200362777479378e+23,2.1611618622427116e+28
iter_0559,1.8948130818034335e+28,2.8005660565848e+27,2.0113377514293023e+25,7.790668670542722e+22,2.1768888158820135e+28
iter_0560,1.8898586909563574e+28,2.776107607730645e+27,2.0996385307584974e+25,8.53549785837116e+22,2.169577625758039e+28
iter_0561,1.8960296849030369e+28,2.7872569878849914e+27,2.107362618100762e+25,2.8357579055629042e+23,2.1768911038886924e+28
iter_0562,1.874300053945402e+28,2.8201618637958104e+27,2.013706282785727e+25,8.057890426418104e+22,2.1583380044981953e+28
iter_0563,1.876672567837414e+28,2.807536473236084e+27,2.1429156848619793e+25,2.2971256911066546e+23,2.159592102102795e+28
iter_0564,1.8930421850467536e+28,2.7866515308697316e+27,2.018759484264137e+25,1.3557941027382654e+23,2.173739655559018e+28
iter_0565,1.8842329807795733e+28,2.811206385743821e+27,2.1438026058201643e+25,1.805863898871059e+24,2.167678008349663e+28
iter_0566,1.8918725680105387e+28,2.7797156762650174e+27,2.045374166755781e+25,9.384905993803513e+22,2.17189889470979e+28
iter_0567,1.8890655609604064e+28,2.804370931303084e+27,2.037591390872352e+25,2.7756710430893797e+23,2.171568002192018e+28
iter_0568,1.8745386260847012e+28,2.808865997058013e+27,2.135541542080653e+25,4.828465812509711e+23,2.1576090519907082e+28
iter_0569,1.8917204971199191e+28,2.7891049502605623e+27,2.014134352189958e+25,2.4064676515755008e+23,2.172669191174681e+28
iter_0570,1.8961386921863408e+28,2.788599564876773e+27,2.064952518042445e+25,4.83438956149102e+22,2.177068435581622e+28
iter_0571,1.9048300232292061e+28,2.794434193002435e+27,2.0942476362044363e+25,8.3181205893901e+22,2.1863760082862436e+28
iter_0572,1.8881740951054543e+28,2.79509200181757e+27,2.1007239405549476e+25,1.313393773987579e+23,2.1697971531655067e+28
iter_0573,1.9009196445100187e+28,2.772643690515817e+27,2.062818718982234e+25,1.0170998694542478e+24,2.1803485422675282e+28
iter_0574,1.883282007592628e+28,2.789102774213988e+27,2.05994883493281e+25,2.2411210988081437e+23,2.1642746450599476e+28
iter_0575,1.884389719896808e+28,2.818970397437445e+27,2.0860284370342823e+25,9.653588905108912e+22,2.168382441666492e+28
iter_0576,1.9012001620858872e+28,2.778708467281461e+27,2.0637817023963784e+25,2.372055644431356e+24,2.181371996080873e+28
iter_0577,1.893834944735673e+28,2.803470382063031e+27,2.1488518388480637e+25,7.803409795119622e+23,2.1764088688787755e+28
iter_0578,1.884168115941827e+28,2.7695812860433234e+27,2.0849306066053608e+25,3.728560593591076e+22,2.163214903713358e+28
iter_0579,1.8726841497207385e+28,2.8040507362796224e+27,2.1286602099081247e+25,1.3495673552971669e+23,2.155231379232162e+28
iter_0580,1.8967300106116599e+28,2.7821427489357954e+27,2.2072102208459536e+25,8.029278563340557e+22,2.177159525004649e+28
iter_0581,1.8916019335700805e+28,2.7791664997066346e+27,2.121943168435404e+25,6.0066766028240086e+22,2.1716465333857824e+28
iter_0582,1.8825893058558312e+28,2.791030069606188e+27,2.080948260571975e+25,9.912225311430985e+23,2.1638723833301366e+28
iter_0583,1.8919110426485075e+28,2.7978285618191434e+27,2.1016603350602757e+25,1.790580292508397e+23,2.173813464968407e+28
iter_0584,1.8788233638382152e+28,2.822273324837294e+27,2.1186347761162575e+25,1.530424739712922e+23,2.163184635345458e+28
iter_0585,1.891489261062377e+28,2.791106934292051e+27,2.1125402364847405e+25,4.0198088310927974e+23,2.172752692816378e+28
iter_0586,1.896218707432239e+28,2.7853720597761914e+27,2.140177674574191e+25,1.062452537663923e+23,2.176906715609809e+28
iter_0587,1.8929190530177334e+28,2.7880827222147187e+27,2.0903521645426947e+25,7.398519273805923e+22,2.1738250759230216e+28
iter_0588,1.883786895648829e+28,2.796081436457917e+27,2.0220971682317043e+25,2.8939484839172165e+23,2.1654460759476917e+28
iter_0589,1.8753248600304719e+28,2.807171018705711e+27,2.079388815205331e+25,2.0094904497282176e+23,2.1581414456207453e+28
iter_0590,1.8888304458149093e+28,2.7934663894255454e+27,2.130668848598358e+25,1.8337644668033854e+23,2.17032609125073e+28
iter_0591,1.9010713959644937e+28,2.77791315806812e+27,2.161287248194004e+25,3.7768635136289226e+23,2.1810617676546364e+28
iter_0592,1.9012288117244124e+28,2.8184048679531397e+27,2.034825447830261e+25,1.5076727239043888e+23,2.185119200694796e+28
iter_0593,1.8621541813210477e+28,2.780948710472433e+27,2.0730608813226026e+25,1.0812858028794804e+23,2.1423329261076427e+28
iter_0594,1.9166122336668406e+28,2.7955951522359926e+27,2.1369089575483835e+25,7.375814124723186e+22,2.1983160336621126e+28
iter_0595,1.8753172304553583e+28,2.805235355685164e+27,2.073136115936102e+25,7.130975069191681e+22,2.1579210331148802e+28
iter_0596,1.9007264515742489e+28,2.760318669159595e+27,2.1774454140645575e+25,1.6767788914408063e+23,2.1789525316931874e+28
iter_0597,1.9027229282168166e+28,2.789820269832537e+27,2.0486374406812814e+25,1.3132041853652807e+23,2.183766724682605e+28
iter_0598,1.8829776770306581e+28,2.793701568495926e+27,2.140516044620671e+25,6.715412779828602e+22,2.1644950653376513e+28
iter_0599,1.8771818247622683e+28,2.7976494221323536e+27,2.0805079160196786e+25,3.011126323302845e+24,2.159328387523853e+28
iter_0600,1.8695312067647903e+28,2.7932733522373223e+27,2.12189798079764e+25,2.7808034386540593e+23,2.1510082480037066e+28
iter_0601,1.891842690235e+28,2.803135364987715e+27,2.0089779606696337e+25,1.0065973123486209e+23,2.174175270667565e+28
iter_0602,1.9081046895672985e+28,2.7731424620859785e+27,2.1150562082888887e+25,1.1675334129129382e+23,2.187545667318315e+28
iter_0603,1.8814125381321125e+28,2.793892024490051e+27,2.0262668867293203e+25,1.1382941426265419e+23,2.162839390409273e+28
iter_0604,1.9017984206977106e+28,2.7994461585259407e+27,2.041695331110749e+25,5.706912792244482e+23,2.183841801009338e+28
iter_0605,1.8866743339455258e+28,2.777362577114745e+27,2.1878917035248327e+25,3.482891157029616e+23,2.1666333122720955e+28
iter_0606,1.8785069761627703e+28,2.794342290803923e+27,2.0955442716264914e+25,9.456197151652876e+23,2.1601313114863057e+28
iter_0607,1.911667599242435e+28,2.784395430696608e+27,2.099163492565673e+25,1.1958892457908161e+24,2.19232589472924e+28
iter_0608,1.8652966718847449e+28,2.797474434520885e+27,2.094159048679558e+25,2.7705297662035554e+23,2.1471659796831753e+28
iter_0609,1.9077301337429605e+28,2.8154351472590973e+27,2.203835654531001e+25,3.111820103375517e+23,2.191508602324435e+28
iter_0610,1.8826560458295288e+28,2.8043991176974463e+27,2.0613462968468204e+25,3.2895928070807653e+23,2.165190199824191e+28
iter_0611,1.8861467547527474e+28,2.7805185204606406e+27,1.9666669008016494e+25,2.037997881792047e+23,2.166185653678431e+28
iter_0612,1.8807708763714337e+28,2.7742858858818707e+27,2.141711236572785e+25,5.944852462260619e+22,2.1603471210486557e+28
iter_0613,1.91196698107277e+28,2.7992710985974407e+27,2.041446237190694e+25,2.58366081330937e+23,2.1939613737778377e+28
iter_0614,1.8739333702074016e+28,2.7975714591667555e+27,2.0920783066649192e+25,2.3195610213784948e+23,2.155805790040956e+28
iter_0615,1.8986439221804787e+28,2.7876386051066793e+27,2.151191986819305e+25,1.753132639809752e+24,2.1797342879419466e+28
iter_0616,1.8784120336444754e+28,2.7587001683402724e+27,2.0287864638657376e+25,1.599076501665173e+23,2.156326827707385e+28
iter_0617,1.8833723419594098e+28,2.8101278626386256e+27,2.076098328398507e+25,1.3033659120319373e+23,2.166474260210791e+28
iter_0618,1.8818578794600523e+28,2.795771657635141e+27,2.106940784664406e+25,8.50758582633084e+22,2.1635504935940573e+28
iter_0619,1.8805601076227785e+28,2.802962007161171e+27,2.0596234220944667e+25,1.0683326857992688e+23,2.162926615087848e+28
iter_0620,1.8870083316870933e+28,2.7782734292731635e+27,2.07958748138662e+25,1.9210239840235793e+23,2.1669344723356364e+28
iter_0621,1.895476592514531e+28,2.802060752948906e+27,2.1939804376028796e+25,4.408927656083737e+23,2.1779207375235854e+28
iter_0622,1.8871877428546167e+28,2.81308714843536e+27,2.0277917422290698e+25,1.1051210692584203e+23,2.170535300651075e+28
iter_0623,1.874677722484698e+28,2.798356485944996e+27,2.0432347000883697e+25,5.405974076283631e+22,2.1565620117533623e+28
iter_0624,1.88679601087999e+28,2.7798922149585216e+27,2.0303315006652578e+25,8.713752530282908e+22,2.1668242776290374e+28
iter_0625,1.895494820788452e+28,2.821216069722942e+27,2.0603672675545925e+25,1.3278712857668081e+23,2.1796900737411584e+28
iter_0626,1.9038278499908075e+28,2.769072645004457e+27,2.0668493939987494e+25,8.011284903895805e+22,2.1828099751701556e+28
iter_0627,1.8885557394663767e+28,2.775521248222291e+27,2.0738468813739483e+25,8.090072295615167e+22,2.1681898012422756e+28
iter_0628,1.893836191581973e+28,2.7781192514913005e+27,2.0892691174729203e+25,1.0793299770118223e+23,2.1737481791483465e+28
iter_0629,1.8853356189849375e+28,2.797267168505152e+27,2.0845005537947073e+25,1.44585256602045e+23,2.167161294914908e+28
iter_0630,1.8834009472797302e+28,2.7964918956911025e+27,2.1287724904413592e+25,2.5694142865869936e+23,2.165204603482148e+28
iter_0631,1.9012385650394115e+28,2.7618794333912314e+27,2.044433808234851e+25,3.702292542826146e+23,2.179507965112198e+28
iter_0632,1.9215338237522537e+28,2.751321945968887e+27,2.1367626815724083e+25,3.477863436447993e+23,2.198837559665079e+28
iter_0633,1.876584513036115e+28,2.788122464615562e+27,2.1428710529278507e+25,2.8980861958352945e+23,2.1575686114125574e+28
iter_0634,1.890083364120483e+28,2.7677235741446506e+27,2.096748595865026e+25,8.341089387606865e+22,2.168960811220201e+28
iter_0635,1.8781967297748207e+28,2.780392274951565e+27,1.9484237544871793e+25,1.521892780451907e+23,2.158199599952269e+28
iter_0636,1.8786984946347883e+28,2.803042539366073e+27,2.0271066988551717e+25,3.446228766407266e+24,2.161374478146891e+28
iter_0637,1.883454777147066e+28,2.785841083378512e+27,2.116295088648595e+25,1.783854288967258e+24,2.1643335660024626e+28
iter_0638,1.888331461329768e+28,2.808740531749606e+27,2.1368180408279377e+25,7.067181876488336e+22,2.1713493997274334e+28
iter_0639,1.8817901996457605e+28,2.769743749017982e+27,2.0948829796313265e+25,4.388980393316968e+22,2.160863846507583e+28
iter_0640,1.8825098504706923e+28,2.783179221334502e+27,2.1079325144322e+25,9.613706054772659e+23,2.163031842179122e+28
iter_0641,1.899275502842169e+28,2.784891545526514e+27,2.0441245747667652e+25,2.8864980331041616e+23,2.1798376469499188e+28
iter_0642,1.8765141248449214e+28,2.793878545163824e+27,2.1560835044700103e+25,5.16754130593637e+22,2.15806323040708e+28
iter_0643,1.8746144174323848e+28,2.792976503075756e+27,2.08992850782204e+25,7.147792056929617e+23,2.156073474168352e+28
iter_0644,1.8909310658904978e+28,2.765315113438481e+27,2.1665990250662135e+25,8.560500495250036e+22,2.1696377367599072e+28
iter_0645,1.8644983149348438e+28,2.764023097780105e+27,2.1087694275580733e+25,2.2736675561635837e+23,2.143032130815974e+28
iter_0646,1.871716812503898e+28,2.7786819131614295e+27,2.0448735421835896e+25,9.701108401037167e+22,2.1516395784706258e+28
iter_0647,1.8987128529437354e+28,2.7946775112226727e+27,2.1506250460958947e+25,9.273691183796462e+22,2.1803405028032823e+28
iter_0648,1.8701204329703857e+28,2.790878605955648e+27,2.107731614615434e+25,5.566851901580913e+23,2.1513716936995815e+28
iter_0649,1.878659026195595e+28,2.7768621133148085e+27,2.135423316840469e+25,1.4208282219847817e+23,2.1584948691261364e+28
iter_0650,1.8808410496159969e+28,2.80463607839e+27,2.022175438094465e+25,2.0359861160389313e+23,2.163347192754252e+28
iter_0651,1.8913094301232428e+28,2.7785794487389003e+27,2.1654468930369485e+25,1.0908421990138996e+23,2.1713437303121597e+28
iter_0652,1.8961174201619601e+28,2.770437255858681e+27,2.0903844546633413e+25,1.3860738190806296e+23,2.1752653909406823e+28
iter_0653,1.8896502393430899e+28,2.7916121825285193e+27,2.124092705836895e+25,5.7228065190184643e+23,2.170992778366969e+28
iter_0654,1.8757537976344945e+28,2.7892639754745785e+27,2.095949281108251e+25,8.902263255033419e+22,2.156785046726316e+28
iter_0655,1.8822166094822937e+28,2.812126598655422e+27,2.0617071651918055e+25,1.2848476490892973e+23,2.1655038249895186e+28
iter_0656,1.8662618314525423e+28,2.7736558344349387e+27,2.018051994055252e+25,2.229926626849547e+23,2.1456677661563603e+28
iter_0657,1.891704469181394e+28,2.756465973513236e+27,2.0761320866652242e+25,7.945309703220822e+22,2.1694351439290863e+28
iter_0658,1.886005205392444e+28,2.836584634314564e+27,2.072146657538876e+25,5.450079383966838e+23,2.171790316275279e+28
iter_0659,1.8928560704824624e+28,2.802961629331627e+27,2.0281123104771023e+25,2.954324923269483e+23,2.1752098889753347e+28
iter_0660,1.8857057812982032e+28,2.8092181638114865e+27,2.0902373017775603e+25,3.2062386723906626e+23,2.1687498973678532e+28
iter_0661,1.8851733293533948e+28,2.7633795199218747e+27,2.066652467610944e+25,1.736182400890623e+23,2.163595295637202e+28
iter_0662,1.9074117691184943e+28,2.7858437799891015e+27,1.9652442413840277e+25,3.613392547343107e+23,2.187997525284262e+28
iter_0663,1.8990060232044156e+28,2.77023389438493e+27,1.996812204856501e+25,3.9734286137081443e+23,2.178065959133902e+28
iter_0664,1.8948677322667141e+28,2.7705574601655347e+27,2.0123395366480854e+25,5.596690072569529e+22,2.1739414145099883e+28
iter_0665,1.87369845989245e+28,2.8016081657676903e+27,2.019473927477101e+25,9.30851243221935e+22,2.155888058909128e+28
iter_0666,1.8895514129752857e+28,2.826813932844735e+27,1.9957543539037404e+25,2.10003008973085e+23,2.17424956091456e+28
iter_0667,1.9027791140450362e+28,2.795993774455567e+27,2.032490649522415e+25,8.030955176897814e+22,2.184419013095292e+28
iter_0668,1.8677928131299485e+28,2.782783025802783e+27,2.113849041234032e+25,1.3814748671100971e+23,2.148198779500132e+28
iter_0669,1.8973843545000314e+28,2.775097629394488e+27,2.1031036955527712e+25,1.6999164386955357e+23,2.17701422029942e+28
iter_0670,1.8926372556184287e+28,2.773795636088735e+27,2.0825485204434833e+25,5.883129611238676e+23,2.1721581990438583e+28
iter_0671,1.889630553240302e+28,2.7979099518339045e+27,2.1553403570042797e+25,8.616503642534469e+22,2.1715855052843395e+28
iter_0672,1.8788706146452231e+28,2.770683944402221e+27,2.1193505489479864e+25,3.0940673186818116e+23,2.15808930030758e+28
iter_0673,1.8650923258194397e+28,2.7945739342766296e+27,2.0760430383830118e+25,6.329547699513782e+23,2.146689057762481e+28
iter_0674,1.885449579898512e+28,2.7946703983392734e+27,2.133271834942483e+25,1.2548574777226361e+23,2.167062440142159e+28
iter_0675,1.8658181998012176e+28,2.788335712911213e+27,2.080357405817517e+25,6.111039837363919e+23,2.14679323889653e+28
iter_0676,1.8837000268975028e+28,2.7948814630237216e+27,2.167045089702214e+25,9.454797624625512e+23,2.165449766265823e+28
iter_0677,1.8963374236542283e+28,2.8116562220783456e+27,2.070606458904942e+25,1.915081345701924e+24,2.1797651604555378e+28
iter_0678,1.8708886646773606e+28,2.822994724684699e+27,2.090400787636875e+25,2.0152240696825326e+23,2.1552986901741643e+28
iter_0679,1.8825981487370578e+28,2.8018367805981936e+27,2.173038739314426e+25,5.5271675754125386e+23,2.1650101372119455e+28
iter_0680,1.8761400160550706e+28,2.8159504140249503e+27,2.1003206712671403e+25,4.8402164740782895e+22,2.159840218345307e+28
iter_0681,1.8905856770701213e+28,2.793524455870113e+27,2.129931640365912e+25,3.657529929142553e+23,2.17210462959679e+28
iter_0682,1.8742652113121395e+28,2.7881727546313704e+27,2.0392909793228547e+25,2.8439920171373998e+23,2.155150217674771e+28
iter_0683,1.9034835244758208e+28,2.7993417203584287e+27,2.1195378473032245e+25,4.6522226261485194e+23,2.1855837565852287e+28
iter_0684,1.866059915102643e+28,2.8028553286041223e+27,2.084367173350301e+25,6.008254675491743e+23,2.1484898976831605e+28
iter_0685,1.89505151636667e+28,2.800512499942355e+27,2.0523066531803926e+25,4.566006103355683e+22,2.1771596390201893e+28
iter_0686,1.8974067018116412e+28,2.787551909248526e+27,2.124831954450695e+25,1.4541017589516808e+23,2.178301265708534e+28
iter_0687,1.8735790320888652e+28,2.77859865231111e+27,1.982334049836125e+25,5.7936729574132865e+22,2.1534270250427694e+28
iter_0688,1.8918143570759923e+28,2.799414157085494e+27,2.102456688608002e+25,4.570775123980401e+23,2.1739039372243892e+28
iter_0689,1.8819234336893112e+28,2.8089700018390935e+27,2.0952040207417476e+25,4.6446362661315414e+23,2.164962084256624e+28
iter_0690,1.8977024760409217e+28,2.781650116064753e+27,2.0460708159822354e+25,3.5641830936673425e+23,2.177949200294316e+28
iter_0691,1.8925037916597414e+28,2.812289887600298e+27,2.1919079060338677e+25,9.342778997901624e+22,2.175934031104803e+28
iter_0692,1.8843664209815485e+28,2.8019386752221753e+27,2.069020627816185e+25,9.037714638021096e+22,2.16663834684622e+28
iter_0693,1.880117043490658e+28,2.795712214873471e+27,2.136786708852754e+25,1.8076386944120522e+23,2.161843128073802e+28
iter_0694,1.8823912782148914e+28,2.7746269148047065e+27,1.9770139171553903e+25,5.686253024319455e+22,2.1618366698655413e+28
iter_0695,1.8927197806643083e+28,2.794276640130846e+27,2.0624076296225157e+25,7.648987379676211e+22,2.174217501294395e+28
iter_0696,1.8872452398463147e+28,2.7693561802370934e+27,2.0446357688238187e+25,1.7994353904842768e+23,2.166243487992753e+28
iter_0697,1.8707557913146232e+28,2.7918550970029097e+27,2.1292994642883735e+25,1.0587638120430339e+23,2.1520811881173233e+28
iter_0698,1.8854026622175256e+28,2.789420677436346e+27,2.1697595587139624e+25,4.1982749432093625e+22,2.1665186877948178e+28
iter_0699,1.8704468826397217e+28,2.820786315752622e+27,2.0861646812406332e+25,5.210836311617492e+23,2.154663787259341e+28
iter_0700,1.892878279334481e+28,2.806896671371106e+27,2.087798405438803e+25,1.831242712561842e+23,2.175674057304156e+28
iter_0701,1.8778058768623317e+28,2.807319496145276e+27,2.034021159573962e+25,3.344887898544898e+23,2.160605296515419e+28
iter_0702,1.874420192198609e+28,2.806656691741865e+27,2.1047129542963094e+25,7.665575276959559e+22,2.1571982399023686e+28
iter_0703,1.897270351327459e+28,2.7719997825514193e+27,2.028865341290021e+25,1.8558310747138656e+24,2.1766847780313624e+28
iter_0704,1.873006769819884e+28,2.803668282643407e+27,2.1594252804087213e+25,2.4683066984987436e+23,2.1555577064316184e+28
iter_0705,1.8842109759201312e+28,2.804539292990068e+27,2.0602879549108696e+25,1.6229536514008415e+24,2.166887488539189e+28
iter_0706,1.9025332700323017e+28,2.7881539397220343e+27,2.0307021784257587e+25,1.3488305963808565e+23,2.1833928544888945e+28
iter_0707,1.8881767159617746e+28,2.799410415796298e+27,2.1173269413045525e+25,4.304164530434827e+23,2.1702781261280135e+28
iter_0708,1.8849646713834875e+28,2.773398675344934e+27,2.105277793868378e+25,9.52652258881477e+22,2.164419343234438e+28
iter_0709,1.8831445776864793e+28,2.7851005354273506e+27,2.1171351947738357e+25,6.048594889479359e+22,2.1637778150188776e+28
iter_0710,1.89323934005237e+28,2.8161845244382726e+27,2.137839361415094e+25,2.2601843029820324e+23,2.1770182337006425e+28
iter_0711,1.9096965922328583e+28,2.7988450588332923e+27,2.0573627962328445e+25,1.9502494557563574e+23,2.191657963406978e+28
iter_0712,1.902471573683052e+28,2.7842437331294104e+27,2.142874448276536e+25,1.649211455874254e+23,2.183055313558828e+28
iter_0713,1.8901383369641784e+28,2.7917219788688497e+27,2.1103382150884024e+25,3.4971984012171546e+23,2.171455845050164e+28
iter_0714,1.878342589848331e+28,2.781626245676254e+27,2.1065171872854326e+25,2.5879702635735786e+23,2.1586376113058775e+28
iter_0715,1.8830676057058576e+28,2.779284748521966e+27,1.9977136348156455e+25,2.9084879229372502e+23,2.1630228790720993e+28
iter_0716,1.893126802551791e+28,2.807170444618478e+27,2.0553218461373887e+25,1.1426151348305631e+23,2.175910595011124e+28
iter_0717,1.8768610889544405e+28,2.8092146308073423e+27,2.0298248294785433e+25,4.791509585037968e+22,2.1598171683742385e+28
iter_0718,1.8902369746767574e+28,2.7958349152044875e+27,2.0635050830845517e+25,1.2323265878227344e+23,2.1718962945461687e+28
iter_0719,1.8842445105889938e+28,2.7570325919088567e+27,2.111069236033535e+25,5.469306594704764e+23,2.16211353208186e+28
iter_0720,1.8910267670093348e+28,2.769477922948664e+27,2.0502962465940003e+25,8.817146960499189e+22,2.1700336726977554e+28
iter_0721,1.8876551241762035e+28,2.778488791780183e+27,2.0771507347546526e+25,1.8382959528697565e+23,2.1675995370485053e+28
iter_0722,1.8954482325822192e+28,2.802229062314141e+27,2.1072834366962057e+25,2.8728479939707097e+23,2.1778071507302697e+28
iter_0723,1.894249803221196e+28,2.794736501710275e+27,1.9540030731471666e+25,7.833085953137253e+23,2.175755787324902e+28
iter_0724,1.9040468054178381e+28,2.7940832651307967e+27,2.048034682344438e+25,8.64774972661859e+22,2.185511814362989e+28
iter_0725,1.8963173720066072e+28,2.799425962867603e+27,2.1501108011384114e+25,8.098150636054785e+22,2.1784181772451416e+28
iter_0726,1.8928467060096276e+28,2.787283994618468e+27,2.0861100035990496e+25,9.49029379483887e+22,2.173670705768868e+28
iter_0727,1.8849100173446693e+28,2.8059890221653703e+27,2.1219502301984984e+25,1.0303840132731602e+23,2.1676411736315373e+28
iter_0728,1.873438452700079e+28,2.801327443108004e+27,2.0573609822531553e+25,1.5014133843440046e+23,2.155643572126976e+28
iter_0729,1.8791905837112743e+28,2.816621047422803e+27,2.0301682024336173e+25,1.1191959151569492e+23,2.16289404861514e+28
iter_0730,1.8837149109257303e+28,2.7965892433782676e+27,2.0684411030519805e+25,1.762410237903401e+23,2.165459900468988e+28
iter_0731,1.9055242255765808e+28,2.81173936288337e+27,2.091784262765609e+25,4.123577604805046e+22,2.1887940697052884e+28
iter_0732,1.8966118444066666e+28,2.797352677479034e+27,2.190507112535715e+25,1.7103067766026603e+23,2.178554722334872e+28
iter_0733,1.8795077884019524e+28,2.8040752093487454e+27,2.0144461878026516e+25,1.551999344111722e+23,2.161945275518071e+28
iter_0734,1.8886497697162885e+28,2.7664693875499393e+27,2.087041070625493e+25,1.8365812030792542e+23,2.1674021153539384e+28
iter_0735,1.8763866031907014e+28,2.77518622912563e+27,2.1634252489329183e+25,9.290092456301684e+22,2.1560779414446538e+28
iter_0736,1.8793479827257497e+28,2.785484352688656e+27,2.129795812327168e+25,4.727624191313858e+23,2.1600734900488554e+28
iter_0737,1.927682833758032e+28,2.809868756690486e+27,2.015679251364098e+25,1.228581128164127e+23,2.2106976744897263e+28
iter_0738,1.8998593305653594e+28,2.773451861710632e+27,2.0615261621364755e+25,1.3333986112309522e+23,2.1792793768846715e+28
iter_0739,1.868269894360447e+28,2.765966547016341e+27,2.0507619431769346e+25,1.4965027949786624e+23,2.146932276033208e+28
iter_0740,1.902667307208631e+28,2.7918091203629337e+27,2.050038494819291e+25,5.97733950617589e+22,2.1839042350792497e+28
iter_0741,1.8624746957079247e+28,2.8044152485925163e+27,2.085407798913748e+25,6.682316760808563e+22,2.145008310682851e+28
iter_0742,1.8836031546342495e+28,2.792939080832199e+27,2.1165036347671894e+25,1.2145028612844465e+23,2.1650257113808496e+28
iter_0743,1.8894104040868191e+28,2.771194444895233e+27,1.987870250258676e+25,3.2796519104771846e+23,2.168550515345706e+28
iter_0744,1.8884720707801575e+28,2.778556132998567e+27,2.0712186543794153e+25,3.146655106526352e+23,2.1684303692854586e+28
iter_0745,1.8787236133471136e+28,2.8183565178993766e+27,2.11556695086661e+25,6.336627979279589e+23,2.1627381983677107e+28
iter_0746,1.8903715356991801e+28,2.7559980008213476e+27,2.138893245471088e+25,3.0792460644386706e+22,2.1681133082728507e+28
iter_0747,1.9015383936932702e+28,2.8191341600235636e+27,2.1137620050339475e+25,5.1048870155967825e+22,2.1855706765876762e+28
iter_0748,1.8737708280430942e+28,2.801092154215302e+27,2.034595902698966e+25,1.5609431537676667e+23,2.155930248798861e+28
iter_0749,1.8962937072454632e+28,2.79582669354803e+27,2.041819740758499e+25,1.015262637701189e+23,2.1779283489674015e+28
iter_0750,1.881525405578376e+28,2.774968146689098e+27,2.0231870355234197e+25,1.874593454724956e+23,2.1610641532173568e+28
iter_0751,1.8876606022447924e+28,2.794997515782813e+27,2.1595710495397884e+25,2.4762211396187415e+23,2.16934468708401e+28
iter_0752,1.8889096868989406e+28,2.784893406977097e+27,2.0952701173507918e+25,3.437804896959782e+23,2.1695286757629705e+28
iter_0753,1.874732890883872e+28,2.79541802195894e+27,2.076985710141884e+25,1.0870658139180262e+23,2.156362549448047e+28
iter_0754,1.8890006961141532e+28,2.8042075585291165e+27,2.012811167677445e+25,9.78154353694224e+23,2.1715320785701114e+28
iter_0755,1.906835848955321e+28,2.7865996668418527e+27,2.1224762222328384e+25,4.862754082791961e+23,2.1876669194025667e+28
iter_0756,1.9014362520426208e+28,2.7789687764384474e+27,2.1512827680473533e+25,1.3641441752523462e+23,2.1814980538962654e+28
iter_0757,1.8815795219279727e+28,2.7827994711437826e+27,2.201758206333108e+25,4.196096935492324e+23,2.162103188218039e+28
iter_0758,1.884342268667039e+28,2.7944242632882163e+27,2.053566963162352e+25,1.1570002260571413e+23,2.1658498319612836e+28
iter_0759,1.8831792673836167e+28,2.8010009946590335e+27,2.1471311790066548e+25,1.95886870023287e+23,2.165446086715529e+28
iter_0760,1.8908765393019445e+28,2.804750344120831e+27,2.0199765393254345e+25,1.1272083521870174e+23,2.173382822336875e+28
iter_0761,1.8958868098172802e+28,2.7832098477117713e+27,2.012063718544228e+25,2.025451800340548e+23,2.1762401128250054e+28
iter_0762,1.8851304966634956e+28,2.75730679507518e+27,2.0811074040371575e+25,1.609588578239789e+23,2.1629583794608334e+28
iter_0763,1.9010805596447944e+28,2.7876626973665895e+27,2.0643829434918414e+25,5.3101871096250154e+23,2.1819643141960417e+28
iter_0764,1.8832729719900945e+28,2.797256460903756e+27,1.980725703061657e+25,5.5543601782740736e+22,2.1649848981437103e+28
iter_0765,1.8817003843750063e+28,2.7711884746723447e+27,1.98640448684012e+25,6.94685303154365e+23,2.1608751048593967e+28
iter_0766,1.8987090661155988e+28,2.814240790442676e+27,2.1512119798903516e+25,9.910895866302524e+22,2.1822942680356234e+28
iter_0767,1.8685763580171047e+28,2.8062083082507755e+27,2.148031999024236e+25,1.5911299105021666e+23,2.1513611321403116e+28
iter_0768,1.8781936742539014e+28,2.795026435609176e+27,2.175562627145762e+25,1.4995769134359563e+23,2.1598868762110996e+28
iter_0769,1.8755904044228264e+28,2.815584582629827e+27,2.0445168148340927e+25,9.169445985492906e+22,2.1592025489466285e+28
iter_0770,1.9009771269649813e+28,2.767919008632775e+27,2.105643806057276e+25,3.084548551022911e+24,2.180183126489418e+28
iter_0771,1.8730947804768368e+28,2.820282148230406e+27,2.075154141060331e+25,6.974795010212529e+22,2.157205124235948e+28
iter_0772,1.891813471950607e+28,2.770277148050521e+27,2.120233514829621e+25,1.3846793465768259e+23,2.1709752670639544e+28
iter_0773,1.88516365514945e+28,2.7739683334146326e+27,2.089990423792605e+25,8.933700608608383e+22,2.1646594126153146e+28
iter_0774,1.887295743160153e+28,2.809031403648442e+27,2.1267574048891637e+25,2.132080963899016e+23,2.1703469617395252e+28
iter_0775,1.9024092624481098e+28,2.8090734409426717e+27,2.1356416267524932e+25,1.606955898129838e+23,2.1854683177281107e+28
iter_0776,1.868124671993978e+28,2.7823625598765824e+27,2.1415690905744005e+25,4.339791582431021e+23,2.1485458949880345e+28
iter_0777,1.9038095028537156e+28,2.767528698188908e+27,2.0312640653211765e+25,1.2660427787099294e+24,2.1827202410157984e+28
iter_0778,1.8987948892193207e+28,2.778356782366508e+27,2.0420123021352476e+25,6.330049153488387e+23,2.1787358802496415e+28
iter_0779,1.8992506818875653e+28,2.800456342171099e+27,2.0708408407622135e+25,5.179522471977978e+22,2.1813723364679097e+28
iter_0780,1.8875459565404162e+28,2.792110563561625e+27,2.0598978267792413e+25,7.798758645587305e+22,2.1688247094820034e+28
iter_0781,1.8717931756735854e+28,2.791405322184738e+27,1.9943758319612467e+25,1.550987425626159e+23,2.152943593598277e+28
iter_0782,1.8854334706495905e+28,2.794983765481055e+27,2.021371472191813e+25,1.0606772197688272e+23,2.1669638254420854e+28
iter_0783,1.876303680499874e+28,2.803703189596376e+27,2.069314861173237e+25,7.029207437644183e+22,2.1587503435281228e+28
iter_0784,1.8953579816071886e+28,2.7743534141203407e+27,2.0948935407925156e+25,1.56859077506907e+23,2.1749039024677657e+28
iter_0785,1.895851411280749e+28,2.797369651169494e+27,2.10545390467511e+25,2.9578879531067944e+23,2.177723409181905e+28
iter_0786,1.8745262161523874e+28,2.791709827954962e+27,2.0902900161908982e+25,4.4241295609298365e+22,2.1557919130936354e+28
iter_0787,1.8815447173734526e+28,2.811716924023227e+27,2.2006141590081776e+25,5.180457973450058e+23,2.164968828514518e+28
iter_0788,1.8900716518541251e+28,2.795715279511569e+27,2.0809582573068627e+25,1.926657642459677e+23,2.1717434046390137e+28
iter_0789,1.890193583444844e+28,2.779289718365814e+27,2.0979613053747415e+25,3.24529933660947e+23,2.1702529695801662e+28
iter_0790,1.9011378881336537e+28,2.7889159976398044e+27,2.0732928049106947e+25,7.532040594454739e+22,2.1821103127431395e+28
iter_0791,1.8816508087356196e+28,2.8217446846647585e+27,2.1380002717422936e+25,3.945173191586881e+24,2.1663577947929965e+28
iter_0792,1.8950234030160087e+28,2.794055039986333e+27,2.0501792910333612e+25,5.305651089317177e+22,2.1764843919567647e+28
iter_0793,1.8889259534318252e+28,2.831077952365113e+27,2.0401273886732545e+25,2.3204804936992356e+23,2.1740970808619466e+28
iter_0794,1.874923289238365e+28,2.77958074285544e+27,2.1492021069872646e+25,1.188906777055271e+23,2.155042454698667e+28
iter_0795,1.892671301701712e+28,2.780883103608232e+27,2.0104557277187417e+25,6.39034376064606e+22,2.1727764581340145e+28
iter_0796,1.8915616603670395e+28,2.8063257644823854e+27,2.012388754585859e+25,1.1103377583048725e+23,2.174217728947447e+28
iter_0797,1.8925061044480962e+28,2.7622732736003307e+27,2.1254904807048814e+25,8.79294846312971e+22,2.170867715237297e+28
iter_0798,1.8936630980172274e+28,2.7891571686984943e+27,2.055840193022321e+25,1.282978883260892e+24,2.1747629529684254e+28
iter_0799,1.8796983209704762e+28,2.792385631158388e+27,2.0720663861726024e+25,1.2033411706441345e+23,2.161020983884194e+28
iter_0800,1.906040092990554e+28,2.783387680038205e+27,2.028530092190409e+25,2.237890040325543e+24,2.1866311800905974e+28
iter_0801,1.8914446316922012e+28,2.797661857863392e+27,2.0560331188495966e+25,6.427792448630009e+22,2.1732732783898383e+28
iter_0802,1.8610485457886995e+28,2.773180628740306e+27,2.145440112574343e+25,1.3276372738561004e+23,2.140525325148043e+28
iter_0803,1.889044424941894e+28,2.816673028438615e+27,2.0695497974420036e+25,1.954595735409672e+23,2.172800823540552e+28
iter_0804,1.865143440114188e+28,2.7798390025773124e+27,2.1409894617934806e+25,6.639710076502247e+23,2.1453347269344777e+28
iter_0805,1.8886736385979775e+28,2.767122466419524e+27,2.008782658004331e+25,1.424705455821795e+23,2.1674089149524926e+28
iter_0806,1.8680782154287806e+28,2.7992248382939903e+27,2.0838043001741573e+25,1.8476914623944153e+24,2.150269272704593e+28
iter_0807,1.869534616199264e+28,2.797988685200368e+27,2.086698876519992e+25,3.857225531358997e+22,2.1514240408213523e+28
iter_0808,1.8924431794856094e+28,2.766613866148789e+27,2.081085687338287e+25,2.2833612011650675e+23,2.171208485399838e+28
iter_0809,1.9036212038962446e+28,2.770879367799203e+27,2.0943713747844117e+25,2.9684349115248657e+23,2.1828331964000645e+28
iter_0810,1.8831467566545988e+28,2.784172385610141e+27,2.058734104200618e+25,1.2814722730120756e+23,2.1636355440425435e+28
iter_0811,1.90436972821281e+28,2.8246636171941905e+27,2.072238782943975e+25,1.1843580226986356e+23,2.1889201722954e+28
iter_0812,1.8956717916996752e+28,2.7774605132800865e+27,2.0259634513708727e+25,1.816698292749262e+23,2.1754619734619824e+28
iter_0813,1.8940617190100313e+28,2.781079504378254e+27,2.0244376541833847e+25,7.604257022192358e+22,2.1742017113590626e+28
iter_0814,1.878018206870243e+28,2.82073405692322e+27,2.1172468415733456e+25,8.79992864435406e+22,2.1622176593327825e+28
iter_0815,1.874246554872421e+28,2.8105888532049463e+27,1.9997013247532754e+25,1.533793857286182e+23,2.157320479456242e+28
iter_0816,1.8840712171360976e+28,2.7821987510135763e+27,2.115556714284186e+25,5.171588785733085e+23,2.1644583648395966e+28
iter_0817,1.8861559801189913e+28,2.814538290094066e+27,2.0288678562248017e+25,2.857288182690219e+23,2.16966724986645e+28
iter_0818,1.8790390021924762e+28,2.7909562893212317e+27,2.112683701520738e+25,1.8675140784257088e+24,2.160434066233963e+28
iter_0819,1.8869009433957142e+28,2.792117236952108e+27,2.070835426656906e+25,1.0159154768989068e+23,2.168193661672351e+28
iter_0820,1.8850573923521528e+28,2.7926343616536393e+27,2.0012556879858416e+25,1.4329117071366636e+23,2.166336413322574e+28
iter_0821,1.8579414134177123e+28,2.7776957616615575e+27,2.0000932659081934e+25,2.4855932421693305e+24,2.1379596421739933e+28
iter_0822,1.865672438986186e+28,2.803107232282605e+27,2.1045803797729808e+25,6.831648738976091e+22,2.1480945742429585e+28
iter_0823,1.897005444329144e+28,2.8056895431874224e+27,2.062094953277564e+25,1.947192321269308e+23,2.1796559655243765e+28
iter_0824,1.8716282924632827e+28,2.782753570408174e+27,2.0982617980380612e+25,9.26670394478935e+22,2.152011178006083e+28
iter_0825,1.9004599403599622e+28,2.7877317565036296e+27,1.9995896864131794e+25,1.1517587216981616e+24,2.181347881568908e+28
iter_0826,1.8942445120673651e+28,2.762883619615151e+27,2.0902843556537133e+25,1.1297952579685022e+23,2.1726344563371136e+28
iter_0827,1.9044970918787165e+28,2.770247622382912e+27,2.1040574384678444e+25,1.0991201367481588e+23,2.1836369027568434e+28
iter_0828,1.8847443856046183e+28,2.7758834527782414e+27,2.0792326102499397e+25,3.4435656453246355e+23,2.164446399149146e+28
iter_0829,1.884953052811972e+28,2.7770423153086766e+27,2.0933792255232066e+25,1.8250902395708955e+23,2.164768914470759e+28
iter_0830,1.882205484956922e+28,2.789464152607922e+27,2.0876165313039085e+25,3.0426538121621094e+23,2.1632699432871396e+28
iter_0831,1.8825264981569621e+28,2.792820404757334e+27,2.0556194921863633e+25,4.91138924315216e+22,2.163869069514125e+28
iter_0832,1.8894014487525944e+28,2.7812818687796766e+27,2.075384185332582e+25,5.679939979827327e+22,2.1696106997558745e+28
iter_0833,1.8810666439568739e+28,2.796208021137971e+27,2.056688490375636e+25,1.2882839417403643e+24,2.1628729629552206e+28
iter_0834,1.8934835781051774e+28,2.814657842685825e+27,2.0408792423267454e+25,1.2737870824663514e+23,2.177002979486911e+28
iter_0835,1.8844524021390756e+28,2.781557184158156e+27,2.035099736535799e+25,2.0634335980578106e+23,2.1646638546274074e+28
iter_0836,1.8604851431998917e+28,2.821371872325066e+27,2.2231986400830106e+25,1.8624348115504327e+23,2.144864153420597e+28
iter_0837,1.924142756825722e+28,2.7764362749469323e+27,2.117494148087267e+25,1.772638394605923e+23,2.2039216048524482e+28
iter_0838,1.8938624008164106e+28,2.7929308407886176e+27,2.0723488037272236e+25,2.169859961591721e+23,2.175249532298615e+28
iter_0839,1.8780926717791269e+28,2.7935646036843375e+27,2.077178829458158e+25,9.938054091339645e+22,2.15953624903111e+28
iter_0840,1.8892154574219737e+28,2.8045304825073315e+27,2.062593301436101e+25,1.7779917218251096e+23,2.1717488788913614e+28
iter_0841,1.883608057232598e+28,2.82531978165208e+27,2.064267846269187e+25,6.862203914094872e+22,2.168211165447989e+28
iter_0842,1.888671592118378e+28,2.8177788449486504e+27,2.063792744987719e+25,9.690028324294669e+22,2.1725229593865546e+28
iter_0843,1.9018396714585118e+28,2.812920652428229e+27,2.219741444992646e+25,9.49594237701732e+22,2.1853609740887042e+28
iter_0844,1.87873187665247e+28,2.7777436527601874e+27,2.053845492864723e+25,2.1838436147605998e+23,2.1585819258575013e+28
iter_0845,1.8861619164802234e+28,2.8084008874910995e+27,2.075195984129599e+25,2.706955692769569e+22,2.1690799081691557e+28
iter_0846,1.8963501137115562e+28,2.7820491182774243e+27,2.1153324492534677e+25,7.019109283051114e+22,2.176677377097835e+28
iter_0847,1.8821752196791814e+28,2.798570533117351e+27,2.0962838981315e+25,2.7561894184207335e+23,2.164156118783232e+28
iter_0848,1.8814057781408452e+28,2.7923456612537143e+27,2.1336621515178757e+25,2.994572674727502e+23,2.1628039521444813e+28
iter_0849,1.8772954685200227e+28,2.801131028003891e+27,2.1195809768809983e+25,3.2092392953446775e+22,2.1595313615365885e+28
iter_0850,1.8899915290271137e+28,2.778086403001644e+27,2.101609221968151e+25,4.809339672247611e+22,2.1699065878889182e+28
iter_0851,1.876345017945973e+28,2.775848706574703e+27,2.15239240048741e+25,2.6979565401548657e+23,2.156109260569332e+28
iter_0852,1.8885991328733853e+28,2.775444073751954e+27,2.0914951587295274e+25,5.505893889457308e+22,2.1682405413012e+28
iter_0853,1.8629690845505755e+28,2.7923084900475467e+27,2.093185168037945e+25,1.413660202432967e+24,2.144434484743611e+28
iter_0854,1.883731009621431e+28,2.817736142635724e+27,2.121147668327465e+25,6.351320085442308e+22,2.1676321228734164e+28
iter_0855,1.900688049624658e+28,2.788036518111784e+27,2.023733437976107e+25,6.926125952969499e+23,2.1815846961333423e+28
iter_0856,1.8859204521261214e+28,2.772758763702261e+27,2.132033352199069e+25,4.694033506946617e+23,2.1653753021836162e+28
iter_0857,1.8796424293652769e+28,2.798026001595721e+27,2.041397799561198e+25,2.364635022357926e+23,2.1615100736746342e+28
iter_0858,1.8843083146157808e+28,2.796023743072625e+27,2.184780514175459e+25,2.8110786609360646e+23,2.166123580223828e+28
iter_0859,1.8880521842537774e+28,2.786693512203829e+27,2.024027139167878e+25,3.6627374261278987e+23,2.1687821899875894e+28
iter_0860,1.9011763609789923e+28,2.789568929199748e+27,2.1429067544686674e+25,2.525789473441436e+24,2.18252873960078e+28
iter_0861,1.8866671085452082e+28,2.7729751172343045e+27,2.059131645583487e+25,1.3546720887378412e+23,2.16603729863511e+28
iter_0862,1.9021987146946446e+28,2.785783202780707e+27,2.1340755913625183e+25,7.4222824868993445e+22,2.1829185328465647e+28
iter_0863,1.9008177604930796e+28,2.799740561460514e+27,2.0542548493186897e+25,1.9093018586932122e+23,2.1828651645070366e+28
iter_0864,1.8711734871886538e+28,2.808985182769209e+27,2.0693104765491767e+25,1.2279794493633115e+23,2.1541535957366176e+28
iter_0865,1.881607665956556e+28,2.7658556230437994e+27,2.0612716968609e+25,7.507346949470817e+22,2.1602620073047463e+28
iter_0866,1.862384334476231e+28,2.787426044816935e+27,2.1715107014013903e+25,3.8736824100732237e+24,2.143685817900333e+28
iter_0867,1.890613393490777e+28,2.7506021557422487e+27,2.0383361611562632e+25,3.962492275335498e+23,2.1677515701489115e+28
iter_0868,1.9042548337803016e+28,2.8087850693498677e+27,2.0929860567822646e+25,1.438339799792096e+23,2.1872407101700687e+28
iter_0869,1.8826583674098017e+28,2.779501706736863e+27,2.0336409317886648e+25,1.2726114489531593e+23,2.1626549051297663e+28
iter_0870,1.8868402978472375e+28,2.791749951172658e+27,2.084037250386334e+25,2.205116747062103e+24,2.1683198418895958e+28
iter_0871,1.8835929075365265e+28,2.760731121364256e+27,2.151993497514795e+25,1.4697407202564425e+23,2.1618327105776693e+28
iter_0872,1.881349154596086e+28,2.7807939008796137e+27,2.0364668037143633e+25,1.5716992945065106e+23,2.1614807284807067e+28
iter_0873,1.8888339491122417e+28,2.78508310150541e+27,2.007083469577564e+25,4.685355026658429e+22,2.169354028087387e+28
iter_0874,1.897705863841966e+28,2.807180253564026e+27,2.0722622083012745e+25,8.528027934638289e+22,2.180504679434605e+28
iter_0875,1.90914594273402e+28,2.771653605109998e+27,2.0345865438223205e+25,3.091230418601462e+23,2.188376802093028e+28
iter_0876,1.8575758480680984e+28,2.800455386176384e+27,2.0552568446113065e+25,9.735043840144694e+22,2.139686378574188e+28
iter_0877,1.8683815996998064e+28,2.786636016086776e+27,2.0350630804309532e+25,4.2926534261774854e+23,2.1491231909231766e+28
iter_0878,1.890415455609042e+28,2.77785927314096e+27,2.129571436478452e+25,6.964564449289855e+22,2.1703379189240657e+28
iter_0879,1.865470566967196e+28,2.787964120777405e+27,2.1571865231621598e+25,5.426062412998855e+22,2.1464295916305113e+28
iter_0880,1.8820159817396169e+28,2.815534384301697e+27,2.1029388949671424e+25,2.1182727257065867e+23,2.165693541792011e+28
iter_0881,1.8588401282391885e+28,2.799084045512064e+27,1.994088486422721e+25,4.9804702372813633e+23,2.1407924259791907e+28
iter_0882,1.9077273295994879e+28,2.764699930468311e+27,2.126879107864134e+25,2.0380200396909256e+23,2.1863445819545802e+28
iter_0883,1.886522935040259e+28,2.784036524595245e+27,2.0299820544527208e+25,1.7583721490031347e+23,2.1669741532757263e+28
iter_0884,1.8893856513648812e+28,2.813112030444577e+27,2.038458582375933e+25,6.88588599865105e+22,2.1727421988777135e+28
iter_0885,1.8909305482193128e+28,2.803977483323417e+27,2.0149341459786024e+25,1.9894318896568127e+23,2.1733631250165297e+28
iter_0886,1.8883456835396418e+28,2.786665151212587e+27,1.9983404311758602e+25,4.5727388257801805e+22,2.1690151118309024e+28
iter_0887,1.8723184557742264e+28,2.7776804404646887e+27,2.09566710295069e+25,7.279008502038445e+22,2.152189445932148e+28
iter_0888,1.8724915059832715e+28,2.7708101492263973e+27,2.1893143946628933e+25,1.9491582119844822e+23,2.151781326882694e+28
iter_0889,1.9033099814468522e+28,2.7928148465747114e+27,2.0534464767575332e+25,6.667451920698424e+23,2.1847115871002876e+28
iter_0890,1.8977904552879806e+28,2.7872699594941305e+27,2.059300856024372e+25,9.538381022293021e+22,2.1785862904744404e+28
iter_0891,1.875818898301263e+28,2.7788264525612047e+27,2.1978059645508707e+25,2.2717179230608e+23,2.155922066701165e+28
iter_0892,1.8838291089928654e+28,2.8163492601151885e+27,2.035538435589927e+25,4.054664991314461e+23,2.1675401200898874e+28
iter_0893,1.8838396904126274e+28,2.795703350446221e+27,2.0960733156460897e+25,1.1341485166136675e+24,2.1656195136245566e+28
iter_0894,1.9001884833864817e+28,2.789482806256346e+27,2.0944013849579887e+25,3.46901701126823e+23,2.181265855567187e+28
iter_0895,1.8709579943364595e+28,2.778527280785551e+27,2.096745233708006e+25,1.5824058523481767e+23,2.1509232917072464e+28
iter_0896,1.8875274287216356e+28,2.8003367624020886e+27,2.047964711271702e+25,6.019163573993721e+23,2.169669261308856e+28
iter_0897,1.883952970287035e+28,2.7779729581320664e+27,2.1442633711599487e+25,3.4364583859676394e+23,2.1639288940552614e+28
iter_0898,1.889452382268766e+28,2.770716938300754e+27,2.079310944992617e+25,6.100881029756682e+23,2.168664395854132e+28
iter_0899,1.8867911718962677e+28,2.807999077961072e+27,2.2013532249186774e+25,2.4517365850847907e+23,2.1698169502831445e+28
iter_0900,1.8996587194594535e+28,2.812804008291679e+27,2.1463491769024357e+25,1.1942136180688377e+23,2.1830974116017043e+28
iter_0901,1.892794065717932e+28,2.777678136548326e+27,2.0574423291128863e+25,3.54177552607886e+23,2.1726547394571384e+28
iter_0902,1.8845843257887854e+28,2.810576714630735e+27,2.0987834371829246e+25,4.142315182883713e+23,2.167782203840871e+28
iter_0903,1.8954706949441092e+28,2.7615553252302824e+27,2.076611354173918e+25,1.1602627996500678e+24,2.173818865101276e+28
iter_0904,1.8928592781263886e+28,2.7800962895463215e+27,2.0835838623008055e+25,3.078954980560432e+23,2.1729832804931268e+28
iter_0905,1.912491380911357e+28,2.794621374859189e+27,2.1167714999871473e+25,2.1325572809429248e+23,2.1940916154700726e+28
iter_0906,1.8839069185519184e+28,2.8012651454643347e+27,2.1178062564731104e+25,1.512260431029232e+23,2.1661663619591354e+28
iter_0907,1.8743755908046714e+28,2.792903717167669e+27,2.0437547034591287e+25,2.9062942384286968e+23,2.1557387801672817e+28
iter_0908,1.8978172945801148e+28,2.8046331499001387e+27,2.1391730007629513e+25,3.220167053464889e+23,2.1804519842414263e+28
iter_0909,1.8637293433350295e+28,2.7675884984021393e+27,2.011459380050851e+25,4.879001227628723e+23,2.1425484425675705e+28
iter_0910,1.8936330168734854e+28,2.7762462167806263e+27,2.1195609191792263e+25,9.86380332455158e+22,2.173387063274052e+28
iter_0911,1.8976251146971795e+28,2.783672526879121e+27,2.1102192405951747e+25,1.1479694106567616e+23,2.1781140663197937e+28
iter_0912,1.8750384559211283e+28,2.802895304055714e+27,2.182470508842874e+25,2.0263973046617644e+23,2.1575307208085893e+28
iter_0913,1.8933090038209817e+28,2.775767642491876e+27,2.120464676710482e+25,8.922872339542318e+23,2.173095461470275e+28
iter_0914,1.9056985619541968e+28,2.799668530275128e+27,2.137011573993316e+25,1.290419866978949e+23,2.187815330754373e+28
iter_0915,1.8846924629303743e+28,2.78602296900505e+27,2.065746875862512e+25,1.1929884539182654e+23,2.165372436591281e+28
iter_0916,1.8889706358260019e+28,2.784988671468792e+27,2.1304043231103206e+25,1.2883003254951956e+23,2.169612790299246e+28
iter_0917,1.8910812168006067e+28,2.7684695627775617e+27,2.120603421079504e+25,2.5596869736749133e+23,2.170074373369179e+28
iter_0918,1.8596231118462752e+28,2.7991484607830723e+27,2.1446996635410882e+25,6.589990221616657e+22,2.141689247578345e+28
iter_0919,1.8904664274772826e+28,2.77471136531582e+27,2.0546967670168165e+25,6.5917991429015345e+22,2.169998852575024e+28
iter_0920,1.8758236613772057e+28,2.769909089984264e+27,2.123005294987313e+25,4.578102869845161e+22,2.154942153773489e+28
iter_0921,1.8869235385607173e+28,2.8105169228027296e+27,2.123721943194287e+25,1.197645932330553e+23,2.1701109292435075e+28
iter_0922,1.8679283385206457e+28,2.804233616742065e+27,2.090656921767863e+25,6.702442245784252e+22,2.150449059558866e+28
iter_0923,1.9007722788126083e+28,2.765524826814287e+27,1.9996345742061537e+25,4.052393977491235e+22,2.1793284484622205e+28
iter_0924,1.8837313574566511e+28,2.7769088141572166e+27,2.053260748197792e+25,5.044267165265889e+22,2.163480543887736e+28
iter_0925,1.8919745807784305e+28,2.800457564663284e+27,2.1291871792551008e+25,8.538949305661634e+22,2.17415806337332e+28
iter_0926,1.8870747236962598e+28,2.789689845025252e+27,2.0401694263936834e+25,5.8522689146208775e+22,2.168089729894093e+28
iter_0927,1.8999372497601772e+28,2.7807908986597127e+27,2.145177864403324e+25,2.225737590763565e+22,2.1801637432281425e+28
iter_0928,1.8822038225820075e+28,2.8001251721916884e+27,2.122994584272115e+25,6.460168967393258e+22,2.1643457945544156e+28
iter_0929,1.8972741091492113e+28,2.771848632767302e+27,2.1859936435477887e+25,1.3096702598940502e+23,2.176658062772088e+28
iter_0930,1.8972527677116084e+28,2.7792875423533085e+27,2.0852387001743402e+25,1.440313739827999e+23,2.177281163784512e+28
iter_0931,1.8915420586527636e+28,2.758354150834316e+27,2.177742486820973e+25,4.4024217920386924e+23,2.169599240440937e+28
iter_0932,1.8760342025058886e+28,2.7932006143135686e+27,2.0912655494744404e+25,7.19683478604139e+22,2.157452726321506e+28
iter_0933,1.883661595619099e+28,2.7903644956290515e+27,2.0653431187033816e+25,1.4056068670317538e+23,2.164777444369378e+28
iter_0934,1.897432978122825e+28,2.794361106249722e+27,2.067670078220452e+25,7.610357946353495e+22,2.1789443691839642e+28
iter_0935,1.8906104722700133e+28,2.7804927703522053e+27,2.1194592476234985e+25,2.2341581490393255e+23,2.1708015501343476e+28
iter_0936,1.8892950811481828e+28,2.7779094300750333e+27,2.080453892443984e+25,1.3590042917798585e+23,2.169180068091048e+28
iter_0937,1.8892026604083534e+28,2.802088795063904e+27,2.110904195201028e+25,8.882888220548984e+22,2.1715313269981655e+28
iter_0938,1.9063705018634144e+28,2.7965875126634075e+27,2.0690022497554502e+25,2.9544137737333195e+23,2.1881277995172476e+28
iter_0939,1.8886755083626203e+28,2.8039380695538275e+27,2.139961536699891e+25,1.3709733500816652e+23,2.1712229865882036e+28
iter_0940,1.8833893398076715e+28,2.807886722443809e+27,2.054930599362815e+25,1.0178070946912145e+23,2.166243120722362e+28
iter_0941,1.8891002878910674e+28,2.796346569248792e+27,2.0737040151053245e+25,2.160727073994832e+23,2.1708302561017916e+28
iter_0942,1.8938098701682468e+28,2.813768387777979e+27,2.0114890375183803e+25,9.950212405504484e+22,2.1772081481959684e+28
iter_0943,1.913812308468051e+28,2.742052151891316e+27,2.05127489863832e+25,6.618379599594919e+23,2.190134982351817e+28
iter_0944,1.906466205194039e+28,2.799008466985899e+27,2.030555677846603e+25,1.3375531398443241e+23,2.188410983101874e+28
iter_0945,1.8878070603493194e+28,2.786751033954147e+27,2.1007902939284436e+25,4.987023704995697e+22,2.1685879410623675e+28
iter_0946,1.8921247599213337e+28,2.804086199116047e+27,2.110573598326923e+25,3.692241105740813e+23,2.174680875842322e+28
iter_0947,1.8811939497774733e+28,2.7692494360318916e+27,2.0038692261077927e+25,3.1953314845171225e+22,2.160125957938255e+28
iter_0948,1.9062269417938981e+28,2.814972008304448e+27,2.050832661147929e+25,1.6337272189187593e+23,2.18979131255768e+28
iter_0949,1.8828844722909257e+28,2.7796232943748313e+27,2.214200163731205e+25,4.5293555078883535e+22,2.1630655312476478e+28
iter_0950,1.893221832383024e+28,2.8023058689037674e+27,2.109476844212731e+25,7.591363750786243e+22,2.175569487481364e+28
iter_0951,1.8863510846043256e+28,2.7850574758312236e+27,2.0563865488349095e+25,1.2102649411597747e+23,2.1669253213856944e+28
iter_0952,1.8732071202966027e+28,2.782817527151109e+27,2.073073910502681e+25,3.2554277643954506e+23,2.1535945011998604e+28
iter_0953,1.8855622469149008e+28,2.825363214175441e+27,1.941607228815684e+25,1.1546298346920477e+23,2.1700517218596076e+28
iter_0954,1.8860182288839599e+28,2.80649558268436e+27,2.0884497728725524e+25,9.231230974817564e+22,2.1687654681562433e+28
iter_0955,1.8749808502395426e+28,2.7823394062871085e+27,2.056605210372531e+25,1.3658761906735837e+23,2.1552850548405323e+28
iter_0956,1.8919451898272904e+28,2.7900813418229936e+27,2.123013831895507e+25,2.029048489151913e+23,2.173096628326377e+28
iter_0957,1.875077358907994e+28,2.798962413702318e+27,2.107168577152986e+25,3.935570417434717e+23,2.1571201245595534e+28
iter_0958,1.912888570819661e+28,2.782275165017685e+27,2.0278505247220166e+25,1.297379631931462e+24,2.193273675809344e+28
iter_0959,1.9029765226501425e+28,2.7952097581019034e+27,1.9937989953063665e+25,5.0317688348005645e+23,2.184541615143987e+28
iter_0960,1.890872821353961e+28,2.769940250474659e+27,2.088177818201078e+25,3.7597189234442793e+22,2.1699587839385514e+28
iter_0961,1.880754235129957e+28,2.763141752190882e+27,2.1570569953043073e+25,3.736292991891891e+23,2.1592628302742685e+28
iter_0962,1.8938280378292823e+28,2.7700330588012213e+27,2.0716512616522476e+25,2.1645961438247755e+24,2.1731194545854395e+28
iter_0963,1.8760641364674773e+28,2.784872988717532e+27,2.028823177948905e+25,2.6957008946944637e+22,2.1565829542180743e+28
iter_0964,1.9141559269978854e+28,2.7921196876184536e+27,2.087735202770251e+25,8.587961610653039e+22,2.195464218924112e+28
iter_0965,1.8849073592276112e+28,2.7750608858745446e+27,2.067350581386111e+25,1.2726124395895126e+24,2.164608059640411e+28
iter_0966,1.8733075683862687e+28,2.817801993140123e+27,2.0355758389528065e+25,6.66420591608025e+23,2.1571899855983945e+28
iter_0967,1.9079870930639523e+28,2.799618664257258e+27,2.126137112011603e+25,6.422727349839281e+23,2.190139323875188e+28
iter_0968,1.8824762600825437e+28,2.797618438034309e+27,2.06242716076385e+25,1.4210082029012124e+23,2.1643147411287675e+28
iter_0969,1.8903586468548228e+28,2.786037339701299e+27,2.0036725715158256e+25,8.325473210682282e+22,2.170974378869679e+28
iter_0970,1.899146232881314e+28,2.841111123713369e+27,2.1571267514983847e+25,4.968026869137284e+22,2.1854194400310183e+28
iter_0971,1.901969899816566e+28,2.8078369596358875e+27,2.0837928429834163e+25,4.5503355824855696e+23,2.1848828919789626e+28
iter_0972,1.8770685445878418e+28,2.779702183366326e+27,2.0838633630392218e+25,7.616443874999667e+22,2.157130242731389e+28
iter_0973,1.8975543261244403e+28,2.766868378219507e+27,2.0911613335057577e+25,9.024695395120935e+22,2.1763413499752917e+28
iter_0974,1.9083297039869681e+28,2.774246150222275e+27,2.186404996152118e+25,5.925381172048007e+22,2.1879466493865202e+28
iter_0975,1.879349038429785e+28,2.7922003828249044e+27,2.095355751806729e+25,4.828040911404624e+23,2.1607127128731963e+28
iter_0976,1.8773672599260308e+28,2.797487979057527e+27,2.030027890349516e+25,9.974682484969809e+22,2.1591560604046177e+28
iter_0977,1.8785443778356734e+28,2.784867223847685e+27,2.029014903160897e+25,2.9335337040835225e+24,2.159353468494011e+28
iter_0978,1.8934488073549635e+28,2.780516530435327e+27,2.123144055284492e+25,1.9687866721641316e+23,2.1736432923205024e+28
iter_0979,1.8794159291051214e+28,2.7812328742743434e+27,2.2196355249830974e+25,8.094519335493232e+23,2.159839797250894e+28
iter_0980,1.8940941474087706e+28,2.7982121101134995e+27,2.0889034346561972e+25,1.8141850543470837e+23,2.1760224037053204e+28
iter_0981,1.8959831733627014e+28,2.8024080052368383e+27,2.064587355276264e+25,1.4890754223940795e+23,2.1783034519958855e+28
iter_0982,1.887925102727853e+28,2.774772076860679e+27,2.041297715205893e+25,1.4305227412812241e+23,2.1674579133565395e+28
iter_0983,1.8939849748893138e+28,2.7625707582184935e+27,2.0784678029623864e+25,7.432949825595715e+22,2.172327951463951e+28
iter_0984,1.8945268719915124e+28,2.7930146432738063e+27,2.0954561785413256e+25,8.104730492194188e+22,2.1759318972279268e+28
iter_0985,1.8849988196982834e+28,2.7727494525393427e+27,2.074918314886344e+25,2.5432202418208837e+23,2.164374115469522e+28
iter_0986,1.8872938222117986e+28,2.803951367537406e+27,2.065326859973293e+25,7.229727118126746e+23,2.169826583096694e+28
iter_0987,1.8929756685249792e+28,2.8135989094145695e+27,2.08747678154829e+25,1.888588970391602e+23,2.176441922137688e+28
iter_0988,1.885845943679377e+28,2.800424037977701e+27,2.1504757168845152e+25,1.1874373416688672e+24,2.168157566928199e+28
iter_0989,1.9089079551994146e+28,2.7962792174656374e+27,2.057593645462176e+25,7.446469328687757e+22,2.190600917060769e+28
iter_0990,1.9027053369221626e+28,2.770408026772967e+27,2.122172338038013e+25,1.0995511993927201e+23,2.181879307449491e+28
iter_0991,1.875961427364226e+28,2.798738896746606e+27,2.1104118005079964e+25,4.874335189637537e+23,2.157994472191291e+28
iter_0992,1.881249989834992e+28,2.7704845822756775e+27,2.111088088616876e+25,5.567059579804373e+23,2.1604652067469744e+28
iter_0993,1.8865597677157544e+28,2.797394436777612e+27,2.1440025604267512e+25,7.957162955203944e+23,2.1685227855834946e+28
iter_0994,1.8640200572845623e+28,2.7899347671779064e+27,2.10477428701336e+25,4.448589774037162e+22,2.1451227568791406e+28
iter_0995,1.8804074370968954e+28,2.788171670173643e+27,2.0737894272895217e+25,1.1808131288251828e+23,2.161310201672837e+28
iter_0996,1.8867005088721157e+28,2.7915963535765167e+27,2.107814905091027e+25,1.1450125100783975e+23,2.1679794092599595e+28
iter_0997,1.8788004325631686e+28,2.7849306892768894e+27,2.1166551234147367e+25,7.604304158286574e+23,2.1594861996558554e+28
iter_0998,1.8670348471637159e+28,2.786738370148114e+27,2.1332703215499453e+25,2.494456306711153e+23,2.1478668990631445e+28
iter_0999,1.9119175341722376e+28,2.783334784880632e+27,2.0041865699359026e+25,1.882360352449003e+23,2.192274022833761e+28
iter_1000,1.8990142517923036e+28,2.8153366494160363e+27,2.0721514995606075e+25,2.873329435959679e+23,2.182648801527827e+28
