iter,Upper Crust,Middle Crust,Lower Crust,Mantle,Total
iter_0001,1.822585080222522e+29,2.7838373073954496e+27,2.032003167063656e+25,5.614716087948557e+21,1.8506267097603437e+29
iter_0002,1.767497425805172e+29,2.8037834333365573e+27,2.1105795921723186e+25,2.153939481148292e+21,1.7957463396371495e+29
iter_0003,1.848324777458301e+29,2.791812709454358e+27,2.0791786353683267e+25,6.307569310827253e+21,1.8764508854920744e+29
iter_0004,1.8416774172948713e+29,2.7787219228248295e+27,2.0897064345605103e+25,5.504692047005825e+21,1.869673662213496e+29
iter_0005,1.920309520799094e+29,2.7807723624413536e+27,2.0996016951563477e+25,8.486629474102928e+22,1.9483280532559706e+29
iter_0006,1.7751750763328522e+29,2.7722602848463014e+27,2.0270655566601506e+25,1.340197866395773e+21,1.80310039913896e+29
iter_0007,1.8965073401688748e+29,2.805867625418326e+27,2.0061581587220463e+25,6.762272182581302e+21,1.924766699861652e+29
iter_0008,1.8116888938448e+29,2.76708241917716e+27,2.076209054149119e+25,1.1723654072158497e+21,1.839567350665641e+29
iter_0009,1.763688352034501e+29,2.77543141167044e+27,2.094840651321981e+25,1.9367991700208838e+21,1.7916521695843292e+29
iter_0010,1.7920089857615146e+29,2.814671295414359e+27,2.0777911951433474e+25,3.202558807753687e+21,1.8203635098607607e+29
iter_0011,1.823465718916845e+29,2.7948937810403325e+27,2.121768917303841e+25,3.163960448687016e+21,1.8516268652585837e+29
iter_0012,1.8014338121159367e+29,2.758519551994728e+27,2.144393660480427e+25,4.85136695617766e+21,1.8292334955156016e+29
iter_0013,1.8764177201667262e+29,2.7860722634342573e+27,2.0295955284954456e+25,2.495980118959476e+21,1.9044814273137193e+29
iter_0014,1.8104646940452374e+29,2.81249039754349e+27,2.1074810086563944e+25,1.301340573179062e+22,1.8388004762555952e+29
iter_0015,1.8328752195554726e+29,2.786457818173607e+27,2.085567919446905e+25,7.560861938020653e+21,1.8609484301377728e+29
iter_0016,1.906044782060003e+29,2.7620275281961274e+27,2.1021161511545694e+25,4.23128685516126e+21,1.9338753112699485e+29
iter_0017,1.929374169203026e+29,2.8160267349713986e+27,2.0348470997296884e+25,7.441985260273025e+21,1.9577379956825654e+29
iter_0018,1.857102308321535e+29,2.783312418894569e+27,2.13068110039036e+25,5.704251925061355e+21,1.8851485576630387e+29
iter_0019,1.9818629844994113e+29,2.7864073693407666e+27,2.0987354980164565e+25,2.830993522694184e+21,2.009936960052556e+29
iter_0020,1.9203984897953833e+29,2.79108769059513e+27,2.05579161754053e+25,8.769886928732467e+20,1.9485149546329756e+29
iter_0021,1.8906529770472557e+29,2.772436736842135e+27,2.1571251088069623e+25,1.8325574469237612e+21,1.918593075252132e+29
iter_0022,1.8182844535958167e+29,2.7981929037889707e+27,2.050477772055985e+25,1.326492084620535e+21,1.8464714436758332e+29
iter_0023,1.862658533751813e+29,2.800246212065136e+27,2.1008975342364764e+25,3.2022257179457906e+21,1.890871117648145e+29
iter_0024,1.8484292452062424e+29,2.810478382894341e+27,2.1226247614020936e+25,4.257300925657447e+23,1.876750548812252e+29
iter_0025,1.8030682067637093e+29,2.7824105855930427e+27,2.1799543538711047e+25,3.294284987087224e+21,1.831110340997877e+29
iter_0026,1.7750538673954414e+29,2.8278684138838217e+27,2.042372349177882e+25,1.1119171803789009e+21,1.803536799888369e+29
iter_0027,1.7898381374058954e+29,2.7864729834272535e+27,2.045776521613447e+25,2.9103639794694714e+21,1.8179074739959686e+29
iter_0028,1.7865512591725705e+29,2.8005071060014257e+27,2.086663879580112e+25,8.673080619259468e+20,1.8147650052936232e+29
iter_0029,1.9413871768412406e+29,2.7914747209982814e+27,2.09618079760043e+25,4.4370304306322625e+22,1.9695119858340263e+29
iter_0030,1.943713374883073e+29,2.7922220984490724e+27,2.0539183139201235e+25,4.2905075825948796e+21,1.9718410306040315e+29
iter_0031,1.876281605672419e+29,2.7834410638091544e+27,2.083391836416829e+25,5.139507382112182e+21,1.9043244068892256e+29
iter_0032,1.8692234177414293e+29,2.795766792641215e+27,2.0978237821440786e+25,3.0203314377114754e+22,1.8973911700791996e+29
iter_0033,1.7475572688427887e+29,2.783463889005174e+27,2.0488182686404816e+25,2.402689353851871e+21,1.775596813586598e+29
iter_0034,1.8548755360298276e+29,2.818244640545585e+27,2.0877868455998697e+25,3.5076241992499724e+21,1.8832667961960857e+29
iter_0035,1.7686253158021974e+29,2.7552198746736725e+27,2.06135946363722e+25,1.4508219079092153e+21,1.796383665003517e+29
iter_0036,2.0378215611614764e+29,2.807253991661615e+27,2.0745689722150544e+25,8.853526804609188e+21,2.0661016465105818e+29
iter_0037,1.8763028466599315e+29,2.801908778668002e+27,2.068330756151385e+25,2.344118439490836e+21,1.904528790963411e+29
iter_0038,1.7879287907500293e+29,2.7616221889638835e+27,2.1819599427582814e+25,2.3491456699282833e+21,1.815763232125401e+29
iter_0039,1.7781180938803844e+29,2.797880641021427e+27,2.1011051448605825e+25,5.8707412633654655e+22,1.8063075978792113e+29
iter_0040,1.8516134615437754e+29,2.793870266468344e+27,2.1448665030515783e+25,7.667404576324328e+21,1.8797667275328098e+29
iter_0041,1.901838384507182e+29,2.8018203090701256e+27,2.067989248924373e+25,3.553363725394033e+21,1.930063422056413e+29
iter_0042,1.999038175956757e+29,2.7704430068805716e+27,2.044217683279018e+25,3.0139160086376124e+21,2.0269470579330505e+29
iter_0043,1.8243043369359324e+29,2.825076804217999e+27,2.0635390355649346e+25,5.727888484535419e+21,1.8527615161605535e+29
iter_0044,1.8446962306055392e+29,2.766735771401085e+27,2.0809122669342698e+25,1.2408358205476865e+22,1.8725718036298254e+29
iter_0045,1.805299165934105e+29,2.7970978974003127e+27,2.0230166871113736e+25,2.338609577328058e+21,1.833472469962915e+29
iter_0046,1.7648302714718502e+29,2.784090696859289e+27,2.065894097207206e+25,2.0446570424983014e+22,1.792877972315868e+29
iter_0047,1.9991354232805516e+29,2.7801541294633726e+27,2.1634312929316318e+25,4.0386031004129585e+21,2.0271533480905095e+29
iter_0048,1.7683623678854678e+29,2.809195657719608e+27,2.1050471829772075e+25,5.493870163062543e+21,1.796664884119663e+29
iter_0049,1.702990765250902e+29,2.7728510096580927e+27,2.0682282953294753e+25,2.108110146899234e+21,1.7309261192581175e+29
iter_0050,1.800224973813436e+29,2.7817087499221876e+27,2.094652310905311e+25,1.5588813433172356e+22,1.828251682431883e+29
iter_0051,1.806537646772411e+29,2.7789799927145473e+27,2.0392991257419232e+25,1.2655757791454208e+22,1.8345315031697087e+29
iter_0052,2.0739118078891325e+29,2.7983674705102254e+27,2.1050725675590987e+25,6.314186403887766e+21,2.1021060529928545e+29
iter_0053,1.990649887884726e+29,2.7794264033436626e+27,2.1070391315546283e+25,5.815326305679176e+21,2.018654913984581e+29
iter_0054,1.8083805670664265e+29,2.768881994147279e+27,2.129892694013905e+25,1.2638822738799521e+22,1.836282502665528e+29
iter_0055,1.714142130942732e+29,2.7996704074101936e+27,2.097023020044929e+25,1.9708365084627522e+21,1.7423485570272037e+29
iter_0056,1.784023394422672e+29,2.778182944072384e+27,2.1131464340453233e+25,6.663627100398179e+20,1.8120165451704272e+29
iter_0057,1.9007977484036872e+29,2.8156100759524463e+27,2.1759239644533095e+25,5.882060571463262e+22,1.929172029765714e+29
iter_0058,1.77872938964904e+29,2.8016002868964665e+27,2.1025092975877395e+25,4.1975193818088457e+21,1.8069556854229572e+29
iter_0059,1.8214823443922985e+29,2.794428200534717e+27,2.139840404511729e+25,1.801817251067302e+21,1.849640628456269e+29
iter_0060,1.765524987898714e+29,2.8188447595471073e+27,2.1473813610311305e+25,2.787955143156869e+21,1.7939282015098396e+29
iter_0061,1.790035021987636e+29,2.811903599625598e+27,2.111150963835369e+25,5.145228533157473e+21,1.8183652245325607e+29
iter_0062,1.995489328864362e+29,2.7749011658346617e+27,2.0492678335935275e+25,2.1031706228318528e+23,2.0234453704766907e+29
iter_0063,1.908136767015492e+29,2.776830735026652e+27,2.064620909986611e+25,1.5052994819849655e+21,1.936111551509752e+29
iter_0064,1.741642677421932e+29,2.790385651241608e+27,2.10683623085756e+25,1.2197339015746616e+22,1.769757339530824e+29
iter_0065,1.8712982695001376e+29,2.797059455200652e+27,2.1371717354002296e+25,6.377076852396229e+21,1.8994826449964524e+29
iter_0066,1.7946273639882824e+29,2.760979337166703e+27,2.1191530775280166e+25,1.7308632231528002e+21,1.8224490899763342e+29
iter_0067,1.856337801503162e+29,2.809912627931273e+27,2.0805648793293206e+25,1.258335294666261e+23,1.8846462426057024e+29
iter_0068,1.8238817571319657e+29,2.7802945765465816e+27,2.1417759814071253e+25,5.988624189622193e+21,1.8518989403818143e+29
iter_0069,1.946434138189354e+29,2.8017014261585443e+27,2.0778258006710556e+25,5.719372704375588e+21,1.9746589922247338e+29
iter_0070,1.77035513141367e+29,2.7643271474604716e+27,2.091892202153545e+25,3.0152743301095897e+22,1.798207893635923e+29
iter_0071,1.9679113683540614e+29,2.77777281063397e+27,2.084833640642531e+25,2.7025403377146685e+21,1.9958976068498686e+29
iter_0072,1.8250941157759408e+29,2.819500983580262e+27,2.192526563059714e+25,8.819341820980856e+20,1.853508387087391e+29
iter_0073,1.8263817836038115e+29,2.7688610077741164e+27,2.133703444431017e+25,6.362628175460127e+21,1.8542838276522777e+29
iter_0074,1.823316036669219e+29,2.779491254589948e+27,2.081162111787946e+25,3.55638433283257e+21,1.8513191009901407e+29
iter_0075,1.7569256441155693e+29,2.7841434029093606e+27,2.1242421163146665e+25,3.683412746077983e+21,1.7849795391904218e+29
iter_0076,1.8178054881866915e+29,2.792333868839535e+27,2.075048850211954e+25,1.3928361765880277e+21,1.8459363456884697e+29
iter_0077,1.8400928960415014e+29,2.7832626638538916e+27,2.0386215451131086e+25,1.4915271348928895e+21,1.8681293997498233e+29
iter_0078,1.8292693970172814e+29,2.7733554109899034e+27,2.089915108259954e+25,3.6069603513267504e+22,1.8572123033340417e+29
iter_0079,1.962439061826062e+29,2.7802883944064965e+27,2.1606501206839287e+25,6.702510728472405e+21,1.9904580778073024e+29
iter_0080,1.8029652545707385e+29,2.799352667194668e+27,2.153667152416916e+25,3.3845415124048135e+21,1.8311741818033417e+29
iter_0081,1.904252023707034e+29,2.78753845233663e+27,2.053308904601471e+25,9.73939075673558e+21,1.9323328365147678e+29
iter_0082,1.851171538550989e+29,2.786248943520546e+27,2.1061050149962937e+25,3.0996255783029387e+22,1.8792449484502516e+29
iter_0083,1.9860038173946746e+29,2.7987716542335494e+27,2.1027598011237087e+25,2.521801677817258e+22,2.01420206209729e+29
iter_0084,1.947410123026169e+29,2.794853783603264e+27,2.0709465774165367e+25,5.614587978198662e+21,1.975565811665823e+29
iter_0085,2.003143042247349e+29,2.785138121162652e+27,2.1564247026239814e+25,1.3582592116048903e+22,2.0312102017551587e+29
iter_0086,1.9222966542465774e+29,2.791668279558814e+27,2.0830578995361393e+25,1.9521563663654076e+21,1.9504216623536825e+29
iter_0087,1.9113175159066878e+29,2.7930685605563495e+27,2.1101905582310825e+25,5.776114086188244e+21,1.939459278329215e+29
iter_0088,1.79192603942315e+29,2.7931398149470366e+27,2.100586609063836e+25,3.9572029115004045e+21,1.820067535805556e+29
iter_0089,1.822470602826293e+29,2.768665324848815e+27,2.0400076761748123e+25,1.359265266410448e+21,1.850361270435051e+29
iter_0090,1.842077673260277e+29,2.7906447592353645e+27,2.1181753358924524e+25,1.4913923569165038e+21,1.8701959533001435e+29
iter_0091,1.9594211769829926e+29,2.763947744109274e+27,2.0865879045218573e+25,9.3448836559951e+22,1.9872702477029028e+29
iter_0092,1.8051478736338547e+29,2.7968262234399715e+27,2.1535539010693292e+25,3.059535995088839e+21,1.8333315218537213e+29
iter_0093,1.7614019746528867e+29,2.7876738336278324e+27,2.1274677510406126e+25,1.8709685301606896e+22,1.789491646861122e+29
iter_0094,1.9401016552031436e+29,2.777691423401035e+27,2.1256586699950846e+25,8.819626929901335e+20,1.9680911441237803e+29
iter_0095,1.8556965550082736e+29,2.797134717411069e+27,2.1633527135692674e+25,2.149320791596199e+21,1.883884258946949e+29
iter_0096,1.9040553205975397e+29,2.7873123236869305e+27,2.142136039234172e+25,6.571351257558643e+21,1.932142723151845e+29
iter_0097,1.793494547779114e+29,2.8092295236693184e+27,2.074942533346855e+25,1.3481445149458425e+22,1.821794472083594e+29
iter_0098,1.7265738915556654e+29,2.7938886123526503e+27,2.1012412755063905e+25,3.548928859695186e+21,1.7547229372960312e+29
iter_0099,1.847229313691539e+29,2.779774527804569e+27,2.117104658887293e+25,2.6043901914832825e+22,1.8752390298744927e+29
iter_0100,1.767217386000227e+29,2.786109838819803e+27,2.1925876043848294e+25,4.042225109050575e+21,1.7952977835711146e+29
iter_0101,1.7546519672190846e+29,2.7895921332640793e+27,2.122018424727142e+25,7.854874421109682e+20,1.782760098249073e+29
iter_0102,1.728464511864505e+29,2.7934721904967036e+27,2.1229966926970577e+25,9.876418326875926e+21,1.756611632202925e+29
iter_0103,1.940766126764492e+29,2.781444437505432e+27,2.073479424602442e+25,1.4564219186829832e+21,1.968787933646226e+29
iter_0104,1.8086274343851837e+29,2.792885731510612e+27,2.033279913673546e+25,5.823310254320947e+21,1.8367596779247597e+29
iter_0105,1.7731114737157606e+29,2.818672296980824e+27,2.1202619061880185e+25,3.1983828181655036e+21,1.8015102548600155e+29
iter_0106,1.7573948865252275e+29,2.7923909063402473e+27,1.9944792065251086e+25,1.9455710201478342e+21,1.7855182629649925e+29
iter_0107,1.7781632355415625e+29,2.797304008131171e+27,2.153843612499892e+25,2.608920467753325e+22,1.8063519208761713e+29
iter_0108,1.8580143711116917e+29,2.8072476265588897e+27,2.058669181152073e+25,2.0368124992412626e+21,1.8862927346635207e+29
iter_0109,1.878250592501247e+29,2.796645881081829e+27,1.985126325970997e+25,4.266785089936507e+21,1.9064156066125135e+29
iter_0110,1.8129991069246117e+29,2.76792121031908e+27,2.023010857597115e+25,2.439452282724743e+21,1.840880644508085e+29
iter_0111,1.8177459480368967e+29,2.7783330407780116e+27,2.150166739712712e+25,1.0382882782447216e+21,1.8457443055015307e+29
iter_0112,1.9852233879624532e+29,2.792580477669624e+27,2.02380129547939e+25,5.995945872501677e+21,2.013351632828156e+29
iter_0113,1.753603710869259e+29,2.7909899667447255e+27,2.0299548083531123e+25,4.683912159533804e+21,1.7817166528566633e+29
iter_0114,1.8667810541318878e+29,2.7760221525364144e+27,2.069256001048663e+25,1.0220411018560265e+22,1.894748303461467e+29
iter_0115,1.820907819989365e+29,2.800678830265338e+27,2.0553288580275955e+25,1.7569348118486844e+23,1.849121898112633e+29
iter_0116,1.8084595214908025e+29,2.7715754846768943e+27,2.02562655381411e+25,4.832909231244835e+21,1.8363778873220452e+29
iter_0117,1.879326600985216e+29,2.8034416193701615e+27,2.1221982920986135e+25,2.1587543808343626e+21,1.9075732585956712e+29
iter_0118,1.8519826012682407e+29,2.7573678124360414e+27,2.0834531099315887e+25,3.025914196146252e+21,1.879764654962736e+29
iter_0119,1.8323057225288653e+29,2.767661641110016e+27,1.998279323688423e+25,3.019715346388622e+21,1.860182197069488e+29
iter_0120,1.774448635174621e+29,2.781277872286727e+27,2.19078629169957e+25,2.9043094545120113e+22,1.802480782957604e+29
iter_0121,1.8340984131542847e+29,2.779039427487479e+27,2.085189006129154e+25,1.6846485238981473e+21,1.8620973431762577e+29
iter_0122,1.941787707820927e+29,2.778881711745235e+27,2.0931500672514955e+25,1.389697903313121e+21,1.9697858538420837e+29
iter_0123,1.870115211243441e+29,2.7843886753212665e+27,2.0946833187522254e+25,8.375406784331275e+21,1.898168650082597e+29
iter_0124,1.879249270123418e+29,2.774945341631779e+27,2.134926152204563e+25,2.477081975944981e+21,1.907212240925776e+29
iter_0125,1.8670804248996133e+29,2.7854081451611903e+27,2.0582784697130327e+25,3.070463245065303e+21,1.8951403649028288e+29
iter_0126,1.9182887044790725e+29,2.7817621863168386e+27,2.1249248056088507e+25,3.0968604779077456e+21,1.946318849791407e+29
iter_0127,1.812139407570945e+29,2.7934204603905575e+27,2.1325112697905552e+25,1.5045740620746173e+22,1.8402870137592357e+29
iter_0128,1.7452626262795398e+29,2.810251247954162e+27,2.131662447067557e+25,2.7096171663746804e+21,1.77357833209996e+29
iter_0129,1.785843574925255e+29,2.776664038895346e+27,2.135264252623352e+25,9.7168815620684e+21,1.8138238389082867e+29
iter_0130,1.8787592885432812e+29,2.7837041281032213e+27,2.1058849907981093e+25,6.847413084775468e+21,1.906806986797524e+29
iter_0131,1.8925053852093348e+29,2.818246053931792e+27,2.106110986557735e+25,1.4810655562874302e+22,1.920898604953864e+29
iter_0132,1.7849710682260335e+29,2.800661748542575e+27,2.115372488241493e+25,1.3552531954350762e+22,1.8131893584856028e+29
iter_0133,1.8013055409382288e+29,2.795150529587853e+27,1.985284962022001e+25,2.975659919846529e+21,1.8294556044869088e+29
iter_0134,1.9650236552238183e+29,2.7922447373725597e+27,2.10259650635936e+25,1.064490982727465e+22,1.993156468697278e+29
iter_0135,1.7359806352959267e+29,2.794094967166552e+27,2.00757248582061e+25,1.2102587541045274e+21,1.764122354318762e+29
iter_0136,1.916158459475175e+29,2.782500680206464e+27,2.1105476654518103e+25,3.040690924235218e+21,1.9441945514506944e+29
iter_0137,1.7605708810920757e+29,2.777851511435942e+27,2.0296268645675953e+25,4.106711369058263e+21,1.7885523999600056e+29
iter_0138,1.7171905553269103e+29,2.815248835344012e+27,2.01877415478793e+25,1.2323494128814368e+22,1.7455450443307705e+29
iter_0139,1.8802368262812857e+29,2.8102966527005404e+27,2.0841166956627496e+25,1.2141010481787057e+22,1.9085483258879623e+29
iter_0140,2.041505112238745e+29,2.7897478666314996e+27,2.050067085505971e+25,1.1802851605803569e+21,2.0696076094164623e+29
iter_0141,1.8708850466399385e+29,2.8079412988085105e+27,2.0181318210192693e+25,1.507518309246517e+22,1.8991664235619565e+29
iter_0142,1.9628019070767987e+29,2.785124953020374e+27,2.1247639470846945e+25,8.963372496017066e+21,1.990865722635436e+29
iter_0143,2.02675097218177e+29,2.810325918502048e+27,2.0700887397882256e+25,3.1192826177302225e+21,2.055061271433595e+29
iter_0144,1.789051092291125e+29,2.826430475687707e+27,2.090297377485457e+25,6.579933291574131e+20,1.817524433365684e+29
iter_0145,1.8219707276952412e+29,2.802451519666293e+27,2.0686478923357514e+25,5.059316372132191e+21,1.8502021582743017e+29
iter_0146,1.9240631771575994e+29,2.779448052456353e+27,2.1297014432377546e+25,3.9307988529655474e+21,1.9520706671344753e+29
iter_0147,1.8939045249718296e+29,2.8129749594563567e+27,2.087644269540155e+25,1.338276641220291e+21,1.9222430523761135e+29
iter_0148,1.8457734815927658e+29,2.7655271384321325e+27,2.0489183924314288e+25,5.756269318304131e+21,1.8736337023790236e+29
iter_0149,1.8253117820921477e+29,2.795028773401196e+27,2.101295819378546e+25,1.007311974408297e+22,1.8534723001392947e+29
iter_0150,1.9846065237577997e+29,2.7845749159473084e+27,2.052956534489333e+25,4.123289031135881e+21,2.012657609803612e+29
iter_0151,1.8831524489202482e+29,2.795305342529752e+27,2.05441226455251e+25,6.013705862225102e+22,1.9113115449425874e+29
iter_0152,1.8957941958972362e+29,2.7812432424337155e+27,2.2097173689100585e+25,1.421371134386002e+21,1.9238276142721757e+29
iter_0153,1.7997481714151902e+29,2.7721715400812625e+27,2.027716578186503e+25,7.150457241325928e+21,1.8276727299783937e+29
iter_0154,1.8097451254730427e+29,2.784235899008258e+27,2.0646025219032235e+25,3.127094641246442e+22,1.8377942574247797e+29
iter_0155,1.826829598211626e+29,2.7697721510694606e+27,2.0163877808177314e+25,3.7028640657798637e+21,1.854728995529043e+29
iter_0156,1.935357463060062e+29,2.795044197150251e+27,1.982902524769955e+25,9.974708922881577e+21,1.9635062950311307e+29
iter_0157,1.8527219173199635e+29,2.8009648895581373e+27,2.164326615703173e+25,1.0906944523835758e+22,1.8809481079465604e+29
iter_0158,2.0591971631652403e+29,2.8218596229207475e+27,2.1234593430685064e+25,2.6772041963173797e+21,2.0876281321007968e+29
iter_0159,1.981693847839392e+29,2.7804544966764135e+27,2.081852959802942e+25,1.0849811421842778e+21,2.0097065889519476e+29
iter_0160,1.9131456288986976e+29,2.7632909241636427e+27,2.169609912491008e+25,3.010419198359958e+21,1.9409955292357752e+29
iter_0161,1.767801667207106e+29,2.782725692239437e+27,2.1684168507305977e+25,3.9067143154941716e+21,1.7958458048817166e+29
iter_0162,1.8342585935636383e+29,2.7879355712921563e+27,2.0683726913937145e+25,2.346436999990938e+21,1.8623448100100694e+29
iter_0163,1.9584352370858785e+29,2.775140444061859e+27,2.1084173857578266e+25,3.012043980412108e+21,1.9863975133855125e+29
iter_0164,1.9778094961669046e+29,2.8094468889310996e+27,2.1243539428637616e+25,1.1579927238022851e+21,2.006116412030429e+29
iter_0165,1.9462006690592847e+29,2.812456653152698e+27,2.025533919168707e+25,3.455422170728557e+21,1.9745278235369503e+29
iter_0166,1.817400956803654e+29,2.7617546865051255e+27,2.1020789523385314e+25,5.766248531396964e+21,1.8452287692264242e+29
iter_0167,1.6988501013314336e+29,2.778655597461406e+27,2.125425944502423e+25,4.812912076738506e+22,1.726849681191706e+29
iter_0168,1.828038026346204e+29,2.8001005059933925e+27,2.0883075984628067e+25,1.8026617296835303e+22,1.8562480424321572e+29
iter_0169,1.7325582876727128e+29,2.792585940554779e+27,2.0676301355416016e+25,6.596763277382048e+21,1.7606909760594473e+29
iter_0170,1.866495036861117e+29,2.810972651386618e+27,2.0752566376379277e+25,5.881149403715524e+21,1.894812347850241e+29
iter_0171,1.8933757443137642e+29,2.793718909787673e+27,2.021662298104823e+25,3.8919557308019077e+21,1.9215151385610086e+29
iter_0172,1.9355465328905153e+29,2.7971033636118264e+27,2.1061458949937413e+25,2.076487277809258e+21,1.963728201881006e+29
iter_0173,1.9215904141519743e+29,2.777369031150178e+27,2.1377467972786335e+25,1.2327921429455961e+22,1.9495780024224182e+29
iter_0174,1.7717675366445284e+29,2.7711443777338316e+27,2.092974144845561e+25,4.4151942498042233e+21,1.7996883219882937e+29
iter_0175,1.86411833945235e+29,2.7863588794286434e+27,2.0935446189349525e+25,2.11077142063281e+21,1.892191303816244e+29
iter_0176,1.9402059345020312e+29,2.7934652173076585e+27,2.0990276247445917e+25,3.892335380420174e+21,1.968350528360936e+29
iter_0177,1.8677040062393662e+29,2.793600066440739e+27,2.190004800007782e+25,7.470498724115285e+21,1.8958590820887616e+29
iter_0178,1.939463045462536e+29,2.7848030841101e+27,2.095514878561445e+25,2.508715671903194e+21,1.96752065287865e+29
iter_0179,1.896547397812895e+29,2.7859034499380173e+27,2.161184650899521e+25,4.093258820281552e+21,1.9246225917099533e+29
iter_0180,2.015489894288852e+29,2.793816546952127e+27,2.211438567161774e+25,2.7816991448054956e+22,2.043649481785004e+29
iter_0181,1.7946699430316134e+29,2.809981762227062e+27,2.1049344158515162e+25,2.2847794215514407e+21,1.8229802769432635e+29
iter_0182,1.750540710693932e+29,2.802765023519865e+27,2.0631613643550757e+25,1.5778624199424074e+21,1.77877469284419e+29
iter_0183,1.7901270996202122e+29,2.790242029344219e+27,2.176791909838738e+25,4.20248085089078e+22,1.8182476193527232e+29
iter_0184,2.0551740938122396e+29,2.7909609124611486e+27,2.1755549254542733e+25,1.463559520417717e+23,2.0833027219889166e+29
iter_0185,1.9162499077410845e+29,2.7654126375853524e+27,2.0218088519587492e+25,1.2238363513283498e+21,1.9441062272404974e+29
iter_0186,1.9034423882284728e+29,2.795936977277448e+27,2.0382162921104108e+25,9.635439339249206e+22,1.9316065431743923e+29
iter_0187,1.7157896613926965e+29,2.7919801981715753e+27,2.08029783485599e+25,7.908162239150444e+21,1.74391757223952e+29
iter_0188,1.8830931431061097e+29,2.7771730818824853e+27,2.2030319461638914e+25,4.583206580651735e+21,1.911085222951617e+29
iter_0189,1.9118204390567383e+29,2.766333141710651e+27,2.0126348421044076e+25,1.5521266862473633e+21,1.9396850494793224e+29
iter_0190,2.054543729468644e+29,2.776520482850846e+27,2.1101644964676515e+25,7.524187033500776e+21,2.08252002598867e+29
iter_0191,1.8361812486748303e+29,2.76930326019307e+27,2.141771856524005e+25,3.7572868278833685e+21,1.8640884960352814e+29
iter_0192,1.9311955378097373e+29,2.7865970299358324e+27,2.114039038634507e+25,4.3021192377708755e+21,1.9592729550341515e+29
iter_0193,1.72828153890139e+29,2.781017766001229e+27,2.0991221927014257e+25,2.804947117255468e+21,1.7563016568301438e+29
iter_0194,1.850754463172951e+29,2.7715488272308523e+27,2.0620645249911634e+25,1.3719922713170536e+22,1.8786762950969857e+29
iter_0195,1.816829132090352e+29,2.8006187494633536e+27,2.059984152927744e+25,3.4782007517609696e+21,1.8450413527822858e+29
iter_0196,1.8710145304406803e+29,2.780576001645618e+27,2.048681854246685e+25,5.1945872861787386e+23,1.899030353229847e+29
iter_0197,2.105331647156348e+29,2.8090067237795164e+27,2.0387781308546814e+25,2.0548624171376593e+21,2.133625612755853e+29
iter_0198,1.8974038488758315e+29,2.808026207420798e+27,2.1457409373765745e+25,4.06575160478362e+21,1.925698725701293e+29
iter_0199,1.856022788178786e+29,2.7953731664917e+27,2.0837249238657184e+25,5.147100146435142e+21,1.884184943807091e+29
iter_0200,1.774711788343703e+29,2.8074730769208564e+27,2.0688371917243814e+25,2.721003947763419e+21,1.8029934300421235e+29
iter_0201,1.953279372883241e+29,2.8031658133522083e+27,2.2290986259486682e+25,2.990490096161378e+21,1.9815339707842592e+29
iter_0202,1.9860676384142484e+29,2.798480828047568e+27,2.1394419011755034e+25,4.1120575542133113e+21,2.014266432005417e+29
iter_0203,2.044763945762828e+29,2.770207899170509e+27,2.103062837373566e+25,2.436132574878537e+21,2.072676355399596e+29
iter_0204,1.7857301325060078e+29,2.7980149281582975e+27,2.082498968106855e+25,2.954699839809867e+22,1.8139188271543853e+29
iter_0205,1.902955519351196e+29,2.7971807911524506e+27,2.007833935939371e+25,1.681291246921818e+22,1.9311282787854393e+29
iter_0206,1.7407381391492964e+29,2.799095186598107e+27,2.094723724395024e+25,2.2379843044416375e+21,1.76893858576756e+29
iter_0207,1.828052879278847e+29,2.7786273789496965e+27,2.133025750914463e+25,5.828666745954151e+21,1.856052513930103e+29
iter_0208,1.799495225428085e+29,2.8088036913465297e+27,2.0326934450964785e+25,4.053497201698091e+21,1.827786572221032e+29
iter_0209,1.6839172930427456e+29,2.792064784495529e+27,2.078355672034639e+25,1.3457746423214495e+22,1.7120459110323686e+29
iter_0210,1.8869628800403788e+29,2.8161692151764646e+27,2.034543427300769e+25,3.278207644783961e+21,1.91532805931695e+29
iter_0211,1.753950485783007e+29,2.8087164902375195e+27,2.142092080430926e+25,4.227608382993701e+21,1.7822519021695092e+29
iter_0212,1.8314429595271843e+29,2.7805003727571973e+27,2.0144426406372753e+25,3.2704614739914764e+21,1.8594494402234348e+29
iter_0213,1.9774172530902452e+29,2.7857024168688894e+27,2.0211334667892087e+25,5.36588897962818e+21,2.0054764442645026e+29
iter_0214,1.767087595009748e+29,2.810979614851753e+27,2.115196686266867e+25,2.9865086297815714e+21,1.795408940691978e+29
iter_0215,1.791568022622908e+29,2.773540733744233e+27,2.073676098227859e+25,7.552089387562854e+22,1.8195115527791118e+29
iter_0216,1.858117286642005e+29,2.8223109717193775e+27,2.093560995118451e+25,5.177180858467448e+21,1.886549804230519e+29
iter_0217,1.928603870575685e+29,2.8090975610733857e+27,2.0420087066906705e+25,2.366162225588238e+21,1.95689907071871e+29
iter_0218,1.9398964285837957e+29,2.807263896500466e+27,2.047479215570596e+25,7.941584963648806e+21,1.9681738948862068e+29
iter_0219,1.900308063859829e+29,2.798584298634557e+27,2.0700146380833312e+25,1.9350215021596293e+21,1.9285009276601978e+29
iter_0220,2.0189118946439065e+29,2.794364706918919e+27,2.0811369257173746e+25,2.7545854676861693e+22,2.0470639308642144e+29
iter_0221,1.8999138650527257e+29,2.8103886573417306e+27,2.0311290702704033e+25,9.506097046611808e+21,1.9282209595941406e+29
iter_0222,1.7856288454033344e+29,2.774716027336653e+27,1.997028780624443e+25,2.514483293986465e+21,1.8135757336995965e+29
iter_0223,1.856100895807745e+29,2.814157923775531e+27,2.0803186297320604e+25,2.009999929784965e+22,1.8844507079084665e+29
iter_0224,1.9263052703677007e+29,2.7801245507275113e+27,2.0808813144408857e+25,7.013562774868195e+22,1.9543153053626976e+29
iter_0225,1.6951258845661683e+29,2.799037101223993e+27,2.004317021065149e+25,4.158750001632677e+22,1.7233171031555148e+29
iter_0226,1.9952279879957095e+29,2.7916812265821066e+27,2.0613260681541398e+25,3.0712469107791062e+22,2.023351239993037e+29
iter_0227,1.7665876274958408e+29,2.770844197855898e+27,2.146480638159488e+25,1.6181361192301355e+21,1.794510733719577e+29
iter_0228,2.0057855683593845e+29,2.817880721817247e+27,2.130793367256221e+25,1.3791562405739126e+21,2.034177468705845e+29
iter_0229,1.743716764202574e+29,2.806118074916245e+27,2.081826951323916e+25,1.8960074575828604e+22,1.7719863172476144e+29
iter_0230,1.948533395804185e+29,2.783429947442334e+27,1.9763045910323327e+25,1.2054478420102567e+22,1.976565446282496e+29
iter_0231,1.7998754996212202e+29,2.7636638715582304e+27,2.0831934115359446e+25,5.130601414261198e+21,1.8277205089839703e+29
iter_0232,2.0598053892025795e+29,2.806840352295008e+27,2.0753857364643772e+25,2.552657182575989e+21,2.088081356825748e+29
iter_0233,1.775101928896881e+29,2.7902468065987044e+27,2.0473881066344184e+25,3.395516262583284e+21,1.8032091697286943e+29
iter_0234,1.7616867392277357e+29,2.7954432955170213e+27,2.064903715454431e+25,7.02218607437021e+20,1.7898476695766374e+29
iter_0235,1.8281968406352402e+29,2.7834580212774194e+27,2.0208691588436494e+25,2.3293325510951748e+21,1.8562335310572242e+29
iter_0236,1.7534594978459654e+29,2.767541682579949e+27,2.0567904378233856e+25,2.82409263514044e+21,1.7813406219564734e+29
iter_0237,1.7898567938074348e+29,2.7698884014816113e+27,2.1352573003388377e+25,3.6202808259398373e+21,1.8177692397550934e+29
iter_0238,1.7523410509398576e+29,2.7773887731515154e+27,2.0794136140683724e+25,3.6808622717887756e+21,1.7803229168414025e+29
iter_0239,1.918849100091112e+29,2.7802795931314545e+27,2.0298270766314558e+25,1.0294489407321067e+21,1.9468548890245792e+29
iter_0240,2.0424070711619717e+29,2.7597835919887535e+27,2.1306425342056387e+25,1.3620699578309122e+22,2.070218107542276e+29
iter_0241,1.7878954200588735e+29,2.752563631370525e+27,2.1216880730969703e+25,9.855032190077067e+21,1.8156333237302103e+29
iter_0242,2.008420084650922e+29,2.7977826115153186e+27,2.124986209975706e+25,2.1621842918503557e+21,2.0366104310089154e+29
iter_0243,1.9267715839681962e+29,2.7773121404902215e+27,2.058006871180992e+25,4.2065002421201037e+21,1.954750548125219e+29
iter_0244,1.9261685012831986e+29,2.7808711874509807e+27,2.0989532219710884e+25,9.696404740120401e+21,1.954187205443953e+29
iter_0245,1.7794481405062922e+29,2.8005093830370664e+27,2.0254596631278544e+25,4.95462231885525e+21,1.807655829849199e+29
iter_0246,1.847338094557953e+29,2.8034714256967296e+27,2.1837118813972945e+25,7.122333857601677e+21,1.8755912512263984e+29
iter_0247,1.7839556118388277e+29,2.7916360354474184e+27,2.05926764336394e+25,2.8368735821305196e+21,1.8120779273263743e+29
iter_0248,1.9033928017323402e+29,2.789489851879837e+27,2.121984369014371e+25,5.969672834986909e+21,1.9314999583847684e+29
iter_0249,1.7385272872004554e+29,2.791936788111828e+27,1.9299870539728966e+25,5.249941218117273e+22,1.766640178781093e+29
iter_0250,1.919005099841848e+29,2.80509232651953e+27,2.13387050165496e+25,4.978184813727571e+21,1.947269459939057e+29
iter_0251,1.8870848409693225e+29,2.7775018787585903e+27,2.1566155408763317e+25,6.456311633661388e+22,1.9150761669421594e+29
iter_0252,1.7984272484841293e+29,2.823537050974159e+27,2.0086183122479106e+25,1.360564117893816e+22,1.8268636168815073e+29
iter_0253,1.8827273026256012e+29,2.797900531131666e+27,2.0978398274790177e+25,3.5519636111571776e+21,1.9109161274393018e+29
iter_0254,1.8633835989678535e+29,2.807012502179342e+27,2.0486128677087756e+25,5.038623778759131e+22,1.891659089138796e+29
iter_0255,1.776289958185972e+29,2.797232761441373e+27,2.073963492474903e+25,4.2683050241143504e+21,1.8044697248326833e+29
iter_0256,1.877709783434931e+29,2.7918798481462744e+27,2.0942205987579416e+25,1.486903821449905e+21,1.9058380188453076e+29
iter_0257,1.8685247835311858e+29,2.806729794665996e+27,2.1314031670136186e+25,3.1922276333367885e+21,1.8968052537168232e+29
iter_0258,1.9778098696338234e+29,2.7817452427722023e+27,2.0612780556743967e+25,1.9281000775563254e+21,2.0058334691481134e+29
iter_0259,1.8046600529287426e+29,2.764757559517306e+27,2.0303660722231136e+25,4.1505442006958185e+21,1.83251070663658e+29
iter_0260,1.8351561031527435e+29,2.7963221811133077e+27,2.1494376222186275e+25,2.741957567216406e+22,1.863334542921855e+29
iter_0261,1.9699751471369298e+29,2.775009185284057e+27,2.0544328557812803e+25,1.7052216217600308e+22,1.9979308527975107e+29
iter_0262,1.686322017321452e+29,2.7870560457225233e+27,2.010869776088195e+25,3.72044221068759e+21,1.714393701960708e+29
iter_0263,1.8364960769825368e+29,2.8149029207863797e+27,2.123932481746071e+25,4.584912835527503e+22,1.864857957929859e+29
iter_0264,1.9687327296501285e+29,2.7791154176655574e+27,2.0742526793681937e+25,3.90986276997389e+22,1.9967317000809978e+29
iter_0265,1.9474539751904678e+29,2.7991086664894806e+27,1.998073824608733e+25,1.392023390568901e+22,1.9756450084401625e+29
iter_0266,1.7925797792577747e+29,2.766883941920171e+27,2.1204594847360987e+25,2.0640044720421975e+22,1.8204608710258973e+29
iter_0267,1.8571124208935976e+29,2.812213423505059e+27,2.2086164911103997e+25,2.1012204122552735e+21,1.885455437789963e+29
iter_0268,1.7984905105699322e+29,2.7835964719458835e+27,2.0088980407719455e+25,2.557102595083383e+21,1.8265273906644942e+29
iter_0269,1.8272341761489025e+29,2.773300472604845e+27,2.082344691081575e+25,1.0254826109685842e+23,1.85517644082667e+29
iter_0270,1.7813001924976608e+29,2.789754098612245e+27,2.1394939510279722e+25,9.405385723261526e+21,1.8094117769327432e+29
iter_0271,1.886154772783807e+29,2.8173475738563863e+27,2.096145925479866e+25,3.7434018042369613e+21,1.914537900548937e+29
iter_0272,1.8245232612882025e+29,2.7951917399430334e+27,2.083552706795617e+25,1.378897791636848e+21,1.85268354774729e+29
iter_0273,1.8724941540151073e+29,2.7845526098564704e+27,2.0626265591417137e+25,9.188689602259327e+21,1.9005460346564825e+29
iter_0274,1.7283537934211624e+29,2.7827395042378516e+27,2.105755871310323e+25,9.177489403184393e+21,1.756391855825566e+29
iter_0275,1.8771950761813175e+29,2.7631359882731825e+27,2.0983191720361367e+25,4.5768055646479796e+21,1.905036313749309e+29
iter_0276,1.7598735431503885e+29,2.7910957264497776e+27,2.071916684444202e+25,4.492484728298029e+21,1.7879917370081782e+29
iter_0277,2.054565709257464e+29,2.7486093423563594e+27,2.076372480041138e+25,8.00348578921884e+21,2.0822595199638895e+29
iter_0278,1.7055991820506697e+29,2.807459142262075e+27,2.0494032900002687e+25,1.032237539764594e+22,1.7338788170260444e+29
iter_0279,1.8772473853498585e+29,2.79605879669039e+27,2.096531870100511e+25,1.756046167386481e+21,1.905417644064234e+29
iter_0280,1.7410178853338536e+29,2.7873417537397014e+27,2.041639988078366e+25,9.570611464480374e+21,1.7690955625761734e+29
iter_0281,1.792756197557789e+29,2.7812049586435844e+27,2.1319147721401627e+25,1.5603158214642892e+22,1.8207815946530212e+29
iter_0282,1.8239440708242922e+29,2.7628112887502207e+27,2.047674556516831e+25,2.7056905346722182e+22,1.8517772217365e+29
iter_0283,2.000086383387013e+29,2.8063219581135135e+27,2.064390121929682e+25,1.6841309834996622e+22,2.0283562103934397e+29
iter_0284,1.852433636418014e+29,2.8075808814689515e+27,2.1461748994825282e+25,6.5658083698489264e+22,1.880724719303489e+29
iter_0285,1.887056587166437e+29,2.7799081389813886e+27,2.130499666897439e+25,1.30815918950907e+21,1.915068731604532e+29
iter_0286,1.7831789114999067e+29,2.8028501820156536e+27,2.08270876036291e+25,3.0593874161710656e+21,1.8114157147899737e+29
iter_0287,1.9759551118381235e+29,2.799292394749065e+27,2.035279342218695e+25,7.28139439700002e+21,2.00415163653378e+29
iter_0288,1.8449586812705313e+29,2.777852194391419e+27,2.138786703623305e+25,6.7566203233666e+21,1.8729511494510112e+29
iter_0289,1.7572765899581663e+29,2.804685465517184e+27,2.0837185213559993e+25,1.5969955805709709e+22,1.785531976165032e+29
iter_0290,1.9221302587073977e+29,2.767986854172994e+27,2.021998913448597e+25,3.4377543077191426e+21,1.9500123615180155e+29
iter_0291,1.8970298846279745e+29,2.7957748119873534e+27,2.09286359934693e+25,1.8795325510661036e+21,1.9251969379031082e+29
iter_0292,1.8958119847457285e+29,2.773064969729782e+27,2.1124899407286445e+25,1.2880850661757545e+21,1.9237538963179496e+29
iter_0293,1.8962180724640335e+29,2.770880907624051e+27,2.011279737249594e+25,8.636707358486865e+21,1.9241280958810727e+29
iter_0294,1.8134064606296e+29,2.7899327318208446e+27,2.0957321957970436e+25,5.31614298760015e+21,1.841515414328818e+29
iter_0295,1.9424567390857716e+29,2.779395504922989e+27,2.1431816976658703e+25,1.527108695929665e+22,1.9704651650156374e+29
iter_0296,1.930704594152684e+29,2.814515818916322e+27,2.056193185430912e+25,6.673071663699076e+21,1.959055438391107e+29
iter_0297,1.9239863339492826e+29,2.7748172903090294e+27,2.1047767873923953e+25,1.4270774220289135e+22,1.951945127238854e+29
iter_0298,1.8776591494023504e+29,2.802674967484232e+27,2.0871058006683214e+25,3.2690291747710047e+21,1.9058946423475512e+29
iter_0299,2.1038495939958833e+29,2.785586796859993e+27,2.108732138273768e+25,6.649143448409141e+21,2.1319164016697454e+29
iter_0300,1.8457268898228002e+29,2.7732464337866065e+27,2.080190473807548e+25,1.2077744074044754e+21,1.8736673852857912e+29
iter_0301,1.7741105304336357e+29,2.7870597503133015e+27,2.126209306482209e+25,9.041558374547689e+21,1.802193839283001e+29
iter_0302,1.7729994115449718e+29,2.782095401974887e+27,2.1551268041361847e+25,6.304993499275161e+21,1.801035941295069e+29
iter_0303,1.792217104721447e+29,2.792521805756997e+27,2.0708607754495633e+25,3.315183762722064e+21,1.8203494420083995e+29
iter_0304,1.8118348106649518e+29,2.801796793059141e+27,2.1702048686112796e+25,8.540199439410553e+20,1.840069807622604e+29
iter_0305,1.9378373775920346e+29,2.7879337608399054e+27,2.0536821789975557e+25,5.484156943284012e+21,1.9659221382599028e+29
iter_0306,1.8949632441711206e+29,2.80599011284316e+27,2.0275782439109433e+25,1.1520860013009186e+22,1.9232260183325434e+29
iter_0307,1.7901390220762218e+29,2.7853437455151684e+27,2.2000495483166845e+25,8.302812727741797e+21,1.8182125475143322e+29
iter_0308,1.7798620621534066e+29,2.7999805827918534e+27,2.0281043006612317e+25,3.553599609808156e+21,1.8080647139473872e+29
iter_0309,1.8763962357165092e+29,2.8175486200791373e+27,2.0777423814720207e+25,1.7214089438165113e+21,1.904779513369537e+29
iter_0310,1.8673420333149388e+29,2.802727306246168e+27,2.068475603918919e+25,2.2041336270260527e+21,1.8955761759791288e+29
iter_0311,2.0048400237945846e+29,2.7965612921315336e+27,2.098031036515837e+25,3.6323514575483574e+22,2.0330158030546974e+29
iter_0312,1.896946697564304e+29,2.80337211286933e+27,2.010681495104221e+25,8.309430306990473e+21,1.925181569936811e+29
iter_0313,1.8098082071143802e+29,2.8135237921814846e+27,2.146511759115671e+25,3.678753041202437e+21,1.838158132999637e+29
iter_0314,1.7728685767480344e+29,2.795590124183128e+27,2.072004417015343e+25,2.510953696668361e+21,1.801031703541104e+29
iter_0315,1.8660627119197766e+29,2.805088295718241e+27,2.097280343703685e+25,7.560929131798548e+21,1.8943233985206206e+29
iter_0316,1.891794495640425e+29,2.7779079553176187e+27,2.1896727682343848e+25,1.1311176864549432e+21,1.9197925537816013e+29
iter_0317,1.9161270173713056e+29,2.8188341837674593e+27,2.112401787745095e+25,1.2638261101201017e+22,1.944526725770366e+29
iter_0318,1.9115990409086087e+29,2.7636801639425325e+27,2.0315284758650683e+25,2.6151621343400737e+21,1.9394390215472417e+29
iter_0319,1.856775643742741e+29,2.8148893300255243e+27,2.0776208046284322e+25,5.3237538973165e+21,1.8851323523609977e+29
iter_0320,2.030697327858629e+29,2.803062359039529e+27,2.026766124128856e+25,2.1371393877710707e+21,2.058930649432831e+29
iter_0321,1.8853513662626915e+29,2.77186985128525e+27,2.1140236097585276e+25,2.467940512853064e+21,1.9132814918159252e+29
iter_0322,1.8893131023322964e+29,2.7715929964155833e+27,2.1000541820908674e+25,1.8042057522605147e+23,1.9172408419204133e+29
iter_0323,1.8646407375181694e+29,2.800031803083497e+27,1.9792499982286745e+25,4.3023333744968854e+21,1.892839023572161e+29
iter_0324,1.796949711179519e+29,2.7938146126256263e+27,2.014652290010678e+25,5.960297702948438e+21,1.825089382137753e+29
iter_0325,1.9576613056877688e+29,2.787345952703314e+27,2.0394199197480134e+25,2.4801215756213315e+21,1.9857387320079926e+29
iter_0326,1.798750688504972e+29,2.7988739777269733e+27,2.0457976228426284e+25,6.781587152908665e+21,1.8269440758603974e+29
iter_0327,1.830587138322435e+29,2.771116276408558e+27,2.158098960230417e+25,1.0224609767685412e+22,1.8585142132286413e+29
iter_0328,1.8561171034273168e+29,2.811611059510392e+27,2.1873203454264444e+25,7.148691780546664e+22,1.8844526609261415e+29
iter_0329,1.8421396553637077e+29,2.798474105231499e+27,2.0674099243352373e+25,1.1143967680521627e+22,1.870331248848133e+29
iter_0330,1.7839139215166347e+29,2.798203692002151e+27,2.0677001273123568e+25,1.53783591704735e+21,1.812102743827747e+29
iter_0331,1.9761507637039515e+29,2.786276967406838e+27,2.0343120896251376e+25,1.6847941024535735e+22,2.0042171330663925e+29
iter_0332,1.8588174564381005e+29,2.790496021255032e+27,2.1158456426182133e+25,1.2831453789787998e+21,1.8869340140463664e+29
iter_0333,2.0382826073270456e+29,2.8047011497843243e+27,2.092185318509447e+25,1.1835954886151488e+21,2.0665388491926945e+29
iter_0334,1.8724875285576632e+29,2.7873544646867877e+27,2.100361668769756e+25,2.761509637929843e+21,1.9005711369865044e+29
iter_0335,1.815165676748733e+29,2.776513482915229e+27,2.1717616938580584e+25,1.4052773148376676e+22,1.8431481282750027e+29
iter_0336,2.00462453550326e+29,2.783788975711103e+27,2.1034887641453947e+25,2.6912920194185266e+21,2.032672801049706e+29
iter_0337,1.8292248296881476e+29,2.7900365923904596e+27,2.0934019669903095e+25,6.445361273833543e+21,1.8573346002623637e+29
iter_0338,1.9040320953334335e+29,2.7896147760916624e+27,2.054812803990046e+25,1.4090269853471204e+21,1.9321337384650193e+29
iter_0339,1.8264388714872895e+29,2.794530511526838e+27,2.108451523258713e+25,1.6965569685976705e+22,1.8545951914105808e+29
iter_0340,1.7397467419580343e+29,2.785366308281203e+27,2.090135412269418e+25,1.574778689271027e+21,1.7678094343298598e+29
iter_0341,1.8814486435071087e+29,2.7626834245039224e+27,2.003252438741806e+25,5.928145824732261e+21,1.9092758622774805e+29
iter_0342,1.8898690645018588e+29,2.7932394982083214e+27,2.1045902379876263e+25,6.021920238601984e+23,1.918017940427979e+29
iter_0343,1.795581319409001e+29,2.804578198587697e+27,2.1050018709430554e+25,3.0080470455087745e+21,1.8238376316624424e+29
iter_0344,1.863365730752028e+29,2.790328637731655e+27,2.092523437931015e+25,1.1133465485197462e+22,1.8914783808077926e+29
iter_0345,1.854647934858347e+29,2.7892885008632883e+27,2.1022942700435854e+25,3.963364778477502e+21,1.8827510889276323e+29
iter_0346,1.748541731457757e+29,2.7783048349591877e+27,2.1908933738673254e+25,4.382735655620969e+21,1.7765439129720922e+29
iter_0347,1.88364438808243e+29,2.787883332949126e+27,2.0578056105630345e+25,1.550194611763588e+21,1.911729017474924e+29
iter_0348,1.828426554734575e+29,2.777442494429654e+27,2.0119493124610937e+25,3.5802794981957137e+21,1.856402210412913e+29
iter_0349,1.9761633855847993e+29,2.798255550470037e+27,2.0928008262091803e+25,1.388739541084469e+21,2.004355235059516e+29
iter_0350,1.98018726713848e+29,2.8226875216288216e+27,2.056566420716979e+25,1.6826406763517305e+23,2.0086214816375164e+29
iter_0351,1.767180337973173e+29,2.784869035983473e+27,2.0655004563972595e+25,8.304673612410373e+21,1.7952356614253836e+29
iter_0352,1.796174833479698e+29,2.761979388144242e+27,2.103406472322817e+25,3.3634474179100803e+21,1.824005001642847e+29
iter_0353,1.9780075000979355e+29,2.768770987174703e+27,2.203764008721445e+25,5.650807292850278e+21,2.0059156428786277e+29
iter_0354,1.7935602956575145e+29,2.794615216511176e+27,2.1309076149464838e+25,2.441718611344873e+21,1.821719563001307e+29
iter_0355,1.818484153241136e+29,2.782443214639265e+27,1.990320443798051e+25,6.420541561423348e+21,1.846507681637324e+29
iter_0356,1.9125699976427965e+29,2.8134120619417236e+27,2.0959416263768645e+25,8.630704127457749e+21,1.9409137987318927e+29
iter_0357,1.8795893705325124e+29,2.796175681888365e+27,2.0573553791608405e+25,2.4342101811738737e+21,1.907756887231414e+29
iter_0358,1.7578678814657148e+29,2.768190917710643e+27,2.0872937994195243e+25,5.604550309662151e+21,1.785758576068266e+29
iter_0359,1.832310375635751e+29,2.780110317378649e+27,2.057466551951191e+25,3.440200452273688e+21,1.860317259866737e+29
iter_0360,2.0332961495642155e+29,2.818941170233501e+27,1.9914064667073594e+25,7.808567238885326e+21,2.0616847799988938e+29
iter_0361,2.008414694165385e+29,2.7277690496468393e+27,2.1038845844701583e+25,3.76372743789314e+22,2.035903149493044e+29
iter_0362,1.7605961566518924e+29,2.769925273508021e+27,2.10464724774325e+25,8.284637916753469e+21,1.7885059569581262e+29
iter_0363,1.8464885121360754e+29,2.781596846019157e+27,2.128154781377958e+25,8.409261707803801e+21,1.874517380167022e+29
iter_0364,1.8798280499226543e+29,2.808760007854997e+27,2.151553814746891e+25,2.235599658740692e+22,1.9081310289426448e+29
iter_0365,1.896718029505856e+29,2.7519071055159136e+27,2.1170320360112253e+25,2.7166501104543565e+21,1.924448830931117e+29
iter_0366,1.7653524627326723e+29,2.788797820890504e+27,2.066540092557518e+25,2.2926217676675094e+21,1.7934471178770507e+29
iter_0367,1.7614936656731637e+29,2.795794942308324e+27,2.1064166171128456e+25,1.355802207521766e+22,1.789662392338179e+29
iter_0368,1.773140650177675e+29,2.774567446796472e+27,2.060032877192843e+25,7.372228592135394e+20,1.8010923353055878e+29
iter_0369,1.737262691960774e+29,2.8335759823718424e+27,2.1192491589383092e+25,6.02918550142022e+21,1.765810436992241e+29
iter_0370,1.8570815633552427e+29,2.803827505794688e+27,2.138773495038518e+25,2.135560760818112e+22,1.8853339293187694e+29
iter_0371,1.76790278425499e+29,2.813595328304084e+27,2.116090036069794e+25,2.008397818686513e+21,1.7962503666256158e+29
iter_0372,1.9349393134899124e+29,2.7892437403890765e+27,2.056532241617572e+25,1.7641866643916156e+22,1.9630375805366316e+29
iter_0373,1.7641905392482177e+29,2.7835000215764674e+27,2.0749442939866156e+25,1.8498173590067308e+21,1.7922330523915547e+29
iter_0374,1.750515176119814e+29,2.7878462100114577e+27,2.081687606996912e+25,2.133721008211574e+21,1.7786018283178385e+29
iter_0375,1.7722933463710494e+29,2.7731275938174536e+27,2.13341987026502e+25,2.0654637517501974e+22,1.8002381708426255e+29
iter_0376,1.6847579313239184e+29,2.7655119408579943e+27,2.170452908351758e+25,1.1455846553497838e+22,1.712630210581799e+29
iter_0377,1.7227200198386993e+29,2.789704981609484e+27,2.1875267664353926e+25,2.0372918050459346e+22,1.7508360260606182e+29
iter_0378,1.9376004661150684e+29,2.7846302271705436e+27,2.024242188793554e+25,3.511596197756739e+21,1.9656492277216154e+29
iter_0379,1.8650127426758613e+29,2.779196343214782e+27,2.048935395731302e+25,2.6412551147236497e+21,1.893009626060133e+29
iter_0380,1.792922287940388e+29,2.773049426096179e+27,2.0352070742980025e+25,1.81763192535581e+21,1.8208563210850985e+29
iter_0381,1.785831419116991e+29,2.770156003462865e+27,2.0746279846788993e+25,4.310892720700241e+22,1.8137408730393594e+29
iter_0382,1.9132380176576314e+29,2.786999872388907e+27,2.0884527204639816e+25,1.9828227487537553e+22,1.941317059935842e+29
iter_0383,1.8311805929309245e+29,2.793478800762644e+27,2.089120331539959e+25,5.368660051337419e+21,1.8593243466583055e+29
iter_0384,1.8443420789459507e+29,2.792451343044127e+27,2.102830807168798e+25,1.0190788099145587e+22,1.87247697736499e+29
iter_0385,1.816277313495055e+29,2.766611502464834e+27,2.122850842145276e+25,1.0964142337402136e+22,1.8441558232453412e+29
iter_0386,2.0110327218510793e+29,2.7887960345395765e+27,2.0602965782712353e+25,1.9611887075009828e+21,2.0391267314661896e+29
iter_0387,2.031168044420589e+29,2.792255200963042e+27,2.0869643639268985e+25,1.0145713242598468e+22,2.0592993943237445e+29
iter_0388,1.8309590815304567e+29,2.7991255097157365e+27,2.1623858455053683e+25,4.124617016319003e+21,1.8591666164583346e+29
iter_0389,1.731866482370962e+29,2.787396223753807e+27,2.06918646557175e+25,6.976309272143463e+21,1.75994743301815e+29
iter_0390,1.828980925427307e+29,2.8165862987593645e+27,2.1707580912754436e+25,4.469998206894326e+21,1.8573639089240102e+29
iter_0391,1.8698874152260778e+29,2.7763777004254737e+27,2.1350927443825223e+25,5.993876928054926e+21,1.89786476144354e+29
iter_0392,1.8769543661633253e+29,2.8015273300899605e+27,2.0461698046223663e+25,7.682179014530646e+21,1.905174333266477e+29
iter_0393,1.884325233247254e+29,2.7831971537560776e+27,2.0908016279724878e+25,2.8228350951073996e+21,1.912366313175963e+29
iter_0394,2.045705271499614e+29,2.786758968096296e+27,2.068814100861349e+25,1.302196795564816e+21,2.073779755612631e+29
iter_0395,1.8274819069649036e+29,2.800214600674401e+27,2.009162886422207e+25,3.8961423678143715e+21,1.8556850082217134e+29
iter_0396,1.851735439457297e+29,2.8012018085813614e+27,2.1525745929295366e+25,3.6476604990474027e+21,1.8799627514790088e+29
iter_0397,1.861520407271987e+29,2.807821433781387e+27,2.0514463752935116e+25,3.178859283389968e+21,1.889803798035923e+29
iter_0398,1.9723552418189934e+29,2.78013418496929e+27,1.9863599717256647e+25,2.525932466731295e+21,2.0003552449251836e+29
iter_0399,1.8330063194869318e+29,2.786676274099957e+27,2.0044213427876204e+25,1.443183689652831e+22,1.861073668680579e+29
iter_0400,1.7977913332231396e+29,2.806472505616701e+27,2.0431398298595534e+25,2.2222628108649297e+21,1.826060394484921e+29
iter_0401,1.926908491489044e+29,2.804035739523829e+27,2.1809362277779366e+25,1.7681008277188974e+21,1.955166960188068e+29
iter_0402,1.9093170913951766e+29,2.800741729174748e+27,2.01364159885374e+25,3.6616249915508224e+21,1.9375259094630595e+29
iter_0403,1.9037049611034536e+29,2.7999745647151056e+27,2.0417951976194338e+25,1.527436479840405e+21,1.9319089015447314e+29
iter_0404,1.9620370067768173e+29,2.8012001097841073e+27,2.0815963432954294e+25,1.2577471546989685e+21,1.9902571800864594e+29
iter_0405,1.818566728286955e+29,2.8277162583857047e+27,2.01211027295849e+25,1.7904791783430003e+21,1.8470451198029e+29
iter_0406,1.903974449642796e+29,2.782507524182991e+27,2.0608755682183992e+25,2.346690276608372e+21,1.9320056359083506e+29
iter_0407,1.844789800398244e+29,2.791188242418857e+27,2.1537398417905264e+25,2.8855384876261295e+21,1.8729170856619966e+29
iter_0408,1.7544566596201848e+29,2.793639537847069e+27,2.054237639538233e+25,3.058303854767479e+21,1.7825985093456484e+29
iter_0409,1.820518596987194e+29,2.791922348124177e+27,2.031830607525533e+25,3.894098676009632e+21,1.848641042470175e+29
iter_0410,1.871287522669913e+29,2.7795974519694575e+27,2.070483162212899e+25,1.0337745436549763e+22,1.8992906488832833e+29
iter_0411,1.879531282041065e+29,2.7725606189709846e+27,2.1165999378901676e+25,8.851143313034667e+21,1.9074686367359966e+29
iter_0412,1.9156449814819997e+29,2.7974664235130527e+27,1.9902137415899035e+25,3.555077541883965e+21,1.943818702642065e+29
iter_0413,1.81400131277761e+29,2.813685837403561e+27,2.0348393824314368e+25,1.2409146613546135e+21,1.8423416674990354e+29
iter_0414,1.8961744631547773e+29,2.727080666968744e+27,2.0143081753847347e+25,8.235536187892582e+21,1.9236467829973653e+29
iter_0415,1.695248813709634e+29,2.811780030337274e+27,2.111223915729547e+25,3.60699348709936e+21,1.7235777724745148e+29
iter_0416,1.8125409036885267e+29,2.8029927804646843e+27,1.9790015717950514e+25,2.9283448750227377e+21,1.8407687609338016e+29
iter_0417,1.8019998752726883e+29,2.791658300634236e+27,2.125755851736126e+25,2.278535063120233e+22,1.8301292617177106e+29
iter_0418,1.9413541953172367e+29,2.788202625766172e+27,2.1003823171533624e+25,2.437189009927916e+21,1.969446284178504e+29
iter_0419,1.8011246200382618e+29,2.756478315800255e+27,2.078322408583191e+25,1.557703256277277e+22,1.828897391207448e+29
iter_0420,1.8486362818441536e+29,2.802545109531964e+27,2.081733814583352e+25,9.420951720082354e+21,1.8768700005304484e+29
iter_0421,1.82339394213879e+29,2.774204999719411e+27,2.0139060791379878e+25,3.773245954451655e+21,1.8513374204763575e+29
iter_0422,1.886915486271693e+29,2.8128697321986074e+27,2.0692215816774116e+25,5.110721383024775e+21,1.9152511568590607e+29
iter_0423,1.8203780853933117e+29,2.800498243981373e+27,2.0432313851753622e+25,1.0799834421153262e+22,1.848587498969987e+29
iter_0424,1.8049114402503183e+29,2.812307092502989e+27,2.097361996658519e+25,1.3757462694718788e+22,1.8332443849496408e+29
iter_0425,1.81081116334465e+29,2.801847380100936e+27,2.0750767651966336e+25,1.3201428538777548e+21,1.839037158023608e+29
iter_0426,1.9797955004357793e+29,2.781382045894191e+27,2.2069482114522954e+25,1.2217081774619736e+22,2.0078301378866838e+29
iter_0427,1.9317764998658776e+29,2.807910662410538e+27,2.1161658636462625e+25,2.1282992892254667e+21,1.9600672443593407e+29
iter_0428,1.9056357731695447e+29,2.791158396874596e+27,2.0463468122322673e+25,3.4693783399950776e+22,1.933752338757348e+29
iter_0429,1.991811509883606e+29,2.7925237247883466e+27,2.0891728381688742e+25,4.5190073442456044e+21,2.01994570960538e+29
iter_0430,1.7227889251862677e+29,2.803811615749648e+27,2.0535574386715092e+25,2.929317511178255e+21,1.7510324263808065e+29
iter_0431,1.7771406502835098e+29,2.799077906059033e+27,2.0236321709083125e+25,1.0398043090600763e+21,1.8053338029592343e+29
iter_0432,1.7983563475287183e+29,2.798445817456743e+27,2.0714428762999238e+25,1.7444583583798369e+21,1.8265479674354996e+29
iter_0433,1.839473286317182e+29,2.798505899902484e+27,2.0716711575438807e+25,4.346544776052154e+21,1.8676655558974093e+29
iter_0434,1.8407615912517553e+29,2.815378667721476e+27,2.0969565784222998e+25,1.461068314281808e+21,1.8691250881974955e+29
iter_0435,1.912583031422536e+29,2.7866099429528e+27,2.212094860955149e+25,6.940684961992951e+21,1.9406704097450093e+29
iter_0436,1.7660708161506137e+29,2.7802571276325685e+27,2.128501096145411e+25,2.84213213121747e+21,1.7940862659578754e+29
iter_0437,1.8189104144743196e+29,2.801611398850688e+27,2.1603455699429187e+25,7.463826532155921e+22,1.847143309402474e+29
iter_0438,1.8347581488089052e+29,2.7898294435796224e+27,2.069626518246233e+25,8.264118167348793e+21,1.862863488537708e+29
iter_0439,1.7701481087935268e+29,2.778414195545629e+27,2.0001858772822906e+25,8.865813649839602e+20,1.798132278202525e+29
iter_0440,1.8890607457046325e+29,2.79413909773389e+27,2.136900419030779e+25,3.570497294635226e+22,1.917216183773604e+29
iter_0441,1.8000994180998467e+29,2.790231030258221e+27,2.1104987552105182e+25,3.87290094073906e+21,1.8282128170069593e+29
iter_0442,1.8406650933972214e+29,2.77823353880489e+27,2.1005742043788065e+25,4.4611363352541093e+21,1.868657530817072e+29
iter_0443,1.9300090401942524e+29,2.792753803923962e+27,2.1398470931466086e+25,8.467999034788046e+21,1.958150647622797e+29
iter_0444,1.974644355036831e+29,2.799620637028724e+27,2.041486577460114e+25,9.372674239025316e+21,2.0028448037916066e+29
iter_0445,1.9505961202731937e+29,2.793724678690897e+27,2.083825314636998e+25,3.6234172126389437e+22,1.9787421119332875e+29
iter_0446,1.9326686672604107e+29,2.7735199776005403e+27,2.137845568756548e+25,1.7607912227035704e+22,1.960617827672414e+29
iter_0447,1.6930142557716308e+29,2.7894581175872514e+27,2.0569350744630617e+25,1.808992526070639e+21,1.721114548544875e+29
iter_0448,1.79435153059831e+29,2.785169836786444e+27,2.060235408526059e+25,2.552148284129002e+21,1.82240927802851e+29
iter_0449,1.808559751349315e+29,2.7790078575067925e+27,2.020423356247163e+25,7.873472906411129e+21,1.8365519509947368e+29
iter_0450,1.888914600252294e+29,2.794392039738399e+27,2.116916150787709e+25,2.4401786769998527e+21,1.9170702366665434e+29
iter_0451,1.9530355001329288e+29,2.7778151829884715e+27,1.9903828036741055e+25,3.155338118211962e+21,1.981012721796562e+29
iter_0452,1.780305044465437e+29,2.776096858056856e+27,1.9872622152515397e+25,8.441642151145666e+21,1.808264823683952e+29
iter_0453,1.7519043715533038e+29,2.7939734618632264e+27,2.0729553586403335e+25,3.0714954736108784e+21,1.780051432422755e+29
iter_0454,1.8439024610071376e+29,2.7853257092944064e+27,2.112075043493376e+25,3.3312984725416654e+21,1.871966958917416e+29
iter_0455,1.8504430833056162e+29,2.778467932458626e+27,2.1044217515788054e+25,7.384565782011953e+22,1.8784389432619383e+29
iter_0456,1.7258971849428258e+29,2.8149939105932534e+27,2.0062621537428766e+25,5.968478139551116e+21,1.7542478099489138e+29
iter_0457,2.073523410747165e+29,2.7785075786197687e+27,2.1031953012109384e+25,3.1464425723269806e+22,2.1015191207077406e+29
iter_0458,1.7952560551292112e+29,2.7701192647478197e+27,1.988463338498598e+25,3.205931182049091e+22,1.8231564147036574e+29
iter_0459,1.8259791071348466e+29,2.7746458039334887e+27,2.13081522644122e+25,1.2466104870764038e+21,1.8539386591629304e+29
iter_0460,1.8019329434749065e+29,2.7953369983480883e+27,2.1100591810313748e+25,2.288808310535494e+21,1.8300973422645735e+29
iter_0461,2.054093165814868e+29,2.800148576460921e+27,2.065171832276491e+25,6.607108081362119e+21,2.0823012348337858e+29
iter_0462,1.8892270314022392e+29,2.77211171914298e+27,2.128917391299693e+25,1.893800168079016e+22,1.9171612297128158e+29
iter_0463,1.725435945041807e+29,2.775378330612234e+27,2.0108842843869707e+25,1.1176892744028008e+22,1.7533909285452957e+29
iter_0464,2.1367150771105998e+29,2.785753508252301e+27,2.196296228337724e+25,4.632891477463675e+21,2.164792288144871e+29
iter_0465,1.7379558759007823e+29,2.785261660399424e+27,2.087887796200523e+25,3.303736215142745e+21,1.7660173143217588e+29
iter_0466,1.815311297808029e+29,2.796291762025071e+27,2.0121256102046318e+25,1.1010574309125819e+24,1.8434864385636096e+29
iter_0467,1.761868690006718e+29,2.778729624054395e+27,2.1128734034073e+25,3.1014172079203397e+21,1.789867304601775e+29
iter_0468,1.85055218681963e+29,2.7767173036344835e+27,2.0443433089625114e+25,1.9230063974855064e+21,1.878523813416935e+29
iter_0469,1.8071718867591213e+29,2.7952578223055324e+27,2.1250334539448425e+25,7.998887797482221e+21,1.8353370483164492e+29
iter_0470,1.9316844465041846e+29,2.773731365434175e+27,2.124036152893288e+25,1.0835812025390063e+23,1.9596352473550182e+29
iter_0471,1.8633800047751607e+29,2.789809249516711e+27,2.094379291198945e+25,2.9007416825688647e+21,1.8914875642068643e+29
iter_0472,1.8403008456638755e+29,2.8183421344104827e+27,2.0599865149046605e+25,1.915595664124422e+23,1.8686921812551348e+29
iter_0473,1.8037344933117036e+29,2.812839347650319e+27,2.170977502772175e+25,6.803037834392543e+21,1.8320800525688625e+29
iter_0474,1.9719105320495247e+29,2.8302052441013864e+27,2.047011578815765e+25,4.747561271073345e+21,2.000417333124033e+29
iter_0475,1.7703815917798352e+29,2.797845571831534e+27,2.1235381973541157e+25,1.3886829998161682e+22,1.798572540186186e+29
iter_0476,2.0411526684200138e+29,2.80109643627049e+27,2.0815476309058255e+25,3.210302458706203e+21,2.069371819648834e+29
iter_0477,1.917927223521406e+29,2.798869120923551e+27,2.125172742230787e+25,7.707242583096471e+21,1.9461285090772902e+29
iter_0478,1.8536043590320883e+29,2.8076380177609147e+27,2.1441566180852187e+25,1.1138951561083809e+23,1.881896268766662e+29
iter_0479,1.8185035232929144e+29,2.785228182908407e+27,2.0690177942296114e+25,1.329296642010071e+21,1.846562720194388e+29
iter_0480,2.0546467538908323e+29,2.7908637793029957e+27,2.110125935038872e+25,1.2284912933653646e+22,2.0827665271264955e+29
iter_0481,1.7358067148487156e+29,2.804616525844116e+27,2.063769522611428e+25,1.7013537583343343e+21,1.7640592740729556e+29
iter_0482,1.8482136492192077e+29,2.7841707736315995e+27,2.1421809659036114e+25,4.436591558400652e+21,1.8762696194180296e+29
iter_0483,1.9122674219168037e+29,2.7786363395699295e+27,2.1556399078533814e+25,1.976818339574347e+21,1.9402693690714717e+29
iter_0484,1.7425980298672175e+29,2.8123255424504773e+27,2.101803203694373e+25,2.5729619563973333e+21,1.7709314913417113e+29
iter_0485,1.8628050466569235e+29,2.774835722709154e+27,2.088508663294207e+25,1.2689875343447624e+21,1.89076226744022e+29
iter_0486,1.837968873535812e+29,2.761830215492816e+27,2.118703833175567e+25,1.303376803214929e+21,1.865799059107826e+29
iter_0487,1.7293585617060383e+29,2.7808622449820717e+27,2.088535176390105e+25,1.3176411308313514e+21,1.757376050849909e+29
iter_0488,1.9216709988975083e+29,2.800675217052603e+27,2.0413889510748917e+25,3.97186026096181e+21,1.9498819296817445e+29
iter_0489,1.8556572597830028e+29,2.778832439931767e+27,2.0122343130137398e+25,4.435667441335993e+22,1.883647251180366e+29
iter_0490,1.809630513490055e+29,2.793006167161145e+27,2.1053370296034756e+25,3.259981209504907e+21,1.837771141464439e+29
iter_0491,1.8629751645278865e+29,2.804304171094852e+27,2.1157198399545572e+25,4.557736817247722e+21,1.8912298238001985e+29
iter_0492,1.729039259869223e+29,2.778020442973833e+27,2.0832077466534116e+25,8.551762866540462e+21,1.757027870591255e+29
iter_0493,1.9159295832889352e+29,2.787501226950051e+27,2.0994107242721487e+25,1.1830008172630308e+21,1.9440145484608708e+29
iter_0494,1.9107590841255687e+29,2.787193624905728e+27,2.1479185394446014e+25,1.8109762126769142e+21,1.9388458303383327e+29
iter_0495,1.9248190462736734e+29,2.7800764063406373e+27,2.1229124899309684e+25,2.057941971043206e+24,1.9528526810057833e+29
iter_0496,1.9781840961833526e+29,2.760448336024179e+27,2.0297728026919047e+25,1.385467238564398e+21,2.0059915706785355e+29
iter_0497,1.773082131573447e+29,2.7630177100365993e+27,2.1396183333763175e+25,9.629161526260007e+20,1.800926280136312e+29
iter_0498,1.8155663922576767e+29,2.774808209484214e+27,2.00615234687567e+25,5.089555370002371e+22,1.8435155985427435e+29
iter_0499,1.918517651512378e+29,2.824976932476379e+27,2.108031962877708e+25,3.295427813086337e+21,1.9469782569877077e+29
iter_0500,1.8406771643945567e+29,2.770780050511112e+27,2.1335721243971322e+25,2.465940043402013e+22,1.868598568706112e+29
iter_0501,1.7395871869094017e+29,2.796117362480248e+27,1.9791747755248905e+25,1.8249257155298997e+21,1.7677462962610137e+29
iter_0502,1.9127882160499893e+29,2.7820631639576555e+27,2.1178339886157037e+25,5.158109716925404e+21,1.940820682669525e+29
iter_0503,1.789786634915262e+29,2.774225322169491e+27,2.036321362879281e+25,1.611188216320793e+22,1.8177326813920665e+29
iter_0504,1.8940120527022243e+29,2.779612040566422e+27,2.0421283749254155e+25,2.585454139703125e+21,1.9220124117999222e+29
iter_0505,1.9237833694398598e+29,2.8055401072691245e+27,2.0897040558464325e+25,5.60554307319529e+21,1.9520477969735664e+29
iter_0506,1.9332497122906352e+29,2.767635479425172e+27,2.085001213625658e+25,9.034272068625456e+21,1.9611346575489702e+29
iter_0507,1.7533442333382576e+29,2.7567344120304777e+27,2.1006348081720807e+25,3.372706979501659e+22,1.781121978210078e+29
iter_0508,1.7074440263623345e+29,2.7975469705154246e+27,2.0180876774510577e+25,2.0274766606748526e+21,1.7356213251100005e+29
iter_0509,1.8711129451629538e+29,2.7642094962761256e+27,2.037443934907389e+25,4.391889727304859e+23,1.898963176408933e+29
iter_0510,1.9746275657262793e+29,2.7775546879874774e+27,2.1915525498416136e+25,3.644291310540734e+21,2.0026223043040517e+29
iter_0511,1.9008833230508366e+29,2.814721052311629e+27,2.0456847770306358e+25,1.1084540340850096e+21,1.9292351131361962e+29
iter_0512,1.7344473475328205e+29,2.7868182137161165e+27,2.143405900585309e+25,1.0850474941816775e+22,1.7625299787647894e+29
iter_0513,1.8088787804730315e+29,2.76545245711646e+27,2.120137518025928e+25,2.189793220529584e+21,1.836745340693931e+29
iter_0514,1.7901119775379894e+29,2.766506914195205e+27,2.0889603619790904e+25,1.4462988375562e+22,1.817986087346023e+29
iter_0515,1.8212524541044997e+29,2.7773943849615683e+27,2.048799128614599e+25,4.5769015898770936e+21,1.8492313236359924e+29
iter_0516,1.8023801675062493e+29,2.8113682183353987e+27,2.0903710258753886e+25,1.3988395940686495e+22,1.8307030266761503e+29
iter_0517,2.006480687990377e+29,2.8006442574568436e+27,2.0574408036027034e+25,4.2640079491791627e+21,2.0346929172853854e+29
iter_0518,1.9812526234872875e+29,2.794293737390703e+27,2.0541664853188243e+25,5.447603958655408e+22,2.0094015222701222e+29
iter_0519,1.7150274971692516e+29,2.807854885517945e+27,2.05607822101785e+25,8.626528613440184e+21,1.743311740111819e+29
iter_0520,1.840166804986191e+29,2.7909586712350985e+27,2.098218389395063e+25,2.4687503579339775e+21,1.868286238224985e+29
iter_0521,1.7601771607079805e+29,2.7927704330748254e+27,2.0549315162872964e+25,1.5841973641191012e+21,1.788310374032331e+29
iter_0522,1.6972246838392943e+29,2.763932501953943e+27,2.010260875376959e+25,2.3930779772250945e+21,1.7250650588771515e+29
iter_0523,2.0489475470963004e+29,2.801574919330921e+27,2.14587118024856e+25,4.552671885057517e+22,2.0771783386748228e+29
iter_0524,1.868073812615164e+29,2.8182581290757055e+27,2.1088820608801436e+25,8.492360584626303e+21,1.896467367035615e+29
iter_0525,1.8496076562558516e+29,2.8033394640218984e+27,2.1679231605286345e+25,4.122858703833946e+21,1.8778578844407105e+29
iter_0526,1.8490913221637413e+29,2.7660649299186256e+27,2.079152643174887e+25,3.7351784467025413e+22,1.87696026024509e+29
iter_0527,1.8461455500530407e+29,2.794963827479168e+27,2.1624598821014095e+25,4.88274617228862e+21,1.8743114831435044e+29
iter_0528,1.995967308662355e+29,2.8154722958534785e+27,2.105074229738798e+25,4.848513788552709e+22,2.0243330238952427e+29
iter_0529,1.809867066722958e+29,2.790967999327253e+27,2.02283988339656e+25,5.124119509570496e+21,1.837979081945765e+29
iter_0530,1.782075635162384e+29,2.80856402504384e+27,2.041318167032939e+25,2.4685029407394014e+21,1.810365431914555e+29
iter_0531,1.896561506058872e+29,2.809547608630905e+27,2.069864032995937e+25,5.047847764491057e+21,1.9248640190269583e+29
iter_0532,1.8940196023665946e+29,2.796049270176944e+27,2.0518347422308423e+25,2.165233826267881e+21,1.9221853001949254e+29
iter_0533,1.8207449297543074e+29,2.790831028949878e+27,2.0294914192249845e+25,1.3855174079020901e+21,1.8488562030409027e+29
iter_0534,1.8375272011623062e+29,2.7857256301115843e+27,2.0303951977675995e+25,3.2498521186168687e+21,1.86558752948172e+29
iter_0535,1.8054341906531774e+29,2.770525503005292e+27,2.104883901029781e+25,2.1759160830883513e+21,1.833349955832494e+29
iter_0536,1.838545776545113e+29,2.780053017813126e+27,2.0117352965027442e+25,1.6035458146993269e+22,1.866547640607476e+29
iter_0537,2.0882312657618447e+29,2.823062698626151e+27,2.058331917543134e+25,1.3601096705277454e+21,2.1166677395409573e+29
iter_0538,1.9014180337699006e+29,2.7732680106671126e+27,2.097698606295518e+25,5.192636558631679e+21,1.9293605356635667e+29
iter_0539,1.7704644623564055e+29,2.787920643710886e+27,2.119166341322222e+25,1.0569192050965608e+21,1.798555595996839e+29
iter_0540,1.9402344291979394e+29,2.794572773930123e+27,2.0923773226097246e+25,7.687301634705134e+21,1.968389471542518e+29
iter_0541,1.88076425954771e+29,2.797694651781585e+27,2.0691165374473125e+25,7.491220251245586e+21,1.9089481926314733e+29
iter_0542,1.7810264734243324e+29,2.802813773907715e+27,2.1855713809463587e+25,1.1555224437555204e+21,1.8092731798567286e+29
iter_0543,1.7661400515037412e+29,2.7949988231217034e+27,2.1121885887260417e+25,4.0204283612788603e+21,1.7943012987981145e+29
iter_0544,1.776298432891522e+29,2.7925001929608975e+27,2.089341277915995e+25,7.496390063682377e+21,1.8044324439128233e+29
iter_0545,1.7311201666786098e+29,2.774212753015512e+27,2.1448325940942787e+25,8.660223528777484e+21,1.7590768640704096e+29
iter_0546,1.8625755858060824e+29,2.800329450147048e+27,2.100095647158207e+25,5.237777456470525e+21,1.890788942250043e+29
iter_0547,1.937848367255711e+29,2.774739550933458e+27,2.1179507940259693e+25,1.8907879354283873e+21,1.9658075767523273e+29
iter_0548,1.8736880458664768e+29,2.7894905815313046e+27,2.1330288600119535e+25,7.859539440907239e+22,1.9017970405217347e+29
iter_0549,1.8930604139444173e+29,2.7798483751973484e+27,2.0124839342963373e+25,8.910458422477525e+21,1.9210602351944046e+29
iter_0550,1.760001285935438e+29,2.793272226372712e+27,2.0303482680477833e+25,1.4210340801419657e+22,1.788137185129378e+29
iter_0551,1.920556503559632e+29,2.7787124664887186e+27,2.1138638847464412e+25,2.3345661871404876e+22,1.9485552480696127e+29
iter_0552,1.8854496581043515e+29,2.779001399101328e+27,2.185647658770285e+25,1.780122870276018e+21,1.9134582546624705e+29
iter_0553,1.8945309968921787e+29,2.808909819972062e+27,2.0357188190121345e+25,8.933571508462337e+21,1.9228237563095157e+29
iter_0554,1.6971526011534644e+29,2.796730131963965e+27,2.2306200312677567e+25,1.83571320146441e+21,1.7253429828333626e+29
iter_0555,1.84399183846603e+29,2.777191017849182e+27,2.0869719697576105e+25,5.081511887876223e+21,1.871972496656616e+29
iter_0556,1.782980274246551e+29,2.7919074755379794e+27,2.0435852982280826e+25,7.988121378175273e+21,1.8111037874129674e+29
iter_0557,1.806603576979657e+29,2.7728864093805037e+27,2.096402089545483e+25,2.8775719668636566e+21,1.8345421100581363e+29
iter_0558,1.928544123287104e+29,2.780438832687783e+27,2.133542386806214e+25,5.554605983173395e+21,1.9565619213987223e+29
iter_0559,1.887274785062826e+29,2.8005660565848e+27,2.0113377514293023e+25,1.52586648613978e+21,1.915481594662482e+29
iter_0560,1.8897235318797e+29,2.776107607730645e+27,2.0996385307584974e+25,2.0513555716194527e+21,1.917694592323638e+29
iter_0561,1.9075912204004286e+29,2.7872569878849914e+27,2.107362618100762e+25,9.393536687457159e+21,1.9356746204764554e+29
iter_0562,1.8965716862792313e+29,2.8201618637958104e+27,2.013706282785727e+25,1.4137456571974751e+21,1.9249746896829244e+29
iter_0563,1.9135104751755654e+29,2.807536473236084e+27,2.1429156848619793e+25,5.044403416194798e+21,1.9418001819204464e+29
iter_0564,1.812022936745703e+29,2.7866515308697316e+27,2.018759484264137e+25,3.079343558387648e+21,1.8400913587962622e+29
iter_0565,1.6485365195342523e+29,2.811206385743821e+27,2.1438026058201643e+25,5.64170931328838e+22,1.676863527823204e+29
iter_0566,1.8525895241004834e+29,2.7797156762650174e+27,2.045374166755781e+25,2.2858043846025116e+21,1.880591241137853e+29
iter_0567,1.8352064392176088e+29,2.804370931303084e+27,2.037591390872352e+25,7.800446382641456e+21,1.863453985674191e+29
iter_0568,1.778865360978839e+29,2.808865997058013e+27,2.135541542080653e+25,1.6322111889077684e+22,1.8071677383247462e+29
iter_0569,2.0495320666240494e+29,2.7891049502605623e+27,2.014134352189958e+25,6.02518292481595e+21,2.077624589813703e+29
iter_0570,1.751790668186358e+29,2.788599564876773e+27,2.064952518042445e+25,1.0257873094305393e+21,1.7798831693448033e+29
iter_0571,1.9934932198011946e+29,2.794434193002435e+27,2.0942476362044363e+25,1.7941481425498284e+21,2.0216470044363208e+29
iter_0572,1.9072725736478708e+29,2.79509200181757e+27,2.1007239405549476e+25,3.5389728885963683e+21,1.9354336014498305e+29
iter_0573,1.71244387949623e+29,2.772643690515817e+27,2.062818718982234e+25,3.4836226885802485e+22,1.740376946635555e+29
iter_0574,1.7600983831834937e+29,2.789102774213988e+27,2.05994883493281e+25,5.394779870466913e+21,1.788195459756926e+29
iter_0575,1.8002157613978625e+29,2.818970397437445e+27,2.0860284370342823e+25,2.3310208460019854e+21,1.8286140915261488e+29
iter_0576,1.9311173790860325e+29,2.778708467281461e+27,2.0637817023963784e+25,1.275893768881906e+24,1.9591236008667755e+29
iter_0577,1.7946608478101373e+29,2.803470382063031e+27,2.1488518388480637e+25,1.7336490961286619e+22,1.822910610179562e+29
iter_0578,1.7843569077835262e+29,2.7695812860433234e+27,2.0849306066053608e+25,7.7235927677181e+20,1.8122612214282128e+29
iter_0579,1.790945881918625e+29,2.8040507362796224e+27,2.1286602099081247e+25,3.160836140517979e+21,1.8191992869107736e+29
iter_0580,1.7654634632194085e+29,2.7821427489357954e+27,2.2072102208459536e+25,1.801745323957393e+21,1.7935056297483044e+29
iter_0581,1.8281302598489486e+29,2.7791664997066346e+27,2.121943168435404e+25,1.1606774299441129e+21,1.856134130769633e+29
iter_0582,1.851321529465034e+29,2.791030069606188e+27,2.080948260571975e+25,2.362423727464024e+22,1.8794401612295257e+29
iter_0583,2.0023700846480953e+29,2.7978285618191434e+27,2.1016603350602757e+25,4.117653578187023e+21,2.0305585774763288e+29
iter_0584,1.8382904422963702e+29,2.822273324837294e+27,2.1186347761162575e+25,3.870766691716263e+21,1.8667250777300216e+29
iter_0585,1.8364499456237584e+29,2.791106934292051e+27,2.1125402364847405e+25,1.0792585310473084e+22,1.8645723769161804e+29
iter_0586,1.8131823682534433e+29,2.7853720597761914e+27,2.140177674574191e+25,2.0181568466644057e+21,1.841250126800231e+29
iter_0587,1.7784763516194667e+29,2.7880827222147187e+27,2.0903521645426947e+25,1.7824786506902248e+21,1.8065662318828545e+29
iter_0588,1.8066520157219213e+29,2.796081436457917e+27,2.0220971682317043e+25,8.048875247072319e+21,1.8348151202920764e+29
iter_0589,1.881948100932478e+29,2.807171018705711e+27,2.079388815205331e+25,2.7985090856570837e+21,1.9102277779861464e+29
iter_0590,1.8243932739916978e+29,2.7934663894255454e+27,2.130668848598358e+25,6.017357040165077e+21,1.8525410649443836e+29
iter_0591,1.9995654244628287e+29,2.77791315806812e+27,2.161287248194004e+25,8.202889558244779e+21,2.027560766797225e+29
iter_0592,1.95611395395292e+29,2.8184048679531397e+27,2.034825447830261e+25,3.447137496921953e+21,1.9845015196486092e+29
iter_0593,1.7184712535041304e+29,2.780948710472433e+27,2.0730608813226026e+25,2.2804501310518316e+21,1.7464880695014883e+29
iter_0594,1.8345091585230303e+29,2.7955951522359926e+27,2.1369089575483835e+25,1.6204304660189487e+21,1.8626788171454497e+29
iter_0595,1.8726509620234484e+29,2.805235355685164e+27,2.073136115936102e+25,1.3834627837910015e+21,1.9009106430265214e+29
iter_0596,1.8363416046882485e+29,2.760318669159595e+27,2.1774454140645575e+25,3.2771674413343603e+21,1.8641625686929255e+29
iter_0597,1.7808607365164495e+29,2.789820269832537e+27,2.0486374406812814e+25,3.0839516269893685e+21,1.8089638337983594e+29
iter_0598,1.8580195665762992e+29,2.793701568495926e+27,2.140516044620671e+25,1.6036489256322694e+21,1.8861706499022097e+29
iter_0599,1.8363708718089203e+29,2.7976494221323536e+27,2.0805079160196786e+25,4.5307487139713215e+23,1.8645599475705598e+29
iter_0600,1.8054528792622508e+29,2.7932733522373223e+27,2.12189798079764e+25,7.970555712647644e+21,1.833597882288261e+29
iter_0601,1.7847590325134228e+29,2.803135364987715e+27,2.0089779606696337e+25,3.588416743858111e+21,1.812991319843534e+29
iter_0602,1.9448257084250782e+29,2.7731424620859785e+27,2.1150562082888887e+25,2.7320596986960523e+21,1.972768665987364e+29
iter_0603,1.7614268885642122e+29,2.793892024490051e+27,2.0262668867293203e+25,2.878672170900168e+21,1.7895684642845074e+29
iter_0604,1.851700529105414e+29,2.7994461585259407e+27,2.041695331110749e+25,1.9300394389883075e+22,1.8798993532277283e+29
iter_0605,1.8744315463020553e+29,2.777362577114745e+27,2.1878917035248327e+25,1.253254217345293e+22,1.902424086568977e+29
iter_0606,1.7395024088705603e+29,2.794342290803923e+27,2.0955442716264914e+25,2.192973532143665e+22,1.7676556055031154e+29
iter_0607,1.7868709628342408e+29,2.784395430696608e+27,2.099163492565673e+25,3.2531800358302983e+22,1.814925158808467e+29
iter_0608,1.7635828640820542e+29,2.797474434520885e+27,2.094159048679558e+25,4.615706781116423e+21,1.7917670704891987e+29
iter_0609,1.8460459045131595e+29,2.8154351472590973e+27,2.203835654531001e+25,5.28235332447499e+21,1.8744206923747366e+29
iter_0610,1.97435276393422e+29,2.8043991176974463e+27,2.0613462968468204e+25,8.890601948609569e+21,2.0026029786468985e+29
iter_0611,2.2315338040637897e+29,2.7805185204606406e+27,1.9666669008016494e+25,6.120736920599532e+21,2.2595357171658454e+29
iter_0612,1.8382830010380146e+29,2.7742858858818707e+27,2.141711236572785e+25,1.4053751275724514e+21,1.8662400450742422e+29
iter_0613,1.821864625135778e+29,2.7992710985974407e+27,2.041446237190694e+25,6.778246303223758e+21,1.8500615485279342e+29
iter_0614,1.869639041282308e+29,2.7975714591667555e+27,2.0920783066649192e+25,5.02386783891098e+21,1.8978240139433205e+29
iter_0615,1.9209248521507836e+29,2.7876386051066793e+27,2.151191986819305e+25,3.967258562080792e+22,1.9490167541263887e+29
iter_0616,1.7966547147783355e+29,2.7587001683402724e+27,2.0287864638657376e+25,5.61346232944029e+21,1.824444651242748e+29
iter_0617,1.881731077357162e+29,2.8101278626386256e+27,2.076098328398507e+25,4.4527834106918643e+21,1.910040010344222e+29
iter_0618,1.7782223682848954e+29,2.795771657635141e+27,2.106940784664406e+25,2.055977359338545e+21,1.806390799499487e+29
iter_0619,1.859963617511096e+29,2.802962007161171e+27,2.0596234220944667e+25,1.815739401788258e+21,1.8881992180823113e+29
iter_0620,1.777359849047102e+29,2.7782734292731635e+27,2.07958748138662e+25,4.638507861043769e+21,1.805350588473051e+29
iter_0621,1.9984953621867284e+29,2.802060752948906e+27,2.1939804376028796e+25,1.3896233479377867e+22,2.0267355067223124e+29
iter_0622,1.8772842090509425e+29,2.81308714843536e+27,2.0277917422290698e+25,2.5362788498289884e+21,1.9056178850723078e+29
iter_0623,1.7416658565613544e+29,2.798356485944996e+27,2.0432347000883697e+25,9.50877890362011e+20,1.769853754399592e+29
iter_0624,1.787410845727078e+29,2.7798922149585216e+27,2.0303315006652578e+25,2.5046747997844674e+21,1.8154128260734777e+29
iter_0625,1.8274321759610422e+29,2.821216069722942e+27,2.0603672675545925e+25,3.626838171157171e+21,1.8558504096534092e+29
iter_0626,1.7458879570746793e+29,2.769072645004457e+27,2.0668493939987494e+25,1.5992517047690343e+21,1.7737853844566406e+29
iter_0627,1.8664964936410618e+29,2.775521248222291e+27,2.0738468813739483e+25,1.5681618608108295e+21,1.894459106493041e+29
iter_0628,1.7443832724557805e+29,2.7781192514913005e+27,2.0892691174729203e+25,3.977193050731688e+21,1.772373431654371e+29
iter_0629,1.831852192029325e+29,2.797267168505152e+27,2.0845005537947073e+25,3.6922104262299704e+21,1.8600333506918603e+29
iter_0630,1.8371467536084074e+29,2.7964918956911025e+27,2.1287724904413592e+25,5.975503254120298e+21,1.865324609569395e+29
iter_0631,1.871846597571075e+29,2.7618794333912314e+27,2.044433808234851e+25,1.0225844391421357e+22,1.8996699375442545e+29
iter_0632,1.8829755867146913e+29,2.751321945968887e+27,2.1367626815724083e+25,9.279646443697937e+21,1.9107025752390018e+29
iter_0633,1.6972309907032557e+29,2.788122464615562e+27,2.1428710529278507e+25,7.458133928527588e+21,1.725326577036043e+29
iter_0634,1.806524106282686e+29,2.7677235741446506e+27,2.096748595865026e+25,1.9874136168087673e+21,1.8344110367578554e+29
iter_0635,1.733873058034792e+29,2.780392274951565e+27,1.9484237544871793e+25,2.7768995597063485e+21,1.7618718509287515e+29
iter_0636,1.8235299101880713e+29,2.803042539366073e+27,2.0271066988551717e+25,5.355330885614785e+24,1.8518165995604738e+29
iter_0637,1.8746315115411622e+29,2.785841083378512e+27,2.116295088648595e+25,6.955903754813046e+22,1.9027022474741877e+29
iter_0638,1.7833357467099395e+29,2.808740531749606e+27,2.1368180408279377e+25,1.3531516212961102e+21,1.8116368473630347e+29
iter_0639,1.9183574898229156e+29,2.769743749017982e+27,2.0948829796313265e+25,8.814715002793251e+20,1.9462644244257737e+29
iter_0640,1.7347337788446764e+29,2.783179221334502e+27,2.1079325144322e+25,2.9367002529701634e+22,1.76277665797949e+29
iter_0641,1.991038312697571e+29,2.784891545526514e+27,2.0441245747667652e+25,6.707629743056663e+21,2.0190917076866105e+29
iter_0642,1.8673431174455635e+29,2.793878545163824e+27,2.1560835044700103e+25,1.2137571241344555e+21,1.8954975233852197e+29
iter_0643,1.6912288022034785e+29,2.792976503075756e+27,2.08992850782204e+25,3.347552069669868e+22,1.719367894840225e+29
iter_0644,1.7383621958231725e+29,2.765315113438481e+27,2.1665990250662135e+25,1.6084833491475856e+21,1.766232022944897e+29
iter_0645,1.7311629153868117e+29,2.764023097780105e+27,2.1087694275580733e+25,6.0434118825318e+21,1.759014083741487e+29
iter_0646,1.7679000852819128e+29,2.7786819131614295e+27,2.0448735421835896e+25,2.1405212619496159e+21,1.795891413172958e+29
iter_0647,1.8120053805984926e+29,2.7946775112226727e+27,2.1506250460958947e+25,2.834310609391448e+21,1.840167246558435e+29
iter_0648,1.819487069946709e+29,2.790878605955648e+27,2.107731614615434e+25,1.306161912953626e+22,1.8476067597839186e+29
iter_0649,1.7658864106273213e+29,2.7768621133148085e+27,2.135423316840469e+25,2.886504303149515e+21,1.7938686029571964e+29
iter_0650,1.700422197914187e+29,2.80463607839e+27,2.022175438094465e+25,5.094430813049812e+21,1.7286708271862043e+29
iter_0651,1.7712582270574785e+29,2.7785794487389003e+27,2.1654468930369485e+25,2.3388497967878633e+21,1.799260589622669e+29
iter_0652,2.0243780197532804e+29,2.770437255858681e+27,2.0903844546633413e+25,3.3867602222394644e+21,2.0522914646249358e+29
iter_0653,2.0182029779719246e+29,2.7916121825285193e+27,2.124092705836895e+25,1.2270259840561487e+22,2.046331631770392e+29
iter_0654,1.84735504673498e+29,2.7892639754745785e+27,2.095949281108251e+25,1.9861598355146812e+21,1.875457301279435e+29
iter_0655,1.7905178294453233e+29,2.812126598655422e+27,2.0617071651918055e+25,2.324685362205535e+21,1.8188452893952506e+29
iter_0656,1.71508521689751e+29,2.7736558344349387e+27,2.018051994055252e+25,4.545487885678841e+21,1.743023625896144e+29
iter_0657,1.8360473665355354e+29,2.756465973513236e+27,2.0761320866652242e+25,1.4360635895018357e+21,1.86381965383997e+29
iter_0658,1.7988961928948168e+29,2.836584634314564e+27,2.072146657538876e+25,8.407605162442825e+21,1.827469337979768e+29
iter_0659,1.8447391330039543e+29,2.802961629331627e+27,2.0281123104771023e+25,9.714967156350014e+21,1.87297165767799e+29
iter_0660,1.874118820815365e+29,2.8092181638114865e+27,2.0902373017775603e+25,4.5239651520220197e+21,1.902420071423309e+29
iter_0661,1.874389546701111e+29,2.7633795199218747e+27,2.066652467610944e+25,4.6236707148851147e+21,1.9022300533837983e+29
iter_0662,1.8083985850215732e+29,2.7858437799891015e+27,1.9652442413840277e+25,1.0770417379660154e+22,1.8364536549497765e+29
iter_0663,1.7390566359942125e+29,2.77023389438493e+27,1.996812204856501e+25,1.3192149667224066e+22,1.7669587880800443e+29
iter_0664,1.8344444749366714e+29,2.7705574601655347e+27,2.0123395366480854e+25,1.0732046048160523e+21,1.8623512942240373e+29
iter_0665,1.9913300599156913e+29,2.8016081657676903e+27,2.019473927477101e+25,1.9889085373398222e+21,2.019548108855201e+29
iter_0666,1.857544222775009e+29,2.826813932844735e+27,1.9957543539037404e+25,5.071942632355919e+21,1.8860119882582734e+29
iter_0667,1.814221841406055e+29,2.795993774455567e+27,2.032490649522415e+25,1.909295342666709e+21,1.8423850473085163e+29
iter_0668,1.9161516057405313e+29,2.782783025802783e+27,2.113849041234032e+25,5.494317355160218e+21,1.944190875845856e+29
iter_0669,1.8450031300825837e+29,2.775097629394488e+27,2.1031036955527712e+25,2.628582983368912e+21,1.8729644430319137e+29
iter_0670,1.8564403739554238e+29,2.773795636088735e+27,2.0825485204434833e+25,1.8147398484477782e+22,1.8843867666423407e+29
iter_0671,1.920408308226027e+29,2.7979099518339045e+27,2.1553403570042797e+25,1.694788134076147e+21,1.948602958727948e+29
iter_0672,1.930526071385794e+29,2.770683944402221e+27,2.1193505489479864e+25,9.794468003520579e+21,1.9584449438293914e+29
iter_0673,1.892953426769705e+29,2.7945739342766296e+27,2.0760430383830118e+25,2.5163078319172995e+22,1.9211070220470926e+29
iter_0674,1.8162094425965194e+29,2.7946703983392734e+27,2.133271834942483e+25,2.7460252231618585e+21,1.8443695012236585e+29
iter_0675,1.7806804983403436e+29,2.788335712911213e+27,2.080357405817517e+25,1.5446773015643666e+22,1.8087720456777674e+29
iter_0676,1.777390145794247e+29,2.7948814630237216e+27,2.167045089702214e+25,1.899686254334178e+22,1.8055558549020798e+29
iter_0677,1.8394667559500555e+29,2.8116562220783456e+27,2.070606458904942e+25,1.3878797884597514e+23,1.8677917666965177e+29
iter_0678,1.7696987618736608e+29,2.822994724684699e+27,2.090400787636875e+25,3.4628552082009054e+21,1.7981377838278237e+29
iter_0679,1.771021076167766e+29,2.8018367805981936e+27,2.173038739314426e+25,1.3316000674746844e+22,1.799256881007686e+29
iter_0680,2.013388866004342e+29,2.8159504140249503e+27,2.1003206712671403e+25,1.2141848814271673e+21,2.041758414353567e+29
iter_0681,1.8301751639684343e+29,2.793524455870113e+27,2.129931640365912e+25,9.461511178054103e+21,1.8583234963062837e+29
iter_0682,1.7706015810878267e+29,2.7881727546313704e+27,2.0392909793228547e+25,5.336293952085369e+21,1.7986872910950123e+29
iter_0683,1.8964462039257767e+29,2.7993417203584287e+27,2.1195378473032245e+25,1.054849700271015e+22,1.9246516803990616e+29
iter_0684,1.7563269672486674e+29,2.8028553286041223e+27,2.084367173350301e+25,2.3205759986276304e+22,1.7845641893096433e+29
iter_0685,1.8096829401079066e+29,2.800512499942355e+27,2.0523066531803926e+25,8.307873740780979e+20,1.837893304080522e+29
iter_0686,1.812871573111549e+29,2.787551909248526e+27,2.124831954450695e+25,2.7634884531903424e+21,1.840959603034364e+29
iter_0687,1.8830491523892233e+29,2.77859865231111e+27,1.982334049836125e+25,1.0559513996628212e+21,1.911033382876832e+29
iter_0688,1.9300544255937562e+29,2.799414157085494e+27,2.102456688608002e+25,1.0595911871008225e+22,1.9582589187925903e+29
iter_0689,1.843196503954656e+29,2.8089700018390935e+27,2.0952040207417476e+25,1.593199878693981e+22,1.8714958836951086e+29
iter_0690,1.8549218183212187e+29,2.781650116064753e+27,2.0460708159822354e+25,1.0206280542497628e+22,1.88294302862627e+29
iter_0691,1.7406100688371034e+29,2.812289887600298e+27,2.1919079060338677e+25,2.2300979166603415e+21,1.768952180804689e+29
iter_0692,1.8234659118521073e+29,2.8019386752221753e+27,2.069020627816185e+25,2.3332163983217402e+21,1.851692223999275e+29
iter_0693,1.8527984278425626e+29,2.795712214873471e+27,2.136786708852754e+25,5.380005157996029e+21,1.880969282462234e+29
iter_0694,1.746668380050105e+29,2.7746269148047065e+27,1.9770139171553903e+25,1.4875762400720362e+21,1.7746123654656304e+29
iter_0695,1.8824105261955474e+29,2.794276640130846e+27,2.0624076296225157e+25,1.4224329930332743e+21,1.910559547584148e+29
iter_0696,1.78877327695419e+29,2.7693561802370934e+27,2.0446357688238187e+25,4.897193103346176e+21,1.816671351305374e+29
iter_0697,1.7858031483539237e+29,2.7918550970029097e+27,2.1292994642883735e+25,2.24909666645163e+21,1.8139346517613482e+29
iter_0698,1.810678229188384e+29,2.789420677436346e+27,2.1697595587139624e+25,9.426311542963089e+20,1.8387894213449305e+29
iter_0699,1.8617276083813488e+29,2.820786315752622e+27,2.0861646812406332e+25,1.278668668169508e+22,1.8901442158738658e+29
iter_0700,1.8413919488297395e+29,2.806896671371106e+27,2.087798405438803e+25,5.241483584156503e+21,1.86966974779883e+29
iter_0701,1.7754951828463348e+29,2.807319496145276e+27,2.034021159573962e+25,1.078902184381322e+22,1.8037718878139633e+29
iter_0702,1.751818627750144e+29,2.806656691741865e+27,2.1047129542963094e+25,1.4154551987605492e+21,1.780095680117544e+29
iter_0703,1.8310859366129688e+29,2.7719997825514193e+27,2.028865341290021e+25,6.8766461842648035e+22,1.8590095086372307e+29
iter_0704,1.849164108940744e+29,2.803668282643407e+27,2.1594252804087213e+25,6.032529697152815e+21,1.877416794620516e+29
iter_0705,1.8831447889291945e+29,2.804539292990068e+27,2.0602879549108696e+25,4.336859655614674e+22,1.9113966443405516e+29
iter_0706,1.799377086469273e+29,2.7881539397220343e+27,2.0307021784257587e+25,3.348929817623682e+21,1.827461729573634e+29
iter_0707,1.8352708831164318e+29,2.799410415796298e+27,2.1173269413045525e+25,7.629685462486605e+21,1.8634767962653797e+29
iter_0708,1.8001421271761517e+29,2.773398675344934e+27,2.105277793868378e+25,2.2285990086485706e+21,1.8280866639949777e+29
iter_0709,1.71017848985082e+29,2.7851005354273506e+27,2.1171351947738357e+25,1.598677230509341e+21,1.738241224711343e+29
iter_0710,1.869047622478617e+29,2.8161845244382726e+27,2.137839361415094e+25,5.489525372113139e+21,1.897423306554395e+29
iter_0711,1.819801705979196e+29,2.7988450588332923e+27,2.0573627962328445e+25,5.764530785144305e+21,1.8479959504924604e+29
iter_0712,1.880231518231565e+29,2.7842437331294104e+27,2.142874448276536e+25,2.4176316833800625e+21,1.9082882671840037e+29
iter_0713,1.9030385513268045e+29,2.7917219788688497e+27,2.1103382150884024e+25,1.0962484840387282e+22,1.9311669145618503e+29
iter_0714,1.7470267170967847e+29,2.781626245676254e+27,2.1065171872854326e+25,4.6111432992274703e+21,1.775053677383709e+29
iter_0715,1.8431759017483032e+29,2.779284748521966e+27,1.9977136348156455e+25,9.440252276111604e+21,1.8711686149995273e+29
iter_0716,1.8047532025211964e+29,2.807170444618478e+27,2.0553218461373887e+25,2.1461133375479116e+21,1.8330304606131283e+29
iter_0717,1.8993884111096576e+29,2.8092146308073423e+27,2.0298248294785433e+25,1.1882601052054387e+21,1.92768355178328e+29
iter_0718,1.845393217285398e+29,2.7958349152044875e+27,2.0635050830845517e+25,2.2959624408196595e+21,1.8735579399053757e+29
iter_0719,1.827419496755567e+29,2.7570325919088567e+27,2.111069236033535e+25,1.923087523628345e+22,1.855201121907011e+29
iter_0720,1.7979540316259237e+29,2.769477922948664e+27,2.0502962465940003e+25,2.166550093336577e+21,1.8258538621455705e+29
iter_0721,1.7833916710572632e+29,2.778488791780183e+27,2.0771507347546526e+25,6.28787676025599e+21,1.811384336927308e+29
iter_0722,1.9594043177609977e+29,2.802229062314141e+27,2.1072834366962057e+25,8.159815118266151e+21,1.98763741832596e+29
iter_0723,1.8906733670517134e+29,2.794736501710275e+27,1.9540030731471666e+25,1.9528936588772054e+22,1.9188163276654966e+29
iter_0724,1.929364556888898e+29,2.7940832651307967e+27,2.048034682344438e+25,2.380111843397296e+21,1.9575102168095588e+29
iter_0725,1.9541289241287253e+29,2.799425962867603e+27,2.1501108011384114e+25,1.5091334777922595e+21,1.9823382099288498e+29
iter_0726,1.799466716914485e+29,2.787283994618468e+27,2.0861100035990496e+25,1.8949118667240293e+21,1.8275481868101484e+29
iter_0727,1.7437349427405517e+29,2.8059890221653703e+27,2.1219502301984984e+25,2.4935726469075913e+21,1.772007052920952e+29
iter_0728,1.813678669282449e+29,2.801327443108004e+27,2.0573609822531553e+25,4.049156449878526e+21,1.8418977203033185e+29
iter_0729,1.873516358798945e+29,2.816621047422803e+27,2.0301682024336173e+25,2.579981956549937e+21,1.901885611893236e+29
iter_0730,1.7646174325116496e+29,2.7965892433782676e+27,2.0684411030519805e+25,3.711271776359121e+21,1.7927902061684553e+29
iter_0731,1.8593519384131304e+29,2.81173936288337e+27,2.091784262765609e+25,8.352881969690528e+20,1.8876785188211223e+29
iter_0732,1.815874333614924e+29,2.797352677479034e+27,2.190507112535715e+25,4.038920917869581e+21,1.8440669514901772e+29
iter_0733,1.7755667925872655e+29,2.8040752093487454e+27,2.0144461878026516e+25,3.7167404726484504e+21,1.803809026466938e+29
iter_0734,1.763061012025128e+29,2.7664693875499393e+27,2.087041070625493e+25,4.1792338296022227e+21,1.790934451800028e+29
iter_0735,1.819137692686477e+29,2.77518622912563e+27,2.1634252489329183e+25,2.531747665632318e+21,1.8471059228201034e+29
iter_0736,1.8023499755905962e+29,2.785484352688656e+27,2.129795812327168e+25,1.0850951041827497e+22,1.8304179072082262e+29
iter_0737,2.043982182254654e+29,2.809868756690486e+27,2.015679251364098e+25,2.0696128595006592e+21,2.072282458442824e+29
iter_0738,1.7373736247944196e+29,2.773451861710632e+27,2.0615261621364755e+25,5.779449941089467e+21,1.765314353822239e+29
iter_0739,1.7720316191728882e+29,2.765966547016341e+27,2.0507619431769346e+25,3.1706333483673437e+21,1.7998963925437028e+29
iter_0740,1.878883638766997e+29,2.7918091203629337e+27,2.050038494819291e+25,1.1280508101775032e+21,1.9070067451006164e+29
iter_0741,1.872525114079693e+29,2.8044152485925163e+27,2.085407798913748e+25,1.3330559278611846e+21,1.9007778206760687e+29
iter_0742,1.8593468833335096e+29,2.792939080832199e+27,2.1165036347671894e+25,2.2224483052923786e+21,1.887487946729791e+29
iter_0743,1.8039962698778056e+29,2.771194444895233e+27,1.987870250258676e+25,8.913193722449185e+21,1.831907090483721e+29
iter_0744,1.8571910955219135e+29,2.778556132998567e+27,2.0712186543794153e+25,1.1115689670546477e+22,1.8851838898742338e+29
iter_0745,1.8633407686293662e+29,2.8183565178993766e+27,2.11556695086661e+25,1.0503184371833924e+22,1.89173599553529e+29
iter_0746,1.7676499582983034e+29,2.7559980008213476e+27,2.138893245471088e+25,5.146132753687472e+20,1.7954238327771967e+29
iter_0747,1.7239656978119393e+29,2.8191341600235636e+27,2.1137620050339475e+25,8.836251180753433e+20,1.7523684244489294e+29
iter_0748,1.865844049976721e+29,2.801092154215302e+27,2.034595902698966e+25,3.1959446726917515e+21,1.894058463068591e+29
iter_0749,1.8157911965146055e+29,2.79582669354803e+27,2.041819740758499e+25,1.935565864421002e+21,1.8439536647798204e+29
iter_0750,1.914774201113343e+29,2.774968146689098e+27,2.0231870355234197e+25,4.960048672967693e+21,1.942726250884273e+29
iter_0751,1.8248144921685508e+29,2.794997515782813e+27,2.1595710495397884e+25,5.964279933649765e+21,1.852980484074132e+29
iter_0752,1.8642040789262297e+29,2.784893406977097e+27,2.0952701173507918e+25,6.612771898382863e+21,1.8922626061354548e+29
iter_0753,1.831607444536689e+29,2.79541802195894e+27,2.076985710141884e+25,2.2812537098913139e+21,1.85976934613983e+29
iter_0754,1.8611559320084034e+29,2.8042075585291165e+27,2.012811167677445e+25,2.158779199761065e+22,1.889399504588382e+29
iter_0755,1.8278537601978103e+29,2.7865996668418527e+27,2.1224762222328384e+25,1.577583854269079e+22,1.8559321622468374e+29
iter_0756,1.827220026551922e+29,2.7789687764384474e+27,2.1512827680473533e+25,2.285712726298615e+21,1.8552248654502385e+29
iter_0757,1.8409780051940603e+29,2.7827994711437826e+27,2.201758206333108e+25,7.865627556670827e+21,1.869026254382407e+29
iter_0758,1.9384618153205842e+29,2.7944242632882163e+27,2.053566963162352e+25,2.9131476021289644e+21,1.9666114437812587e+29
iter_0759,2.061554475550281e+29,2.8010009946590335e+27,2.1471311790066548e+25,4.80183397057244e+21,2.089779246633112e+29
iter_0760,1.8897094056578508e+29,2.804750344120831e+27,2.0199765393254345e+25,2.2189622185094713e+21,1.9179589289426136e+29
iter_0761,1.8203272696626198e+29,2.7832098477117713e+27,2.012063718544228e+25,4.928334988240255e+21,1.8483606237949418e+29
iter_0762,1.8612793896247288e+29,2.75730679507518e+27,2.0811074040371575e+25,3.266086333083618e+21,1.8890606009767476e+29
iter_0763,1.7284167358818212e+29,2.7876626973665895e+27,2.0643829434918414e+25,1.4132174385672247e+22,1.75649994247158e+29
iter_0764,1.8258169588993397e+29,2.797256460903756e+27,1.980725703061657e+25,1.0752281747698769e+21,1.8539876068309655e+29
iter_0765,1.8495935710773745e+29,2.7711884746723447e+27,1.98640448684012e+25,2.0613151051134274e+22,1.8775043024042926e+29
iter_0766,1.9348152665551778e+29,2.814240790442676e+27,2.1512119798903516e+25,1.6828327360135063e+21,1.9631728124859207e+29
iter_0767,1.859064390922278e+29,2.8062083082507755e+27,2.148031999024236e+25,3.406436375837183e+21,1.887341311269052e+29
iter_0768,1.7822642134953257e+29,2.795026435609176e+27,2.175562627145762e+25,3.9271171778051734e+21,1.810432073385304e+29
iter_0769,2.0109806125426534e+29,2.815584582629827e+27,2.0445168148340927e+25,1.9634648331065033e+21,2.0393409296850834e+29
iter_0770,1.926832630772997e+29,2.767919008632775e+27,2.105643806057276e+25,3.2325777981022626e+23,1.9547256178177287e+29
iter_0771,1.871060690665826e+29,2.820282148230406e+27,2.075154141060331e+25,1.862536047104256e+21,1.8994710461875962e+29
iter_0772,1.7770691154455287e+29,2.770277148050521e+27,2.120233514829621e+25,3.1797830754012884e+21,1.8049839420753477e+29
iter_0773,1.8453508574079495e+29,2.7739683334146326e+27,2.089990423792605e+25,1.816851864379771e+21,1.873299557952994e+29
iter_0774,1.782953932251723e+29,2.809031403648442e+27,2.1267574048891637e+25,7.795552680013188e+21,1.811256999984223e+29
iter_0775,1.9770507367877934e+29,2.8090734409426717e+27,2.1356416267524932e+25,2.7996129096551534e+21,2.0053550633560246e+29
iter_0776,1.820757248767018e+29,2.7823625598765824e+27,2.1415690905744005e+25,1.7248253878934962e+22,1.8487952037573798e+29
iter_0777,1.835911291828553e+29,2.767528698188908e+27,2.0312640653211765e+25,3.261623568301034e+22,1.863790031379331e+29
iter_0778,1.800938991026222e+29,2.778356782366508e+27,2.0420123021352476e+25,1.534692158366775e+22,1.8289269135493164e+29
iter_0779,1.7944421777559694e+29,2.800456342171099e+27,2.0708408407622135e+25,9.831701050014541e+20,1.8226538350934578e+29
iter_0780,1.8667408663134814e+29,2.792110563561625e+27,2.0598978267792413e+25,2.058934897535866e+21,1.8948679823211242e+29
iter_0781,1.7425163235640697e+29,2.791405322184738e+27,1.9943758319612467e+25,3.7307081616758454e+21,1.7706298516761946e+29
iter_0782,1.8430784608568698e+29,2.794983765481055e+27,2.021371472191813e+25,2.2555508639978504e+21,1.871230458214408e+29
iter_0783,1.908337891801271e+29,2.803703189596376e+27,2.069314861173237e+25,1.4378545950414558e+21,1.9365818695618984e+29
iter_0784,2.0249596390709023e+29,2.7743534141203407e+27,2.0948935407925156e+25,4.19135315101427e+21,2.0529127044797164e+29
iter_0785,1.7949741093321183e+29,2.797369651169494e+27,2.10545390467511e+25,5.475181608330254e+21,1.823158405986097e+29
iter_0786,1.7128753412396246e+29,2.791709827954962e+27,2.0902900161908982e+25,7.352925440011228e+20,1.741001475873719e+29
iter_0787,1.930046321394833e+29,2.811716924023227e+27,2.2006141590081776e+25,1.6430083451323303e+22,1.9583837163518007e+29
iter_0788,1.9273506269912667e+29,2.795715279511569e+27,2.0809582573068627e+25,4.1869426085479784e+21,1.9555159174815393e+29
iter_0789,1.806394047316784e+29,2.779289718365814e+27,2.0979613053747415e+25,6.732248927426252e+21,1.834396807953469e+29
iter_0790,1.7848619297488723e+29,2.7889159976398044e+27,2.0732928049106947e+25,1.7163878093483582e+21,1.8129584361696397e+29
iter_0791,1.7980575950828286e+29,2.8217446846647585e+27,2.1380002717422936e+25,1.3165461138393629e+23,1.8264901585027644e+29
iter_0792,1.8432686661505404e+29,2.794055039986333e+27,2.0501792910333612e+25,9.535345300600104e+20,1.871414244014852e+29
iter_0793,1.9061563668241826e+29,2.831077952365113e+27,2.0401273886732545e+25,4.976715469534761e+21,1.9346712088538556e+29
iter_0794,2.0436437754645774e+29,2.77958074285544e+27,2.1492021069872646e+25,2.51699027931717e+21,2.0716545282737333e+29
iter_0795,1.818618062358371e+29,2.780883103608232e+27,2.0104557277187417e+25,1.1252979043949614e+21,1.8466279502202042e+29
iter_0796,1.8408899939309416e+29,2.8063257644823854e+27,2.012388754585859e+25,3.1241035322394075e+21,1.8691545216922597e+29
iter_0797,1.8095898052686946e+29,2.7622732736003307e+27,2.1254904807048814e+25,2.452550694089949e+21,1.8374251115782752e+29
iter_0798,1.8267942610365467e+29,2.7891571686984943e+27,2.055840193022321e+25,2.7133953542505133e+22,1.854891688082369e+29
iter_0799,1.8328753978378103e+29,2.792385631158388e+27,2.0720663861726024e+25,2.107397653753304e+21,1.861006481861988e+29
iter_0800,1.8858097513569256e+29,2.783387680038205e+27,2.028530092190409e+25,6.769414389102411e+22,1.9138471581079658e+29
iter_0801,1.992639969516041e+29,2.797661857863392e+27,2.0560331188495966e+25,1.7999842453240173e+21,2.0208222094064024e+29
iter_0802,1.8403411850053503e+29,2.773180628740306e+27,2.145440112574343e+25,3.7634334551033664e+21,1.8682875729383452e+29
iter_0803,1.8981387191860626e+29,2.816673028438615e+27,2.0695497974420036e+25,4.3663749188381626e+21,1.9265124481139418e+29
iter_0804,1.8144635641478034e+29,2.7798390025773124e+27,2.1409894617934806e+25,1.6276053687131244e+22,1.842476215880293e+29
iter_0805,1.815911322465748e+29,2.767122466419524e+27,2.008782658004331e+25,2.554109136576259e+21,1.843783450936835e+29
iter_0806,1.9820478880777974e+29,2.7992248382939903e+27,2.0838043001741573e+25,6.70985903515256e+22,2.010249187876658e+29
iter_0807,1.781409367710493e+29,2.797988685200368e+27,2.086698876519992e+25,8.53310029695569e+20,1.809597932983249e+29
iter_0808,1.8419510009680497e+29,2.766613866148789e+27,2.081085687338287e+25,6.071943037689763e+21,1.869825308917702e+29
iter_0809,1.80570033292203e+29,2.770879367799203e+27,2.0943713747844117e+25,7.204740463614096e+21,1.833618635784905e+29
iter_0810,2.032665191189745e+29,2.784172385610141e+27,2.058734104200618e+25,3.4390874309770787e+21,2.060712822847141e+29
iter_0811,1.7845603661839352e+29,2.8246636171941905e+27,2.072238782943975e+25,3.6463583848787193e+21,1.813014262697755e+29
iter_0812,1.9247732659670192e+29,2.7774605132800865e+27,2.0259634513708727e+25,5.156325580962985e+21,1.9527505190082127e+29
iter_0813,1.9770458138365458e+29,2.781079504378254e+27,2.0244376541833847e+25,2.3423509485162697e+21,2.0050590760692564e+29
iter_0814,1.8583021374878327e+29,2.82073405692322e+27,2.1172468415733456e+25,1.8600845110357173e+21,1.886721221342067e+29
iter_0815,1.7472402958437846e+29,2.8105888532049463e+27,1.9997013247532754e+25,3.0486227948470235e+21,1.775546184994537e+29
iter_0816,1.8154289522101146e+29,2.7821987510135763e+27,2.115556714284186e+25,1.0282700928820116e+22,1.843462598218688e+29
iter_0817,1.8630246250358096e+29,2.814538290094066e+27,2.0288678562248017e+25,6.739824868146029e+21,1.8913729621206215e+29
iter_0818,1.8798515940692247e+29,2.7909562893212317e+27,2.112683701520738e+25,8.94772657640422e+22,1.907973320105247e+29
iter_0819,1.6793332831184784e+29,2.792117236952108e+27,2.070835426656906e+25,2.4728913284100837e+21,1.7074615637595783e+29
iter_0820,1.745916733402959e+29,2.7926343616536393e+27,2.0012556879858416e+25,2.8826850463648113e+21,1.7740432314151448e+29
iter_0821,1.7202954100727357e+29,2.7776957616615575e+27,2.0000932659081934e+25,8.395713492893669e+22,1.748273216587292e+29
iter_0822,1.8151350108418937e+29,2.803107232282605e+27,2.1045803797729808e+25,1.3213870000464187e+21,1.8433765544165667e+29
iter_0823,1.9792119130129765e+29,2.8056895431874224e+27,2.062094953277564e+25,5.044346464902575e+21,2.007475068383643e+29
iter_0824,1.837281336740169e+29,2.782753570408174e+27,2.0982617980380612e+25,1.7874301354241622e+21,1.865318716498356e+29
iter_0825,1.971884073480816e+29,2.7877317565036296e+27,1.9995896864131794e+25,2.6096068379687713e+22,1.9999616109751777e+29
iter_0826,1.8707869127857933e+29,2.762883619615151e+27,2.0902843556537133e+25,2.3383851317480923e+21,1.8986248008013616e+29
iter_0827,1.8003751457588434e+29,2.770247622382912e+27,2.1040574384678444e+25,2.4276119420404656e+21,1.8282880520026387e+29
iter_0828,1.9113023674642613e+29,2.7758834527782414e+27,2.0792326102499397e+25,8.308372715306547e+21,1.9392692083367957e+29
iter_0829,1.773522088884455e+29,2.7770423153086766e+27,2.0933792255232066e+25,3.330910619896584e+21,1.8015018832692007e+29
iter_0830,1.837850407709612e+29,2.789464152607922e+27,2.0876165313039085e+25,6.82229773865878e+21,1.865953879111799e+29
iter_0831,1.7688641331569206e+29,2.792820404757334e+27,2.0556194921863633e+25,1.0042252926963004e+21,1.7969979091959653e+29
iter_0832,1.967292385192941e+29,2.7812818687796766e+27,2.075384185332582e+25,1.2185797985780163e+21,1.995312754485069e+29
iter_0833,1.9956336105525156e+29,2.796208021137971e+27,2.056688490375636e+25,5.195443225174104e+22,2.023801879157255e+29
iter_0834,1.8435428088931696e+29,2.814657842685825e+27,2.0408792423267454e+25,3.96813051642107e+21,1.871893514925566e+29
iter_0835,1.8274197236102096e+29,2.781557184158156e+27,2.035099736535799e+25,4.0826411234006553e+21,1.855438846251856e+29
iter_0836,1.6601832081718638e+29,2.821371872325066e+27,2.2231986400830106e+25,3.790282182141851e+21,1.6886192846619446e+29
iter_0837,1.8930110753649412e+29,2.7764362749469323e+27,2.117494148087267e+25,3.737829564033631e+21,1.920987224907515e+29
iter_0838,1.84298535008828e+29,2.7929308407886176e+27,2.0723488037272236e+25,5.136447406956505e+21,1.871121944741013e+29
iter_0839,1.8305790617281465e+29,2.7935646036843375e+27,2.077178829458158e+25,2.2881151164264601e+21,1.8587224485290867e+29
iter_0840,1.8340327623203935e+29,2.8045304825073315e+27,2.062593301436101e+25,3.980316815668256e+21,1.8622843662787785e+29
iter_0841,2.016348607476891e+29,2.82531978165208e+27,2.064267846269187e+25,1.6169534044040483e+21,2.044808248247573e+29
iter_0842,2.1264455176699676e+29,2.8177788449486504e+27,2.063792744987719e+25,1.968665708457354e+21,2.15482970508061e+29
iter_0843,1.8640097466539685e+29,2.812920652428229e+27,2.219741444992646e+25,2.531049777159133e+21,1.8923609526332478e+29
iter_0844,1.9069028827790432e+29,2.7777436527601874e+27,2.053845492864723e+25,3.8351870001288923e+21,1.9348857422078015e+29
iter_0845,1.7542327598854383e+29,2.8084008874910995e+27,2.075195984129599e+25,4.7723846761044666e+20,1.782524293131147e+29
iter_0846,1.7432584501592412e+29,2.7820491182774243e+27,2.1153324492534677e+25,1.38028200059837e+21,1.771290488389761e+29
iter_0847,1.7907059885765425e+29,2.798570533117351e+27,2.0962838981315e+25,9.348458542313155e+21,1.8189014157821144e+29
iter_0848,1.869468714407603e+29,2.7923456612537143e+27,2.1336621515178757e+25,5.647039080661722e+21,1.8976055937056828e+29
iter_0849,1.8960613060565702e+29,2.801131028003891e+27,2.1195809768809983e+25,6.51580978911521e+20,1.9242845809501067e+29
iter_0850,1.8863155884933127e+29,2.778086403001644e+27,2.101609221968151e+25,1.0141369528335878e+21,1.9143066235868954e+29
iter_0851,1.8017318383212257e+29,2.775848706574703e+27,2.15239240048741e+25,7.003490027854514e+21,1.829705634661922e+29
iter_0852,1.780756357829584e+29,2.775444073751954e+27,2.0914951587295274e+25,1.1592669991388582e+21,1.8087199596756466e+29
iter_0853,2.0224858644846444e+29,2.7923084900475467e+27,2.093185168037945e+25,5.878325929687342e+22,2.0506188557345168e+29
iter_0854,1.8123846149206963e+29,2.817736142635724e+27,2.121147668327465e+25,1.3077086522852138e+21,1.8407741041909728e+29
iter_0855,1.9260089820746126e+29,2.788036518111784e+27,2.023733437976107e+25,2.4128566169625524e+22,1.9540919618851895e+29
iter_0856,1.9403910674072825e+29,2.772758763702261e+27,2.132033352199069e+25,1.1644923391226421e+22,1.968331974828759e+29
iter_0857,1.8542808257835956e+29,2.798026001595721e+27,2.041397799561198e+25,4.77724603518121e+21,1.8824652733519695e+29
iter_0858,1.89239830180491e+29,2.796023743072625e+27,2.184780514175459e+25,4.710501138690689e+21,1.9205770643920654e+29
iter_0859,1.827201460260381e+29,2.786693512203829e+27,2.024027139167878e+25,1.1050819687334854e+22,1.8552709086045328e+29
iter_0860,1.8728085818288683e+29,2.789568929199748e+27,2.1429067544686674e+25,1.5887485161324325e+23,1.9009201505448286e+29
iter_0861,1.707704316069495e+29,2.7729751172343045e+27,2.059131645583487e+25,2.572246006673858e+21,1.7356400061288565e+29
iter_0862,2.007349007845614e+29,2.785783202780707e+27,2.1340755913625183e+25,1.4441272097691785e+21,2.0354202618738297e+29
iter_0863,1.860610863676773e+29,2.799740561460514e+27,2.0542548493186897e+25,4.244915511553924e+21,1.8888137372254648e+29
iter_0864,1.7004055664335547e+29,2.808985182769209e+27,2.0693104765491767e+25,3.2552494086685385e+21,1.728702381861396e+29
iter_0865,1.989984392769235e+29,2.7658556230437994e+27,2.0612716968609e+25,1.4777466167526016e+21,2.0178490909468254e+29
iter_0866,1.759216720784892e+29,2.787426044816935e+27,2.1715107014013903e+25,9.646999412657474e+23,1.787317779302614e+29
iter_0867,1.9376512583801457e+29,2.7506021557422487e+27,2.0383361611562632e+25,7.181766973881057e+21,1.9653611853713536e+29
iter_0868,1.9557682109059147e+29,2.8087850693498677e+27,2.0929860567822646e+25,3.2970492300977394e+21,1.984065393175584e+29
iter_0869,1.832662613967478e+29,2.779501706736863e+27,2.0336409317886648e+25,2.6044171124347864e+21,1.8606610211721966e+29
iter_0870,1.9148776231942765e+29,2.791749951172658e+27,2.084037250386334e+25,1.865092051999432e+24,1.9430221773515617e+29
iter_0871,1.878433113144499e+29,2.760731121364256e+27,2.151993497514795e+25,2.722776651509539e+21,1.9062556509356597e+29
iter_0872,1.98515285477075e+29,2.7807939008796137e+27,2.0364668037143633e+25,3.3268714761550425e+21,2.013164473728632e+29
iter_0873,1.946172852497948e+29,2.78508310150541e+27,2.007083469577564e+25,1.0335502803192598e+21,1.974224402195463e+29
iter_0874,1.9045474970990318e+29,2.807180253564026e+27,2.0722622083012745e+25,1.7849620041704444e+21,1.932826543705122e+29
iter_0875,2.0859038591875253e+29,2.771653605109998e+27,2.0345865438223205e+25,7.021010581083189e+21,2.1138239241031133e+29
iter_0876,1.739947521210117e+29,2.800455386176384e+27,2.0552568446113065e+25,2.584999316846079e+21,1.768157626606335e+29
iter_0877,1.868843529886256e+29,2.786636016086776e+27,2.0350630804309532e+25,1.6829403394008714e+22,1.896913564649201e+29
iter_0878,1.8182525783536076e+29,2.77785927314096e+27,2.129571436478452e+25,1.1624478561880668e+21,1.8462441398531437e+29
iter_0879,1.8741185079585786e+29,2.787964120777405e+27,2.1571865231621598e+25,1.0120123208703524e+21,1.902213877938792e+29
iter_0880,1.858193136507992e+29,2.815534384301697e+27,2.1029388949671424e+25,6.876442833911709e+21,1.886558843004934e+29
iter_0881,1.8026245951682867e+29,2.799084045512064e+27,1.994088486422721e+25,1.3012489471241537e+22,1.8308149745969445e+29
iter_0882,1.780015325678174e+29,2.764699930468311e+27,2.126879107864134e+25,4.080059143917315e+21,1.8078750536942346e+29
iter_0883,1.8383542325584356e+29,2.784036524595245e+27,2.0299820544527208e+25,4.735230292587605e+21,1.866397643362136e+29
iter_0884,1.7566021860883193e+29,2.813112030444577e+27,2.038458582375933e+25,1.6821014665667286e+21,1.7849371690720174e+29
iter_0885,1.858614348332774e+29,2.803977483323417e+27,2.0149341459786024e+25,4.439948178860516e+21,1.886855660980088e+29
iter_0886,1.9014711930721843e+29,2.786665151212587e+27,1.9983404311758602e+25,9.087710852753966e+20,1.9295376877151387e+29
iter_0887,1.8330819296350044e+29,2.7776804404646887e+27,2.09566710295069e+25,1.6213359446643746e+21,1.8610683169633057e+29
iter_0888,1.7987622733843623e+29,2.7708101492263973e+27,2.1893143946628933e+25,4.4309232296890786e+21,1.826689350625325e+29
iter_0889,1.9804693853641517e+29,2.7928148465747114e+27,2.0534464767575332e+25,1.8700408974669316e+22,2.0086030654816644e+29
iter_0890,1.8187405368586176e+29,2.7872699594941305e+27,2.059300856024372e+25,2.5216622681294467e+21,1.846819191755784e+29
iter_0891,1.817526246592565e+29,2.7788264525612047e+27,2.1978059645508707e+25,7.317044056065194e+21,1.8455343648850727e+29
iter_0892,1.8132372723164463e+29,2.8163492601151885e+27,2.035538435589927e+25,1.0277154619850968e+22,1.8416044215327033e+29
iter_0893,1.8109057233727198e+29,2.795703350446221e+27,2.0960733156460897e+25,4.490878025372363e+22,1.8390728132965488e+29
iter_0894,1.974666753011905e+29,2.789482806256346e+27,2.0944013849579887e+25,7.297473757346066e+21,2.002771094187702e+29
iter_0895,1.7351619712196545e+29,2.778527280785551e+27,2.096745233708006e+25,3.0225197194320533e+21,1.763156948776078e+29
iter_0896,1.8022520021204937e+29,2.8003367624020886e+27,2.047964711271702e+25,2.098638653799829e+22,1.830460376079507e+29
iter_0897,1.7898750847312736e+29,2.7779729581320664e+27,2.1442633711599487e+25,8.734721732524444e+21,1.8178693279969275e+29
iter_0898,1.8564133762165756e+29,2.770716938300754e+27,2.079310944992617e+25,2.30468911473131e+22,1.8843287071629937e+29
iter_0899,1.7455460676074904e+29,2.807999077961072e+27,2.2013532249186774e+25,5.053104263325779e+21,1.7738462442406355e+29
iter_0900,1.782044877748154e+29,2.812804008291679e+27,2.1463491769024357e+25,2.2857663883584033e+21,1.810387575606425e+29
iter_0901,1.7363310366327895e+29,2.777678136548326e+27,2.0574423291128863e+25,1.1007569298096573e+22,1.7643136723068773e+29
iter_0902,1.8760775756415645e+29,2.810576714630735e+27,2.0987834371829246e+25,1.5399350317117134e+22,1.9043933751250933e+29
iter_0903,1.9092974480326404e+29,2.7615553252302824e+27,2.076611354173918e+25,3.0789995587549983e+22,1.9371209703203165e+29
iter_0904,1.8952689359405926e+29,2.7800962895463215e+27,2.0835838623008055e+25,9.282647006424309e+21,1.923278350048756e+29
iter_0905,1.7385729257822943e+29,2.794621374859189e+27,2.1167714999871473e+25,5.812958362983075e+21,1.7667308748104687e+29
iter_0906,1.8296182393330414e+29,2.8012651454643347e+27,2.1178062564731104e+25,3.384680258548063e+21,1.857842705260135e+29
iter_0907,1.7410795050062754e+29,2.792903717167669e+27,2.0437547034591287e+25,7.002262008254022e+21,1.769212987670918e+29
iter_0908,1.890571290886398e+29,2.8046331499001387e+27,2.1391730007629513e+25,6.229332241339005e+21,1.9188316019787983e+29
iter_0909,1.8708579329710053e+29,2.7675884984021393e+27,2.011459380050851e+25,1.6650785303460055e+22,1.898735130400885e+29
iter_0910,1.8594939988380857e+29,2.7762462167806263e+27,2.1195609191792263e+25,1.4082879343091416e+21,1.887468431180689e+29
iter_0911,1.8919588514216495e+29,2.783672526879121e+27,2.1102192405951747e+25,1.9216864539065233e+21,1.9200066178313647e+29
iter_0912,1.8144217353857456e+29,2.802895304055714e+27,2.182470508842874e+25,4.961146020521158e+21,1.8426689850886474e+29
iter_0913,1.849892182617226e+29,2.775767642491876e+27,2.120464676710482e+25,2.6979099229664414e+22,1.877862175300808e+29
iter_0914,1.8697109466166593e+29,2.799668530275128e+27,2.137011573993316e+25,2.8435714688079574e+21,1.8979213615125245e+29
iter_0915,1.8769063317857425e+29,2.78602296900505e+27,2.065746875862512e+25,2.6417913349383924e+21,1.9049731625812926e+29
iter_0916,1.9510534791725418e+29,2.784988671468792e+27,2.1304043231103206e+25,3.393310654032641e+21,1.979116440252647e+29
iter_0917,1.8132675280471997e+29,2.7684695627775617e+27,2.120603421079504e+25,7.885283815326214e+21,1.841164362869921e+29
iter_0918,1.8774279240133325e+29,2.7991484607830723e+27,2.1446996635410882e+25,1.7638030726053537e+21,1.905633896225548e+29
iter_0919,1.9144171240838803e+29,2.77471136531582e+27,2.0546967670168165e+25,1.1797116327802272e+21,1.9423697192108564e+29
iter_0920,1.9358724504102744e+29,2.769909089984264e+27,2.123005294987313e+25,1.0669420917706481e+21,1.9637838525090367e+29
iter_0921,1.6546154285842864e+29,2.8105169228027296e+27,2.123721943194287e+25,2.0888806000481406e+21,1.6829329908954386e+29
iter_0922,1.771950663565981e+29,2.804233616742065e+27,2.090656921767863e+25,1.8649603521233043e+21,1.8002020840751817e+29
iter_0923,1.952094449118867e+29,2.765524826814287e+27,1.9996345742061537e+25,7.242000644202715e+20,1.9799496680864313e+29
iter_0924,1.723254073447789e+29,2.7769088141572166e+27,2.053260748197792e+25,1.0223390204029609e+21,1.751228497887571e+29
iter_0925,1.933067247342446e+29,2.800457564663284e+27,2.1291871792551008e+25,1.8036891137488734e+21,1.9612847597438954e+29
iter_0926,1.8635044982205703e+29,2.789689845025252e+27,2.0401694263936834e+25,1.3946707878328758e+21,1.8916054275601704e+29
iter_0927,1.8848640987730248e+29,2.7807908986597127e+27,2.145177864403324e+25,4.247430654284901e+20,1.9128865297934928e+29
iter_0928,1.7274632531976087e+29,2.8001251721916884e+27,2.122994584272115e+25,1.4150781609944906e+21,1.7556768185287342e+29
iter_0929,1.965391309718831e+29,2.771848632767302e+27,2.1859936435477887e+25,2.998593533881792e+21,1.993328425396794e+29
iter_0930,1.7865329552610857e+29,2.7792875423533085e+27,2.0852387001743402e+25,3.4431703028633426e+21,1.8145343889863392e+29
iter_0931,2.0307870457600744e+29,2.758354150834316e+27,2.177742486820973e+25,1.372166361176277e+22,2.058588498733736e+29
iter_0932,1.913360052287009e+29,2.7932006143135686e+27,2.0912655494744404e+25,1.4262408879917606e+21,1.941501199247501e+29
iter_0933,1.7590219194768938e+29,2.7903644956290515e+27,2.0653431187033816e+25,3.066493217333587e+21,1.787132129409987e+29
iter_0934,1.9139351780012634e+29,2.794361106249722e+27,2.067670078220452e+25,1.680280524943369e+21,1.942085572874388e+29
iter_0935,1.857889910641332e+29,2.7804927703522053e+27,2.1194592476234985e+25,5.401694117186913e+21,1.8859068382865573e+29
iter_0936,1.9226674209477515e+29,2.7779094300750333e+27,2.080453892443984e+25,3.4383030657401435e+21,1.950654595020777e+29
iter_0937,1.7524045572896984e+29,2.802088795063904e+27,2.110904195201028e+25,2.0164617266582255e+21,1.7806365558244745e+29
iter_0938,1.9062813908855523e+29,2.7965875126634075e+27,2.0690022497554502e+25,7.252312589035267e+21,1.934454238760288e+29
iter_0939,1.9097734767429968e+29,2.8039380695538275e+27,2.139961536699891e+25,3.4969159852720553e+21,1.938026888561365e+29
iter_0940,1.8406891564296035e+29,2.807886722443809e+27,2.054930599362815e+25,1.9303501073944244e+21,1.8689735360174788e+29
iter_0941,1.9244959818367895e+29,2.796346569248792e+27,2.0737040151053245e+25,4.778433228675904e+21,1.9526668657151203e+29
iter_0942,1.9260586520336595e+29,2.813768387777979e+27,2.0114890375183803e+25,2.0553593175578302e+21,1.9543975053687842e+29
iter_0943,1.8590914960069245e+29,2.742052151891316e+27,2.05127489863832e+25,1.1992574624509712e+22,1.8867172649414477e+29
iter_0944,1.8999160746165675e+29,2.799008466985899e+27,2.030555677846603e+25,2.947111642648595e+21,1.9281092443253277e+29
iter_0945,1.977939519659057e+29,2.786751033954147e+27,2.1007902939284436e+25,8.794684380708932e+20,2.0060171178226754e+29
iter_0946,1.8001453024293162e+29,2.804086199116047e+27,2.110573598326923e+25,7.652872005799284e+21,1.828397298309029e+29
iter_0947,1.844209551493553e+29,2.7692494360318916e+27,2.0038692261077927e+25,7.291073078585657e+20,1.872102440067556e+29
iter_0948,1.9570012535386573e+29,2.814972008304448e+27,2.050832661147929e+25,3.285278158738555e+21,1.985356089740598e+29
iter_0949,1.7199432647842424e+29,2.7796232943748313e+27,2.214200163731205e+25,8.542040886768376e+20,1.7479609262864046e+29
iter_0950,1.8789541754054843e+29,2.8023058689037674e+27,2.109476844212731e+25,1.5793092795125685e+21,1.907188197572036e+29
iter_0951,1.834215296269096e+29,2.7850574758312236e+27,2.0563865488349095e+25,2.8930556908290887e+21,1.8622715386128486e+29
iter_0952,1.8139744745655857e+29,2.782817527151109e+27,2.073073910502681e+25,8.099150203766843e+21,1.8420100382196492e+29
iter_0953,1.68967267419043e+29,2.825363214175441e+27,1.941607228815684e+25,2.6032982283904955e+21,1.7181204930880485e+29
iter_0954,1.970934541365376e+29,2.80649558268436e+27,2.0884497728725524e+25,1.922599783464257e+21,1.9992083613955044e+29
iter_0955,1.8886600879951793e+29,2.7823394062871085e+27,2.056605210372531e+25,3.0654606877005604e+21,1.9166891732336947e+29
iter_0956,1.9346510718455194e+29,2.7900813418229936e+27,2.123013831895507e+25,4.5871680477483583e+21,1.9627642325186194e+29
iter_0957,1.7996273212598313e+29,2.798962413702318e+27,2.107168577152986e+25,9.598799841802318e+21,1.8278277582425683e+29
iter_0958,1.9536960920817866e+29,2.782275165017685e+27,2.0278505247220166e+25,4.649231641503297e+22,1.9817220937075997e+29
iter_0959,1.9693874191012646e+29,2.7952097581019034e+27,1.9937989953063665e+25,1.6645420252073837e+22,1.9975390630360167e+29
iter_0960,2.0532186172344703e+29,2.769940250474659e+27,2.088177818201078e+25,7.792762776637229e+20,2.0811268453137996e+29
iter_0961,1.8925387488432395e+29,2.763141752190882e+27,2.1570569953043073e+25,7.508417171519943e+21,1.9203859471488506e+29
iter_0962,1.993565920477115e+29,2.7700330588012213e+27,2.0716512616522476e+25,6.201657457511967e+22,2.021474036357038e+29
iter_0963,1.8243839770644617e+29,2.784872988717532e+27,2.028823177948905e+25,4.0497608682525957e+20,1.8524355933191926e+29
iter_0964,1.8670427389442318e+29,2.7921196876184536e+27,2.087735202770251e+25,1.9284860606899634e+21,1.895172728625554e+29
iter_0965,1.7539680852634244e+29,2.7750608858745446e+27,2.067350581386111e+25,4.4694652916913255e+22,1.7819258761268375e+29
iter_0966,1.8939642729743872e+29,2.817801993140123e+27,2.0355758389528065e+25,2.023364782610757e+22,1.922346052826162e+29
iter_0967,1.7583302693812077e+29,2.799618664257258e+27,2.126137112011603e+25,1.5826258797754793e+22,1.7865392279975696e+29
iter_0968,1.8373749446230774e+29,2.797618438034309e+27,2.06242716076385e+25,2.612232247608203e+21,1.8655573978418194e+29
iter_0969,1.869590477640914e+29,2.786037339701299e+27,2.0036725715158256e+25,2.251499382267776e+21,1.8976512408100724e+29
iter_0970,1.827505014701678e+29,2.841111123713369e+27,2.1571267514983847e+25,1.1333182540993112e+21,1.856131849947144e+29
iter_0971,1.9346775866650114e+29,2.8078369596358875e+27,2.0837928429834163e+25,1.2496310282677196e+22,1.9629644605087713e+29
iter_0972,1.82051598783069e+29,2.779702183366326e+27,2.0838633630392218e+25,1.7485571307639084e+21,1.8485214134862286e+29
iter_0973,1.8613811510302728e+29,2.766868378219507e+27,2.0911613335057577e+25,1.8093101464746055e+21,1.8892589690389198e+29
iter_0974,1.820599278197951e+29,2.774246150222275e+27,2.186404996152118e+25,1.1972393284586135e+21,1.8485603921721818e+29
iter_0975,1.9936492175278914e+29,2.7922003828249044e+27,2.095355751806729e+25,1.280457738946835e+22,2.021780884977095e+29
iter_0976,1.8072633281470963e+29,2.797487979057527e+27,2.030027890349516e+25,1.7181667486311e+21,1.835441227908374e+29
iter_0977,1.853479053640259e+29,2.784867223847685e+27,2.029014903160897e+25,8.547667942950155e+22,1.8815314821358462e+29
iter_0978,1.8326217342657868e+29,2.780516530435327e+27,2.123144055284492e+25,3.454572655465245e+21,1.860639248521395e+29
iter_0979,1.7426668265126564e+29,2.7812328742743434e+27,2.2196355249830974e+25,2.4867260399986294e+22,1.770701367480502e+29
iter_0980,2.1826574646449424e+29,2.7982121101134995e+27,2.0889034346561972e+25,7.312034898861984e+21,2.210848549209892e+29
iter_0981,1.7805455705605666e+29,2.8024080052368383e+27,2.064587355276264e+25,2.5419729900594775e+21,1.8087761347681926e+29
iter_0982,1.7944166875668696e+29,2.774772076860679e+27,2.041297715205893e+25,2.8112889211218e+21,1.8223685662198862e+29
iter_0983,2.050430515233363e+29,2.7625707582184935e+27,2.0784678029623864e+25,1.1476163964747729e+21,2.078264081072008e+29
iter_0984,1.919245151337726e+29,2.7930146432738063e+27,2.0954561785413256e+25,1.5154925956801007e+21,1.947384858543244e+29
iter_0985,1.9464001167135597e+29,2.7727494525393427e+27,2.074918314886344e+25,4.3529760663241475e+21,1.9743351466002024e+29
iter_0986,1.805576925781691e+29,2.803951367537406e+27,2.065326859973293e+25,1.7407062552976946e+22,1.833823146213688e+29
iter_0987,1.8601207276620088e+29,2.8135989094145695e+27,2.08747678154829e+25,3.9731924172789776e+21,1.8884655041662333e+29
iter_0988,1.8688638100176276e+29,2.800424037977701e+27,2.1504757168845152e+25,3.652884046327076e+22,1.8970834632574975e+29
iter_0989,1.9557221551166236e+29,2.7962792174656374e+27,2.057593645462176e+25,1.7895494589840113e+21,1.983890724551321e+29
iter_0990,1.8486106962816335e+29,2.770408026772967e+27,2.122172338038013e+25,1.698397860321474e+21,1.8765270107671454e+29
iter_0991,1.9066883464985112e+29,2.798738896746606e+27,2.1104118005079964e+25,8.903971281269704e+21,1.934886865685741e+29
iter_0992,1.7904704673296055e+29,2.7704845822756775e+27,2.111088088616876e+25,1.5139168815083103e+22,1.8183865733529124e+29
iter_0993,1.9298532846799836e+29,2.797394436777612e+27,2.1440025604267512e+25,3.792740438861933e+22,1.9580420085778463e+29
iter_0994,1.7661265900916345e+29,2.7899347671779064e+27,2.10477428701336e+25,8.228277476518223e+20,1.7942364234203922e+29
iter_0995,1.7520149250905498e+29,2.788171670173643e+27,2.0737894272895217e+25,2.459644187518759e+21,1.7801040453314572e+29
iter_0996,1.8701722213937885e+29,2.7915963535765167e+27,2.107814905091027e+25,4.3944059372478535e+21,1.8982990103641223e+29
iter_0997,1.828800342036542e+29,2.7849306892768894e+27,2.1166551234147367e+25,1.5315749737728055e+22,1.8568614675991498e+29
iter_0998,1.8296013445371937e+29,2.786738370148114e+27,2.1332703215499453e+25,6.474180845134253e+21,1.8576821200126383e+29
iter_0999,1.9583861003396915e+29,2.783334784880632e+27,2.0041865699359026e+25,3.451511252347256e+21,1.9864199013606038e+29
iter_1000,1.8420930617554255e+29,2.8153366494160363e+27,2.0721514995606075e+25,8.949361939121502e+21,1.8704537328931616e+29
