"V1","V2","V3","V4","V5","V6","V7","V8","V9","V10","V11","V12","V13","V14","V15"
8.00631245396957,-0.814671936595842,0.30416127352255,7.78201029242064,-0.865611947007016,0.439915532287254,7.58677141519554,-0.509046018767697,0.212939416384327,7.63563217156647,-0.566593631761614,0.189582737037467,8.16278649221452,-1.83923559021885,0.480959306288162
8.09437801631319,-0.897973476023294,0.251726855629188,7.92312762822904,-0.940044661496413,0.501210330815182,7.42286829223788,-0.442567653556291,0.171383638862276,7.39862690387834,-0.492013135414986,0.160417785465941,8.07608281292922,-1.75992898961127,0.479841012377533
8.25420633244251,-0.984890307387941,0.43414353578788,7.88900590118733,-0.928757734659057,0.507327023374953,7.48212425614227,-0.483316954255388,0.174434865996098,7.29402689205037,-0.418735996086522,0.110519865726303,8.11436412897093,-1.79360781375877,0.485387482019453
8.1266132182315,-0.911852912652369,0.311474161532301,7.85083887155202,-0.883930718209456,0.439645080375332,7.51273751199764,-0.525194438148904,0.203406845895033,7.46220980142887,-0.47501700817896,0.141975020229078,8.01067984758603,-1.7165952020045,0.476577304603862
8.17476478324774,-0.938128379342853,0.3518542031065,7.90727179334645,-0.928100717411771,0.493183050417366,7.55232779069098,-0.519490208541852,0.207211888680084,7.37053241781779,-0.439995734868547,0.109004598599223,8.3146775509933,-1.93335519956894,0.509870001628732
8.29044159342591,-0.964636590757608,0.35623900097148,7.75026161873523,-0.878291087692357,0.443540191778868,7.50186079587579,-0.491200589384708,0.190917130745482,7.49878510359561,-0.483832857733223,0.161189513650325,8.12523812718453,-1.7917551895757,0.455186121514477
8.14569466018684,-0.910312587332256,0.260856568914546,7.85532140405094,-0.898765300747088,0.486789251096571,7.47460543295387,-0.442924153497135,0.180071530158791,7.37958545733182,-0.439467545899622,0.114416451329079,8.247628571921,-1.85481953130325,0.485771614938211
8.40332027948533,-1.07840958774107,0.448335188240246,7.83468225657844,-0.894132481277946,0.493160914795403,7.57608054703535,-0.504843925547247,0.193393164858455,7.48940440063571,-0.482171553308416,0.187096388744664,8.02237637436545,-1.75038088355849,0.451478817535919
8.40134545861568,-1.05232176877468,0.430713780451214,7.83650098829114,-0.901161798956373,0.463914206288373,7.45521754555283,-0.463729554098445,0.177603713119068,7.65646525782009,-0.591405049259284,0.215983816415887,8.06233176088694,-1.73454623710774,0.47412738280465
7.99155606472782,-0.792331033923316,0.245320362334889,7.68833313724851,-0.828293055601356,0.429727515271044,7.51248853169656,-0.511040796628302,0.218540930332016,7.53380625762758,-0.541551184228917,0.19092234036457,8.1672804296713,-1.80961403513541,0.499469918508647
8.27987214591638,-1.01475247915345,0.413236226199025,7.76764429541255,-0.842016313622981,0.438023119988067,7.61549288067248,-0.547291070113247,0.248746117888879,7.30947679591489,-0.398395540300954,0.097519496437043,8.24300860349116,-1.88408131570884,0.492773403578703
8.03055481138547,-0.870595832082328,0.25660188446841,7.76019948734061,-0.882780396551003,0.442783612757532,7.5550202950424,-0.488424126621249,0.19830967084213,7.43304546066668,-0.475516000950253,0.145631268743836,8.29322771360041,-1.92994788843947,0.514334920998157
8.42534646396084,-1.11983194313283,0.47498487109977,7.94431049644069,-0.961937832833748,0.49888665114915,7.51158837570471,-0.51272383350791,0.20902677118705,7.55125163220423,-0.508722485791455,0.168882376787558,8.3038501161977,-1.87864981469458,0.487098140491936
8.13625493240688,-0.95113331020429,0.308291508943875,7.85797690362669,-0.93111097151649,0.478337551045298,7.55276222810673,-0.545860054343765,0.212403935293461,7.3489150288387,-0.453447313187032,0.134122103960259,8.20316597738869,-1.81315664418186,0.455112976408478
8.15588069446056,-0.924612444937455,0.333134979858858,7.91081690141155,-0.896248880818051,0.473412221794694,7.57724131972326,-0.520820953337586,0.221566410716421,7.39983626247637,-0.44773361470547,0.125592337745503,8.11441577725223,-1.78905843808529,0.472215885483993
8.21581110293843,-0.941459124133945,0.310397239598192,7.97258238211612,-0.944887652846753,0.507683272934144,7.46639284150842,-0.472073646434529,0.175041329948949,7.52602097885432,-0.529684975806152,0.207953809585341,8.29233077506555,-1.88379125803413,0.487745264844875
8.19252934664759,-0.948141592407619,0.346677299286104,7.79199995005001,-0.873751633042204,0.452094588879747,7.60341279149549,-0.517404449785373,0.210687641465856,7.53080430471885,-0.511430550954673,0.162109326750039,8.25340625539417,-1.91861220664346,0.519274331322089
8.16404918965465,-0.907191142955555,0.330235969025936,7.77827223837285,-0.881914719922342,0.472625971400052,7.46739595123635,-0.456024931875031,0.168870144189288,7.37563716512891,-0.468321048085423,0.142405036654385,8.14448906800222,-1.81429585659439,0.488069967792822
8.19123722565361,-0.962683986420751,0.337537343519674,7.90097909607456,-0.925573107941546,0.530809167653432,7.60928199459976,-0.532586817316835,0.226602563798607,7.40624572785688,-0.463136038629699,0.146893262033278,8.28863688551036,-1.88862067054632,0.490994375887791
8.39232152176748,-1.06179139440834,0.431999804345092,8.01964802028036,-0.982449106953015,0.538462731852437,7.41610778297092,-0.464375333709828,0.183197411567049,7.47413364512158,-0.50519101701849,0.197782230950192,8.29474034445178,-1.93131400380967,0.522769705642126
8.10018811094686,-0.907753314852604,0.318236550828788,7.90959868455899,-0.922481890277173,0.487138202030254,7.45840589052342,-0.440507696033555,0.163156732719585,7.51299068287676,-0.518301728987118,0.187095699655064,8.11740929187697,-1.83597070412343,0.527123994056386
8.13440946462616,-0.930302449967326,0.34126127473398,7.77512731791885,-0.843053550268167,0.432390060715006,7.49370306930479,-0.516499046106138,0.20121130647248,7.65978698452494,-0.558846572199337,0.185877705062838,8.17153847423781,-1.8324226472008,0.485906684985027
8.07011518972411,-0.884581877933362,0.33753003838694,7.91250084087232,-0.92896672851019,0.502773960747487,7.53751418845216,-0.490641019434499,0.191219177783469,7.27972614583847,-0.433292628927917,0.112693066430682,8.23564210669655,-1.8306350669004,0.478747196189314
8.49421016847052,-1.12676088990454,0.481384401320836,7.83388686343858,-0.913452780678626,0.479768404753471,7.53975820829702,-0.521773962912867,0.193298193846388,7.53118806590849,-0.508652958646393,0.155578339517311,8.23908251792664,-1.85958141033713,0.493829618547666
8.18596407104693,-0.936155635749402,0.248741787054175,7.97408783579769,-0.958152972415734,0.511652643816403,7.48231507754329,-0.448005299732042,0.189324489096381,7.549808288558,-0.540535440189855,0.174181766344086,8.20454434702978,-1.87305239829089,0.535583754438254
8.14028847043673,-0.923288235702083,0.333339108512585,7.74403932882914,-0.867756331385041,0.495297203173101,7.48268610614952,-0.46141246912678,0.166409105234052,7.37140339244063,-0.45476115246088,0.128214316655661,8.17827698603139,-1.8209374568907,0.47506759242866
8.0246105385199,-0.818319729613299,0.28148479368717,7.86958632677739,-0.930331698497118,0.500573444250283,7.51400172016851,-0.50467526128228,0.204807618993121,7.2143582845281,-0.396502775986115,0.106936392735048,8.2551892453965,-1.86986782907657,0.493897762110258
8.49795313587099,-1.08881927550278,0.435402134512014,7.9880066301885,-0.9839908907675,0.533340045254659,7.48252178873526,-0.500505917492928,0.199275452717909,7.49190484230665,-0.4984769809743,0.147160397144547,8.25401363884223,-1.855294321462,0.519655692750483
8.24516561080393,-0.969867762458209,0.342427843636446,7.83400738194282,-0.882812706819584,0.475576200291497,7.52838258236647,-0.479725331371404,0.205406680735071,7.16924419754939,-0.351495114343247,0.0720291386904062,8.22690634347655,-1.81687472691007,0.461063877683349
8.15569860989491,-0.943464886550583,0.328321950236349,7.92991771622192,-0.969470579225517,0.534888003123787,7.51088273654279,-0.488891369549864,0.192852808131745,7.31425787864533,-0.405526049853061,0.0876765304934782,8.15582516523364,-1.79165605374082,0.451514514926362
8.00698400477794,-0.87987880775355,0.305658216114373,7.90116133948218,-0.914686197168256,0.487394501220882,7.56788023780682,-0.525020457181294,0.214266700166547,7.57478217618273,-0.519889598777724,0.164483717912348,8.15445541781368,-1.81916274361467,0.473965665378463
8.16099135967596,-0.948594656277896,0.314363076681059,7.93795875289197,-0.903305720696902,0.480206846489,7.53756637164604,-0.504655543458291,0.207405026470569,7.40896466270425,-0.458414765120843,0.142854001073074,8.11737649903031,-1.78776118436582,0.458690424972039
8.08859441018066,-0.871529611178847,0.290122363130502,7.97262891863458,-0.978789608498088,0.532033897910081,7.56699794217462,-0.512136721737232,0.214867950218526,7.32575889351826,-0.402040752956724,0.0996579616401718,8.18654890873097,-1.8435937288906,0.498906150978915
8.17216599287405,-0.925841372560774,0.371678424348755,7.9437751859856,-0.921398163985025,0.462719351776208,7.62292824416312,-0.573723201998425,0.251825028137502,7.4172167797855,-0.482751058965437,0.145173924011917,8.25697465114725,-1.87351007320031,0.482124231338788
8.07371850458855,-0.864981197516769,0.296609005126084,7.84231545008605,-0.87152306435505,0.44844825576718,7.4624349248979,-0.451940730258067,0.162717376237573,7.48677718733107,-0.50682120091173,0.152372993965081,8.12881482845195,-1.79231886146931,0.476775893561856
8.23929467870792,-0.95716484448241,0.328818485527043,7.77318104987559,-0.834166990577654,0.44730068409922,7.43317286310635,-0.454204547251374,0.154020807595134,7.61871973992884,-0.53995392783744,0.165198547309791,8.02107235733321,-1.74086572709797,0.45145657193112
8.36067374002708,-1.03982782633213,0.452743981630609,7.92513401839035,-0.949440614194096,0.495247146435252,7.55766809624164,-0.501609427468782,0.208887393228404,7.29112094914275,-0.401897341996273,0.111083940005374,8.03911710068413,-1.72310152044533,0.467339121343435
7.92260014854504,-0.776276833478135,0.190444120770353,7.95507363317105,-0.943187659341171,0.481964552029977,7.63652299530731,-0.581934031850674,0.285007353750516,7.4712447533054,-0.499692149147476,0.178953827252101,7.97101759966347,-1.71431800503234,0.447188424340492
8.37496730196373,-1.01631299902306,0.440099421787248,7.85847228630204,-0.885746470150167,0.467053509426286,7.51305286618618,-0.477578180879872,0.199760094374948,7.49641773769775,-0.51633713091752,0.140301946229673,8.03484593239882,-1.74608259919801,0.472667705452813
8.30989265491584,-1.01544907828218,0.38225843292177,7.82238966119269,-0.894995484396695,0.486464889615315,7.47048939177331,-0.467255429510945,0.165493592695246,7.45980601921255,-0.497917087634879,0.159453399697721,8.14439975725909,-1.81935599006951,0.506102075682282
8.18425470924389,-0.980373004513664,0.349557328826112,7.9437574483229,-0.950925474292916,0.497337898077633,7.4348682483144,-0.432316915326792,0.164600861758186,7.41792219055269,-0.48238309033172,0.126579930597123,8.12195446301784,-1.8058299020699,0.473198071330199
8.06210751383796,-0.867100995303925,0.292194378161894,7.80079033017117,-0.89130812978391,0.450607342121783,7.4450439344973,-0.458136945825739,0.170504309386842,7.7612069189678,-0.609469383599708,0.226219391791679,8.31487780507793,-1.88906223932361,0.507058399139047
8.21660253220312,-0.930951009542976,0.322296328765232,7.8051523733381,-0.853337030559865,0.463537653491512,7.50388945532437,-0.498774386877851,0.182685583251635,7.51645765296106,-0.527585559968172,0.180596879538478,8.11881776193047,-1.78161745206482,0.467137780246839
8.15849981360424,-0.956115934594196,0.372231583422581,7.69318062690109,-0.858132794416628,0.455581246281563,7.50063382978607,-0.490907304905437,0.182178137684531,7.49718799631353,-0.499898188313462,0.168353172266419,8.10432735852654,-1.76809201684928,0.480490937715398
8.23305970844405,-0.978987178771686,0.270658885918543,7.85682562846504,-0.89089319663781,0.441476035719186,7.4694593549969,-0.469095910756104,0.19428194027294,7.26670728645714,-0.410050220885808,0.0985457793703323,8.1896084889321,-1.86397522932577,0.510415540892968
8.2395188255103,-0.960000008109821,0.423461593286185,7.736490058602,-0.836247894818376,0.474276270556791,7.53809250351583,-0.489237945868843,0.195364368968047,7.23450468218867,-0.39578970985162,0.0952433572166845,8.1360556105711,-1.81545589898634,0.449800502932697
8.04747450177693,-0.838876048794871,0.289481110394669,7.92813106153712,-0.964249537128602,0.509424411194019,7.4729714429051,-0.476348320506884,0.195983022445408,7.33073102309056,-0.445874186681975,0.124859423093652,7.99729558601186,-1.77108901496752,0.473820810801536
8.17748837951721,-0.927296210266013,0.353683815580196,7.92929407625245,-0.964733789448255,0.528298406784152,7.44060803912052,-0.45935260839724,0.168537763725266,7.6531201490617,-0.566244286080751,0.199185558962698,8.15132076670365,-1.81162374528168,0.456803865351248
8.12671627035832,-0.935598909868762,0.355969210637306,7.86277460555536,-0.926727300369329,0.498156965906336,7.6208857490469,-0.555958754035945,0.257882020257824,7.6236013766976,-0.570523415803538,0.187836652939115,8.30170189803549,-1.91676125890589,0.486441291161688
8.28820805268054,-0.982000865722789,0.354467376159209,7.86660426923333,-0.903985543552034,0.500243306016938,7.48618156147621,-0.504215700309962,0.192788912233165,7.40058862480533,-0.440325624781222,0.116808551379926,7.98429094861238,-1.71168760480195,0.472343127580711
8.5971019634326,-1.18601553242202,0.52729378119364,7.99758423508924,-0.964557869760268,0.500573102166264,7.61210140585511,-0.546837544578716,0.235024386936469,7.51968105472885,-0.505578674679252,0.148203433534103,8.16814647749682,-1.85554998354913,0.469453127365653
8.04657983250947,-0.813550405331459,0.309700862206937,7.87608557987537,-0.916527431954202,0.479086007041172,7.6580106885219,-0.537026835593281,0.239986818909862,7.42812105910995,-0.4685799841154,0.142967665401962,8.01551742875553,-1.74087331461679,0.473982959334885
8.32416936883113,-1.01970866566955,0.411127050514267,7.90862518706156,-0.93279383406107,0.492408316993855,7.49945553331472,-0.499079006655951,0.193558241227337,7.42607788405121,-0.511481017769797,0.155057471109149,8.40954538088359,-2.00014792248173,0.516976160216165
8.22159727192875,-0.960149605871644,0.377027776218328,7.69942252099349,-0.808508728310549,0.42644597382469,7.45541642664401,-0.486339273209167,0.176930451655041,7.37708294390674,-0.449004024339495,0.114079565975915,8.3058668534744,-1.88953766571778,0.501321904745708
8.13351724190677,-0.936341418304349,0.351228079002692,7.85686139808562,-0.911822955150671,0.460034089826359,7.40361054408547,-0.443038824009324,0.162942708131325,7.32675475632374,-0.447197977276169,0.10014483765607,8.11681261190561,-1.83683528974555,0.48043073528168
8.12616365113294,-0.902854663449157,0.332518055394098,7.91208182817631,-0.964531584320064,0.52444218754224,7.506105872377,-0.538419047122639,0.228461405765118,7.52771697952693,-0.488733726394591,0.151558231790687,8.10368036292991,-1.80933705815663,0.493296367475658
8.17078261384963,-0.938933862002384,0.343784993441844,7.91281875688616,-0.927368822227973,0.511456474822388,7.40572413434687,-0.416774762042199,0.144254199154239,7.26062523625184,-0.43410642491337,0.0975631770971229,8.14275984110131,-1.82124292307689,0.491641236957596
8.3611498531846,-1.0617211689682,0.456845676967726,7.83918077516899,-0.901706756530563,0.497704446633122,7.44530313119035,-0.473382837958517,0.176362873530904,7.38639296323016,-0.479314348502032,0.132843172863479,7.90604726919493,-1.69022929178786,0.468492369769553
8.12496032635017,-0.916953754124471,0.294253738372099,7.54512841440499,-0.797884821322921,0.434385176418255,7.63017102352628,-0.545716743000559,0.227758092446186,7.14779298227203,-0.374993953431313,0.082213508342915,8.20586194422016,-1.85182805913832,0.478167008590112
8.0750156746383,-0.863423741558011,0.27967056260064,7.84842641312255,-0.885226032448521,0.452061084077057,7.4977789921487,-0.492740893434306,0.192268349107096,7.5012635606389,-0.524061882359319,0.174543994076481,8.32787416741452,-1.9190030287945,0.492453148547516
8.23028103085126,-0.925015250268591,0.377574846153856,8.01912476276807,-1.01669095079193,0.586714433758914,7.50253715002784,-0.483213068937485,0.181045093667321,7.51890889791397,-0.48935856830552,0.15507404914158,8.32162698714326,-1.91558169463753,0.505648035966998
8.2836018050298,-0.998249694790268,0.39557787879531,7.96754024107636,-0.945255798175132,0.468805425969469,7.67294414752838,-0.532775730527245,0.241338318038663,7.14109035835499,-0.359674676781293,0.0830115785714369,7.95035600419769,-1.69567353667831,0.458512815834845
8.14553963455796,-0.950634035631009,0.313070954844374,7.98976761651685,-0.990788230032008,0.534327752789765,7.56565245923427,-0.498343694704599,0.196346156501038,7.65638077764345,-0.560067481215159,0.19857616282925,8.19803936184247,-1.8714548083918,0.512188368844092
8.04966816821868,-0.885967711051866,0.296228408919276,7.78456594041437,-0.903058280361582,0.510586831617819,7.54490075579567,-0.516470867299856,0.210726271476653,7.32160215123519,-0.436201941527767,0.134101433767629,8.17005799711004,-1.8347085496035,0.48369113007225
8.086464175106,-0.883064031720153,0.322176673704418,7.74867488495991,-0.88020822835628,0.510381179758072,7.43010197256643,-0.388607142353536,0.132604490725433,7.46003473604012,-0.490665853170478,0.147000531850954,8.28249094082834,-1.83493775929897,0.470986727999257
8.10051165436745,-0.899686290859946,0.305044425025157,7.93703114245093,-0.948452472734279,0.458827737949824,7.51885744446017,-0.516338003058187,0.214113689419057,7.13136436417325,-0.36258681857914,0.0917524333534613,8.11243357490335,-1.84063378653009,0.485570398117818
7.93063817455206,-0.800641217858315,0.257609450498398,7.88906987010807,-0.932802999172925,0.528135988982374,7.50792634713797,-0.464162353358976,0.175147756964964,7.45691255624805,-0.483834170753422,0.133733540080638,8.28644842896222,-1.94761783948152,0.506201530344352
8.4365844519044,-1.11808314719356,0.44992715632962,7.7105084290966,-0.862675402108338,0.433840838555918,7.63108248240872,-0.535756802669405,0.238475517360909,7.44752966387259,-0.474103949809038,0.152598792428655,8.1760249106001,-1.84999861819168,0.490346484482908
8.11239230892171,-0.873258044367211,0.309622848405828,7.86248132250142,-0.922458477312756,0.469093975625914,7.42005350634948,-0.434124858601921,0.162508920899897,7.45046634530912,-0.494851057302033,0.135065527927906,8.16033262301179,-1.83059189515171,0.514137910575441
8.14944567244207,-0.904889031702438,0.320679451169853,7.91726898848346,-0.913697106228267,0.425044708963202,7.49519229984547,-0.455479637385314,0.163738696090816,7.51759363603939,-0.519233365014424,0.181137222062639,8.1482715681692,-1.83196864019376,0.510892374434869
8.10862995641668,-0.939831092288758,0.334035079162334,7.74854523175758,-0.831980686981547,0.425885636838923,7.39329009057307,-0.421357625110447,0.152279179328946,7.64400684285023,-0.564754901804382,0.195139314134087,8.17598720970476,-1.81173975526621,0.503212761573723
8.06125360394927,-0.868600585885724,0.298659922536346,7.87050979241048,-0.946533585617609,0.529177376374228,7.56145421620175,-0.52231329001995,0.228061846621843,7.56690328704758,-0.541037837462286,0.171586168117726,8.13815635806425,-1.85531852924756,0.469371108404924
8.16182447477137,-0.927541839152262,0.311314632049202,7.92713099401863,-0.965361657101553,0.577852374512299,7.5394767378089,-0.481060379982519,0.180314241680623,7.53396783748315,-0.52043242753945,0.178983430488456,8.04892974039185,-1.70127052600488,0.476497614362093
8.10127123568928,-0.916553287051629,0.342707310499242,7.9371082546894,-0.965993018561417,0.535418295296089,7.53862656740946,-0.499570165699003,0.195336210870936,7.49991288630037,-0.492822717656569,0.144339194882272,8.24335111701725,-1.88096579787081,0.494016466038666
8.34407447778699,-1.01209301741517,0.406331503458663,7.91349205334668,-0.912712417098511,0.478998105435381,7.52001547532657,-0.49265826644999,0.193169344873136,7.38582554129667,-0.459144560892521,0.151244176699385,8.01631362881818,-1.70662383395518,0.475416581610754
8.13279788275979,-0.90528980877409,0.341610258929022,8.11698522439733,-1.06521676523162,0.538002032267769,7.50532727270137,-0.499723187239856,0.186012400779675,7.47395138615731,-0.485030489019267,0.146931018598942,8.1851476673616,-1.82877118754208,0.469051472011839
8.12791423111261,-0.907073900053806,0.274419603426144,7.77365429259285,-0.843760890510401,0.457236986242291,7.57194728344231,-0.531376854593162,0.222528049873262,7.66711397744955,-0.574737297630367,0.201502752628858,7.96559084827085,-1.72098211577352,0.4380446004488
8.1537222876447,-0.953651308136836,0.371751631302509,7.93412209527321,-0.912259912886907,0.502475714008423,7.41122588187359,-0.433155582773011,0.149795592721602,7.48404384777966,-0.491101321379578,0.149021516617804,8.05420551145527,-1.76957348078695,0.47308311233156
8.12370100957289,-0.929652027612037,0.304404190014497,8.04201225379364,-0.994799783189725,0.488432084688458,7.66812651830083,-0.556346475754079,0.235740198570446,7.45561844886831,-0.496202329886702,0.15362562530686,8.07105928443042,-1.82330926391144,0.503817957090067
8.16215706206459,-0.898888270726698,0.333965304588483,7.69549802073008,-0.830119145715784,0.447602399722498,7.47138918842813,-0.491867045505624,0.183873285323913,7.48485835479051,-0.482823078831169,0.134587470941183,8.18472354739508,-1.85784143305774,0.496037887907484
8.00301638090541,-0.836014652460746,0.281795411847803,7.77061992812268,-0.911587944779023,0.496909753838391,7.57781293049725,-0.538342286899596,0.227910350454281,7.77685368379696,-0.606239418106451,0.185918402030446,8.14655976390548,-1.79960178155524,0.461184013040032
8.08668661501257,-0.828910538245821,0.329332887947978,7.98215575906581,-0.965346714101066,0.523092578514853,7.54924097963828,-0.498553471963157,0.195583114932676,7.47466834179329,-0.484252747061525,0.143345563284025,8.14631481353035,-1.81252907974629,0.486728975403987
8.25237756798482,-0.967086214138125,0.302191721273565,7.94342559807139,-0.966620352967292,0.508117741168693,7.48672179882984,-0.456064353357877,0.182432070253644,7.38415055284973,-0.444269342380348,0.116717135457345,8.07427223440859,-1.77710412347983,0.479459674452636
8.0918080809191,-0.86931091603886,0.317657383632274,7.85187599007864,-0.911292332907906,0.513448540373218,7.54670034389921,-0.515405224454146,0.204239452653383,7.61688468099132,-0.553115162813784,0.191460288106173,8.11991191386193,-1.80897240589177,0.497887697011184
8.45118280299376,-1.08217823753126,0.447140394049356,8.01508235361813,-0.992110807121514,0.526383589956886,7.54814778355254,-0.530536601195246,0.211837835698139,7.57061462592632,-0.546606675276093,0.200099344897257,8.31736289204562,-1.89084320227392,0.539173308097701
8.11342400862174,-0.899509286668473,0.334893466364133,7.82716064535161,-0.906627722303601,0.488052342618014,7.4330730261511,-0.45473096602579,0.171632493872094,7.44049495397702,-0.458780069726925,0.139417223443561,8.12294410500113,-1.77952479047773,0.488924398381035
8.15185544214684,-0.892303997297072,0.312895758777023,7.80022446306636,-0.896472435238829,0.45834660832396,7.4036731124485,-0.405008473308412,0.146028245969766,7.36202378642715,-0.458433834280306,0.149376452169973,8.23069576981185,-1.8550505304706,0.50832533683408
8.20870887936519,-0.954855652920526,0.408403595770366,7.81449817954729,-0.889954171527067,0.46899664953351,7.42783012241772,-0.437623236728889,0.149474366668927,7.27110733166836,-0.414790360764457,0.120198258934127,8.1624771755567,-1.8477933651436,0.4795327608216
8.01892561327139,-0.869438593160556,0.310412709965936,7.71870509306233,-0.85292672036534,0.431048400620275,7.478510515085,-0.478866907365659,0.178749308168631,7.4642037680673,-0.488871248855312,0.133035887287675,8.21627566457312,-1.88657321693367,0.490027814933825
8.09269298760117,-0.875839940211548,0.303437731067131,7.94593255482368,-0.976016811080315,0.545874200091484,7.50386840642395,-0.478855217064005,0.173095230622164,7.47988098967458,-0.501714790013968,0.162819802638142,8.14546093045181,-1.81576822057711,0.496146736953285
8.26703382499418,-0.998041858112312,0.390356988438266,7.79791547582975,-0.890776766491077,0.488927663963701,7.54734218975632,-0.521721350507528,0.209685293278357,7.29197381393667,-0.411744636603353,0.123437785602955,8.27112508480259,-1.90497046442983,0.488306870934489
8.26193984175894,-1.0145270013826,0.381358005080594,7.82085875607144,-0.900565007001164,0.482449437116432,7.47866635181887,-0.449130927999043,0.190121590783454,7.56121223868879,-0.544333361601584,0.188467997778003,8.36995340533542,-1.96997151074528,0.514742421003297
8.20457067483121,-0.967567477456624,0.34885464952514,7.94063943014377,-0.938289580549122,0.458800574346916,7.51560980184703,-0.466567759213607,0.18783149080665,7.36289324661657,-0.42153167894132,0.127552784341441,8.27440802890046,-1.87786137206457,0.463650131761451
8.26202797886401,-1.02295368891979,0.358229060797842,7.82139184782018,-0.889359916189458,0.477573251035469,7.54817773908993,-0.481436899081141,0.195287792003227,7.60948988955687,-0.523967242419377,0.181501853130746,8.13942403278759,-1.82514796253023,0.473563625189012
8.42500164579593,-1.08661659989744,0.402982533966469,7.87242599750767,-0.882799273730572,0.441521033073083,7.52798983922938,-0.502567813221741,0.210549114529272,7.5640113859737,-0.521759402150636,0.179161779472886,8.04300179906914,-1.77310716492509,0.487067608672339
8.25861485729906,-0.967065817517136,0.362553098303241,7.92548114265515,-0.936981098100254,0.516409163749075,7.5889983008712,-0.545915388166831,0.23805657119502,7.38657972140413,-0.460039772859296,0.120354652551632,8.09095147984706,-1.75077019227425,0.465856163484171
8.27975415733332,-1.00709200930505,0.334372379175126,7.93940732977693,-0.95680394594215,0.517152875994368,7.53115772142223,-0.526764278493705,0.20683526871451,7.56354082192099,-0.538961693569056,0.165641726370062,8.03221895647709,-1.76259359898819,0.475621576119241
8.1500938640439,-0.894854792222374,0.273340689034278,7.87480283749269,-0.910592871519033,0.454452238346597,7.60339949358622,-0.525136942288192,0.248357978874332,7.48572098471433,-0.483362273995876,0.150675507271975,8.11144566240196,-1.80140560999339,0.497300740853816
8.10166717960226,-0.903180036732897,0.263168049606315,7.80153046866471,-0.879393478120408,0.435792524323816,7.54771064202172,-0.5427716466689,0.234220118148201,7.24220689851762,-0.409299216595537,0.123937237695089,8.00213148930506,-1.73550105197897,0.44931955980664
8.07371717789747,-0.856846170730184,0.319230784370066,7.9003357266099,-0.88479535406713,0.467943442559331,7.46548656850952,-0.480629380912584,0.179626798245331,7.4138518691008,-0.473625683947569,0.127269944958068,8.25713972027946,-1.87991115959438,0.506258708316056
8.27540310746972,-1.01242480327695,0.391882025640553,7.8639436752033,-0.957740765761721,0.537313265992175,7.6069026654447,-0.556781494339023,0.244995081101054,7.38656274954435,-0.448255108080788,0.118155805885107,8.24252542733542,-1.87252216893185,0.500410210780639
8.0923606551474,-0.887032044146804,0.302388709298251,7.75725890749668,-0.873563373393863,0.462701511408854,7.54693512490124,-0.545655526398117,0.218782622815179,7.50739537872243,-0.511369633151735,0.168889602931096,8.33049803491289,-1.91662931679407,0.484883725456059
8.19473592927797,-0.974043478309751,0.354394657608253,7.94135269428724,-0.927408749344527,0.479846260502261,7.43637898045054,-0.445577769326558,0.158436613676973,7.43763040558328,-0.456655515689886,0.13417991297313,8.05541077741923,-1.7912785688571,0.496302376029376
8.08061810554529,-0.914303992192161,0.336519918675799,7.7448697201901,-0.868699834846656,0.458626111430147,7.51301180506493,-0.504353956190286,0.193699959978243,7.60268340506247,-0.536197658785457,0.164623009806518,8.29513420211201,-1.92118526555443,0.523528289872136
8.23363519044992,-0.977456475532964,0.304883306233663,7.9081721085886,-0.927783517190477,0.467237581623506,7.52739661154443,-0.462576086916065,0.191552327546933,7.53350490248393,-0.51948077124579,0.160510843106485,8.28464545313926,-1.9213508941794,0.532810565507964
8.18008199476422,-0.928230716417317,0.31644029248845,7.80286447466336,-0.904631866458807,0.487059971425983,7.61136088256618,-0.541300026637121,0.233992062297947,7.55720446529092,-0.534103245979314,0.170651590096131,8.09646373641711,-1.83361901157021,0.50446101684281
8.50887151043049,-1.16137267998678,0.457836714592857,7.75681636294278,-0.871833248659552,0.451356838737506,7.45628142207824,-0.459233302916962,0.155505797394483,7.52101237879635,-0.507102090014468,0.156898434460397,8.12765346182782,-1.81645754010741,0.495695695898446
8.34146479207259,-0.982499986931839,0.435177877266558,7.78214707082565,-0.888467285201105,0.482895419273992,7.53397655172855,-0.499616396123792,0.212824134939837,7.48612551294934,-0.487640530800115,0.152575058941829,8.24475330100217,-1.83471897964495,0.498798694897715
8.15534719874333,-0.93139190920292,0.304409640368293,7.80536099245938,-0.875617550326721,0.461899426936756,7.51937864236908,-0.494258949751568,0.182295323210731,7.39898920990968,-0.461537555604407,0.127498446680597,8.09448851416481,-1.76549335015413,0.470523328091671
8.08427517377956,-0.894962258327637,0.308840868341502,7.96297131548462,-0.970759185480454,0.504933587753607,7.52842151289003,-0.511185077230163,0.224879143717783,7.60409192613227,-0.556478710530122,0.164824490581214,8.24329856149686,-1.88764656349106,0.477181620875832
8.27375188076627,-0.994797350109127,0.393314347807498,7.8456859802321,-0.891000298728966,0.453259598814215,7.38932277736869,-0.44013000138353,0.154033202338274,7.31937783038035,-0.423683631729737,0.114637009570344,8.18556455525167,-1.80874217141501,0.454493662487045
7.9791974033202,-0.801779488238583,0.234635008369109,7.82604631409575,-0.91505490089818,0.513844533333845,7.55027391401167,-0.499187640469321,0.207750240789081,7.42861923257924,-0.457630726926319,0.136937278528316,8.17826460747664,-1.83447671304326,0.489420022631416
8.36016049713176,-1.0433149321613,0.428597671462246,7.84045776762503,-0.864293497486119,0.440351717139068,7.52448413382983,-0.510411594990933,0.203001242722492,7.3247834943083,-0.427387992864478,0.111985213876902,8.14261529361772,-1.7691976287609,0.469239515268421
8.09678532611234,-0.854473391188537,0.293110734958972,7.86006741505561,-0.919281211094843,0.474431531131282,7.49631280411374,-0.488542806099013,0.188117077728409,7.74198723719047,-0.605237627491274,0.205373164069301,8.31472150538853,-1.90938465207485,0.504000455808651
8.27872220461231,-0.963990950635729,0.361853335090059,7.73886581464092,-0.916679737271484,0.530057325234647,7.53574973090408,-0.49983393025983,0.1989404217115,7.41578485468256,-0.4761386078384,0.144291249255974,8.22441487348753,-1.89221564905144,0.50857917188837
8.20397847957056,-0.964803113066483,0.359691398433508,7.99604198499457,-0.962754090239641,0.515134627838969,7.44884309024101,-0.460781642525354,0.170601205586859,7.57121324009021,-0.520189866089793,0.15321237960566,8.11001449313531,-1.77808103473492,0.500381941335861
8.11955118097572,-0.911483247266305,0.307608106767954,7.95046477593704,-0.914831907326091,0.493776026071445,7.53136940090106,-0.501665000464583,0.204761691040557,7.3678463211849,-0.436160150471898,0.111681665310955,8.17442883739639,-1.84102856674561,0.487060119650777
8.28200718461685,-1.02525819891821,0.437055742183696,7.95907171243486,-0.967723843641019,0.492253368289498,7.44981116296563,-0.459724420933409,0.166886729943904,7.52852722926197,-0.492607726379903,0.144699047145457,8.03831368861198,-1.73460316243814,0.468391036838747
7.94837276852442,-0.779838937773882,0.219899346222198,7.76024482321463,-0.85664015568702,0.454357356554925,7.53270930045936,-0.509739359664542,0.209629052070232,7.3010645565924,-0.439768700452875,0.127906969955538,8.4096634115438,-1.97921452812172,0.525120926328155
8.5193911338323,-1.14638011503043,0.409532738676089,7.74550264410701,-0.851972537119353,0.481108402758014,7.44577828137397,-0.448016802957304,0.166089454349709,7.42125443751659,-0.458824510213746,0.111146727688981,8.15377424953661,-1.8058221566889,0.493583766524828
8.1343964810891,-0.906966550557679,0.29879942728533,7.83890685627805,-0.933771966980652,0.500343590236719,7.53808966921745,-0.492360288238989,0.1990863003526,7.57168744482494,-0.509513637088862,0.188485072687635,8.29082180093348,-1.92266436035821,0.492937576868595
8.24623322750211,-0.974677934007342,0.31893425021461,7.93693576170785,-0.920881218242179,0.487353290614982,7.42725866666132,-0.463672927855353,0.176487673963001,7.40086265639772,-0.460677886443923,0.146306786867857,8.12521752062023,-1.80426938861863,0.490856042911821
8.43003459855619,-1.11849875970642,0.481549412051687,7.82131305498617,-0.899022742853135,0.504458428846923,7.4819768877907,-0.460905139686426,0.179975772162508,7.56084521537805,-0.538954174278602,0.147424388285602,7.99103331192457,-1.73200775663218,0.458941308615858
8.04173689248739,-0.829617148653125,0.285246932091396,7.91301269788221,-0.895045175761485,0.445978664286216,7.51871367923278,-0.510716519478092,0.227591125437388,7.46987644066772,-0.484127975058663,0.156579635949324,8.13405404799014,-1.81975423111172,0.522089513912992
8.11177114592727,-0.894030264962534,0.30108391930252,7.82628460305615,-0.897427329627526,0.478452152833874,7.51066169500162,-0.490161758820438,0.196990381884519,7.43321782605911,-0.46064122238274,0.139104787319471,8.40298939183268,-1.96924040899917,0.514990424823796
8.21218301877505,-0.937295405987722,0.352669524538083,7.91294600053719,-0.936904575483862,0.510525940060421,7.48533808446482,-0.442113617329815,0.158334933132184,7.39126541578918,-0.465701977800664,0.127342312129622,7.96200080136682,-1.72109593064261,0.487042164127834
8.03207919132238,-0.861158909324269,0.248570569866145,7.87093740842192,-0.920449748773187,0.481772723278624,7.53268779912633,-0.497699873549064,0.208400578769313,7.36883163348532,-0.430096216843488,0.128405169340226,8.26396874794532,-1.91842076818773,0.508805852329841
8.22721713171955,-0.974383206549233,0.348623306339474,7.98027636123876,-0.975955583162968,0.530390516412604,7.4331416420613,-0.451562954015996,0.153918783464412,7.74073563493985,-0.57475921497546,0.192163877295884,8.29548052936318,-1.87871414133102,0.516567968118229
8.17612979350934,-0.915017524718295,0.354828049635997,7.83312097028424,-0.897352389737385,0.477385460999941,7.50594460776172,-0.472689860891532,0.177636876797753,7.46951907970914,-0.491578618033474,0.133022331534101,8.23759157210287,-1.84738603579649,0.473023056950742
8.0324981614717,-0.874876595865945,0.301399352267545,7.83090350079839,-0.912802949595392,0.510236023309807,7.37581439980763,-0.395533043905054,0.128381339007582,7.37793899808532,-0.445086000678501,0.120334468825527,7.9429119868225,-1.72306695023548,0.447797523576171
8.16420798634103,-0.929431894893706,0.329307111046492,7.80134759659309,-0.848620534788152,0.436438988945821,7.62389207206167,-0.542088117306839,0.21295005673935,7.41970794119473,-0.474032193538297,0.145574900832049,8.12041204406296,-1.79018076065684,0.479061918400268
8.39120580280571,-1.06938332689937,0.487639597674437,7.79783833766758,-0.87075547322668,0.44797404996391,7.48301572299772,-0.484632025975745,0.177996753455184,7.76638575421671,-0.58071804584987,0.217090398843815,8.16670709768368,-1.8251257597995,0.497786627421151
8.05151260726553,-0.868768459592684,0.325300319570036,8.00896705387213,-0.978334917248553,0.536750631088438,7.47990053029992,-0.460630931392813,0.153745657613162,7.41232129456324,-0.464552686393319,0.137672914674717,8.1633736276234,-1.84442473440772,0.479858908255971
8.11557467987423,-0.910809246437635,0.325550172800185,7.85767190496556,-0.927333518691009,0.471535310564155,7.49864710714363,-0.480499780937812,0.190574593145176,7.75225144265505,-0.605738567599854,0.16753398551203,8.08777688225801,-1.80737387102849,0.470532681982871
8.31635701183188,-0.993866729975786,0.414282457303984,7.67874972422243,-0.787837609964958,0.399152468815368,7.60467765428717,-0.515936491459067,0.220773268378614,7.38256310631097,-0.467275305915804,0.151705689886965,8.11734281653049,-1.80226960135547,0.481743116367596
8.10941964855743,-0.89466379655096,0.291824423175973,7.8255510587935,-0.867992387877874,0.459631712630194,7.51201566419655,-0.464437226913292,0.188717371236146,7.40416131152031,-0.461516356041609,0.117784149864947,8.08228251022603,-1.74529496160301,0.480026690744531
8.3001428374253,-1.01582808826605,0.316827830044912,7.81204330060743,-0.915817733737361,0.490035105744863,7.53831038897887,-0.49462363919878,0.197564071018913,7.54010448690208,-0.510073584757926,0.148063436946291,8.13488821156424,-1.78771379340549,0.458810554211098
8.1266472688994,-0.924593728197685,0.321283565883757,7.87250323801173,-0.93296860671106,0.475999121679032,7.46610664583711,-0.457843298251329,0.155689223748004,7.32880772651026,-0.41738381359163,0.110232698537335,8.07392694892051,-1.80722520012593,0.464101249903846
8.19289695353986,-0.964245252521187,0.361881737935964,7.92147083811682,-0.912592537128201,0.488269953499491,7.60901566680044,-0.542927871556098,0.236693111235555,7.32142844912946,-0.445627553069338,0.118319444507111,8.10936016624821,-1.78417294733293,0.461229226063315
8.23079004227058,-0.951449505520584,0.347496955889348,7.93932702533913,-0.943426950057864,0.462155129076165,7.43178534411638,-0.461381215710255,0.170944400040772,7.53346943741832,-0.522554570509926,0.156930111062429,8.03095781332838,-1.71153626168799,0.448723624418295
8.21510969140144,-0.922213281461906,0.371229762741558,7.68916407715099,-0.867345302259633,0.48823085007526,7.55144801894775,-0.495136368520379,0.196932992496003,7.72345564477116,-0.607111509641681,0.209916200922157,8.09493149801902,-1.77157993222865,0.48365068085489
8.1042484841896,-0.904787629088367,0.307549810859373,7.82862203169028,-0.86632022045275,0.469530811456081,7.45614545483353,-0.445616306437128,0.160490456679337,7.32287729666851,-0.45110659572529,0.139226646383161,8.08555476141418,-1.78570120624921,0.465968572128753
7.91775907866339,-0.779467875285171,0.194228471295522,7.93698258260806,-0.922411974191409,0.515873775929745,7.56971983331508,-0.552442155432681,0.224404607201355,7.28587806798407,-0.446632512567556,0.121428247209859,8.14290846424894,-1.83966177266068,0.500523911382247
8.51093753019181,-1.13017026205582,0.458808128068899,7.85418653513782,-0.907318917564714,0.471732379476225,7.51327395650419,-0.504906045255784,0.199941267319769,7.52082358922571,-0.520616548163422,0.15016320318007,8.24070578838145,-1.8637949269289,0.467506945632382
8.15109483707263,-0.927502121728509,0.347939000962242,7.87525103326661,-0.919050706435195,0.512078395900451,7.54676889294188,-0.52716508491925,0.228446058904013,7.33174457006498,-0.454602189190569,0.114316693628273,8.302842830116,-1.90424058235527,0.479003794786373
8.39562403277042,-1.03647852173916,0.425625635405549,7.83711619126334,-0.917111406567673,0.501360964675372,7.61240748514257,-0.545819319223994,0.244973275633483,7.54869296709557,-0.515598990931881,0.188919646166317,8.1211761849675,-1.82433937274659,0.487940564807865
8.05799796152386,-0.861941660127468,0.331191404434115,7.91632858807047,-0.960971749533834,0.505218512673827,7.54392994252379,-0.529152512297008,0.216027587949478,7.47614531162744,-0.507943423884425,0.150132054461116,8.3293227705167,-1.97771458098571,0.509436216636331
8.37520323840126,-1.04959152464329,0.388668746456382,7.85563729988051,-0.917786304369902,0.506080478575041,7.54826672064347,-0.502228436553603,0.214747279677436,7.46006331685222,-0.489958098979592,0.154737966673173,8.04817892233867,-1.74306465997162,0.485322110403272
8.20364415949723,-0.931556931178183,0.330713519587108,8.05351316771097,-1.01202817343891,0.548038112940886,7.53601200437941,-0.506581958660794,0.193252069235157,7.50229186816531,-0.502823868098518,0.167917338914753,8.42708379354462,-1.97774355109397,0.508491235542139
8.03738754794521,-0.848345126658562,0.282760583145258,7.91166464207367,-0.908006636620817,0.477092645882216,7.54578314172516,-0.560124195819521,0.229364372152433,7.49874232535644,-0.495625800771361,0.126960635923144,8.19828207700937,-1.82004820891426,0.485277635681888
8.19657214642952,-0.927924067084289,0.343362981240807,7.96648534115005,-0.923350191533551,0.472970828507025,7.53004086285141,-0.520399090896498,0.222832654489662,7.3297661984209,-0.442639383532764,0.13364930179831,8.35213347776671,-1.93920518442054,0.503028608502557
8.5117302179484,-1.12637221286675,0.442071832830388,7.93712987702296,-0.92376873122215,0.482255674636546,7.42477280594217,-0.481278663247049,0.181293600985217,7.61409918884107,-0.538250619243092,0.168127397159002,8.32166102022749,-1.95063748597381,0.504611962898224
8.09045616979084,-0.905411133925316,0.36327389844452,7.99786792500424,-1.01188954137056,0.538347645823884,7.58926764468619,-0.559469819196536,0.232891776199349,7.39461250801886,-0.457387664427344,0.135188443188143,8.2337271708407,-1.85571133678018,0.473051008770828
8.39543792819994,-1.07237551755086,0.417580711327391,7.93671728982953,-0.958470068028697,0.530731178676632,7.47191537417772,-0.444860532374025,0.160965882333004,7.65305104291387,-0.571180389995983,0.195604985553662,8.17798749227945,-1.82813439836338,0.493586774519581
8.06618125323751,-0.883187272428798,0.283096453166175,7.84270571024296,-0.926971940167196,0.533162453619825,7.51982367260948,-0.468412644821363,0.180961517821436,7.33694672837271,-0.466247662785943,0.125862418936314,8.24108208719841,-1.85234456805126,0.523205753646004
8.09507957504544,-0.887078562900372,0.313343059181452,7.71908988138483,-0.874284879045083,0.494281724750909,7.47827467869021,-0.487850442261547,0.184319731037672,7.39338267652348,-0.454528874108321,0.116651452117239,8.17971829871955,-1.83244132167559,0.485413509269083
8.11520604603116,-0.914504319142239,0.330079876069242,7.89981751823016,-0.950726140041842,0.521087660609424,7.54014128694952,-0.503882538072565,0.19981703115733,7.38910989956355,-0.441164872142424,0.105801313251363,8.05465960871889,-1.7788144371312,0.499815171600949
8.2246839946655,-0.960117650373619,0.36754226306564,7.89505625480693,-0.89923102878153,0.466836051050564,7.52061401037583,-0.49778216029479,0.204873495529023,7.54247762739034,-0.507234421344605,0.179582497409311,8.09439074518688,-1.81494869803429,0.474231703448847
8.59889213788317,-1.16571420182501,0.389417325951395,7.85657276518,-0.908799265789919,0.499242552478743,7.42617800753074,-0.475196931132086,0.171846791621933,7.4268990749689,-0.474130922202578,0.132110250526307,8.21432138913162,-1.86954764416465,0.472789292424924
8.24061171287024,-0.954676975507389,0.344441632031265,7.84669365248851,-0.865768782385042,0.432610322801116,7.5062710605061,-0.504457849082348,0.195442486716092,7.54316170366765,-0.507439811401836,0.168980051563483,8.01125743977951,-1.70645280378833,0.471198714117469
8.59883696941846,-1.17985830057771,0.411282485695603,7.94370549693652,-0.947630664262823,0.477280861513988,7.5920986875817,-0.550589172991352,0.209538592751779,7.26097056213293,-0.413205373676555,0.113872748789784,8.13496550955766,-1.81450605723724,0.467368484938021
8.02878329152661,-0.881755275622079,0.324712966352736,7.95263548651752,-0.93458713376011,0.482468302613746,7.60257559348741,-0.517108120401274,0.212796894264832,7.27271187888835,-0.407215880045815,0.096264207235756,8.22661077632802,-1.88748065887782,0.529968220650983
8.12504579401814,-0.882705397336667,0.320381992635,7.80279266016805,-0.896476233340817,0.475857040735128,7.58343764694819,-0.540192184490742,0.220055101263956,7.19641031263104,-0.359675004816275,0.0786456154597606,8.11135683062409,-1.80877259353267,0.469185526046379
8.05201388364543,-0.905656570438663,0.312156334142114,7.94588171802389,-0.945040001988676,0.481236912747992,7.47607211625913,-0.46535754837449,0.182103926102196,7.40211337379855,-0.492440564639281,0.166824571965217,8.1982178237673,-1.86294251263099,0.487605245638682
8.12857492700168,-0.927158751396283,0.32208409043122,7.69898863618204,-0.793973343978141,0.40141787254524,7.63859754446428,-0.545474947927131,0.232204850665163,7.13889001066372,-0.357855190200841,0.0688355784349832,8.07098821444396,-1.76395283890147,0.46989387252513
8.40080146914705,-1.04865215630346,0.398144462439393,7.74067385328036,-0.852158605012691,0.445880098212332,7.594443626015,-0.529581817719502,0.211316632750636,7.33194078475462,-0.4478336259873,0.111652992689685,8.24763969380943,-1.8726578641293,0.491584501585264
8.07384991692637,-0.862262204503534,0.322277374290303,7.7757175396205,-0.892069122676717,0.497400576411628,7.56922251614256,-0.533204159104166,0.223956748243002,7.26987540374346,-0.40430623533631,0.0842776699530749,8.13012419537438,-1.80304923593583,0.500919506390836
8.09008489781159,-0.858285433380488,0.282747291327924,7.87761804352925,-0.910104337990783,0.4888559322526,7.37876858246758,-0.406950644277565,0.136002521066096,7.30081008436986,-0.426547067001261,0.130485708818133,8.20262551324127,-1.84580773721599,0.457372379209811
8.18351303374617,-0.943190531601545,0.296054553315945,7.96033631914166,-0.975592254035683,0.519201977277905,7.64464140947468,-0.585540124151715,0.259160651232946,7.39561659742376,-0.45438365350253,0.13018321836524,8.16851036667562,-1.80453229894106,0.460559768144921
8.12578701477872,-0.913351668238079,0.335115447647245,7.86294371732331,-0.950787835341089,0.51866369919418,7.57432171543153,-0.578973084205288,0.234547113662518,7.6135739326289,-0.537582425442463,0.218900661816581,8.08715181709268,-1.80774481757847,0.497612912910595
8.4127258498752,-1.05897984667342,0.422169688151817,8.04342755655798,-0.998987433365111,0.497769152034015,7.56597739015424,-0.52899924550591,0.241541779654042,7.41405087829912,-0.477517889314636,0.144032160020688,8.2710982130884,-1.91388268093621,0.499075361809988
8.45442691261748,-1.10406883455253,0.40555245175041,7.88110949080935,-0.909816166404273,0.466469363308589,7.53192459443457,-0.498947548631786,0.188052797072271,7.39482343719959,-0.494159977051861,0.162017950669999,8.17542417270236,-1.85162703736292,0.485343656096481
8.22737014240386,-0.949804004544594,0.326455449535528,7.85988925050051,-0.876140229222088,0.479694292037296,7.59663674444829,-0.49970354849291,0.203815659476772,7.23679056268455,-0.392918023961258,0.0859243778073249,8.24109806358893,-1.87678668785471,0.469307833709939
8.2414647861658,-0.975263305171248,0.343443396287192,7.68160218100051,-0.825892074439179,0.425695506926732,7.64325752239674,-0.552578207104428,0.255531075031378,7.48377190275645,-0.483811903441325,0.155223622450565,8.04671777286643,-1.77731366133936,0.482629266698036
8.13324950271415,-0.905254593611509,0.32212411183136,7.86809430244825,-0.903043268748271,0.486959876943196,7.52353275944164,-0.515809251059747,0.19774994376607,7.68450504682306,-0.562338584841791,0.186633026375435,8.27339323220317,-1.89584562839754,0.466999677996901
8.1181428831879,-0.891626177703961,0.324276266177294,7.84671445168513,-0.905324707210405,0.503822319732122,7.61694470073657,-0.571261759208492,0.230623322709258,7.55138249592945,-0.505374190856425,0.149078185060843,8.24872547363309,-1.87614447106494,0.487929829234866
8.01383765042336,-0.841245238818247,0.289281958418581,7.86983406551096,-0.892183805759486,0.473510123758605,7.56420920216285,-0.51553282867941,0.221056678193593,7.49025203784549,-0.480937000083652,0.1687437527575,8.21221039250545,-1.85497534429546,0.501732546763767
8.1095359228186,-0.927399967946113,0.336794395656907,7.81208248718553,-0.881857963107088,0.448244020735562,7.53006508918719,-0.495785002093465,0.195276079786208,7.67513386586913,-0.587686329063461,0.216226366309616,8.16986810445818,-1.80921409594126,0.473081202676552
8.17062846104709,-0.94635769210798,0.325869620092444,7.84649889485269,-0.894855923756246,0.471675626800819,7.55427877168065,-0.521288469286239,0.202980606710543,7.33813133030355,-0.432779728158615,0.1314957047067,8.33950487874788,-1.92565131277777,0.483503413847797
8.31761619729178,-1.01426622754895,0.429192696398303,7.88127042913676,-0.940961602484763,0.515000114453586,7.42352589127441,-0.420246169730578,0.15216908200946,7.50090139537553,-0.509149002340625,0.186321864505295,8.17047584648719,-1.86204330549553,0.494355137884294
8.01594425299836,-0.831007562209437,0.254686397780204,7.92551692466681,-0.957053191846967,0.502057005661559,7.44475503938783,-0.493511878041605,0.183870647355654,7.58959195460135,-0.555675535124108,0.182945927743796,8.41758729354309,-1.97024377007545,0.510230826824826
8.35989101104303,-1.00622148140541,0.352060808697871,7.93791838383672,-0.916259720460045,0.486825100452015,7.62527734587046,-0.539929455408191,0.235796748171955,7.25682676950637,-0.374831571961374,0.0822974432980138,7.98786003792642,-1.72025866294749,0.466455976770433
8.14820917125935,-0.912230035721093,0.321532338599164,7.85808984205629,-0.904692171098937,0.499652683638795,7.53893893342748,-0.502398369854961,0.201329683949287,7.38852883487095,-0.433395550377154,0.116611999411711,8.20763359350841,-1.86929014791289,0.491018494381768
8.44947268828716,-1.07384898821542,0.453808973627505,7.92574452501342,-0.961426978068669,0.520194865313351,7.57758011643753,-0.530205920559555,0.228228509153616,7.41165988885489,-0.47372839503094,0.141889450706046,8.16409851191809,-1.82005144028131,0.498813530304339
8.08952117179514,-0.905236586184984,0.309786055953369,7.69809597250762,-0.864018746933233,0.488049890237051,7.48080744333097,-0.472593259232204,0.195836327641956,7.64451482273525,-0.531017141261807,0.163516481684283,8.04115231430825,-1.78767448839809,0.500461527372227
8.44418131751904,-1.12404816370666,0.466836741739152,7.9106465233453,-0.940151978202171,0.514114523994984,7.48919180184559,-0.508038418217996,0.201382655357679,7.34560760707191,-0.449707389200175,0.149908244095346,8.25679771968016,-1.88937756020998,0.497621093587361
8.08479492669999,-0.880078166682103,0.315500217247409,7.77018682152645,-0.844197580433026,0.449111144798879,7.50730782784933,-0.474669406731545,0.178942044764958,7.30462846670561,-0.426143271234191,0.103703423717427,8.20090204233705,-1.81575112606887,0.487786096237983
8.18825763495431,-0.956049363159284,0.358638762886175,7.76928661053851,-0.877341594294607,0.445175011397319,7.42903310263232,-0.457174142921194,0.175429025315144,7.59956964284541,-0.552249234746465,0.184386707137302,8.03274980198363,-1.73607211447333,0.440998688586473
8.0168552770418,-0.841904502042643,0.316946823524372,7.77009055807831,-0.844097067361927,0.452902014623929,7.41501447251849,-0.443617358217626,0.15471580814016,7.33987455041197,-0.44110242713193,0.126702052610823,8.27026895905955,-1.92856397272612,0.503760420625453
8.05988734172612,-0.896583509028139,0.286616597919745,7.91886706101712,-0.933679884007575,0.500805850760225,7.52069533477106,-0.494747561792968,0.193319347931229,7.53954460618426,-0.492673193185469,0.175589508409549,8.40496750445089,-2.00281890026532,0.51616519668309
8.43078478934304,-1.07964948063276,0.409899286186864,7.89342809117983,-0.918353431315665,0.447808442368663,7.51211273345678,-0.469781640178456,0.176777375918341,7.37889239239228,-0.44724178207685,0.120115210281588,8.29306495938284,-1.93244928095742,0.501607014456851
8.29001482903028,-1.02869777039352,0.425996553719615,7.97058715725313,-0.946686234014798,0.503599693110097,7.54098405397537,-0.531309577442483,0.21229815893083,7.47197846352752,-0.436424444593921,0.135203182560322,8.28366442237489,-1.88093577085349,0.476183295705786
8.19133010074112,-0.958564589702768,0.319446213108248,7.94559997644795,-0.958396232718671,0.46106279045675,7.49483086215925,-0.456143531904248,0.167697628841559,7.77993313290636,-0.623268958031773,0.193355126129457,7.95670555045284,-1.71834782866656,0.469463290446639
7.99362359585266,-0.848660272712618,0.267886334380545,7.6663077093905,-0.840098446770352,0.457336528418168,7.42761263964764,-0.452347370258101,0.161238861642192,7.31360220713491,-0.42467255949721,0.131121467467658,8.21953280074096,-1.82324362359661,0.458022610453281
7.87557184439368,-0.739690438819898,0.196842506797846,7.92876468167037,-0.897877562099325,0.444874978297679,7.46056365623866,-0.470762706686457,0.179382263208078,7.56307804708755,-0.504764869206547,0.156368491000503,8.28181489928247,-1.90375896730013,0.483918810102617
8.24674070737592,-0.956789292082823,0.270157491717761,7.78096875831874,-0.867732546875372,0.436042437054815,7.61887196451794,-0.556712368315175,0.236139641048201,7.31074766420919,-0.42986806464315,0.101976002451102,8.06750676576694,-1.75435848033382,0.476036212283687
8.03901386156683,-0.834689716432144,0.274040925615024,7.88005417689766,-0.893993343957471,0.484073196492778,7.46105423215001,-0.472375492081516,0.178676262574479,7.38944532552284,-0.461949325700339,0.133902745291162,8.13706334587528,-1.80144998772404,0.454183352053103
8.07294820924337,-0.886618445619887,0.26815191189025,7.92912484326538,-0.942530139827833,0.504751021550619,7.46949089172108,-0.469329306754273,0.16649975286982,7.42634322140419,-0.468796537636423,0.121200195318723,8.28439616566743,-1.9048758915608,0.505309936754314
8.15302457724101,-0.948822941494716,0.325331477295085,7.99187774001265,-0.941787869283176,0.435895780317602,7.47618005502559,-0.457931326912468,0.180822631266987,7.42242415343486,-0.486057053409846,0.167110562145672,8.40638701604162,-1.93656586484981,0.530074942832319
8.08177013346336,-0.880407902861236,0.301513498952735,7.90589862084871,-0.945360431522342,0.515400595137062,7.6337762326929,-0.556407030913021,0.247183510551213,7.349200177163,-0.443858834879603,0.121503965997847,8.22271334990308,-1.81615124722421,0.491266385488524
8.19659872083636,-1.00070442146742,0.38456413941284,7.7450979923101,-0.814427361377713,0.392526083349124,7.55161510898906,-0.491943854929226,0.190929021976025,7.23104731667457,-0.380045778771054,0.107041502128176,8.07523725285737,-1.76600230767576,0.492590392519372
8.11614999046478,-0.905044015943924,0.333860100088474,7.81891001592897,-0.922795617345266,0.529483260675784,7.54200978283489,-0.513168910255398,0.191036646086509,7.40882870872103,-0.453493849501007,0.110785079837993,8.287495114069,-1.87450139332362,0.489744581994491
8.24070921719283,-0.967905314000512,0.34496570484737,7.87345746848703,-0.88305610206723,0.465615128609513,7.51369380743817,-0.491471703268077,0.193202006372131,7.46670411596484,-0.508192371081709,0.160023425261614,8.03748562791852,-1.72053191996475,0.475248912880201
8.38687032158771,-1.07624366967818,0.322796263099081,7.80543248801409,-0.926508494792786,0.507343866163391,7.45301535432749,-0.511983106482387,0.190928844683465,7.46140340857104,-0.488854480035541,0.130020248573823,8.25689293788156,-1.88923846973037,0.498078236540638
8.02659941779003,-0.854769638486941,0.284910376396833,7.74936420906734,-0.865695681988271,0.493033758419761,7.50683510914173,-0.520023976829214,0.200602796944195,7.54049908709736,-0.52176746881637,0.181335465803908,8.00657262818251,-1.73715475985878,0.468820222268269
7.93425923657029,-0.790274866106306,0.259438042769907,7.9359602776174,-0.958278336390074,0.535921585311592,7.52429047994176,-0.491484786404576,0.187270849904465,7.50217439771868,-0.491579766940601,0.172536252833743,8.19506644255947,-1.81856708579211,0.491916930087667
8.46624691063664,-1.08200427075324,0.457151734484917,7.90407851595394,-0.969673961979178,0.530924361556283,7.42686712931494,-0.453500098927108,0.173460515631357,7.49397390687407,-0.522705024761806,0.173268411037438,8.37590258720996,-1.93608601769824,0.490029461877952
8.12684388514244,-0.932127125718763,0.32554365629138,7.92014728283183,-0.970419147336554,0.538447194491555,7.50177969591849,-0.484731757395592,0.189106436535054,7.48329982073115,-0.502218251571774,0.137825680501248,8.3002526958897,-1.88468093486639,0.482793696818413
7.99645339284793,-0.853555816523719,0.281487327730407,7.88687378797312,-0.928167693465244,0.496918290037465,7.46115571477925,-0.461243491902534,0.185856824100526,7.32240410536749,-0.402940761485994,0.106240242081552,8.25305817749293,-1.86944860142894,0.500393878226126
8.24427262207949,-1.00150712533564,0.392374727294796,7.93651060807873,-0.994347086167282,0.538800512911046,7.3685990980402,-0.395198753046515,0.130538405064229,7.38152831837446,-0.473928653363969,0.143392713852117,8.24866751190943,-1.92477975830716,0.507037117118531
8.40377798476231,-1.05906665601824,0.471249370877747,7.86609099147043,-0.9245394542243,0.455896131167428,7.5372895920523,-0.493423098702995,0.196116644243269,7.62140491989555,-0.538319740159753,0.15989762054226,8.19388906639189,-1.86525858248658,0.495659889199983
8.11147550128196,-0.945015541504002,0.303323459233834,7.88250058592149,-0.909441513401716,0.501077418911967,7.51104543757523,-0.465403774260573,0.179315354067482,7.48354496969795,-0.483339678880491,0.183197085005234,8.02213558857058,-1.7773286163627,0.475753911487765
8.22198697832127,-0.958801584764102,0.348325968705732,7.80992812987527,-0.902186099280944,0.478005836080573,7.4757008518216,-0.449488240642424,0.179426252560631,7.3689492135152,-0.472046132005851,0.145701767362404,8.26625540471469,-1.86678417556889,0.485414470283008
8.08567257786342,-0.883916308884992,0.296573888121285,7.74632802263128,-0.832148219693548,0.410527408949403,7.57879722887582,-0.486767798750971,0.194258905887859,7.55807574138164,-0.53154337211825,0.16971997212597,8.11868256055931,-1.77318712622146,0.483568990085531
8.07627427392228,-0.889189098216521,0.271446435990699,7.89165745782137,-0.917277825197036,0.491547495210905,7.45487059945061,-0.46276738665425,0.184567407166809,7.48014526381522,-0.487760780405393,0.156373783290923,8.20275677358952,-1.899449975573,0.550329901080342
8.07504780943152,-0.876169227223495,0.332978365795482,7.79887665906217,-0.888681397178904,0.469071957454498,7.53909073790896,-0.479204590879088,0.192800755952944,7.42387687298083,-0.491445680892122,0.150620224418227,8.36913451609682,-1.96525442016675,0.547470889104663
8.07815496559362,-0.881156421866642,0.295890959158783,7.91692280990052,-0.915778240638999,0.48948542014718,7.43641553771174,-0.420110386494316,0.144397146416167,7.46799894441908,-0.511014219550544,0.173509715666148,8.12371683043124,-1.78388320514456,0.442994968589528
8.21961760528761,-0.94299004530002,0.378802413622627,7.86318121350844,-0.904463223362999,0.512958390948543,7.51916121605534,-0.459540398330792,0.179634007014487,7.57470359123018,-0.544446777147291,0.177450086106318,7.87952133582158,-1.6997176976204,0.485442714643295
8.72590788849416,-1.23021132547823,0.507479806683939,7.77746157160733,-0.867927207246865,0.422482628440742,7.50554151999708,-0.494625961946747,0.191205513195472,7.59954355661933,-0.542796683404076,0.187220082382492,8.05341608669747,-1.74094804445055,0.453910592522037
8.07709986261184,-0.866223771632216,0.299693689017103,7.91706775072102,-0.903938566102312,0.504400555089408,7.53703844946091,-0.48944771787568,0.190828237006081,7.40377037664388,-0.442078854182686,0.119882441411406,8.12397195026006,-1.79089654743053,0.508075249625941
8.13351255444092,-0.919657440125991,0.304112151953748,7.86093999765798,-0.903407216816043,0.483970738577873,7.5961454208427,-0.498234998123488,0.218308015452271,7.36050134181518,-0.432624861731597,0.115574868802542,8.07222578852145,-1.76082165170658,0.453854336638629
8.21006914957055,-0.931316514561085,0.355782963690812,7.91290469050868,-0.91353326870047,0.460932960616051,7.5493812317628,-0.537446508452677,0.225915812832761,7.75089779621931,-0.56366646245968,0.210124609217904,8.00847041089901,-1.75513723706637,0.443604829926666
8.24957559455517,-1.00775593751063,0.351367640596491,7.7653799297354,-0.81564792062919,0.418560831929702,7.47774306540245,-0.513621225615011,0.193387015502211,7.49018944585719,-0.483849297134249,0.157180784163272,8.25711810402266,-1.90912613561297,0.498906820786784
8.1856845585576,-0.978006924620153,0.336311793436801,7.91490319268061,-0.904103635126304,0.460785608902226,7.4831393060745,-0.464804889054273,0.176232117708589,7.35850783199589,-0.452646569698709,0.142264078654693,8.16691124846785,-1.85931566765841,0.469852662394406
8.16549199420982,-0.948312066584556,0.3538274330963,7.88549054425081,-0.926330312931602,0.503652290785947,7.60935066577413,-0.56741777401241,0.250906564434628,7.11762803419066,-0.372080092335931,0.076994733625527,8.22294443559759,-1.90727562149211,0.507736040836063
8.27086352377455,-1.02231237953928,0.420796091501351,7.84977826684658,-0.923893456055714,0.475626731428859,7.57427748016347,-0.517387240470582,0.203458582192956,7.44864885681527,-0.459724590915928,0.133436344766046,8.2141717198588,-1.87133884058058,0.487645362413152
8.26704199203657,-0.982641024336616,0.294270203587833,7.81752815980865,-0.897272811790305,0.476410690150566,7.60091625966515,-0.525535914919635,0.223640851406579,7.47803336921244,-0.486382578180134,0.145836463039978,8.1550002405854,-1.83459577302799,0.502677370732384
7.80982790972168,-0.721846789874047,0.237005508146696,7.80426393209942,-0.868706295094978,0.448793664904727,7.56848354456667,-0.525432486375863,0.216218083548375,7.58668157572845,-0.5261329445461,0.168524734070053,8.29650689177671,-1.91987458332199,0.506644268439201
8.43323546636972,-1.07251198490364,0.327993777640978,7.89854265767738,-0.899208694649653,0.477733807841454,7.51523472803686,-0.482310724008976,0.191810616248106,7.40579527673626,-0.471301073019819,0.121006292203548,8.12941882842506,-1.84680264800043,0.507539913653388
8.09829396301861,-0.931289627000894,0.341613596734179,7.82977468759479,-0.87218111296723,0.460612037687942,7.48807010149845,-0.442302197289747,0.17110527939297,7.13040217030032,-0.35681752340147,0.0804534950715449,8.30656274089614,-1.92704513976276,0.501673243019685
8.18236317812556,-0.938533360923548,0.35654667099486,7.77020080059657,-0.880338591849343,0.469673090291662,7.36916963408908,-0.396914455472601,0.141102745004777,7.72128604979712,-0.591273146539463,0.198221884163295,8.08935909056426,-1.78001156871066,0.487980880122603
8.09031293239606,-0.931501922943874,0.352599537057249,7.86364428894585,-0.925478026942152,0.484973762962327,7.53654124321783,-0.487852540732234,0.191587764681118,7.38505634476658,-0.452052738475936,0.130835252883629,8.15536554910102,-1.83653581580725,0.46403390353794
8.02485135145403,-0.862514060191582,0.303324685905052,7.91412192815557,-0.92699617104809,0.481811733199433,7.47158177874148,-0.4575637635759,0.172472297299072,7.59117117632677,-0.535996975755563,0.171897777377792,8.28528995795989,-1.87574812040071,0.495667827049655
8.18863861152968,-0.928102269977976,0.271654066472267,7.88577327240349,-0.944402235272464,0.481645618431791,7.60823452668886,-0.594977933212679,0.244836238391405,7.4583417284273,-0.492286151759284,0.155647650327302,8.39411001255709,-1.95461109075281,0.474199099456317
8.01844608020064,-0.85164572741561,0.249857799086488,7.91988620189505,-0.951519818738085,0.516823302152195,7.43991059400968,-0.444370289401847,0.147930527304577,7.35958450704384,-0.437960073367638,0.127332425206411,8.15032684563993,-1.82497725853178,0.474664784342708
7.94089828774566,-0.784010102574169,0.227657801379984,7.96466939932419,-0.948272131177515,0.507170158428287,7.51052447006175,-0.466889263496537,0.194563590509422,7.45058152554722,-0.501408503234513,0.129348074526752,8.12217356881786,-1.82593926546719,0.459752359884585
8.19801230150989,-0.932928677651428,0.313734800076733,7.69206826632359,-0.840023449101093,0.446177620827181,7.57791535282085,-0.543042223147944,0.219683246483122,7.17624709753773,-0.376232560653864,0.10391048875086,8.06633336132569,-1.78376013172999,0.492697333175863
8.01579428949027,-0.833475252376763,0.262723332691187,7.73163038676017,-0.871117682767607,0.504593836821333,7.45711898216002,-0.467267688643226,0.166118004233989,7.43183507294589,-0.472088661534185,0.139221917204481,8.33561499750582,-1.86850513933087,0.476059223869273
8.01994633252191,-0.824998002544792,0.299828125737162,7.94233164779423,-0.918195925993319,0.466404865320835,7.5583155086136,-0.535191469122923,0.217406576132313,7.44524358169187,-0.478198610669167,0.142111143835774,8.18127919341405,-1.81584086886966,0.497006700125323
8.41864370911009,-1.09444513569432,0.425369934784951,7.84348766592047,-0.881932285944971,0.488871459509548,7.56220573981727,-0.51703620622532,0.197422392154269,7.4243630729615,-0.468222172518795,0.134058717479233,8.35235821614254,-1.97277193693727,0.50816669466337
8.41002265686516,-1.10471473662689,0.442813937431551,7.80984949972789,-0.873661566128513,0.420019577402951,7.50843334141519,-0.488018898661516,0.197185397316983,7.42444012728857,-0.457319112825401,0.138980836964151,8.11711085031555,-1.81035334867386,0.493019519256077
8.15926259608729,-0.936161526953708,0.287050123226189,7.86808776206749,-0.910934787140283,0.490682783434202,7.49436303654391,-0.487673697302669,0.170493315364451,7.49510083928051,-0.496339393019213,0.137972737409246,8.40435359130532,-1.97290377968108,0.505432628612464
8.19381204463829,-0.935964880257631,0.34383219835581,7.92691221335858,-0.977460498712947,0.529501222532215,7.63449516750551,-0.497332327549405,0.240360148995219,7.43519059951891,-0.484766467585114,0.134054039527667,8.09098035779453,-1.80021168210351,0.489452727084647
8.06698786222922,-0.886322893972801,0.30412017543778,7.90727529641277,-0.918878734941578,0.496364301206768,7.58973323485305,-0.564589329591561,0.256408013664385,7.47887113783435,-0.495135829085457,0.125692012543356,8.21664254789533,-1.88536001603244,0.490335536441024
8.4111038692676,-1.0979469933692,0.419003508275841,7.99144299814241,-0.96218790141653,0.518522138198722,7.48508557245753,-0.484955703508925,0.200050861021029,7.56275962980966,-0.541813099023354,0.194036132529638,8.24519358588386,-1.89458861701217,0.512139416017157
8.17131151064033,-0.959122513617517,0.333988108939564,7.79243116604474,-0.863018859499668,0.467497703001424,7.48654190772347,-0.515302324574968,0.203708512613072,7.54634712414292,-0.531947768400238,0.174839952880547,8.20325663164292,-1.85393733913001,0.479311419454062
8.0972519396961,-0.904160731006731,0.31267079187941,7.81408544368288,-0.891465057123703,0.46434335938219,7.59832053077633,-0.557534575690757,0.247840494150726,7.36212069953112,-0.445339597298058,0.119307648358479,8.17935318527916,-1.81585209545746,0.442646435211233
8.054934697809,-0.883908339005213,0.32566050413622,7.93559745465975,-0.935762678170245,0.493852751105402,7.52203452916614,-0.466498896005984,0.174490424091857,7.11374662794352,-0.341645939226485,0.0647101745797488,8.06397128477933,-1.76247533478341,0.474369819903682
8.58328368401496,-1.16411915520206,0.408382108691677,7.88402994630278,-0.919060618783507,0.494907770687682,7.53823992302401,-0.494409384015211,0.188077049724291,7.60207016502588,-0.568299453816964,0.175798104777085,8.12191709348397,-1.7851478784733,0.482657715184527
8.28095251603182,-1.02894340411402,0.337353554043148,7.85464504846332,-0.899055453517538,0.491311481287237,7.47579908120272,-0.470376257393784,0.183257036360297,7.58288530095443,-0.549443670605872,0.156860899756007,8.19700172046052,-1.85270364599884,0.509863131630791
8.02506902091272,-0.848263273159343,0.249986840666571,7.90048613121981,-0.943014760176039,0.501824194320636,7.46669666329867,-0.465405382010843,0.176061648353489,7.48132860436141,-0.497637764852372,0.155510658216496,8.07504232393906,-1.76783573710108,0.455087969758085
8.28808996374719,-0.987763610810112,0.346729687229501,7.77066731291588,-0.876742995899094,0.418835699785851,7.42548526293644,-0.41454249847735,0.144477683069601,7.34263599524984,-0.426895939374502,0.11422331740209,8.29219335942692,-1.94807105139564,0.50204524309569
8.2592504278294,-1.01957888604976,0.361930200198998,8.10375724035138,-1.02818427276143,0.557166623342143,7.48316374345318,-0.470975651634852,0.193439788580239,7.52796165203619,-0.503003525832811,0.147652124567672,8.13997580474771,-1.83915972656595,0.49497174869238
8.19013174440394,-0.938241510030567,0.2766417491894,7.84919382755306,-0.914056657142335,0.516904039641552,7.51557354056509,-0.478658817625838,0.2027978386416,7.48815505351019,-0.495596263497998,0.142311778683569,8.12028190988927,-1.77666453391855,0.451852048016953
8.04699362818159,-0.847445878470746,0.302441732739027,7.90858841636383,-0.935376038200444,0.498768549117272,7.61018443454216,-0.565581055728483,0.233459647190209,7.46980448054879,-0.47502297885089,0.147639999047215,8.13485345467369,-1.80236118280371,0.487829631380667
8.1973809437704,-0.921298215797122,0.315965558257569,7.92506047688499,-0.961579343958541,0.508700948550712,7.53765280671404,-0.501170145640307,0.223356545972485,7.67447486531845,-0.554748945248178,0.17948465081935,8.29957612473009,-1.9134151300993,0.512038180890302
8.02989290693804,-0.820174626040906,0.286231669631015,7.85076471366254,-0.894086158374812,0.444741673357623,7.62366863535971,-0.500729336456958,0.223335756018404,7.52166953721176,-0.52141319554222,0.162891260096505,8.15584238400169,-1.82770445536576,0.497898754176122
8.04343292521893,-0.849916051820012,0.254261249098588,7.78784408227383,-0.892234707469831,0.476423049409447,7.57408486792597,-0.558783245897619,0.22001568323103,7.52273796208736,-0.502043266836876,0.17117172554044,8.10105412489206,-1.80201734807944,0.443495456437573
8.37753407571498,-1.03962498855884,0.456693375068248,7.99043287322323,-0.9981857322588,0.494691723282303,7.52943516548271,-0.478679667633206,0.188583036743767,7.61708823232376,-0.535916811879256,0.140877082868318,8.38078295286056,-1.99748337731006,0.507419256022259
8.08117161831279,-0.828279435829925,0.294549012350485,7.76902787235545,-0.883642905454557,0.474270618203615,7.48577173150678,-0.464136117252812,0.190065520306597,7.51725092683949,-0.493329601171236,0.165698267357754,8.13244209715114,-1.79354657671694,0.468971637247485
8.3750985664939,-1.10069194843831,0.461860626578678,7.80706512336189,-0.882320061861777,0.464372401372433,7.4802370394102,-0.510392331919089,0.199203706154329,7.35409457649686,-0.464154223469936,0.122301259481578,8.17571990531367,-1.84516689587346,0.468834290214332
8.17280310061689,-0.957373507240749,0.363109079386272,7.79910287609173,-0.841327398969847,0.440815296476997,7.42355007961333,-0.483908877694898,0.17499626678823,7.63312505918527,-0.557537086848135,0.16924486114416,8.11707106359448,-1.75186806101845,0.483460303818041
8.41281020384275,-1.03454700726988,0.471039738634225,7.84440752054573,-0.926962021202627,0.510947909352903,7.52046337421938,-0.482613584404849,0.183044077649961,7.47430134260225,-0.495953157228565,0.142965294817505,8.03990705916884,-1.73038717793199,0.496085199074267
8.05965146275592,-0.847672645855001,0.323976566343623,7.94411933952437,-0.945928134197118,0.52412107287656,7.51145645271305,-0.483695853418255,0.188327473269197,7.50852224234003,-0.50664663328989,0.163554075842415,8.00058303676987,-1.72556725647606,0.472892647353868
8.16661123385278,-0.932912035141037,0.346063092872822,7.8275289742066,-0.887946649253106,0.444435171885832,7.50279650437982,-0.487047581803897,0.190492002404109,7.59191820938414,-0.543544396144146,0.190979559756724,8.25645475134301,-1.9132408548713,0.49648526144836
8.1306016808921,-0.911566861465492,0.319563033469271,7.87054420329264,-0.900197427840776,0.45435821073345,7.49252060995905,-0.480435310671737,0.178199186665597,7.64851332075503,-0.572921582295438,0.191757178584042,7.98214132886254,-1.70405978533905,0.441079512845411
8.09279500260138,-0.872536617223448,0.286165388572763,7.90222013898114,-0.91607942252652,0.485401895490777,7.56054888880125,-0.57056556018504,0.231459392416461,7.51100131533361,-0.516748104444288,0.145727654995552,8.18726630105138,-1.88393909143478,0.501557189191629
8.46001103906352,-1.10101707852319,0.487460439594043,7.85956146092657,-0.911606875309455,0.503286269101281,7.49165820621106,-0.470957302530391,0.184981806884348,7.51809634240746,-0.489009651916934,0.154172990852539,8.17485631460898,-1.84634928337961,0.455077784340018
8.33672216987136,-1.03136368540081,0.440668342915928,7.85487501907338,-0.952840493020272,0.578585480597307,7.55903585827466,-0.50384912250222,0.202333538410862,7.50672835323424,-0.493778156459444,0.141060832747853,8.21384710007785,-1.88221051988514,0.517201865690994
8.19988433887893,-0.956414074159952,0.323004740326564,7.90675543290885,-0.918460343591764,0.475155638523831,7.52300895622175,-0.49013347381155,0.185648158602503,7.49196204686063,-0.486842229900857,0.162945996944668,8.12317141654995,-1.81796295759124,0.501161251535722
8.16762637381225,-0.95172694561464,0.316820307553463,7.76218246411104,-0.866061677056024,0.479158083414001,7.36341090688907,-0.425607980219912,0.145197020690795,7.5956283448729,-0.562467544881589,0.196239491764849,8.30071272374751,-1.94164991866026,0.528452522479617
8.2034275086658,-0.99056415851699,0.35062385633643,7.87193844125395,-0.872174727228552,0.458965870815953,7.62553373536879,-0.554151157493513,0.240497614369146,7.43563364702298,-0.480303306858661,0.119716233408023,8.17345969704325,-1.87139019600529,0.51796373917057
8.16173651790544,-0.903511966911147,0.26867477443004,7.85772539832227,-0.93750464315196,0.541667659943384,7.60469109166786,-0.542954692849463,0.234272457851535,7.3833615851254,-0.452613763062564,0.13408560920714,8.12770340360461,-1.80897840531145,0.476109709278618
8.22634988585406,-0.975857253331529,0.342335179237489,7.86258435286991,-0.905973339975886,0.463596252114391,7.5122443115719,-0.467973160710562,0.186597873029508,7.56705151694395,-0.518983036303978,0.157671776062781,8.14386085400979,-1.82123883959319,0.487224878739497
8.0485738513662,-0.874831307200054,0.295530328146075,7.90134330591833,-0.934000334824209,0.49152155883501,7.47240421003326,-0.453321227689827,0.161512049866346,7.32868429842508,-0.424740262512686,0.103071619552184,8.23386841464217,-1.87065678092374,0.475837416648794
8.217043889124,-0.946621964848399,0.363845602403049,7.85066815256555,-0.874140156456835,0.45241996330328,7.58183712559518,-0.573382567331489,0.256802512743253,7.46294129081454,-0.507870487270942,0.120169926627902,8.03806130666161,-1.75973289990701,0.444349136758744
8.23307114508534,-0.979409713419998,0.369716775793276,7.85427677994074,-0.89156873909517,0.470250684252096,7.52241164770982,-0.477101661799269,0.182675594826495,7.43106056475476,-0.498574224604348,0.14107773601238,8.26546359287237,-1.86194800339227,0.504874622058662
8.11338074425496,-0.897477200874022,0.34109190376977,7.83512370725494,-0.887103512533421,0.476120030558943,7.61133591605418,-0.574823808882335,0.221669026604898,7.51602448021512,-0.513601403323099,0.174017299495713,7.91647486708537,-1.71633315039979,0.485051002433504
8.11757427412359,-0.879072355965759,0.297560280423513,7.7553970608409,-0.849948227402977,0.468211746670807,7.52327120647757,-0.510090279434127,0.217478713702779,7.29812919378064,-0.427998003675586,0.122574790515289,8.41535533652295,-1.99216522004832,0.519144257058262
8.08874499650139,-0.892694230837975,0.307969956563287,7.76809728474103,-0.855787709069812,0.427749983224097,7.45986309823142,-0.45204559018262,0.175784795955216,7.46588747944858,-0.478135640844125,0.166262099522071,8.26770196818106,-1.87336833139121,0.46802505983679
8.18359711351781,-0.939642237844956,0.331199679264452,7.91001765275102,-0.910659720540986,0.47531552760637,7.57446649779706,-0.523483600876061,0.212133261552513,7.61979500698292,-0.554411739755606,0.188090350606404,8.07854448713076,-1.78754259320438,0.507290840929262
8.3639078863496,-1.0668618500559,0.27412112871293,7.95301727273316,-0.90239315176827,0.48417320594684,7.66024960965403,-0.567989759066847,0.258286434364018,7.4098498179676,-0.459756621104118,0.137540376457318,8.05235309139106,-1.74051200881514,0.471817092144702
8.2157492190871,-0.947998247407596,0.356289795736828,7.80005140521697,-0.892163236192649,0.476450222479327,7.54799999739023,-0.44388751891933,0.172184916439257,7.33708660508542,-0.395500355784853,0.117203439854229,8.05337892529148,-1.78810096604653,0.471715341777911
8.19587896221298,-0.977263623446398,0.372628821198664,7.87740383481112,-0.94434599285932,0.521794384182352,7.45362817076568,-0.474459679728592,0.176769553312423,7.62353402665285,-0.542074785317016,0.197085968833347,8.02526280367404,-1.76815640314947,0.48189279718157
8.09422786178038,-0.904625021068984,0.285138928893637,7.89859327873148,-0.943266931513288,0.544042161906471,7.55966223884279,-0.503191509603272,0.208315414513908,7.6718067178029,-0.564534525547141,0.199770092852452,7.95013920158206,-1.70727219720665,0.47317073459141
8.27733674312422,-1.02689562606075,0.442490980101203,7.84790112212044,-0.889615328215638,0.474912394641322,7.60317888719513,-0.556228256276608,0.234493186391551,7.45281536334,-0.478280908761118,0.145784777098778,8.07449091342124,-1.83781032541641,0.519940737870736
8.14222895656304,-0.94502080789402,0.302620708579312,7.73962588719615,-0.859298284153479,0.486002202072073,7.54352315275008,-0.514987889160161,0.220401576334177,7.31515075120653,-0.445284803756283,0.107122230474655,8.28366202744143,-1.9262830469328,0.531367187496286
8.28041963204555,-1.05315257294326,0.355872802288462,7.92038309655671,-0.938977021550925,0.524557746587274,7.47330227878245,-0.473842903671236,0.181320945585175,7.21824202537244,-0.383568963825186,0.0902622192528058,8.10455754839574,-1.80734746257925,0.50086013977001
8.06793964551968,-0.861949912595327,0.33782312761751,7.81611951784011,-0.903667067971544,0.463491870360103,7.49592168129684,-0.498858610190898,0.204424846290185,7.44950699463858,-0.494855853047612,0.15560952807973,8.09684274332221,-1.78580859837235,0.470622691797261
8.10251090935999,-0.905315305638668,0.315275925894302,8.03205366400589,-0.95765204284754,0.511431182542951,7.4636737602728,-0.459882049349957,0.182172584999416,7.36413001204142,-0.467153116744312,0.126867966170164,8.03403899638484,-1.74369780520233,0.48370731166542
8.42716902329336,-1.12253176278866,0.36947568073748,7.82695254860479,-0.893451436742067,0.47797797594549,7.48456866742709,-0.473994865503765,0.174191629724953,7.32131283603013,-0.435472920253175,0.129690894900082,8.02559837806818,-1.76866420368435,0.439953441904371
8.13781178956612,-0.882923450172728,0.297054547542169,7.80114787814579,-0.89669768446039,0.488202368435236,7.41955774616508,-0.451745822389252,0.165510948850433,7.59329624058327,-0.527207003687512,0.160554455923429,8.19450461292025,-1.87770654634213,0.51499240486145
8.18246676801621,-0.957171377473341,0.353771795324919,7.72298716467194,-0.843511428008519,0.434935247266376,7.52045923569264,-0.531948633141961,0.220246992712123,7.60304147189861,-0.528934985798799,0.176857107361587,8.22979163105417,-1.85600827425877,0.496561357089722
8.20834404131537,-0.982104195732133,0.369104639768048,7.78974685006576,-0.883759006328899,0.47071526103158,7.5472430613242,-0.554627114083563,0.240857456670743,7.70929611937676,-0.570900698241829,0.185819330524236,8.15203413023776,-1.80168547447513,0.494225117356322
8.52033744585931,-1.17515137516431,0.462647512860556,7.91416699122702,-0.927880359239007,0.482128943874476,7.50593301075591,-0.50628652972906,0.193542669347097,7.60921342246789,-0.540128906649352,0.166781158083446,8.2998645882352,-1.89320186155942,0.478530717617727
8.0592733812789,-0.876669278697898,0.34714774407141,7.73310886231504,-0.850133675916746,0.434523008440838,7.57506366110619,-0.563584206917884,0.240293743561552,7.32573124609372,-0.454287322474019,0.124836720903521,8.20842213099297,-1.80702621080602,0.46731338403418
8.42503287290182,-1.08693789075824,0.428756690100196,7.83064329301551,-0.882185079654392,0.400660675500611,7.52712364596782,-0.465328726118043,0.191993012515598,7.54823150690566,-0.525983618344683,0.178027470872992,8.30160368424369,-1.91960819899052,0.505812863452279
8.05832861362706,-0.894876575162677,0.318611811122065,7.69680128180637,-0.817035509423959,0.414395721310111,7.51915424174876,-0.521987240650638,0.209714480676147,7.32874993024163,-0.431138366782965,0.10647903671945,8.32186507204248,-1.88666047310271,0.490462013425674
8.09121592165765,-0.869935873422688,0.319568212085303,7.88785241578484,-0.927959370026303,0.492317439947244,7.47856365589391,-0.500935438786443,0.197358414710069,7.55225933350467,-0.527564521764742,0.184884819694607,8.16623676484738,-1.80612879606344,0.497700530004388
8.1262918439241,-0.916967930788406,0.326468633951412,7.75045535313738,-0.859508281706391,0.456574213572602,7.55240735972864,-0.567631586673344,0.239276505887375,7.60758439998123,-0.537317413149134,0.145846006701726,8.21902888239279,-1.88031475848065,0.485236906048715
8.18658150173177,-0.93629035846393,0.300561160753063,8.01574404632719,-0.961290497129294,0.510690145222074,7.57124949259272,-0.510157175208873,0.220640951772749,7.33777246042725,-0.44436437991293,0.128611981843884,8.17919129592368,-1.82957519586527,0.491200955470391
8.10037730331199,-0.897325842415745,0.303010408368407,7.90138031237897,-0.950565522218631,0.505658512420196,7.48389236473544,-0.458767158966515,0.190835762315232,7.39366373324481,-0.466524842086658,0.116161400647924,7.97703009796666,-1.66977484005399,0.437863827424108
8.12700540263959,-0.921009099497555,0.275554169677781,7.83438618458334,-0.871479121466462,0.436347989205716,7.5804679460402,-0.511575126659929,0.210088350485573,7.57682301006284,-0.501129062087269,0.166721065357325,8.15060825186608,-1.83776666720815,0.498925234010996
8.0844905513023,-0.908817328292446,0.338538236837448,7.95982447796499,-0.938544056255486,0.491165738753222,7.50534375970485,-0.48760079357314,0.175377675532641,7.36675331581708,-0.429670983701473,0.113759223955906,8.09996252183568,-1.77352276678732,0.463952583230587
8.14040708784273,-0.911495810092411,0.270757779053085,7.84243580760235,-0.907135358256467,0.461106217899276,7.63823541189224,-0.551597047797931,0.240369120484191,7.57889423796203,-0.551110337749689,0.169467468736739,8.15637552401229,-1.83354133599066,0.464051307049091
8.17416413808896,-0.959208206926073,0.35695888962464,7.7448396853256,-0.886399238648519,0.447864654637266,7.49167454078992,-0.485900445112693,0.185138106195746,7.66695666724048,-0.577008113280226,0.190715266676356,8.24771903991722,-1.88798682588987,0.503570131987069
8.26626597959439,-0.964649035334701,0.422867667563858,7.80348919956106,-0.859524568862244,0.445920008021632,7.51162406062306,-0.495881196547416,0.180995658502466,7.30846535944278,-0.421759404856637,0.116928831548206,8.20430238884892,-1.81734832623105,0.499964958523272
8.41981299347776,-1.05007445922254,0.435276259776678,7.91682712882609,-0.911368937664259,0.507894517291099,7.42420166487939,-0.449062593123348,0.170517046526819,7.57129348011409,-0.538440578883879,0.179074054004694,8.09128856581514,-1.77373558818602,0.441879605930216
8.21548485063682,-0.95020113000066,0.38168097813147,7.90343763669057,-0.917334404795654,0.492218934686294,7.54473680989733,-0.497443672663949,0.209459141286564,7.53564555947148,-0.519222215310564,0.159015705042957,8.22933825671859,-1.87063709434436,0.455543132812008
8.03568875257493,-0.877490725627553,0.316383082981597,7.82613502158179,-0.904933347794774,0.467393983742865,7.54697208664449,-0.528151169777906,0.216057725010187,7.39103425464585,-0.456674889113775,0.12792537037997,8.37132105640628,-1.95873376745681,0.504630598993716
8.09099637023802,-0.89670321472474,0.33060937236768,7.90554865745788,-0.941115705340805,0.473904977268916,7.47363405386422,-0.489498249953844,0.195559844327058,7.40095152549526,-0.460793109787609,0.140194722282848,8.29528553927835,-1.8957032466725,0.506181621668981
8.29571880948584,-1.01597543257792,0.398070088155256,7.83375708189901,-0.895919829592833,0.512703769538904,7.45939036603223,-0.487265853394774,0.179869137512272,7.40527113625416,-0.488354900809083,0.146283638747595,8.08177143585067,-1.74553247796151,0.452257289334098
8.22983035833843,-1.01781219576193,0.294485266041337,7.8818501227107,-0.873981202165207,0.44466927014247,7.46679440935944,-0.453155881607002,0.149829957766276,7.5447966403823,-0.498389008680547,0.148199468890782,8.14353884703957,-1.78699037232403,0.449794686686913
8.42157185130355,-1.09585700848576,0.41042111105432,7.87409456067683,-0.942886538679558,0.479151802791961,7.6551564122604,-0.528431936860854,0.22413214809318,7.47926192198909,-0.496396156448888,0.1420433079656,8.08496919364874,-1.8096094889244,0.471315404704162
8.18337452361473,-0.94922699215115,0.321765791793525,7.81834934844291,-0.896570303722871,0.50033901974653,7.54903715398518,-0.515672741107637,0.199953282337426,7.39133855778481,-0.488384222572792,0.15538949310926,8.16355331496835,-1.86951666461028,0.480288964202131
7.93215750137339,-0.823947750570251,0.222880685046559,7.8320738700801,-0.909631071955132,0.470267781191822,7.5007643844625,-0.473089174155395,0.181066380332983,7.41970993911022,-0.467130124631004,0.140157624434626,8.31561970200224,-1.91106772634754,0.52764505438376
7.92375074175312,-0.806400608680974,0.288014011071131,7.74984830398711,-0.840702121697873,0.453268799646156,7.51839416947021,-0.520372520196796,0.217635644407993,7.59903878553135,-0.540801008052959,0.162326027443597,8.28567645235019,-1.86000170410519,0.450755783542493
8.0914866987348,-0.891560060761795,0.367885530928688,7.66613721057684,-0.825990885873847,0.441222206635628,7.58787827380104,-0.5554308338394,0.228232197923528,7.47880385707067,-0.485878875582293,0.147929735279412,8.15513670961254,-1.81528735890545,0.471837433865464
8.14919153388424,-0.900442247020595,0.289182441009177,7.88997991580176,-0.93852811983438,0.527849232315489,7.57764413937512,-0.499757642387169,0.215647785430203,7.38370213344098,-0.44762952822469,0.126014978897244,8.3184148295502,-1.98066072574486,0.519643980100496
8.32947258018503,-1.01879040549933,0.382117572193642,7.74724633157414,-0.883550976691499,0.483453635807418,7.59593477092618,-0.558514583179274,0.23858366288806,7.28921526082714,-0.439332745921094,0.118067717742776,8.17661856177188,-1.86120068557131,0.512541684382447
8.22191690134184,-0.983763636208703,0.340192373275167,7.80736265969609,-0.866340135321449,0.437063126009859,7.37272544724787,-0.409761713713849,0.14441967747639,7.61975086981978,-0.547401517779012,0.173137681529446,8.17967981918137,-1.83711961833823,0.484111248420428
8.05695721183423,-0.848248535924166,0.271119123297255,8.01408603067004,-0.978016349139393,0.492311505578552,7.51529455613523,-0.504625662560133,0.194618798157235,7.55633492641108,-0.521561680365781,0.164266346135685,8.14234154883481,-1.77838423591711,0.478831233532083
8.13254645420708,-0.944337937139789,0.312703805509333,7.82393809724081,-0.867737551156008,0.467894124647079,7.42759221995113,-0.44765291331567,0.153792465291931,7.34216004971878,-0.454689332025543,0.133437848200686,8.30952305215758,-1.88794896949407,0.49049266618662
8.29543331093153,-0.98703828536843,0.404543435375696,7.93588037987987,-0.947875351068829,0.488417740194903,7.50420553843946,-0.457400908926001,0.186941843827779,7.42141214767773,-0.448876724326399,0.132454728404712,8.04744098351539,-1.7796182796176,0.48767308807766
8.13416930276532,-0.902510037812918,0.290961282651174,7.87645117243176,-0.96449074665581,0.557138099924034,7.49033738638818,-0.448578471278353,0.170470452987478,7.44597309183341,-0.479243762832049,0.143539935970909,8.15340181719258,-1.81116822933126,0.484198666547007
8.15146604425197,-0.938246288581861,0.332279658768154,7.90206294293179,-0.961076136491072,0.530679077160419,7.46001493923231,-0.477429512862685,0.181607155947264,7.41175667721946,-0.467004496064709,0.133906646573608,8.17225465448017,-1.87826430644835,0.475259473548041
8.14161427850575,-0.920050648368475,0.341314015324872,7.94295002385376,-0.94668473240105,0.514507915636389,7.48128490734949,-0.496128598624929,0.189005174663613,7.18902117779848,-0.393428017154145,0.102588401245779,8.20544248280482,-1.83022549713073,0.496072039251458
8.02087857320884,-0.840218154547805,0.306479054488625,7.90465749104335,-0.92506536453479,0.523996254869523,7.6024429517413,-0.537849241425773,0.225134326550143,7.38310121905649,-0.440439583903531,0.120437530298969,8.10364320300418,-1.81024000095899,0.523438454158824
8.07146020825166,-0.881451498001991,0.332540756327489,7.75118534671982,-0.888172841572645,0.466862711059806,7.60570124066895,-0.553559386518405,0.230835792798902,7.70312182401822,-0.565311131713126,0.201050235755175,8.2769138878387,-1.95095328974393,0.506991045845081
8.37961280848572,-1.06466994213289,0.357416218788874,7.86975441821386,-0.895916768267415,0.4972366087463,7.47346329102038,-0.450381445077993,0.160920065523122,7.41347377327862,-0.448548321262762,0.15658889589026,8.17212360558845,-1.81832219847806,0.506389921698725
8.22370278594992,-0.976733240065423,0.388662460295961,7.70233351887887,-0.811471206807491,0.441244057683418,7.49341918096131,-0.434667977904624,0.172415914876059,7.49666477845545,-0.492548966055074,0.160638781522591,8.11806474104604,-1.81449006509287,0.504290956001072
8.41456387531777,-1.07722104497478,0.4215192503713,7.94369804892118,-0.949089919521005,0.483059421731618,7.58512207041206,-0.538815526534463,0.219582823817678,7.57100480045471,-0.531692003937411,0.181438246160393,8.07493844548565,-1.77438051161502,0.476300064935086
8.06948601850724,-0.909782331418278,0.297273806848328,7.83177474369998,-0.911525647389536,0.510542656199465,7.43781067028256,-0.436225816716616,0.159734669312881,7.6317690006786,-0.565832158924131,0.19530410346528,8.19170365241848,-1.84598057819696,0.445397600414773
8.12242686754679,-0.871903570814535,0.316770872117547,7.97995374134753,-0.961993128802367,0.527335577409716,7.55530194671677,-0.506490769769892,0.211083645262753,7.46095591584138,-0.508264647681269,0.135924908374581,8.17916270681987,-1.82126992229998,0.462051722102499
8.10064490385895,-0.921393889026616,0.321664927832616,7.94953457273977,-0.960349755103159,0.499998384988318,7.50902772886779,-0.498545881467863,0.191796402168967,7.20738929260994,-0.360209987028402,0.0802499210543317,8.26796432029791,-1.87082108212053,0.491645437622785
8.29474415586855,-1.03942951065346,0.434998418636004,7.89306948430961,-0.96324102152166,0.529208216611308,7.53463677894719,-0.499287759499322,0.19026231394491,7.57815914108121,-0.521234555472394,0.162590271860254,7.94029277942197,-1.70971953362746,0.469772179840138
8.08707090290833,-0.901177100389035,0.326184265213287,7.91172760360458,-0.944417564710999,0.499475832334686,7.4806870289067,-0.45035638996151,0.170291321678401,7.34246347501245,-0.438991726309662,0.0988090784365425,8.14263822494708,-1.7986027027993,0.468900618604554
8.16945597923139,-0.894651131490907,0.362547928264829,7.9468223858791,-0.942455217430072,0.508148763563648,7.54551597678101,-0.515510296822167,0.231127483104874,7.30424110630917,-0.415182860614637,0.110931140929433,8.20130937275617,-1.86469783350572,0.490839462015212
8.01091085087961,-0.84473919891833,0.289562466168517,8.05791906153035,-1.00688518043504,0.544266271499972,7.52262141887355,-0.495199219281285,0.191652588582702,7.60305583535032,-0.547295370175955,0.186443359969069,8.14427354172012,-1.83027728621154,0.462730498199596
8.06852093261422,-0.882103294754661,0.304383315329463,7.90168498916146,-0.909277661683992,0.498589470553227,7.47997551391758,-0.438588915610395,0.162126465136785,7.43512698803719,-0.458896049809908,0.116582073885301,8.00639689460189,-1.7096938170295,0.459524382437367
8.131487261794,-0.890194313676821,0.293803414799943,7.83519791695694,-0.912065376938938,0.480074827138013,7.51875243808787,-0.460251713597264,0.169889875722395,7.45776997248045,-0.497881458804921,0.149817759589987,7.98483655822745,-1.75375494863055,0.482154229642882
8.37359984480663,-1.06931389944943,0.4545181514876,7.83515879071398,-0.90950484551923,0.457683998571619,7.59410752156455,-0.547828934341829,0.210382489751537,7.34505961234874,-0.434615763658145,0.111103888226229,8.27801026629789,-1.85754001290816,0.483291664311504
7.93354551926061,-0.812184087319892,0.279370729777528,7.89319733987472,-0.933071940559544,0.511500267170978,7.4210413898711,-0.441315813437967,0.152534143375014,7.22815207005735,-0.393337523489844,0.103038638124157,8.21099728625022,-1.85260299642833,0.438023664501283
8.27568577272927,-1.01910077794021,0.408441154641674,7.84488898010692,-0.917887973115868,0.506334003425718,7.52694423008657,-0.510200408656226,0.210393029310458,7.38892879968784,-0.434303988605571,0.121866247178739,8.15914908118185,-1.85984648825751,0.494016579886161
8.08612707666449,-0.897653909012772,0.243177581811806,7.84536874984327,-0.918073374771129,0.483646329285725,7.45479483608413,-0.447829229661265,0.169616471877852,7.48536744215168,-0.493605969780402,0.168636679385902,8.19378957484138,-1.83763382766527,0.490575597312985
8.40775528446738,-1.09098441872366,0.388292305675409,7.77449921010064,-0.862196294387652,0.432850409548275,7.52289405849399,-0.508715307033816,0.206606692310848,7.59005376279033,-0.522035700267796,0.180379474174035,8.32765210628996,-1.92998202956179,0.501963320628709
8.01601069227941,-0.858267309143117,0.27580117448601,7.85004966361879,-0.904551538088167,0.468587463335482,7.59518876972819,-0.556158882594211,0.265546539694324,7.43455673912253,-0.470967159384337,0.156682451125441,8.22888309111712,-1.87250929537561,0.467762571974509
8.09988025031036,-0.889078638573661,0.287523833938286,7.82252851980694,-0.873069055114783,0.461870826363377,7.5095412211488,-0.498336294912158,0.202708167718535,7.52670002391981,-0.509146543698045,0.147983958889137,8.24219185925822,-1.88126326456404,0.477406954963624
8.50808510594897,-1.16094091233018,0.490262036465354,7.90190150621998,-0.91645327129647,0.521443766679062,7.57601064928733,-0.552354419873719,0.238395356292189,7.60938743508967,-0.547679689115519,0.16328320997832,8.18338847973875,-1.87400544220828,0.490844005441726
8.37000929654764,-1.06515015393383,0.44821045504858,7.93136461011885,-0.962313833381909,0.552052930153288,7.50600566916279,-0.489530844318726,0.190187706802297,7.49850763430683,-0.489434982744751,0.151187401102701,8.17890215140218,-1.82082099995898,0.48787771926978
8.01868213865948,-0.824027670393371,0.318633732617389,7.90160365320554,-0.915137288145033,0.487420318932456,7.38674782799764,-0.453496918073302,0.163095448081706,7.33366133592789,-0.429449606245295,0.111895832479517,8.21678080901743,-1.89854957792603,0.496432916006082
8.04677147673103,-0.879113943790433,0.333064392703839,7.93788644622936,-0.928598839185388,0.493697405983032,7.50019791548556,-0.470090830792109,0.198217613425108,7.46325161660224,-0.522180953850146,0.192615297797625,8.10491289373136,-1.81084639172521,0.506208350024007
8.13276635010731,-0.904298953618459,0.263264112370824,8.0533531685718,-0.94600144805201,0.447192301662307,7.57325931409451,-0.545165043852472,0.216427076787948,7.55601317730764,-0.540124812144028,0.175523525431022,8.14281463066159,-1.79195681403445,0.470654217286902
8.07652933419087,-0.902042041798129,0.326906912949464,7.76160698884121,-0.853382774857876,0.425607770412092,7.53712963194762,-0.488925369555133,0.188796632890441,7.64189635887924,-0.556142831073238,0.180978643175925,8.29064374595878,-1.92205869413005,0.486096779074519
7.95836230035735,-0.801160952596717,0.272936028231349,7.83488836393742,-0.888601403841168,0.464738869404565,7.58831004010554,-0.553334303927557,0.232010349719613,7.27360852731769,-0.404881477908216,0.112114884974292,8.10023858484583,-1.77940350124217,0.509200132832831
8.21553148476813,-0.993578046161598,0.334827502741043,7.92386159493977,-0.907372323648201,0.478711265386192,7.52173106528617,-0.520404618163355,0.19885945737925,7.44330920685124,-0.444673018735274,0.143298551232303,8.17647467862262,-1.86908633955633,0.472077351517415
8.21628782407918,-0.981654139079412,0.305552406395002,7.86257917088173,-0.910203361792841,0.495254140328978,7.56535764123352,-0.574457760447112,0.256382347601869,7.33781342454165,-0.442173774066835,0.127442940103154,8.08413494524997,-1.76069822183945,0.463969396621759
8.42670615556164,-1.10872898678159,0.41952041174005,7.95427128361779,-0.928812083246795,0.512261942155647,7.56005020758397,-0.49905560285075,0.194105711865874,7.56739411930638,-0.501988099786434,0.162858398163924,8.13229077778942,-1.78723968687639,0.46795154877552
8.1059297190397,-0.918303712197005,0.353975829047148,7.92437178401947,-0.922208018124509,0.500362556977841,7.61238264046329,-0.524602452606866,0.210848321471512,7.23252498371024,-0.371360129794194,0.0947258780104445,8.22994663149148,-1.8643881688768,0.458824318837875
8.17325463828747,-0.948604647348943,0.269913534248292,7.86088868853145,-0.864367987062248,0.43792436375304,7.50549819874442,-0.476050976369284,0.166821205625057,7.33440196281254,-0.441631855738968,0.113163794937452,8.12405567949103,-1.82858872782801,0.497532987064946
8.08167104690654,-0.880427886208024,0.285462738695232,7.91776488468221,-0.93190545752104,0.538510507470187,7.43345319920447,-0.438893800531183,0.168794861310855,7.48988612908931,-0.486149933427908,0.144373442660755,8.0974365937549,-1.76432200619929,0.469855706314396
8.14912992365376,-0.932909334215906,0.333028521927943,7.89245811060309,-0.891081741304269,0.465315229107867,7.62259111246703,-0.5416598807243,0.238445028606452,7.48386369407616,-0.474102828300192,0.147052090318925,8.52056877723981,-2.08057424404272,0.526569856431853
8.27531732619673,-0.982778187274831,0.413527028319112,7.98138947419882,-0.963272208057628,0.4667902009705,7.50870068890153,-0.511999844981164,0.18614092634903,7.36548427734366,-0.42643408174945,0.109068567826768,8.09470267228403,-1.78841526017004,0.502692620946056
8.19636915860237,-0.957917980201994,0.327031029140421,7.89967637189749,-0.919204001724316,0.485603801760571,7.49552880104749,-0.470680639970586,0.174020159936064,7.39201188267475,-0.439926744432373,0.14115140238432,7.91528690036023,-1.65009877641364,0.421732690150208
8.11191235376375,-0.937171622959773,0.341859782158853,7.7517981288743,-0.874625028828132,0.484846487190022,7.45503561995259,-0.471165639887323,0.170786608178477,7.33202096678293,-0.459251398522331,0.133309974377496,8.1483988810946,-1.81074679414725,0.503545856345401
8.12623349547225,-0.92391561219641,0.345286003387556,7.86981215826857,-0.927283836301113,0.489647411764573,7.48631034370961,-0.454308540359065,0.180180135139984,7.36028658293014,-0.464626477833897,0.130473989948304,8.13249079631923,-1.8413649931579,0.486966838846631
8.12558256856543,-0.896150365463546,0.326943617148775,7.7598454170835,-0.856324032474163,0.46615977159481,7.53275980139746,-0.504116109572049,0.209606963506018,7.57857240969697,-0.527682180361994,0.167954628623865,8.21529770545779,-1.83965198060508,0.479780497621794
8.16812711795827,-0.916268583630165,0.340587646897644,7.86128661685385,-0.903225848822607,0.455537798151811,7.49396636277806,-0.50264818787612,0.190582115043334,7.30376114148318,-0.4123291056311,0.110753420174205,8.22429263203923,-1.88964181931024,0.519035554984317
8.14674374616587,-0.916539248261686,0.307885143108085,7.89830902541056,-0.89266065557823,0.506157097258529,7.46933420999384,-0.47526100486624,0.170045453116897,7.52261346299658,-0.517207912500617,0.16900532596326,8.28385861671142,-1.91169457156723,0.481222047112494
8.20953868548879,-0.933486279919266,0.317893971065954,7.96748865816822,-0.976761478778894,0.540957407077258,7.60946565306551,-0.53756343151269,0.22275983054346,7.52083964297144,-0.525330026237505,0.166357650554821,8.26099113529358,-1.87564124870815,0.475375649847042
8.18658357199253,-0.925251243931631,0.348253352049092,7.93214804039933,-0.957841145524329,0.494260625260811,7.46638941125636,-0.486064990210377,0.189389662673227,7.44409079079751,-0.480217384208492,0.140046914985925,8.2257791536415,-1.87821898515216,0.487689887171693
8.19670010952204,-0.967294548287845,0.344751783650383,7.99681881534781,-0.935169209112314,0.496208910999635,7.59409433095326,-0.536936505907477,0.213320511858376,7.47247279890205,-0.483799218491023,0.144770366086878,8.0959875456358,-1.79639456782111,0.49319993205258
8.10316867379647,-0.896211673975877,0.327137531689027,7.80926110329931,-0.91853098544582,0.523520366811505,7.58073235782119,-0.557925401406508,0.236449870261951,7.28828377621351,-0.417945101402816,0.116895760982864,8.13646447878933,-1.8328882390372,0.484635244062248
8.32968142404463,-1.0600684600299,0.426653612733534,7.90760628403507,-0.897021659836168,0.456283780996659,7.51002265057462,-0.543158647170067,0.225425446785125,7.63572964831071,-0.556366939831299,0.172574833799555,8.32148357253623,-1.93842248292528,0.490251586853137
8.21500860076954,-0.967235936641975,0.369064200092092,7.8472647536299,-0.900363025581031,0.444293733090259,7.48733587376507,-0.434040201624059,0.158068402631622,7.65989590901649,-0.557978464231742,0.203774256213151,8.14590077470009,-1.79880274992887,0.494298900631494
8.23801471922937,-0.956324777659393,0.351470186850358,7.90424835585429,-0.885647071483402,0.423473833021156,7.51742074997222,-0.514155364986575,0.197581064074713,7.36631167974859,-0.436323423785303,0.110002747087462,8.17443161846841,-1.854979731211,0.481442069007342
8.05455664559639,-0.842085326818627,0.250297121789747,7.66841080603592,-0.835980724785003,0.425774886763594,7.54283944142154,-0.549775273734154,0.211154831560026,7.40049824896685,-0.479208711867748,0.155587464738783,8.08103764190111,-1.83121895407891,0.464073281723203
8.24798046267421,-0.967528879877631,0.373331187008378,7.89634365801195,-0.898376952436894,0.50331350384349,7.56431842681498,-0.527093116009048,0.210267310842659,7.58607298598341,-0.54506047231083,0.156196189081849,8.38438112919769,-1.93521801751422,0.521278811756009
8.44797707853161,-1.09210167375177,0.379339772397661,7.84610832782684,-0.878788377697978,0.427612326018142,7.46167840768899,-0.473618116558261,0.18653404054631,7.31911407500521,-0.428184608258428,0.110781621322333,8.18956326423639,-1.78751823702537,0.484968754390182
7.91651090943075,-0.79903064262041,0.272271406743687,7.99654978269968,-0.974490261801237,0.502581418077622,7.48796691240725,-0.505284253006343,0.185893882199205,7.56274804555197,-0.505340908768795,0.163113144499498,8.20176271086078,-1.87156346743156,0.514846048405634
8.00524395841326,-0.809888449637873,0.288837069627801,7.96842399184538,-0.930883902261963,0.475937696519423,7.47057103879337,-0.485344990210447,0.196589328066432,7.41559554494724,-0.477854572835794,0.140527694771703,8.11249253473038,-1.76393967457479,0.45608112318675
8.02793625434608,-0.810878299430815,0.292566468969051,7.9306505297849,-0.947579225061392,0.529939904049636,7.51494429556993,-0.486463835340843,0.211156839630085,7.52511473903884,-0.498275655960733,0.170928329309485,8.21256923525833,-1.86972059609299,0.509730026852145
8.04317161149589,-0.898626422385381,0.286920612193796,7.91474345598593,-0.953166692846014,0.52671718566056,7.52143719710459,-0.485421791873818,0.207205166154285,7.41109521366699,-0.475306978615034,0.136178050595985,8.22204508557742,-1.86120955646052,0.482928798221368
8.2502490521511,-0.985986488523257,0.364598671122592,7.71821818844331,-0.867869327273417,0.454282566841696,7.50348983356224,-0.465778289671926,0.180991890821279,7.50960748142717,-0.496605788605585,0.149340094021348,8.11311228521733,-1.82351256698239,0.493727566421807
8.13379943774284,-0.917308748229916,0.325005046049777,7.78068077900005,-0.915072133794851,0.531639876307468,7.58699032579574,-0.498052311384604,0.214894955901452,7.40939558858694,-0.467383169933601,0.135687425325077,8.12734763564849,-1.78361116207929,0.445645482813826
8.12588733693062,-0.899402830339905,0.337565327629692,7.75940220131822,-0.84689186465751,0.455079013163126,7.48578084953819,-0.469915278023271,0.177312341715387,7.57767775891115,-0.530728435716261,0.159051985694402,8.30952695887258,-1.91490661344352,0.457104158831636
8.31580080822757,-0.999694243516438,0.401790718685447,7.90594024915351,-0.919598638832264,0.464030524574673,7.5599139960042,-0.539008029577343,0.221945174840363,7.68906630653867,-0.563324061382886,0.190024735812226,8.00779029181166,-1.69878005582484,0.477328297076084
8.1116041239849,-0.908343925573917,0.322659890443415,7.83552481896229,-0.88396956599021,0.4772047624422,7.5829704279596,-0.54129098585343,0.24181972842194,7.35861072715176,-0.43051651015877,0.133399420243764,8.35827699126877,-1.92564602823828,0.513974291325268
8.07095704349428,-0.891116425714691,0.335615662441669,7.87397724367635,-0.901350383944977,0.487767908700593,7.62509472395969,-0.561752985288367,0.25493746070235,7.58006382152125,-0.55125296648998,0.196489562682585,8.23562064953229,-1.87464095820362,0.481216212314248
8.22861208953928,-0.946895589360767,0.345472045307376,7.91087952130984,-0.921172941756509,0.485168877770824,7.6346403902153,-0.539050533880544,0.231501614115367,7.37932001733267,-0.467771885663103,0.150268901349821,8.30674801009495,-1.90259379160991,0.496660302605986
8.01979499462289,-0.859440507763947,0.266985309883063,7.75787960307153,-0.884185046848402,0.498262194293631,7.55148762670634,-0.565800408863614,0.230112722095818,7.3723474794739,-0.441138025853989,0.130228815381424,8.21968816038139,-1.83803328647981,0.484028924963636
8.23940682822868,-0.938055001348747,0.392200437460367,7.78110724135903,-0.901886314567889,0.471518824153098,7.57453865061067,-0.509984200847163,0.213176973084147,7.3091636965968,-0.438402570192808,0.13853817142318,8.3245683480975,-1.90764560207876,0.469117233899205
7.84177291272782,-0.724603257384448,0.200366960090888,7.96040669836101,-0.992361779874652,0.527333239263648,7.50755138664904,-0.459897220439844,0.187615017628995,7.38529453738101,-0.475787439552463,0.118935980480134,8.33646044307387,-1.92715332985335,0.513639418904341
8.0837059825706,-0.926919238611851,0.317687620191734,7.74416048772708,-0.86163224191099,0.459681900857248,7.52881146813513,-0.512301628905269,0.199641425275302,7.56850591161145,-0.516770513993307,0.195367271541795,8.21066435395758,-1.86410655486988,0.496261636108057
8.21652066349143,-0.946039615571858,0.363767517378597,7.88859078116951,-0.930588683697564,0.507346694498388,7.36085935328331,-0.38543220137244,0.136954369187529,7.39324085148391,-0.469510569648478,0.152305355667915,8.07636631822644,-1.75337325342523,0.481232966753695
8.06050611249116,-0.858772289933029,0.289690802324842,7.92154925677867,-0.909946248142471,0.474198953088677,7.45875139689618,-0.458679212433414,0.161280678820182,7.22436416948577,-0.426414186537151,0.114147389239993,8.16116750299644,-1.85465786181757,0.452413245054748
8.1872931690111,-0.937938142210428,0.365342721722074,7.89558767553189,-0.930312561649256,0.488848786663163,7.52299605023368,-0.505456764154649,0.195103057819407,7.55014690505935,-0.512863453470491,0.161079949721257,8.12975985961578,-1.83876493221961,0.488320928205624
8.22803578217425,-0.973883051846185,0.379946993063013,7.89499592967844,-0.926189607269747,0.467096733184293,7.4484972972393,-0.462548503032637,0.164285040162206,7.39679602655489,-0.448787104265066,0.142758527762425,8.1882531833774,-1.83979912569272,0.507601277043725
8.28010824520012,-1.00747845096885,0.387508045617014,7.80464984519616,-0.865153080235178,0.450157017114134,7.60975628695727,-0.552181777544442,0.238487460551374,7.51923539291197,-0.525857978442991,0.190598407392049,8.22281907520321,-1.85908523659765,0.507695087168546
8.20647108704727,-0.977530163242856,0.355640419492235,7.9441390181654,-0.976140320875719,0.522658656260102,7.48853012270289,-0.477921647018261,0.19598734332331,7.70696933388009,-0.60924567404808,0.231650070272118,8.42518793311265,-1.9828036916725,0.511940005783619
8.22258834836566,-0.991210532434037,0.369433048260987,7.88422939434083,-0.932247378904246,0.49127855729664,7.61613964437511,-0.512437771471858,0.218690725022066,7.54752086198164,-0.531115509079151,0.175827372273107,8.21240710996281,-1.88966822306402,0.498218660887197
8.247125540364,-0.998281437300014,0.348413371145921,7.93065615215854,-0.969042422430102,0.525131337783714,7.5605353344218,-0.544131225047777,0.219324578276681,7.33036707396416,-0.439627902567546,0.132036089613143,8.20659098024079,-1.84531957939799,0.484798578492336
8.1482683959964,-0.950635924317017,0.35059855215912,7.90229335143849,-0.894654333738558,0.454842118035769,7.48982785535572,-0.479742170884915,0.168246868658277,7.30939617634268,-0.445555979038786,0.125472473624799,7.99892936308519,-1.75399984995154,0.504499177348412
8.14494056134693,-0.875115866443335,0.317069448399992,7.75827898829966,-0.892214286528487,0.498447839797647,7.38069626495481,-0.391317859514548,0.126923234035237,7.46591957732183,-0.477816219629729,0.16491008370187,8.26694187292198,-1.86974822361191,0.485474240050287
8.10714283919106,-0.875154450907518,0.32300780771772,8.0301009517163,-0.968313759757275,0.510270924257395,7.46089247455663,-0.48826689781207,0.174679445114754,7.47425082492894,-0.498556871964754,0.153155561545259,8.26439485787322,-1.92193098676418,0.535618840479286
8.30575757912935,-1.00277340263228,0.397670492307685,7.9255235769275,-0.937166368547179,0.497028424669836,7.59807418826384,-0.549205395506604,0.260459162167034,7.33919415449061,-0.465453318210038,0.151323434007539,8.3052368878191,-1.89336317465008,0.452286209800925
8.07238955875176,-0.857431644100948,0.301102263296039,7.91819899334441,-0.933746683292495,0.491891255735926,7.54976360748686,-0.499726380158683,0.197272298459654,7.67684726529596,-0.563077045631226,0.170017473999918,8.34760805238125,-1.93551420002277,0.507373057659735
8.08573031551095,-0.885803764673172,0.31438043214729,7.91154157305469,-0.965236385631138,0.490953592279148,7.53259110326409,-0.495196069430525,0.207505703148977,7.43469998731755,-0.49643824883668,0.176667155720177,8.43630699145533,-1.97586286724216,0.522840119882904
8.14412071883462,-0.931905716050922,0.305224154591257,7.87551956531569,-0.927912655166042,0.477748020061992,7.63203890984588,-0.542731689895503,0.256075856425496,7.40142123844945,-0.466679029947351,0.140638391938632,8.2056318270959,-1.81937864916623,0.45249046746517
8.25964058639467,-0.99390038650101,0.367165971528333,7.79448085064859,-0.901683147490634,0.496278004297211,7.50855039334784,-0.477350704218565,0.178855331470005,7.33072929985179,-0.420569979026576,0.107160499737332,8.111002181065,-1.77714474945219,0.473475199782849
8.19654892146867,-0.94269922297135,0.359982310544176,7.85252804343219,-0.901947040038599,0.476710506136642,7.56232591318391,-0.526816816542249,0.222020766166707,7.30208829666228,-0.423349251649847,0.114539579240472,8.19467153557464,-1.86176481267167,0.480635290786194
8.11774041674679,-0.931875114782745,0.325047316095693,7.79373942942637,-0.878001840187007,0.442156046873424,7.58900487767304,-0.514245869350089,0.216919939727091,7.2726397424682,-0.41881002042449,0.118652018356656,8.15770978213397,-1.82586438116859,0.487790380494884
8.25869090396271,-0.971478946285765,0.333152908281304,7.89171048643816,-0.911336848942733,0.435180001468522,7.42466126861641,-0.411345611359535,0.134813561912755,7.38622929373562,-0.454030986479346,0.15477875087794,8.21058169431406,-1.84550375920058,0.476410407310016
8.29077056973588,-1.02351833431769,0.350647529887266,7.95761983555215,-0.940657049837111,0.504436969381617,7.56636683827936,-0.490072383731121,0.19513593728361,7.67236775818293,-0.558554650833384,0.179493935394227,8.09186838630438,-1.75868572747125,0.466869671972288
8.15950964349694,-0.931224988185495,0.346215558024289,7.77480076469579,-0.879992177786266,0.482396605185733,7.44755922895888,-0.458388548138106,0.164749089105902,7.64205746791117,-0.558405900847105,0.180676335854569,8.11202321445826,-1.8060049580424,0.498694581265108
8.13630015249193,-0.886502505433784,0.307194648911766,7.92507802038793,-0.939889353759162,0.54393209473678,7.53584654334196,-0.500344507184254,0.197957262311036,7.51696628574646,-0.532724184076145,0.171769818607415,8.1865551891612,-1.85241169957542,0.488682913001953
7.9888138679878,-0.838252225348878,0.310044364995229,8.02810707258681,-0.977999501100491,0.543688506913918,7.46278176578634,-0.482769305706599,0.191863668495782,7.43503323463066,-0.459673654213865,0.154037096448524,8.31849599543995,-1.93913164795662,0.515205403493465
8.22091273674575,-0.941375477734987,0.369119704516935,7.84456172031499,-0.905634091548156,0.51027389387177,7.44768307743695,-0.499573199109066,0.188276497503676,7.50647243895069,-0.519267517202813,0.19935070614077,8.11156616783066,-1.87405296013144,0.474034120579274
8.06893598813711,-0.887830805898228,0.344238336563395,7.83794632882819,-0.923935166245278,0.503985149713609,7.51512758747946,-0.474784776754277,0.190274759348684,7.34203755364244,-0.42644916057706,0.0930859149450669,8.06431582341428,-1.72292338835041,0.456487852788893
8.09116423006407,-0.883520778385051,0.312492304123327,7.95875320782046,-0.961472846049772,0.513382257159994,7.47975448950686,-0.461770243847378,0.168070800429449,7.35196598620828,-0.442781639368093,0.115549640764747,7.933697585586,-1.67886431576224,0.47183522725664
8.27461262654346,-0.992136670004525,0.391832077974194,7.84647852985781,-0.917429772777575,0.512532211347693,7.48116271965146,-0.478416873598831,0.196962550495334,7.43719490799786,-0.478825336051763,0.135349859538246,8.13034166590699,-1.794372996016,0.500772026523854
8.2806453867712,-0.993720013659447,0.359768355560038,7.98376131304247,-0.995145808519557,0.533466286300828,7.60056257504563,-0.552606700620311,0.223042973527981,7.58222245755343,-0.545722639822263,0.172253212979463,8.07930751630608,-1.80195830752377,0.470475306100078
7.95283421141969,-0.818302830364742,0.195270669672256,7.78982720697152,-0.846989952494116,0.410682859277052,7.59401444581087,-0.517311866174149,0.222619300426275,7.5704303999105,-0.550483732901292,0.177487875749329,8.33707733261706,-1.9349968871984,0.52438060149572
8.13790356315349,-0.893692057364499,0.356842809303251,7.80400402690684,-0.865966141589302,0.457542753367478,7.50359210179961,-0.471595757884151,0.201608358859288,7.25372881951516,-0.400851577574029,0.111553706045026,8.0307357069637,-1.765721660239,0.491075912287518
8.02522484248533,-0.860397770485554,0.261658203322657,7.84225877752625,-0.877415314262517,0.455727149392385,7.61142079361369,-0.492873924545835,0.220907741760227,7.51414679480883,-0.496379436440041,0.148614217121306,8.31003159191716,-1.90045360465277,0.541418987897119
8.57558501944938,-1.16173977651506,0.398838141283245,7.86879084756827,-0.91605714431461,0.433772553730616,7.50969696139557,-0.480549360403089,0.192417384873303,7.65832418102262,-0.592699535203235,0.217868573039087,8.15597101763629,-1.78342252629583,0.469626785151809
8.04539455471348,-0.878984602135631,0.290158637029997,7.86436128748622,-0.906866104698029,0.486493404942105,7.58135040484113,-0.539069202082004,0.220937844325297,7.40692738833086,-0.467529837560497,0.1277123286481,8.0981452272065,-1.81981012384877,0.49178560266023
8.19212288641571,-0.968102680765136,0.31874676923846,7.88050045143387,-0.920767297305451,0.497011276200846,7.5349176485,-0.526308715139066,0.214740827024317,7.66728848801625,-0.571238317198058,0.192464812601862,8.13685224970845,-1.81513342263968,0.482393549018403
8.20758718332188,-1.01568994538573,0.397106377824379,7.69676795354266,-0.866389367015344,0.456712431543584,7.48347518632995,-0.468948113294321,0.196291893151893,7.54851101243686,-0.536409377982982,0.192108175399522,8.18584408586438,-1.85596767700795,0.457750061077713
8.3065795384526,-1.02552444984567,0.42647915239743,7.95008631695431,-0.932456376375476,0.480324104923079,7.48436827595142,-0.52313344211224,0.203161362073148,7.42184566978127,-0.469575786742627,0.139524752017595,8.25560440748312,-1.87731897575795,0.496202459719195
8.12641371878477,-0.919232461350376,0.350383768864015,7.76570146026954,-0.86281012514855,0.445588658125555,7.60954543603228,-0.553736336145783,0.223588164695404,7.61589664673987,-0.536828620397762,0.208964238394363,8.229564944503,-1.87614790410759,0.504999068193835
8.00510710380362,-0.839724028907227,0.288617285420569,8.00818984073537,-1.00686948863541,0.515036962393264,7.50702834425625,-0.472952647550088,0.18703930952716,7.23970148131181,-0.399009334932571,0.0959160903588753,8.10543139351648,-1.798714396152,0.480697281212474
8.26379611023849,-0.983436884618317,0.385056787205486,7.77140123449813,-0.861610347379139,0.453035751596589,7.44966117267478,-0.432232919023588,0.144321669762263,7.44455942031747,-0.481558658497437,0.141501689406115,8.08459959828731,-1.79109279901397,0.460275932974576
8.08953520535526,-0.874494050767357,0.273809169725493,8.01918351366472,-0.980225789267917,0.521563195798499,7.53413758041105,-0.549451213291833,0.226466072183859,7.20229559964456,-0.363066180463912,0.0986573528718124,8.27864878455308,-1.89911400693598,0.491526727781945
8.01710275376143,-0.872627071455167,0.287807936230096,7.84632869500693,-0.924190896021554,0.528532958715371,7.53784009238826,-0.509901942050699,0.203675896020364,7.38304561816906,-0.420184396217579,0.107571266997763,8.12275622016894,-1.78569575028644,0.435848667718967
8.43410656445133,-1.06473416830813,0.471217893290382,7.82245763976013,-0.908465300004738,0.465962510670388,7.60865971702114,-0.54022525749389,0.2353914949958,7.51251118889159,-0.522044292591711,0.159179658573406,8.16679463467183,-1.80792410743454,0.473372965190427
8.38409644126754,-1.06803984551225,0.358676928887663,7.92410347319395,-0.956228547139301,0.551732019160238,7.58535770416658,-0.518550501713456,0.206358631907145,7.24483535799384,-0.394299044655247,0.0957356441243609,8.23910446863375,-1.86065179645216,0.488969702664344
8.17629123322139,-0.957101710924309,0.340494965861078,7.86791289019374,-0.898498480416868,0.473247898170327,7.46357020459708,-0.48762488754708,0.18386480771119,7.52842349673309,-0.507601113319279,0.167986411728639,8.39777592959067,-1.94132336612011,0.49955577253253
8.01266780145243,-0.802781306050407,0.269989154927797,7.84441588985012,-0.905680884644416,0.480918105471253,7.40106957128136,-0.462270048559686,0.163916897384205,7.62003470090735,-0.546465692597584,0.184623779363304,8.10246213783577,-1.83130049496937,0.516293943006528
8.10298532127012,-0.939048991421691,0.323580828222714,7.70426705526618,-0.825912512269195,0.465906162375409,7.52856824921455,-0.513156098571566,0.207281973032893,7.24406345647241,-0.394608783982527,0.0885590995490423,8.16231703280304,-1.81722630589332,0.480281859165078
8.1951610264091,-0.967897778065153,0.348482648793644,7.84031473758521,-0.942129492503215,0.524008866998405,7.42726970817602,-0.431418972836499,0.15386435137038,7.4582946855423,-0.504097407665103,0.156367110382614,8.15701840868882,-1.8178089417684,0.492081728804302
8.19183065233405,-0.945768681878353,0.30938811703355,7.97304339761723,-0.97356261885307,0.491943828093673,7.66188654022897,-0.569304734057831,0.250788255364137,7.27353926817371,-0.432320688760268,0.122125956136707,8.00131381401742,-1.7320070021692,0.441227219437758
8.41776937032962,-1.09850985151344,0.394204206259166,7.87419631331255,-0.915809065758849,0.484726376154777,7.58066473030305,-0.539006303006334,0.225712933022655,7.61698488900367,-0.532343739128478,0.146214672281384,8.18004260056484,-1.87605863091001,0.473660955490203
8.05556363959983,-0.827918656671839,0.301910319159889,7.92315680226261,-0.951561800924732,0.506176215907648,7.43912580556431,-0.462480323317796,0.169269696994026,7.3771170857776,-0.472566059634797,0.152416290369279,8.15214120761097,-1.84247687998335,0.489588742608661
8.18916193584002,-0.928892702046603,0.317845928444206,7.6698992007213,-0.821534511007302,0.430163100627624,7.4595113212441,-0.481533128289081,0.169165459761677,7.42031162490909,-0.468050905788913,0.142416343469225,8.16980699901052,-1.83325305635551,0.470838300727857
8.41305743447288,-1.1105758180661,0.475920547141042,7.82026697213047,-0.849274000465256,0.418728719318891,7.56306439013484,-0.505942294451511,0.210230873714542,7.37307644484115,-0.467719056399803,0.118711226854989,8.24353741687392,-1.87896444872636,0.510512251964722
7.98795124517424,-0.845822978029707,0.31090532413463,7.73891808824976,-0.846867335865728,0.449801408742385,7.66676916000875,-0.548583099824305,0.241702111658868,7.4926366041361,-0.488857177711143,0.146558314746856,8.34201661096572,-1.95615359341806,0.476279411585183
8.26314366814055,-1.00286433397734,0.349608557490265,7.97411916342062,-0.95277112427865,0.509913020430167,7.60348849675233,-0.525301883698703,0.246229627772446,7.37300197495052,-0.467504545938041,0.118950321142605,8.25327107018827,-1.88803018043213,0.50888079658584
8.20910702053222,-0.963963829521746,0.362312021482108,7.86766349079186,-0.914366596343089,0.447316370635431,7.54151747685031,-0.498298379505509,0.217347963193438,7.10906002495838,-0.339871748519583,0.0839630064124601,8.05518034507958,-1.80406259731582,0.480159367808644
8.17673388295828,-0.925298296731286,0.356215420637626,7.86847402916741,-0.922043551602351,0.45823350169899,7.59012126244079,-0.534674229502269,0.206224578690249,7.35177318464342,-0.430110300539191,0.128278431700815,8.07430927474225,-1.75414205343187,0.447504995265598
8.46443724764759,-1.10456142228522,0.381454182903999,7.97562200471829,-0.958099951455273,0.484109047035848,7.58920927373653,-0.484296384904476,0.212533123935551,7.20758118085448,-0.409891980655432,0.110741765493713,8.38846928559345,-1.96303150925554,0.489407202172444
8.10778622191359,-0.902299986038973,0.319134405045187,7.93322788669236,-0.948256899858536,0.494772979038903,7.56813462534657,-0.495751044793249,0.211809526357816,7.52441056908808,-0.51711325924777,0.143809331617471,8.19595544395745,-1.81893532528843,0.484668486425271
8.2392747648484,-0.982577884095745,0.443045126751931,7.84820529746512,-0.920263124273663,0.457509704777269,7.51152206527857,-0.478848832868093,0.182070172624589,7.41090510275633,-0.452561833880964,0.132167139640354,8.18658798080743,-1.78438240114756,0.49108577763301
8.13098210423379,-0.869623389577684,0.320515896739409,7.84844174339925,-0.94124963890759,0.512038868305452,7.57801673343747,-0.50485170593497,0.198948461151214,7.69394950689399,-0.600512744784845,0.175900114301757,8.16286028595863,-1.83292426386327,0.473972960934192
8.21069144037292,-0.950606996099306,0.364505080020719,7.92335223083995,-0.933846837960644,0.498751316822313,7.44754117444714,-0.490012632620074,0.188104368409566,7.48847887596611,-0.489520788936779,0.15196156393413,8.09065398672366,-1.83040285485928,0.472508511571046
8.33110974026557,-1.0329552125727,0.395549896927576,7.78699145713758,-0.856179938977856,0.461320011341214,7.46797186990562,-0.475340064192883,0.17266901075326,7.48983944770282,-0.513546773564843,0.160889234319375,8.18412980791049,-1.81707554184617,0.49130187094222
8.0140045801107,-0.803432403039306,0.297187562420392,7.8226536971462,-0.910391447256702,0.499433065526316,7.42966228643617,-0.439266098451599,0.17089132152139,7.69899617744668,-0.55858443139919,0.208577516043642,8.22119284358393,-1.8205116248067,0.477716317870619
8.10196803003445,-0.871340354751807,0.323154075559925,7.71782524797531,-0.855840914955466,0.46574267429055,7.67653153751976,-0.597506689669,0.2777799459762,7.6702073801131,-0.548018807135789,0.160641168262179,8.04003608143369,-1.80222269031797,0.478615822831046
8.06462996297257,-0.876326525024878,0.292791878679935,7.86188420041753,-0.91838952908109,0.492263811565546,7.67470044368711,-0.608264577976733,0.280702955890228,7.30784697498287,-0.395804886951008,0.117437376022658,8.38003413167889,-1.95550990377645,0.474777088139618
8.13164052128946,-0.88291175881105,0.317260524230621,7.8082033700502,-0.922880683116977,0.525606418359897,7.55686739780211,-0.535461706901175,0.207539805513208,7.20777552980504,-0.389487512319027,0.102539920531493,8.11734396120209,-1.78274982401815,0.495171252627195
8.3372984671948,-1.02049378876583,0.436080080353278,7.97753508046108,-0.974440870076252,0.52923098248078,7.58467037230867,-0.49951356877288,0.224555622991817,7.67494575873985,-0.576067117173288,0.206092169009581,8.18024374289554,-1.8204926996399,0.46398211132073
8.00823792763634,-0.862796252317108,0.245051170712523,7.81883868474819,-0.894442558311557,0.463538465911009,7.40898026662539,-0.442155294863844,0.151985048286438,7.62964405682493,-0.559215150043428,0.188097581319589,8.13992058263255,-1.8062450805166,0.459471884046938
8.17870635045418,-0.936205383440692,0.310935634355183,7.91254997748767,-0.940667537827428,0.503167239657776,7.38553974901525,-0.429655625018696,0.154818611455842,7.53503688943224,-0.530255022617996,0.196015284901517,8.06878130470558,-1.73348326692068,0.449584036855846
8.10711656443636,-0.872190618424666,0.256176255248357,7.74388561989322,-0.842813337490907,0.435605877117652,7.54268702925648,-0.470427429466675,0.183325547516569,7.46939958588472,-0.507543848458079,0.141767496125179,8.24337104798694,-1.88806114968127,0.505209542191078
8.15486042030594,-0.965354086754295,0.341834208350751,7.9621576717164,-0.960688324096274,0.51228587393821,7.50385085079463,-0.456024721861516,0.169635270564426,7.30037633623764,-0.422290509404025,0.109718010299096,8.19045585455032,-1.78396644385761,0.446069330940953
8.02473193447082,-0.79996059050378,0.301215769666733,7.85875832056579,-0.926091132406109,0.505127266511111,7.54256540403724,-0.535319571499085,0.224229034568548,7.61921562628162,-0.57289423050787,0.193607089123035,8.36999040157699,-2.01662180021796,0.549900244567879
8.50142253118451,-1.10801787516151,0.427776661424574,7.74754510934233,-0.836615023418832,0.435352239364439,7.50199233877108,-0.475210713142869,0.189735051674968,7.18947010615631,-0.36866368131839,0.0990483513435803,8.25183655472116,-1.90124050289028,0.542753494102753
8.18140443010346,-0.9673913050939,0.303566017407874,7.84940273744338,-0.935186310965795,0.485782515820234,7.48024706592335,-0.420957903460053,0.159578487741933,7.39410801993749,-0.471065159433945,0.119680460265464,8.28460912671271,-1.88180492850151,0.483430822182617
8.27027985899596,-1.02752750297073,0.352961805358389,7.9454266714538,-0.959313893573746,0.480167926451118,7.52426139072417,-0.563968635486683,0.230740348062192,7.05838092424775,-0.306160158390992,0.0563657095046132,8.21108677151412,-1.87834798055867,0.501222938312236
8.16619347058173,-0.96923087283225,0.284333424235171,7.69601884562222,-0.803332251495873,0.396986131705709,7.6706139502582,-0.613560409129406,0.275028879990664,7.26960569200923,-0.389982233415129,0.105214260422307,8.25647263249765,-1.89973449585951,0.530812715281024
8.14501859940381,-0.9036406750906,0.311206125272765,7.95112431668316,-0.954674331838333,0.505829300504989,7.53308292385398,-0.529427071498886,0.215196881007088,7.31202248335041,-0.415573337495551,0.135599955645554,8.14215210916215,-1.81454332067865,0.460234331684924
8.30599308551724,-1.01908211837627,0.373113504532027,7.76604293506582,-0.869448162064564,0.462200382795538,7.58250571671594,-0.520611766258214,0.214910443161238,7.34135770487404,-0.437192943237956,0.132257646015434,8.52484521703921,-2.03324519689373,0.548530377131359
8.18738884588711,-0.964153920725364,0.339536150766018,7.81907718653092,-0.870020612337435,0.4711208311416,7.51105805136596,-0.485349248518062,0.204309457336911,7.35950540783798,-0.441036233473568,0.132210532170763,8.22373970458164,-1.87523052341697,0.492357483439221
8.02728171180187,-0.861863424387471,0.322331189442143,7.78454771103553,-0.881824939983667,0.46932842403374,7.54873037722941,-0.500452341168769,0.193675383886827,7.22520108772373,-0.413250508479951,0.117320492616486,8.13465696261151,-1.79855845271985,0.471412100974024
8.06755736671951,-0.87194318186949,0.318214737713633,7.82496141606347,-0.881725837302172,0.452940668208047,7.50202193913468,-0.492189714287217,0.181643900304626,7.51723791455324,-0.503113473471468,0.163233917772778,8.06286755234637,-1.78706434486829,0.495593058324367
8.05979480834659,-0.879796117463669,0.283958738651738,7.84225254533536,-0.937049073807132,0.477902521704858,7.57724212517783,-0.498363423163424,0.20408520999994,7.72468455205328,-0.588158884419672,0.183943235551839,8.05579769365659,-1.72436570559504,0.489199744231612
8.09326652365556,-0.897356947661893,0.307431601960113,7.75529513238991,-0.89531679622094,0.511924941630881,7.5957992352111,-0.526584342928575,0.201218465591507,7.48266134191206,-0.503812786474295,0.156346274754931,8.11315010984955,-1.80026732119952,0.472978514734561
8.19449750028097,-0.957723692721677,0.350227193278082,7.79485023137734,-0.856630724721653,0.438774223371898,7.57690349795583,-0.50717234234325,0.227200973587718,7.36937067764934,-0.452549701918915,0.135870651481383,8.24476729552405,-1.89877563307617,0.489467212751902
8.01396231482935,-0.850286357649392,0.297320555158672,7.81811690502273,-0.908584979521521,0.472495697523527,7.5457663847506,-0.578659337214926,0.235488001162608,7.5500562046888,-0.514695223754752,0.187886331095041,8.05135889953658,-1.81467417636946,0.481515443085259
8.00254657475496,-0.839882676550837,0.291061684758827,7.92665770546169,-0.947099721582617,0.517213919494816,7.54106083101098,-0.517537329710216,0.211662018121514,7.39069403300641,-0.452660358405751,0.109963698069125,8.26754928157962,-1.88285576467979,0.515688244495086
8.09689372733671,-0.851380086326036,0.303645368974542,7.81798635548888,-0.900911012946036,0.473381241612638,7.50171695864714,-0.496626872998931,0.192918832169062,7.4057799609153,-0.472750050668714,0.136909592663494,8.09129608688895,-1.75787012515027,0.469780301836769
8.19342133068979,-0.980058649597293,0.329610609484074,7.87943904597215,-0.957338156245282,0.516538351793803,7.54625659195618,-0.499282161858248,0.220146032225896,7.51369219073457,-0.514759573705253,0.167930607559844,8.10346055682798,-1.76386350649007,0.466206764469398
8.04947760727116,-0.865670561861499,0.267839114059295,7.89045001570023,-0.892700111051685,0.466293238467404,7.45670444542334,-0.420415651860986,0.163674659813213,7.53977355902022,-0.526448880253397,0.189557562338481,8.30222409668257,-1.89905496793079,0.485956938478719
7.96741700083247,-0.815592199656113,0.261890362595137,7.91353194413107,-0.907050806256794,0.47226526907376,7.47357747680898,-0.44722458228239,0.166628318703602,7.52494792904428,-0.49802179782232,0.15883015085312,8.16977097579777,-1.83572707516493,0.490638564442339
8.33272014187583,-1.02776172946198,0.351257848227588,8.03176477255399,-1.00249492072962,0.529292233868243,7.43077967173568,-0.440270762134854,0.162439151680846,7.39387840891071,-0.450048206255336,0.115601358969591,8.10009504776191,-1.7813826443116,0.457964869086528
8.04725486648549,-0.827180171124356,0.3149456507687,7.82978622367739,-0.898358158021538,0.442549390948233,7.58623927277412,-0.561775261237638,0.229422564076673,7.46877677112021,-0.470569288476699,0.143970124703836,8.19079630600646,-1.85054543841098,0.506595314580514
8.16038142048186,-0.92865841396674,0.308486302800252,7.8350393219633,-0.887619630542339,0.482501143139536,7.54996452067079,-0.527818145244144,0.215402135442758,7.36885530087032,-0.441568114177735,0.115810692090338,8.11826713362384,-1.79495894190737,0.458361348114017
8.0101847125484,-0.845093490292954,0.286668738368026,7.81703981706084,-0.854201464568804,0.449231234523729,7.44523710257171,-0.443661179784481,0.173482352008525,7.63637297368213,-0.554260963074647,0.176381693693411,7.96187565049453,-1.71715384416943,0.471138240544719
8.38549469922391,-1.0358083058508,0.438498421000432,7.82422913516359,-0.905593594558503,0.501448826191841,7.52980961933322,-0.513232565309436,0.209170061417114,7.44836596040757,-0.473908135070703,0.137862815044712,7.99976884917487,-1.7375485718591,0.471451031256531
7.97109906568693,-0.826179732559403,0.257734215645977,8.16116236427666,-1.00382280121208,0.5017328456106,7.53274735952869,-0.481332381618053,0.191320451151674,7.64699168048324,-0.568585528142778,0.181155384577451,8.11656018709607,-1.78592620002381,0.461507556449071
8.47518134083104,-1.15529585396093,0.455829281116133,7.7736364465226,-0.881759863753525,0.492788264921695,7.53987807679124,-0.516190569443316,0.223154702554656,7.40005249136385,-0.456351222854113,0.126899628320481,8.13464765418003,-1.81592656808996,0.488901031225908
8.11460965935092,-0.928284526018036,0.317714298483617,7.8456719175126,-0.915656475935754,0.506876651469933,7.48996584498973,-0.466069525899662,0.190902269999345,7.29893707533318,-0.435250896004347,0.123040645920018,8.15912819531939,-1.84555729289485,0.469060506616128
8.12641248135327,-0.886928342603653,0.289603304300333,7.78447768128088,-0.846873016583482,0.454431663243219,7.500032670985,-0.500800715271571,0.194876654109245,7.66090893852069,-0.589110589554005,0.181691574525157,8.07215812035607,-1.75980984364895,0.444314404148322
8.28801188857153,-1.03070836567962,0.410491968840305,7.7827910697759,-0.895942654216755,0.458436325915067,7.48068993882199,-0.496620164862829,0.198131553487433,7.36299319423752,-0.46392686298955,0.149410247577714,8.15586371847274,-1.80397544582675,0.486855225391654
8.40541019578629,-1.07543183182951,0.440696597802268,7.80345513996486,-0.892401285663745,0.48337580432334,7.55752110672416,-0.522369946965606,0.215417836313387,7.60518458229448,-0.561272135740515,0.199616994747341,8.17822088653502,-1.82400125935692,0.470504041306937
7.97775535258278,-0.823850785382748,0.31230050631867,7.90667032267378,-0.879211943458744,0.475790457856955,7.58982018834833,-0.557651186206964,0.237145827278252,7.5298307345174,-0.51001302144997,0.166561363206513,8.14132402071256,-1.82039608670514,0.479433940971617
8.45595126408222,-1.10610258140349,0.412955877403537,7.87600575187945,-0.894362411308708,0.477195895422747,7.52970054996714,-0.461889207803802,0.165647331920915,7.7016454008503,-0.570289249173751,0.191694644465535,8.09510531677944,-1.76285856836158,0.462917932525478
8.26698869936889,-0.988198412068531,0.339030077730722,7.84401459057167,-0.881299449277292,0.461896684706299,7.52789866093799,-0.554302544260398,0.218773082130445,7.38127128152903,-0.417246501673313,0.114968462699637,8.04273976955862,-1.76224745113987,0.477401956861567
8.21157574167485,-0.972955443272975,0.397041320290833,7.7755596541393,-0.89407636705728,0.461364282611691,7.44689274152299,-0.481131267376426,0.194596463747392,7.55765515056283,-0.525054873297337,0.145161259267812,8.19154162414655,-1.84609986984706,0.482976531832138
8.14432491792103,-0.95183689158493,0.3165438904579,7.83126273242146,-0.891464535961129,0.487845541207913,7.43427629441021,-0.461053533663225,0.163623845921289,7.33121442147971,-0.434643735027195,0.0937205004819936,8.1437219318296,-1.8315345101937,0.477446776002061
8.22097482416946,-0.954459798254378,0.337122518110011,7.88897701779118,-0.921033251492502,0.486080063557257,7.44769926854374,-0.470982396039194,0.179445293274853,7.52648197934641,-0.507281240473185,0.163862222896024,8.3274784435633,-1.93817704768319,0.495208402987121
8.26334476028865,-0.969708715071426,0.269923774550332,7.82895684325979,-0.872761898440922,0.458866882827904,7.44180266492804,-0.463586202585117,0.169378959661243,7.53195338515856,-0.502256476574994,0.16193458034726,8.26517145891698,-1.90142183699796,0.438080851219954
8.13318073445522,-0.917709015772797,0.309217097888016,7.85184079050087,-0.899951787643973,0.495343965381461,7.62865155916017,-0.528222883964862,0.232432628738688,7.58381557000595,-0.539575337389011,0.172470410541855,7.91656829827657,-1.67578111794964,0.462433005359433
8.21778222118856,-0.921644167437263,0.263293330557263,7.92162355200016,-0.946273729414635,0.49626697022486,7.5843148053659,-0.527120191155968,0.208383611075865,7.39352511922855,-0.443075460511327,0.138420535579789,8.15747805136768,-1.85586116037945,0.47492626589427
7.99730381126615,-0.811801181950963,0.313996336878288,7.97103813482352,-0.977823426851194,0.524299412885469,7.50327603115299,-0.477678601578732,0.175211291895096,7.340805849322,-0.451250698243805,0.0979765750036525,8.20921280952184,-1.82372030566698,0.448743306881379
8.0670801023247,-0.879837607946398,0.320826454982334,7.71678774793109,-0.831723143244842,0.458997903423259,7.40362441007325,-0.427049665814561,0.147951047236562,7.35649001959228,-0.443923473182222,0.0939144604043833,8.32541786493413,-1.91763602275172,0.505930540490205
8.38467693640469,-1.03326057731182,0.400478175432909,7.94472265454602,-0.940933869261866,0.502113011786528,7.58881107198663,-0.503817453086476,0.198579877014571,7.55257170733621,-0.553664735965358,0.179954052478362,8.21235535819963,-1.89988902231794,0.515455079728349
8.30508277658049,-1.05340574773616,0.460147093026579,7.86533642004754,-0.923644983425433,0.501971475843752,7.55993522873386,-0.508251085319684,0.222737124545039,7.54999386865997,-0.522028707600613,0.150857580554635,8.04435718736397,-1.75711648687973,0.475843128709593
7.9744587198379,-0.819560206551106,0.243254771556814,7.76795228179353,-0.869639666572419,0.429303672520069,7.58044812859934,-0.555171898945881,0.224528072466623,7.6180963646203,-0.502381551634261,0.179408147746165,8.03237206330073,-1.72711347028879,0.449834685098817
8.22470175791484,-0.9680900045813,0.294249364347612,7.86339154995387,-0.891567908590105,0.471415594451605,7.55131531720289,-0.57581615381144,0.230196940227306,7.50144994276108,-0.533145352786142,0.183942303788472,8.17602088260655,-1.82494064626438,0.474856622084224
8.1761786794643,-0.958483196251018,0.323400460828413,7.73847517016419,-0.852728081487752,0.43013013616755,7.51401294299539,-0.498485482622769,0.186479989300476,7.49213463904738,-0.475450420237343,0.163673105005469,8.2057816154528,-1.8711955609404,0.488021759921681
8.17933264108688,-0.949232369577671,0.364288559896993,7.91922025921921,-0.937238043372411,0.486469073282211,7.5268015178951,-0.505466465655306,0.212905823372791,7.45179681815311,-0.492762342566452,0.150837879684286,8.32810835134184,-1.95025295980899,0.484821924124357
8.03663214149622,-0.831578522751132,0.320450815268343,7.85774267639348,-0.92869228475801,0.500223764061155,7.50552169316963,-0.506576260243109,0.187551892823634,7.31999894166233,-0.454633394414876,0.125542444099052,8.24928157895069,-1.84067827851939,0.518404441504846
8.05741312618754,-0.856052518566955,0.335809747794983,7.80655943187335,-0.897868067651852,0.485477801803543,7.46784209540775,-0.481324718125669,0.185092539565047,7.51334933908167,-0.512516685725726,0.166041332737672,8.21560305490745,-1.85440013806652,0.482471213210556
8.01372546131198,-0.862649042138165,0.253958621335688,7.77883981011563,-0.861894222427724,0.437154298406374,7.51838760137,-0.491441131050137,0.183234108276203,7.36971210600947,-0.47314374789421,0.158555582291147,8.02338518336519,-1.72202003957992,0.449392559334254
8.13253673383376,-0.896126713958732,0.283388451119799,7.92008825998992,-0.92931106245028,0.489766579939166,7.4328004810084,-0.457462279085308,0.170668634838016,7.32260709002797,-0.43500970524761,0.133760075612932,8.33416064782908,-1.94256033269416,0.503372569277952
8.38447072488974,-1.05729514284372,0.42920601925296,7.85398647832681,-0.928777012034773,0.503505337402005,7.52092403322346,-0.489289660628484,0.190081169059344,7.59602395264171,-0.50707946763028,0.15691567009357,8.2363188695226,-1.87175281302732,0.491230910749987
8.24236284656019,-0.992328840789262,0.419421520651049,7.94714801680857,-0.929466948313859,0.470595909955944,7.58042606411866,-0.48370704342334,0.205032588621101,7.71080405766317,-0.568516192920632,0.221388416190738,8.34537316186982,-1.92651089517547,0.496098349448615
8.20769943878792,-0.956023801574746,0.348621797209546,7.8252025708626,-0.93695404059395,0.514393263699659,7.48314748734378,-0.487170132343906,0.184815693948993,7.4890058254209,-0.511863044161422,0.164715078292861,8.10730475549247,-1.83294395105708,0.469084967296981
8.08052236314125,-0.885051801806294,0.254733663588395,7.77146689451705,-0.847392772734959,0.453504518923174,7.54819629688798,-0.505351557803162,0.207810728707634,7.44421743359037,-0.477802394173196,0.156298341072826,8.13721565304811,-1.80637775541659,0.439021294488161
8.26727412682103,-1.00434154767712,0.315153475627574,7.97825321757332,-0.95910695231032,0.495074792547914,7.50831062067378,-0.482783330527422,0.191200313213715,7.62240600710474,-0.555518691126872,0.193011595722929,8.09585270136421,-1.76005014200756,0.481003002158457
8.42236747673355,-1.0750391518248,0.431307899890536,7.91241133852999,-0.952010623988834,0.482507658645933,7.58524396865142,-0.515783285670879,0.207714774425706,7.53235156876854,-0.534354613069678,0.159629749909677,8.18964506503957,-1.81689102790784,0.489473272617828
8.20209879828615,-0.944838182639781,0.327562913409931,7.99888267550037,-0.989138880450328,0.522899858101274,7.54365619816542,-0.522392879133763,0.209511404842695,7.49318092141379,-0.488576601556301,0.140301104478393,8.34773597461064,-1.90761314993497,0.51925932752517
8.16085311098203,-0.963756939861994,0.348124422473214,7.94184947704572,-0.924048581543281,0.474208846908804,7.57363967946328,-0.545407146594133,0.233453730469283,7.40259076469053,-0.45733710131353,0.110274942226768,8.10364096448412,-1.82212720450877,0.506143434574157
8.04692688214556,-0.875669774479586,0.310802761943007,7.86619884586368,-0.913093718482839,0.503193901725286,7.58617748282821,-0.537881713695453,0.217314142433537,7.52528763497082,-0.5112605630984,0.167204685223128,8.1593097305073,-1.84287513575016,0.460602391316362
8.10932182092406,-0.903170683477586,0.285233248978443,7.86901901189076,-0.936055318494512,0.52158739661828,7.59316223379079,-0.531952628981905,0.236690478465372,7.38237280846018,-0.466624904553854,0.123985404091219,8.13781281863229,-1.808939193298,0.510139763430972
8.2198606188386,-0.972578171035559,0.310352848129426,7.83012177391071,-0.883629718373484,0.488965237364915,7.51608801595041,-0.518516317142852,0.211842523484335,7.4465676108167,-0.462454882553354,0.141784047863072,8.39916911478185,-1.94773380431872,0.548851191350727
8.13336435734099,-0.910170060964323,0.29368936461443,7.87980416574499,-0.975712165315043,0.543670843232129,7.53215750004721,-0.499440526987636,0.188326221090852,7.65027636969823,-0.575074732389095,0.184561880068818,8.15762322371058,-1.81129271366964,0.46028973215942
8.14123776298085,-0.928742689091149,0.344025993263871,7.89316875785526,-0.957081979332321,0.52108302600445,7.58021786680826,-0.529665384410524,0.219119266223794,7.30669473832404,-0.417409917914765,0.113215713863864,8.15051465568099,-1.81265031018172,0.489060620537682
8.27756984414599,-1.00455062402378,0.328757416299403,7.92116198089083,-0.937520309444799,0.481653854321622,7.47326417444539,-0.473025996224725,0.167306331525988,7.4392854321542,-0.480824857834733,0.141546555838548,8.34163762055203,-1.9346472294917,0.47280931749191
8.21728801431726,-0.951734568487468,0.332974067768528,7.85066957875456,-0.869705240882664,0.488918018258953,7.39956575470914,-0.463768226686567,0.171571093661477,7.66838603718231,-0.564800527397423,0.184599256471992,8.19618004141159,-1.843187952968,0.493418906352271
8.10647599037959,-0.870253493611646,0.31055326368616,7.89953062858231,-0.939120318322893,0.529074465526237,7.44307296614486,-0.460657742350869,0.178184041162601,7.60423494745846,-0.547286171242438,0.156713947299991,8.15827860094093,-1.84220400743633,0.528849280161966
8.01707115977826,-0.872429402736186,0.294229657734246,7.7384630096705,-0.859950590701972,0.441999169432272,7.42727207709126,-0.465809915623995,0.167131165226617,7.30581685699223,-0.436520370205312,0.121178075669766,8.10828582628279,-1.77305375785649,0.506290556845515
8.48068392763946,-1.071600766558,0.486656371002174,7.82591794786574,-0.900719355710849,0.454744699647948,7.32710320140289,-0.399597728189137,0.127702459060715,7.39251413426327,-0.464922059784301,0.168505253894041,8.08249919350829,-1.7645887567007,0.465884621797337
8.54204889501259,-1.1909008914313,0.482945169613632,7.79855796475929,-0.858202371262663,0.477734811081822,7.47872676514289,-0.480932992606575,0.185824690418702,7.66275979990126,-0.578616213152183,0.186110085700556,8.08756624621022,-1.79082301505768,0.47820548979441
8.02524979095794,-0.851322634639444,0.25146321017002,7.87424782304604,-0.905381533992569,0.483787987012305,7.52423164041097,-0.500367254718268,0.194818264636381,7.48049206344161,-0.505076904736112,0.178645377560242,8.12929585488664,-1.81285455196632,0.479036800458655
8.12085664776157,-0.889385612869638,0.291330568311576,7.92109074468817,-0.899704799857239,0.443436644573964,7.44276415791613,-0.482357077691488,0.179759396769387,7.34806057407782,-0.445602385457697,0.126654848848792,8.16792617953639,-1.80956652131094,0.490483928140404
8.09757977737583,-0.859854512730665,0.262078439673568,7.82598276269334,-0.878180725488573,0.474662673697395,7.39569525596082,-0.446658226449607,0.156283597830716,7.40368967483737,-0.463771020588054,0.136426187727842,7.99332551434686,-1.75767159999603,0.509187648694371
8.10811704539856,-0.921748710842882,0.29448574136996,7.87630647779198,-0.909460600557327,0.488432505676248,7.56040630757326,-0.514097621423726,0.205349413994929,7.65785206449253,-0.56879105229798,0.168319787966701,8.17891606039632,-1.8279664485607,0.498181085060711
8.09367934413481,-0.866593626233281,0.332479888723658,7.90612815103011,-0.892733515721004,0.477524498642436,7.44273506492684,-0.436636298689721,0.163321236425901,7.32325426880054,-0.415071063574348,0.120524081292129,8.05752416657859,-1.80351093100733,0.492405096320225
8.31704395367672,-1.02436865130088,0.391179257007435,7.80394729341799,-0.890988933278642,0.473038194304291,7.40840697241606,-0.441660338832145,0.147524369865409,7.35157683312659,-0.463571304928586,0.146881264016056,8.01905708016091,-1.72255328939469,0.421720417674437
8.17595114460483,-0.914283259747944,0.294336937505975,7.89365456172439,-0.92041646176198,0.494062600079379,7.38662967626055,-0.410691634435824,0.1379929807574,7.49094703451052,-0.520894648645295,0.155840185466816,7.95820095380126,-1.7483170537913,0.454466281135472
7.9824589380805,-0.821709262617474,0.281139998588032,7.86601425518964,-0.971179744864933,0.530099469089286,7.36833289177963,-0.40824539834715,0.129876762456644,7.56199135366009,-0.537791427757652,0.180129854304845,8.29224917916196,-1.913073002313,0.525646158526639
8.35490040421056,-1.03579645537994,0.345429129756091,7.80155181614746,-0.919833114080321,0.459400069766084,7.38875825081459,-0.431216933513861,0.148623526037823,7.5226562462465,-0.539181483964788,0.209982756105755,8.40073590157042,-2.02870756979253,0.522242449009239
8.47973134907709,-1.08953588458619,0.41934284501636,7.90494786948841,-0.913561444938753,0.473463984182118,7.58767631372279,-0.542282615132488,0.208062732289832,7.45421296589269,-0.49313882442916,0.162558556969777,8.12355747729374,-1.78038170447936,0.481477229346014
8.16856018927395,-0.946211969590812,0.295773715858741,7.7538887175388,-0.85697911920825,0.458358077799484,7.50623450992941,-0.480050243230057,0.186519513886621,7.42675219993861,-0.463159196327319,0.131108244820593,8.03841765008784,-1.74178975630957,0.475254553699973
8.13000262276111,-0.904759822566585,0.316175294160437,7.83592000843829,-0.931653335272745,0.503647937981545,7.5440003370833,-0.510771046171085,0.205784319693838,7.61509367431839,-0.566463624170943,0.170811647018656,8.18964690023908,-1.83431673904156,0.496508540332594
8.14875185744313,-0.922048571156815,0.298325236229022,7.93296928456714,-0.936287887438707,0.496021166171254,7.45378590839637,-0.450136092300954,0.156064757821787,7.5471533176948,-0.515999808739328,0.182148529935553,8.30632834892812,-1.89228332010284,0.49209328100466
8.28561385286759,-1.03618788694334,0.364324752619377,7.94850388311084,-0.973311203099973,0.513753603692627,7.51803885362237,-0.501963513660971,0.214328998578901,7.52496866181938,-0.5014390376285,0.134025953623901,8.14061558683492,-1.7959200754181,0.491302035276771
8.08893076260833,-0.890765317118351,0.297934067316869,8.03066817014411,-0.951843911272684,0.506227263641268,7.52930932368185,-0.460634726476374,0.190988268344436,7.38470192475539,-0.453791017804586,0.108972150628518,8.3205320887685,-1.92902840092253,0.489329698226655
8.18441287308811,-0.958106335672518,0.335294072089958,7.62395552395761,-0.76780180007299,0.398356534556888,7.48224165952759,-0.468373926718051,0.181715105367567,7.44542650744446,-0.481439864157302,0.132597852959107,8.21612286334009,-1.82385309464262,0.481426868829437
8.13278283341846,-0.94998343302161,0.34722568322974,7.83836208692775,-0.867338420992734,0.458490278059478,7.6425130297249,-0.553183571514517,0.248240752527094,7.48209445295907,-0.489060125607846,0.135240167524195,8.05486906847549,-1.76459426975699,0.472265819073843
8.31221748756781,-1.02695459597293,0.367510537640607,7.92447470537574,-0.913440866764792,0.506397981709447,7.46644502318957,-0.469970189866223,0.163879528609133,7.3230772816264,-0.415986554183428,0.110409499016394,8.11734884134452,-1.81772502292859,0.490508285008268
8.1274256666204,-0.919865387355598,0.303204131179683,7.67472269731747,-0.840557824421336,0.469253331939902,7.45646259899907,-0.46372313706219,0.167765029285094,7.22453751553934,-0.36727236348919,0.0885860843494581,8.01833441619998,-1.78560561093392,0.490870971310127
8.13947735826687,-0.906351153212864,0.341715274812725,7.94738042317977,-0.916522712939807,0.51237701421498,7.49129534791797,-0.476014997619935,0.181632115439953,7.4883937602555,-0.491472460186797,0.121964907352535,8.2599559060674,-1.87243012704384,0.500993878945433
8.05196184791725,-0.875853360459,0.295577456814723,7.7178348088384,-0.856894702446841,0.445239939718578,7.43586422503343,-0.389843601777052,0.122537699058563,7.36691066062139,-0.440793116628539,0.134076276909484,8.08587498735877,-1.78980939221352,0.485836803890725
8.38703744390815,-1.08384627453185,0.426118427064401,7.88227298841667,-0.902611001083163,0.460312581790952,7.62120544884456,-0.567199290182673,0.245448740250897,7.3430926211173,-0.456861653246616,0.121805427711644,7.98809452864497,-1.70562906406662,0.463999845589383
8.19875991100637,-0.950688925520765,0.327853503777849,7.79730733575489,-0.872989592650604,0.480715472244048,7.51701743236196,-0.495649582331484,0.195954895451755,7.50312874589409,-0.476791612557116,0.132739924248084,8.14819065337182,-1.87468432269588,0.507372091360194
8.20829696946656,-0.956669881599502,0.326518959942111,8.00506616171925,-0.964672946595396,0.525970634116454,7.47725258882984,-0.476069961548015,0.191253414091367,7.60037956532867,-0.553114520865445,0.220760802917745,8.21315364357231,-1.89469712262447,0.488416924719974
8.2604691230741,-0.975392831971877,0.353891648613901,7.75627931205266,-0.856499680468337,0.448546982752684,7.44982057443392,-0.464706618172549,0.191828057549421,7.27680301218928,-0.437668973976199,0.134393028347328,8.24953020266162,-1.88938666485775,0.498127820435671
8.16205886783649,-0.897127105378501,0.354419953804019,7.90863776597145,-0.958646148344103,0.509815020792332,7.4240969948371,-0.449395102122083,0.159569020068697,7.2833092941181,-0.421354100894581,0.105082817062355,7.95052380818625,-1.70716164016768,0.485331499182576
8.14119248183409,-0.887965980849835,0.320100907407676,7.93760016072259,-0.973398090734395,0.524274332533987,7.63081399404404,-0.558802082552892,0.237827241121375,7.23453937331238,-0.391179886504717,0.0944736663694039,8.32818681622228,-1.97553651920689,0.476487456969096
8.43200134313911,-1.09396038038024,0.432508343776255,7.81591349709046,-0.892620729799743,0.477862760048912,7.52374934138356,-0.505313007604427,0.185329853677243,7.66185037904294,-0.567529268510144,0.167076193607957,8.30121513546275,-1.92406198116093,0.515291025485187
8.12244088948586,-0.933618927960778,0.35287743762395,7.7833970001388,-0.872822354905582,0.452180762671394,7.53243595440633,-0.492694807710392,0.203413405970854,7.46201948700814,-0.49533475478271,0.155687430108169,8.042021096178,-1.74782813320372,0.450477948330939
8.16448800116893,-0.931362152489226,0.310206499984532,7.73636703335833,-0.857444183979556,0.443316321340975,7.60160596573757,-0.544696991057397,0.226474635568185,7.57601780702044,-0.542101393399091,0.163022963179998,8.33135545980091,-1.91490850839407,0.508150249031754
8.07688157469456,-0.868877944132365,0.308576197926831,7.80359794909301,-0.888778553787924,0.433501909950186,7.53926118971196,-0.520602412551168,0.20696619337626,7.54871999877892,-0.523321989752455,0.173325398812412,8.06927301928672,-1.79498259475098,0.501396353994255
8.34220564442433,-1.04549631760197,0.436752254256592,7.9566841939486,-0.945417891530287,0.482010745612864,7.57517025109856,-0.517597350374465,0.208635363250733,7.52812320678758,-0.501486156619513,0.148668487440235,8.29648204734074,-1.88396762184508,0.456734380987245
8.41016803951785,-1.05304107739165,0.439315024339819,7.86206485668382,-0.911524096824614,0.494419708551737,7.51409046925109,-0.486462892042207,0.194716784844652,7.5695666739051,-0.528615367668518,0.178121498420295,8.1898996211125,-1.82128443345849,0.480469483285184
8.33875641196061,-1.05650526288666,0.451285486317146,7.85262976852718,-0.923843847393594,0.514703262146963,7.3973407672099,-0.423021323995835,0.154096969739794,7.42909176767069,-0.462732611273938,0.135413506060355,8.16440408250265,-1.79583183444566,0.451007565346935
8.23449529212228,-0.965566177721632,0.317097045627169,7.8990685428727,-0.929160913471708,0.501710994649721,7.4929878615638,-0.515028861671327,0.201955629449382,7.4468464020271,-0.475186262593472,0.146652871473847,8.18634196305314,-1.84996857747865,0.44377348417797
8.19094253532892,-0.936091534121823,0.342477089135286,7.95847145984258,-0.975326457451266,0.528859572330571,7.57609852126787,-0.525439162289878,0.217044198236552,7.37962068836563,-0.462616482280052,0.125470190668563,8.23261787089446,-1.83763509265271,0.473301557333814
8.10131237332104,-0.868214145721666,0.296750677511398,7.77832266654819,-0.875435090135859,0.458362269188094,7.39260031061539,-0.387538965821067,0.129433814453001,7.30119415530818,-0.43626326804369,0.124559708275334,8.03559242611628,-1.73827643254861,0.457215132424672
8.36055720461295,-1.04951541088121,0.445760492876857,7.90330874157011,-0.953904169680443,0.493790744615148,7.56520247583094,-0.532267860237165,0.211976790340168,7.56763227310411,-0.534919571959835,0.1634328392381,8.10637522006621,-1.81175802764918,0.499246652060996
8.12376042950622,-0.905838248185336,0.346755907647499,7.92813369578399,-0.936162981724409,0.512260064891781,7.5958210624125,-0.556207982507473,0.246962720064278,7.50423168484668,-0.51588123115734,0.156918888986219,8.28072627402533,-1.89413009895406,0.480912856970419
8.56673721007742,-1.16832990787477,0.498703010737428,7.95019661094064,-0.94486578748664,0.509758916586397,7.44865152709084,-0.49271027527287,0.19313383947894,7.51482557856889,-0.53069454918548,0.177499501142974,8.1439052327111,-1.82084346304711,0.457441607668417
8.18704396362732,-0.93974725027626,0.366935737937597,7.76499978348084,-0.864674546220251,0.456712745298274,7.44320386889204,-0.452381747275747,0.167864847887532,7.39350571316888,-0.440331595515723,0.129953945689322,8.10803970786853,-1.76657434118856,0.459221183825249
8.48095413575157,-1.07718512055812,0.460957129387299,7.8035825580594,-0.932818599443784,0.491373065629203,7.49100765881332,-0.477067974278202,0.197517012185482,7.52765878952078,-0.512937532034125,0.146617144033414,8.30570730472667,-1.94332397521916,0.525715814536162
8.23133794263396,-0.963616945222767,0.305209685819947,7.95697177295573,-0.93658412700479,0.516949410802863,7.59343841981961,-0.521378421144133,0.220008625315522,7.53012451194939,-0.541392182343867,0.168415641497051,8.30112749479978,-1.87255896423364,0.528378042620883
8.13695190905479,-0.939510114427891,0.316910389932386,7.65737788297962,-0.802060521796358,0.423052214305471,7.48870908032812,-0.474948431887318,0.185022946677158,7.48154727846185,-0.479269303444045,0.14498253069998,8.26487131108993,-1.8531939194697,0.467437068304717
8.05473660566013,-0.829834899832721,0.285112742587531,7.88642647187145,-0.925681925500012,0.484014826233844,7.48943133245381,-0.4781997702308,0.174060826059172,7.5522081531294,-0.506694705546737,0.168496964562952,8.23866988007975,-1.8815423537317,0.496767445766141
8.29937546906945,-1.01249068711514,0.450651509769124,7.91809490376795,-0.922498669194326,0.487963522858613,7.55826419468204,-0.536710394753512,0.225923221311233,7.45577274898522,-0.517319614559283,0.16021446917519,8.16830703763284,-1.8465471426413,0.482344601254733
8.44475690557378,-1.08072169562448,0.432349682139863,7.84546906258292,-0.895251993946652,0.458005308903294,7.52887246596985,-0.495626349517495,0.206451012413624,7.38021237352954,-0.443838575797463,0.121975966175387,8.08926384850716,-1.7869510006822,0.48963925580271
8.01967864906955,-0.876429336485947,0.314411611368081,7.78351442939238,-0.853431974474625,0.462439308826334,7.54428757507583,-0.529196252696216,0.224810017091206,7.40590469619021,-0.450941536252701,0.131326041743009,8.17357695403701,-1.84297919088272,0.509957948840439
8.01554314869347,-0.883161037485556,0.291707089706931,7.72997957276787,-0.84661896496388,0.4594463246984,7.48334953228373,-0.493546566501056,0.170189920034821,7.54707044666438,-0.514953750649695,0.171056507682806,8.21402686484515,-1.83308861841155,0.484092247740181
7.90947261581498,-0.791480974595678,0.204357949686772,7.79199568368297,-0.89076573071227,0.455045875523147,7.4751365754126,-0.473366634082151,0.174270925328247,7.29312288676968,-0.402537854705167,0.110819333867322,8.12967922389238,-1.83012391439862,0.49882717006667
8.0481646827618,-0.857465735942098,0.294974922774032,7.80185988561034,-0.89372888761429,0.479112769514811,7.58398720529711,-0.540663253927233,0.214280461614592,7.47743781728868,-0.471123880776465,0.164980034257515,8.15252390310992,-1.81550800047917,0.482166077684884
8.43049265183793,-1.04811553707286,0.486091021640615,7.75412809077236,-0.899380313462211,0.511958538364154,7.43353815955206,-0.459498769631178,0.179008872138038,7.43697259672415,-0.474632937418761,0.141701282194513,8.12540706567077,-1.82497376951297,0.503249055037635
8.09836215127829,-0.892897625415367,0.30921595811413,7.91471380774197,-0.921726092897128,0.492601694957053,7.48648972445526,-0.466198451071614,0.184086565340547,7.43813742099995,-0.481834196200186,0.144132430182327,8.34515189458481,-1.88022163110313,0.493950735185498
8.17941524338656,-0.930061049076901,0.341936289182239,7.81008284770297,-0.911240472825362,0.513139881533836,7.49791044104055,-0.458852129657968,0.171035441922307,7.42286984896349,-0.476916461304765,0.134753500899461,8.20049561723381,-1.84446168709685,0.461178346562059
8.14039114987304,-0.954150268286052,0.297855557412047,7.81128110109869,-0.857955302740882,0.419565665417888,7.48176838235151,-0.494147101211848,0.192411411207574,7.51312425096251,-0.50358350930669,0.130406358595657,8.11546746979615,-1.81607125138478,0.516220082841019
8.05735500671755,-0.892952966436307,0.301749350509206,7.79820830971926,-0.887461461495679,0.477816375329314,7.59188456958695,-0.537253860189163,0.216239780338906,7.39663429218059,-0.469207306695899,0.160566079557473,8.16199901528526,-1.84825890355552,0.48581527262213
8.10919099446328,-0.868407524494266,0.29770708422854,7.97591368888381,-0.937952834886437,0.498489283957555,7.56315169142608,-0.507635578908286,0.205107557117862,7.50855618674369,-0.495996140839583,0.180883329119802,8.03485276910607,-1.77783345583363,0.5179667864799
8.09195394130577,-0.896797023267695,0.275403575418731,7.92450568095279,-0.918396376911125,0.49362014666918,7.42036301081976,-0.414381170444831,0.145127850998881,7.50624305594133,-0.490128904090832,0.147570246418141,8.2200517849424,-1.8714157667059,0.436369121432245
7.96209272782714,-0.799314393519152,0.266679012238462,7.80281465658517,-0.848882905610259,0.445169969742864,7.5674953039633,-0.522904786255417,0.215062396790305,7.62556111634049,-0.571639581181157,0.187002644187008,8.03593028603989,-1.76403008793415,0.487746521351631
8.26897154653315,-1.03387706401746,0.37413328295192,7.79423991139587,-0.862276354403518,0.451660569910841,7.52953166019549,-0.491017718821621,0.186810961620364,7.67819989216747,-0.573585246869779,0.207775133946599,8.08493951562463,-1.77111105482324,0.482132037904899
8.1369002529252,-0.884046636650264,0.32620580358484,7.87395782484655,-0.894704627463397,0.492127622866743,7.56440555146395,-0.486114889500634,0.199938287153475,7.18442103050426,-0.385835620420941,0.0795219846961803,8.21564109848016,-1.8217417786109,0.46318279471306
8.06997391086918,-0.902776024474078,0.322310297641582,7.85388797448764,-0.928744945159906,0.496617989039737,7.531482413483,-0.508398791602028,0.191958777078478,7.50822381358702,-0.504480447318821,0.155409532793659,8.38673582580521,-1.9383837408285,0.487963047293563
8.24044929940618,-0.951179560240994,0.327086865724375,7.86900312521139,-0.902232329546042,0.475041489723601,7.57484989634835,-0.551676624107918,0.23889179629898,7.49905415975739,-0.512445444917463,0.165574419640904,8.10943850783028,-1.81164940985239,0.452431636128467
8.09190366662576,-0.890401839313462,0.301063692745473,7.91804491493129,-0.966414739571791,0.533384660619471,7.49630470162548,-0.514369129772337,0.213349950554493,7.44828825028862,-0.490822764910972,0.149435409800151,8.25414977586602,-1.87936981090588,0.51142420486059
8.24631917828588,-0.985915765539918,0.371501224093559,7.84879032347158,-0.901848095697644,0.468213964318722,7.53450655055027,-0.524954170011536,0.230967136473813,7.62805221451477,-0.558546438767393,0.181729119268849,8.23788813914427,-1.87917201275174,0.523334562633815
8.10124163402424,-0.915898508215883,0.337822739174612,7.90032583561997,-0.915158452921743,0.479466749360948,7.54862704768861,-0.489874824003451,0.195942084772309,7.47260128579634,-0.479262501620291,0.142543791935972,8.18726317863415,-1.85618636342291,0.521790952771361
8.17301150545052,-0.908194746921004,0.352979940151677,7.96459497656897,-0.974139747418631,0.512558358601218,7.4291979512377,-0.455901022680864,0.177059533300777,7.36771826808338,-0.444283483349748,0.124434890108715,8.12887759231592,-1.75537177208452,0.457480946614949
8.46515124646043,-1.07772460237219,0.431268514010124,7.80197901179891,-0.85240696787954,0.474995121177619,7.60131079538546,-0.556423484786023,0.248691001100385,7.49606125268455,-0.489120533397469,0.145591874602891,8.23551040589768,-1.87283067374321,0.50861452397989
8.39685610136127,-1.07852226148021,0.420132753783605,7.90492187540723,-0.892360555378372,0.429244889712397,7.51771601850413,-0.485962452490725,0.191213427563997,7.49305697966512,-0.479685377518249,0.140252544870949,8.1033226362941,-1.80549784665137,0.495793666214242
8.09548271667503,-0.848497465679606,0.329130413845343,7.87953933196285,-0.933252107757077,0.51794437719141,7.52893977500164,-0.540668454836291,0.228273257785495,7.65436528181609,-0.56407629169166,0.23333643437769,8.1610029024149,-1.83406262763838,0.494239564307015
8.41815718119906,-1.11137682068792,0.393429160671898,7.90993591412856,-0.899352351821234,0.464064031870056,7.43261838722589,-0.451335699859366,0.150825428982804,7.4470482907862,-0.485003807394094,0.1394054226328,8.2497900790269,-1.85710295629904,0.503600082510673
8.33731376192685,-1.02647333911117,0.389542535841535,7.89807443202577,-0.893091476939266,0.465186264044917,7.62302520867274,-0.547238775228012,0.232312519624573,7.37648659375528,-0.45638419781507,0.147754440916678,8.28437459154879,-1.87027139798157,0.501961389565245
8.36021816145215,-1.0356000715757,0.336507970941375,7.72333497744145,-0.859924003308633,0.465091878692177,7.58150236342694,-0.499300807366131,0.208290555535005,7.46132804401794,-0.500604278279719,0.160209380773225,8.20615548273021,-1.86689788570173,0.514808185150316
8.23307524435944,-1.01881356045952,0.341132988735843,7.93235533065641,-0.948739864373618,0.528432673217788,7.52416607345652,-0.488867787411047,0.194322774860627,7.59008828018166,-0.524734414847847,0.179039427862543,8.08165027390671,-1.81176579568496,0.490291701037941
8.03969095357157,-0.866938532631683,0.280478793523825,7.94898856213899,-0.939966148847295,0.515630903825697,7.52873204663143,-0.531369286526009,0.216908135961003,7.40145467436807,-0.435792617316487,0.110409286189766,8.12132413197273,-1.83117199713435,0.465753072154086
8.69582582643768,-1.23343950721054,0.437900000328306,7.85348259617026,-0.89294525802391,0.465341133917675,7.47728871920093,-0.481612110528598,0.178996227933548,7.45421886226603,-0.467754020088555,0.14194754271526,8.02110185648793,-1.73016878087142,0.475800271978472
8.13648665793086,-0.912277967881185,0.289060159889716,7.81234613739582,-0.87978723722112,0.470726000764167,7.48602905740892,-0.48505878788518,0.185147512635241,7.54090059940019,-0.479256049443802,0.166685119280382,8.58134958364058,-2.13152898127127,0.550981912125943
8.22212247509678,-0.926126674880119,0.2616180101739,7.8433117766695,-0.880198604223863,0.445188575204169,7.3753907431384,-0.411784191504521,0.140108333756993,7.50877894849244,-0.496762775715206,0.159266152661438,8.22542125530303,-1.89546396073376,0.502247199828957
8.28026107554831,-1.01422001475004,0.261132806041643,7.83848406092216,-0.870935072988499,0.445946054852744,7.51858996031325,-0.499495499922425,0.19824061716817,7.5719295880518,-0.530005793874334,0.150187691639099,8.07117102383592,-1.76184967197285,0.459894132814686
8.02322477913904,-0.879944070371112,0.277446744064419,7.98076487558734,-0.967692953720357,0.492263255091831,7.57043775920258,-0.549447258354838,0.229010786144654,7.35940128228688,-0.439543466456191,0.112450943610009,8.27286328185572,-1.8783765306625,0.489253646406344
8.15687339533956,-0.944783326226464,0.343236748661301,7.92555737805903,-0.936345336174224,0.490740825519205,7.39227865086792,-0.45576720059679,0.164036531321508,7.59211740513004,-0.536517540665302,0.178824575295369,8.06243927812395,-1.7808230968792,0.433874429481122
8.2228490991601,-0.978524310053059,0.378698395431188,7.90652707533756,-0.952631146782064,0.527253845379659,7.51563549050379,-0.480094749199696,0.181570865422752,7.47999002326865,-0.484659229705207,0.14801486446116,8.21908163746441,-1.89743751102072,0.512662122733145
8.28781367942906,-1.00462590368626,0.40679330020946,7.93108473177326,-0.897273342526652,0.492653062712457,7.62564100070082,-0.554632989802328,0.251154290225345,7.30930807254147,-0.436446184842538,0.124936428951638,8.34048217614961,-1.87006263491964,0.486117238506901
8.19975659686213,-0.917131363193211,0.31245158809946,7.87556169006259,-0.909874935922117,0.486124415033741,7.45833176761731,-0.471965784301098,0.183142010404236,7.18958907196604,-0.399502244542727,0.0982782504469439,8.04133166769756,-1.77922776280081,0.496293969845188
8.13578344328245,-0.930454611788146,0.315614279307203,8.03232886570938,-1.00908498795763,0.521418326716622,7.41469928675933,-0.442566687950972,0.15373366368813,7.51163371849645,-0.506534335914816,0.146801495865351,8.43276005842255,-1.98050425442928,0.51760931882846
8.00968143012231,-0.846620013162684,0.31388282700176,7.81988486517897,-0.902743554825901,0.506124705056907,7.45587782650788,-0.437103431690614,0.154211998585383,7.20931834130953,-0.379218097071405,0.0838808982782035,7.96002262177393,-1.7326205905964,0.495335362080742
8.47459860678357,-1.08514202522323,0.4389938463699,7.85100636638695,-0.893223259384108,0.48782609336236,7.42290211082563,-0.456114000422897,0.164769594950543,7.57207691483706,-0.531329685965056,0.165736887724393,8.18293198104292,-1.86223154153845,0.485067724655976
8.1182183807925,-0.917276517938902,0.325772230081323,7.88610300135542,-0.944172175973618,0.508757142002999,7.42947132475959,-0.46015675843063,0.155287655324551,7.62032683539038,-0.549185869311234,0.181590085946895,8.32373900502294,-1.91776411331741,0.514028651310028
8.25720089283396,-0.982790950889943,0.333241070985981,7.76950074524828,-0.862705925740587,0.469219556518934,7.54657239503929,-0.50546328162042,0.210107254492745,7.39010055655952,-0.435570474164038,0.143619893395326,8.27253838812358,-1.90591223173292,0.507438162887709
8.14765199929122,-0.899697155691585,0.343499133787877,7.86623675183074,-0.875146868228213,0.475302790696457,7.58319991895521,-0.539030902894372,0.231579698380307,7.33655761267383,-0.44580297319064,0.136803347024394,8.20860805711765,-1.87310757415968,0.513279551664039
8.28428815209061,-0.991958973240285,0.356486516719758,7.84858836916663,-0.914551191249201,0.508662655893019,7.47610317536296,-0.489956948142414,0.192197530980819,7.27668942912467,-0.448731275207728,0.110677128146763,8.41318797991641,-1.97224459310504,0.476326947461565
7.97129246348786,-0.7805887126602,0.253658338742443,7.80488320199035,-0.85941132735957,0.457345621541366,7.51407082153959,-0.516349809034707,0.189199600531211,7.54671417769522,-0.504577990513718,0.152310865117381,8.14071322014735,-1.81984389993143,0.466534765571553
8.37111494047659,-1.06479083623671,0.397946873086382,7.7694147654913,-0.899894797171493,0.543101639926982,7.4842709378817,-0.488009679393531,0.191204905223476,7.27033956244835,-0.413429308881414,0.11733161471459,8.26620457101469,-1.8659927649732,0.474312319767253
8.1858505745303,-0.964328980974516,0.324614372486556,7.97449259118509,-0.925155464366136,0.457052545933454,7.40561744846146,-0.423993032729906,0.141180926627428,7.33087582389328,-0.44722611680208,0.131523569813419,8.295405276489,-1.92161448587444,0.480135254862422
8.16684803453658,-0.928265577418683,0.34295494350509,7.94286694581857,-0.932317954756618,0.494497558454611,7.51158302332117,-0.516182470584093,0.199525242368726,7.3363307510843,-0.431105093867497,0.113353591792988,8.23309746793372,-1.87394008348028,0.504075496387574
8.19059332809398,-0.968600301919733,0.362985318979129,7.87829348003822,-0.923277180896787,0.509545133893891,7.65371778551402,-0.558396656454539,0.225653927686159,7.57629069356384,-0.556185560428315,0.204796804771174,8.3470889224042,-1.95844333810871,0.499859926671742
8.29793450533521,-0.999621335098487,0.40607549377184,7.84875061942619,-0.911405187492374,0.431572521399145,7.53590185260467,-0.532568361935186,0.207560398515792,7.63566101311477,-0.564973116938805,0.208358414879399,8.07241692275024,-1.76672824582791,0.46387973978979
8.19701823316007,-0.976749454513445,0.306490466066477,7.73704614808084,-0.853659137784648,0.459654462668786,7.4348851656745,-0.453855140105184,0.189998197147492,7.362723171086,-0.465448972292217,0.140945363843333,8.18444260484545,-1.86656454269763,0.49467246331997
8.49425777297687,-1.09737038389366,0.376766362915139,7.87557133987522,-0.906192653670101,0.456644696050202,7.45036622696371,-0.425012468660762,0.143574436120042,7.47796808901267,-0.520120096885623,0.161397931589047,8.12445102232639,-1.80177929394877,0.487236151219598
8.07918511677534,-0.852841325381709,0.29810950360129,7.82074781411392,-0.88104404822772,0.414845437509907,7.53849130582016,-0.520286663075488,0.214214888437193,7.35777652805839,-0.432274780236398,0.121592875468677,8.19091977774829,-1.83032037021101,0.495824880875051
8.19657461304602,-0.943801405710574,0.350101769831027,7.77214366051452,-0.8784746023379,0.440095801187812,7.41603937838837,-0.438286084288491,0.152708832799695,7.62851490335196,-0.544483403896804,0.175236488047792,8.12915397816569,-1.83620411729337,0.496008175517475
8.02725099963305,-0.876658246068389,0.316938548453436,7.93817524196445,-0.984810730301557,0.542679770382554,7.39843925242518,-0.415406260823433,0.13183886006537,7.80231590080425,-0.632822276474251,0.213822286309931,8.24378707094209,-1.86417014864182,0.481288150250121
8.01421665689481,-0.899713333488806,0.317004618940477,7.83076537267075,-0.894077473743943,0.47622802308263,7.58149577657049,-0.520475204428712,0.205955201595769,7.44671381989427,-0.503691570244803,0.141830859817452,8.0849362184685,-1.71648761855119,0.447781644733884
8.00270698812143,-0.877916069625316,0.286742625197797,7.86033039690864,-0.893410938722124,0.498988233563352,7.43628871362219,-0.469338741384192,0.163075318977839,7.46482527573263,-0.490942433657653,0.172636206419168,8.37379695749481,-1.9201441283743,0.490815643922592
8.01603706762688,-0.802794141768261,0.246518304806152,7.84795037637742,-0.922633710998821,0.485100073003151,7.48699221696191,-0.513779625723984,0.191085671561346,7.5292463332723,-0.516921291421443,0.164880213971031,8.10904117500947,-1.80226768535041,0.479987768101697
8.12550683193167,-0.877056193711978,0.304406047277853,7.77945936441115,-0.850515819451486,0.432346305714543,7.47939475714593,-0.491285383740317,0.193376328665522,7.28502458821334,-0.40754817964992,0.100427243893313,8.14635097191305,-1.82051181489328,0.465103027382526
8.14995913354217,-0.931842553067696,0.305047571042517,7.89270744097769,-0.880525840674167,0.438123526329838,7.53560213084552,-0.507928485016407,0.202579859380663,7.64378787252324,-0.560874254465762,0.179134172757975,8.20214389503371,-1.8206331713287,0.488344885458059
8.1074886938211,-0.892366831282106,0.310999938794875,8.00074039303911,-0.975806521449128,0.486244643649989,7.40255649708901,-0.412731483708293,0.144076864975508,7.59074265889806,-0.540420041066491,0.186746320877967,8.17091436370509,-1.79104186438749,0.459194408705084
8.1973397328257,-0.958516332325644,0.341525120552347,7.94783220350107,-0.92758910343575,0.428153860103311,7.48186757403271,-0.492569120919395,0.183593467372823,7.59958839639027,-0.549331358920947,0.18975172226673,8.08676465763222,-1.78593379222822,0.499839992017969
8.21999320922641,-0.990614964013443,0.363637526347477,7.86548086686594,-0.93217396722889,0.517888448876265,7.57065911773106,-0.539108081569088,0.232619755750245,7.56534665617316,-0.531513385605134,0.194291061604867,8.44476919343725,-1.98355902541714,0.523677450678771
8.02757919450859,-0.866617426115199,0.307985946617385,7.86891490990175,-0.889384143453532,0.44525433501847,7.59159695797199,-0.485213644168795,0.198037266593664,7.45851043594786,-0.487290603371645,0.146026771234765,8.24921859848281,-1.87775754691891,0.51393348185297
8.05198905078579,-0.867082129251276,0.318523452544685,7.87628146144043,-0.91256154341745,0.424698659776628,7.42800548224187,-0.476562022644771,0.179766709957384,7.55076875635402,-0.523356183480633,0.175547354186052,8.03882741858869,-1.75463529404903,0.478703858127442
8.13010095990238,-0.910700753011038,0.31605448532562,7.81070654864779,-0.89657346953893,0.463397579860409,7.54649700189551,-0.485659573464868,0.180567309709911,7.65945973098794,-0.562696742397675,0.173817436504981,8.15306957392599,-1.79935156910986,0.471018189412155
8.03881186756729,-0.870635721402609,0.310134698143705,7.78489227056342,-0.896634527474045,0.482945310800099,7.4926594878649,-0.487253708554214,0.179909978457607,7.33407120335218,-0.418719457396899,0.104226772241462,8.26460676988362,-1.87646422220087,0.465507516891515
8.0837792057815,-0.898414232847094,0.312378394262553,7.8847974419466,-0.939155406786052,0.499832093992528,7.4604489302624,-0.475346781816633,0.195160365417527,7.5236701923988,-0.521738715895126,0.191393906761446,8.0235003630582,-1.70647198228709,0.451832901142425
8.06134833338753,-0.881450410690853,0.220665187316951,7.90934378669234,-0.938820652252569,0.437963917376386,7.4791364516991,-0.502642827906823,0.184473856940658,7.56686254597471,-0.510967935652075,0.179169066581864,8.1781444384959,-1.84387005738038,0.49933233408673
8.22397698362409,-0.95161965957055,0.397646024906832,7.74970294744084,-0.875156810464417,0.521653349656724,7.48461148011687,-0.460641399278919,0.168740244935469,7.40585279213137,-0.460952430055191,0.151193691052703,8.28184332037798,-1.86633123389525,0.485770956326896
8.0343538754883,-0.835502289315943,0.288406100058718,8.00801233867814,-0.98847169537178,0.505371488594092,7.58412075436128,-0.523863377090933,0.21540983727361,7.68842124188214,-0.566303108731299,0.181154321365529,7.99391762243852,-1.76779879783882,0.468291638010082
8.45082083698094,-1.08128813049582,0.420357741018276,7.86851812816489,-0.91492988085108,0.463876262055048,7.50396195831805,-0.519952822487966,0.210497124064085,7.64663696104219,-0.548120663038917,0.153969800778122,8.23190218985017,-1.87746753701769,0.486813136181784
8.06670289775636,-0.897413433320502,0.324541219051066,7.84591134388299,-0.941581236434965,0.550084189901819,7.53581070186631,-0.50843915873349,0.215316377244628,7.51765184186328,-0.500796953935243,0.168133179480154,8.09448905846151,-1.80853675449407,0.448828444778526
8.40404602453798,-1.11200345339879,0.471855670739784,7.91503248949547,-0.946699382220794,0.550673777585565,7.55690353773377,-0.50977158922019,0.196254456654555,7.55786656973033,-0.513010337829882,0.171194139293844,8.13003390845489,-1.82658461995882,0.493036848552378
8.02058393111192,-0.853618837913911,0.305744703699706,7.89183477837029,-0.91276341601555,0.465772434625059,7.5317835628163,-0.511254162751885,0.199336087255718,7.56906932839419,-0.543476619710884,0.189617955313469,8.3737571582503,-1.91272672936032,0.458329482297593
7.90106847820357,-0.777895819545707,0.198219623174658,8.06112237047143,-0.973997781110856,0.459806996506031,7.54319785766001,-0.502893703768385,0.193024042560093,7.49331227621437,-0.495565054166562,0.147684963658223,8.24084970682559,-1.89470106448167,0.519584062489865
8.52008517286137,-1.15938646624645,0.451322382940539,7.96676775712537,-0.945500227888003,0.487089952052754,7.55330838890613,-0.506420812328863,0.207424338458752,7.61969871689246,-0.521555545895616,0.18366150590494,8.28359201109919,-1.9059176404682,0.486928022482686
8.19167457998036,-0.960032172271615,0.303792784139566,7.83268289579645,-0.910265203989418,0.489167745291056,7.60450027283396,-0.563447793279563,0.23344385663874,7.2997820493458,-0.435584639319665,0.122820570085422,8.46429578950148,-1.99650349443684,0.483961401156909
8.1534872409282,-0.879999175078865,0.320351353345956,7.86929297258615,-0.90115189360536,0.487038727760035,7.51685832109857,-0.50340447506416,0.185886496425561,7.35888403336496,-0.440287902895226,0.11362992523963,8.1690272392779,-1.84383469194301,0.496697780046671
8.17888046194936,-0.922350987229931,0.340980076444077,7.82941563199792,-0.856261317624447,0.424705317000273,7.47495920959839,-0.497857788710306,0.193053472719878,7.40136730333916,-0.475408971633917,0.116151471694167,8.31511068432647,-1.91614091903927,0.491554765889886
8.38390712928459,-1.04410298917752,0.428600013615555,7.81246146562248,-0.88974497395078,0.473164741616194,7.57323987283326,-0.52208504128507,0.228721684877089,7.43171705263412,-0.485004219388494,0.131137466078572,8.16462698864973,-1.85473621062982,0.486467829429165
8.21436220170146,-0.992337922519063,0.358525729414459,7.92428316613182,-0.969739599672797,0.538484780603911,7.55855169473483,-0.510687853441135,0.204775745206239,7.30942912098799,-0.436998999634383,0.114712169785172,8.15728335795823,-1.78058413791131,0.450759154686304
8.19065971400486,-0.970730068180281,0.365448811208425,7.77614966386971,-0.880990874155348,0.455511907350871,7.51091530289748,-0.508489428986982,0.22050213761627,7.34945529632198,-0.46356266387211,0.12411279861191,8.19859267176339,-1.87004517553945,0.494296427836562
8.15361551900685,-0.922772685168372,0.352109350064574,7.96259702312511,-0.950485057887938,0.524135540847366,7.52555159818136,-0.476353733131494,0.193370449940388,7.33370093773352,-0.437028933974605,0.0993968441159691,8.06502102253249,-1.73977843583609,0.488947363399022
8.09862677087412,-0.924975822182879,0.336203487300153,7.87005942640086,-0.927068961830106,0.519759836503751,7.59027632462992,-0.556707298115685,0.234417128697795,7.27962486934866,-0.414610195542728,0.105616853950457,7.83934090744523,-1.64015717810118,0.443801412879672
8.05170917954087,-0.897160426399874,0.281812289106724,7.81544650847738,-0.89154018236194,0.460316147187048,7.57419151368411,-0.517945793056567,0.209576619863658,7.72450707805587,-0.612703494305682,0.225020869311098,7.95566043348093,-1.68928843783352,0.473476530631116
8.46209420747356,-1.08722702227119,0.408684042313388,7.80151448045129,-0.911129312215476,0.461375930047278,7.40580006196494,-0.428088189740715,0.149455170207137,7.48339934424692,-0.509729299427347,0.184986208441035,8.0593849207626,-1.76154685312327,0.432682860985848
8.04220397388469,-0.859715019929137,0.294725260089846,7.81323298604738,-0.882867017084367,0.443127022151199,7.37507361791706,-0.450589276027546,0.167275737318409,7.69902077985089,-0.593057845720101,0.195325707382248,8.32549733065217,-1.92942692501941,0.476075972081704
8.05325565942638,-0.84011351258462,0.304211855278516,7.93370837185146,-0.939714976288239,0.512918754068428,7.49765993138606,-0.449245781243184,0.186897271942012,7.4916215322627,-0.513625057796776,0.148343996425662,8.12079769390296,-1.78152955430527,0.482903318267269
8.19083967362898,-0.955981819519823,0.366029643565586,7.79195397826593,-0.870570931608146,0.44590244944647,7.51644169581619,-0.461570368683216,0.166531495889781,7.58318643841403,-0.527457408434262,0.154942109703433,8.16412791883452,-1.81661391224675,0.496894199257099
8.11153120272893,-0.920810324388888,0.276677582919516,8.00995270430613,-0.975060832426058,0.517046157128475,7.55348267736607,-0.533649350490444,0.21351924135616,7.38073599866682,-0.465959362019096,0.128924488586226,8.03822473895027,-1.78941126148812,0.516982669158177
8.18712292103565,-0.939362217489667,0.316538717429918,7.82237394107913,-0.911377587048112,0.477817023823098,7.61619632168601,-0.547898110993549,0.232394042979581,7.4246251300136,-0.468619642868256,0.146029031377833,8.07604446978326,-1.79326711131101,0.470405383247332
8.05959526612569,-0.822172099183439,0.307846621410513,7.99759948335212,-0.961901250131514,0.46640020130113,7.47711260196283,-0.474038570511732,0.192035603024606,7.38961317889049,-0.454898369180545,0.125598191334779,8.49186598000948,-2.05228727771607,0.553056287468666
8.01382154028348,-0.838630777246724,0.276497056529639,7.91720272794438,-0.939503271609279,0.516989615823826,7.52961018203229,-0.487631629294618,0.194601542391892,7.58401622244051,-0.542699552955198,0.153808300098508,8.16744506963947,-1.81352052217766,0.481876008974869
8.01677935932939,-0.827520907692196,0.293930784554499,7.91201216280092,-0.947759588201115,0.50093229187811,7.36595267601362,-0.377714042789685,0.117234932551108,7.43434469088295,-0.492557392238358,0.154761495478599,8.22125279308951,-1.89110532417525,0.512917914785472
8.14323434073267,-0.940493455525385,0.322256708780521,7.71659325775704,-0.868558916681956,0.474190928045574,7.5179024408321,-0.485694800443749,0.187736167801947,7.61084869779539,-0.53744081683267,0.189524607932053,8.05585500444686,-1.79299040464789,0.505418795866362
8.23839011953096,-0.977159190960527,0.349255691036245,7.86869559570268,-0.935053409713953,0.507179694453305,7.5812357644823,-0.5313395463423,0.218513051596071,7.44635595900319,-0.493703693320782,0.152705373783856,8.23771257487463,-1.86906080115945,0.548582383601898
7.99607800040205,-0.835668573193021,0.285264021854937,7.87966066073571,-0.954699565144519,0.518237388997271,7.54605971593434,-0.530609036633023,0.211236222453611,7.47844098743202,-0.495956461198762,0.165890596518123,8.27457894724439,-1.91872312839534,0.476854979146877
8.15281959170072,-0.906821407877042,0.311195026220543,7.73490904145326,-0.886172880923117,0.453680022414805,7.57051441352149,-0.498524816859586,0.222801026841323,7.45483650833326,-0.469804416307715,0.139895777032639,8.07785043375238,-1.78813162245936,0.478424297417894
8.35646197342743,-1.06158184700053,0.413073431874565,7.77786360839679,-0.857848868390351,0.449366788798541,7.57327185070236,-0.53234882756416,0.217062970713384,7.43282769517216,-0.474769807261944,0.140556475179058,8.10919425558862,-1.83862833708854,0.490555057045837
8.20827244199447,-0.968919196121504,0.349730672089212,7.86658942173656,-0.911616690947895,0.483933077161584,7.44364953293143,-0.458992985246144,0.169733945557693,7.73237797250268,-0.599373139494498,0.239512907970132,8.30294875676993,-1.94393614988951,0.540123808676143
8.10005705270265,-0.892735124705794,0.33009077573749,7.78909040325563,-0.907053103158734,0.475949994880693,7.52388837787741,-0.521791018512946,0.20217468574242,7.5949548192059,-0.541892423498814,0.171913920707018,8.00745524602183,-1.71848920966537,0.424465764433063
8.20735536087769,-0.958913421932157,0.32484815137539,7.84906354525763,-0.886597007590417,0.488631506251591,7.50996485189132,-0.488085465204413,0.192009721204244,7.43632532530062,-0.448455261220559,0.133565448259076,8.17555857059446,-1.79970613803694,0.491960967965
8.35190530697728,-1.01623254573398,0.477581084232854,7.93148268173868,-0.941887752484334,0.483636345933278,7.50874417174894,-0.500404339589042,0.207200510712657,7.72408796845077,-0.59786609461876,0.218179882488819,8.14765967516413,-1.80439760132288,0.463663515954866
8.2914192839831,-1.02174996963424,0.371889586851273,7.85783178062469,-0.931830975489185,0.495195535812156,7.4548238103649,-0.467815627854746,0.179066994864105,7.30665606226644,-0.407857682706002,0.109711045729156,8.12067526306649,-1.79681251882497,0.504298140737459
8.05829679233291,-0.846378765402436,0.291905037562687,7.87005431701943,-0.931776084306125,0.532848997441656,7.4970686008136,-0.489355784304712,0.184727814253364,7.35859483416883,-0.476026479668621,0.130544938439889,8.09370433886527,-1.80452684283838,0.505832274948166
8.19869873505709,-0.924104680554008,0.367188683915984,7.76594314190635,-0.8659740829653,0.470650890649115,7.59870583290826,-0.51987905508311,0.216918945643636,7.43323367007459,-0.459990291969344,0.122255496759146,8.25474474229797,-1.92670348617733,0.539261396717742
8.14921886059395,-0.919017782477714,0.332997124502062,7.82435474423046,-0.923458168262897,0.508359339062126,7.49878912688996,-0.481992716020112,0.185028049760167,7.41592048332199,-0.456415914280225,0.135403887756742,8.15231507797742,-1.81697212810886,0.480905397202288
8.15488333259925,-0.934956179479882,0.324933452777945,7.92078599707984,-0.952922675089014,0.479999158096642,7.60804201042029,-0.553664005626788,0.241640412410908,7.48634781572488,-0.522480430377783,0.134794133174145,8.15106193658713,-1.84000285987879,0.499104831209178
8.20818202068905,-0.970896906714719,0.287680806871811,7.9391603666261,-0.979748571487448,0.544297579667811,7.57933845099369,-0.555045902234983,0.235832304427634,7.44036357933966,-0.45828481460032,0.13531912239084,8.26717721740413,-1.86250046685687,0.483589100753359
8.1590725972253,-0.933668606652755,0.288602814172329,7.74917540441739,-0.839682785855249,0.469537280828653,7.52872820957506,-0.503659061959787,0.194805933601909,7.54693637243327,-0.536510825300609,0.181104239192097,8.26391715388938,-1.89344639552017,0.483900207864511
8.12420362925018,-0.91076474640472,0.341604554756051,7.84938684288773,-0.884340957170487,0.45930606470498,7.34049674750859,-0.436054642451297,0.149403239455703,7.48945868638022,-0.465019701188863,0.113630239024884,8.12052862577782,-1.83267094922237,0.500697933622455
8.10872129050367,-0.88629471988846,0.3195765978932,7.81533568775042,-0.898465875972325,0.502057185529201,7.57503971421199,-0.510000797093229,0.21120925353949,7.37751897567693,-0.440050911655215,0.115893592901873,8.02398692029653,-1.69587642691964,0.447661458395382
8.05383056793044,-0.886407922637655,0.278860169854209,7.90084513101966,-0.925580525006396,0.469760249820002,7.66671835544589,-0.549629431672488,0.253794305763378,7.30674971940269,-0.42153839766303,0.121876296889038,8.1708104568314,-1.81234944873193,0.523098853402278
8.18018633007339,-0.939127495452703,0.374186256654031,7.63622727361988,-0.786002595482569,0.419385702867213,7.50477694898446,-0.481668119695859,0.194502334773155,7.51547233834728,-0.512397962405647,0.173894000992831,8.26641135127308,-1.91823620298513,0.51664406319732
8.21760662405143,-0.985719105535398,0.31485572539802,7.91871337595284,-0.927538040189431,0.457709951958158,7.51409067901105,-0.522250377658684,0.205085636886619,7.73208175854841,-0.596074134332806,0.220920773386692,8.23155133631898,-1.84366739388218,0.502511714817923
8.24736854962941,-0.96196809684883,0.331462635714157,7.77329335705288,-0.856445866526471,0.475931698858232,7.53099016321184,-0.521117330095452,0.232281737989477,7.50432044341605,-0.514598580816499,0.152700320435047,8.11563229023434,-1.81606838428432,0.453318372501601
8.31738245624819,-0.976204149005915,0.394722071780335,7.84356559335905,-0.881776995392132,0.441448502881013,7.58687638638665,-0.557804792011931,0.226140517565939,7.34983322355738,-0.460163719974925,0.139337937124517,8.12078106383805,-1.82168514363725,0.471022139771992
8.20946019659874,-0.976612610269242,0.372967733951408,7.87968608193095,-0.929947975193629,0.46788309421992,7.53589238517828,-0.489654741413177,0.196204916952222,7.62886773940204,-0.536290446002636,0.18890375208951,8.04914758900975,-1.74166017646665,0.452279055512071
8.19431991142392,-0.930650050956457,0.351771998719589,7.83406233380479,-0.893077926064028,0.489078684180421,7.61643969006618,-0.511401142895723,0.238400600139215,7.53192167114458,-0.506385033277529,0.159088772497844,8.2925617124785,-1.89998698763711,0.470051643383317
7.94873470437928,-0.776617658305743,0.249645025813768,7.95147848257751,-0.953261789658319,0.523567857302071,7.50564490650775,-0.497664092859619,0.184570277578926,7.40922645103996,-0.468486615480288,0.124251769669931,8.14503558295625,-1.77836973761871,0.455686137218906
8.23163465054017,-0.968617864753283,0.388320747084167,7.88357506658592,-0.898159333224215,0.454298076300233,7.61863760454191,-0.558884009120685,0.250202668882411,7.14877408675473,-0.347632347005781,0.0794095427961246,8.4633990406973,-2.01025365230813,0.48052297901302
8.13005796119346,-0.899179514156908,0.264458646343517,7.7934544451806,-0.897941956761927,0.494622196304538,7.47772217250241,-0.519491831995718,0.192928786581248,7.61592578326407,-0.532630142545809,0.195609104070214,7.89582660017448,-1.68229228421299,0.460671986174828
8.30980406977137,-1.01181468206986,0.404776542589481,7.92329233122847,-0.9487885643936,0.508003543872159,7.54426337850618,-0.54237194523395,0.226044366538177,7.61351728049223,-0.557890987005586,0.175911810901677,8.34066778170563,-1.94186389618884,0.480089591375877
8.03951671239309,-0.86347044727633,0.246358790524951,7.95347869300176,-0.937060568887833,0.499784456694529,7.55048484471312,-0.502417946310464,0.206299080987661,7.60912501238787,-0.556097681636437,0.19076393362411,8.26052444270698,-1.86836996322946,0.458801903699529
8.13443933682392,-0.905038828466193,0.32708269746699,7.81138377316218,-0.864265596670226,0.437721433880229,7.54290757255085,-0.49774237418542,0.180409930320835,7.43742079848303,-0.463273230721608,0.132904830698622,8.09258661605693,-1.77917724564428,0.487961644451225
8.15036321729276,-0.90618069836974,0.350237787025476,8.01269843139278,-0.974719016609807,0.509878787667752,7.6314128846479,-0.593960845764051,0.256315068963285,7.35830433701158,-0.462127532569306,0.117886473013306,8.22129293267765,-1.85370124787058,0.465531954884357
8.24707224072524,-0.97560593987473,0.338545065323336,7.89449565544622,-0.943372520061234,0.482867649619608,7.54331876357025,-0.516530058703482,0.223486475925743,7.3774462889386,-0.464606299863358,0.130321704811219,8.31280806914725,-1.90042098717207,0.517918962621532
8.4204403796273,-1.08840990134402,0.424271017442214,7.81194323884173,-0.929619867984863,0.543187750013571,7.43808893532249,-0.444728958686731,0.155957161831188,7.65928915761115,-0.586196019669536,0.184157525614758,8.14060245644973,-1.80540868892324,0.473734443426653
8.15014925752368,-0.922593714964597,0.32959012719024,7.83012363830257,-0.886504406200565,0.472094104858269,7.5663743300746,-0.54533740579768,0.228234877761691,7.3106530155765,-0.429732148822486,0.106052802177273,8.08716156414572,-1.76691851691334,0.476150947443969
8.10403919010087,-0.936615445190379,0.316732492772784,7.79496855955263,-0.877635373278894,0.500226063060034,7.47495937662076,-0.464386457366577,0.162888395529233,7.46671233274906,-0.488928602468743,0.14734257648026,8.23689767783614,-1.86395952487273,0.47863712646288
8.33135453511408,-1.00695606170951,0.426917619296522,7.85989983882775,-0.898318523064148,0.511129553121255,7.45199696159194,-0.46535804770594,0.169075825805932,7.58963144151613,-0.538637862693325,0.180367739690093,8.07263274086852,-1.80219978645901,0.476769096752384
8.19849016115822,-0.992819549733617,0.347067683534791,7.77740513896455,-0.879183401126176,0.478829340672814,7.51856083830866,-0.507789259945877,0.21943967510512,7.65916248458323,-0.563979767371717,0.162116925148644,8.15835992781181,-1.83269865985566,0.471979379399606
8.10945797220047,-0.887095830445709,0.338548044193183,8.07000003015212,-1.00877491972291,0.536334556299766,7.49920084634861,-0.454972589948121,0.180328323832138,7.33704673760361,-0.411909646089774,0.0976590381611467,8.07760428203032,-1.77805727501069,0.477150310223582
8.11992461494351,-0.901277885521062,0.287112714704359,7.87228436257468,-0.975011988031171,0.537828735716038,7.53915437778154,-0.510548895320897,0.206624590086141,7.24719318634668,-0.398258109658621,0.0928092333729088,8.13327218149748,-1.80400335633386,0.472368980812002
8.0328343410939,-0.874661128453342,0.264362535465457,7.90723820463619,-0.941723951214173,0.519616038292811,7.5417409700892,-0.507527740519274,0.194936244888003,7.77063065531517,-0.587436212023772,0.180143042035088,8.29405684097323,-1.9277275277817,0.496000861056163
8.01476470103552,-0.8268114009235,0.248971654253601,7.80735110877224,-0.850970032038548,0.450348057995221,7.53945479715776,-0.535567847347109,0.202228300401837,7.49644845595017,-0.50538778380684,0.145659214445549,8.16121209115804,-1.80196129612306,0.479990676910955
8.39087724593976,-1.04288352150899,0.467869622886513,7.92459279662695,-0.893856311446726,0.478162426366851,7.53808639443139,-0.480042793101268,0.211790636270532,7.4603925823639,-0.506818595222974,0.150956756727472,8.23552595388661,-1.8738517396071,0.496227968399195
8.19198410885381,-0.964486638029029,0.324727186824657,8.08403697738491,-0.997389248744813,0.509103879487696,7.57528307465327,-0.529259976474249,0.20663249767447,7.369722743806,-0.465565748268437,0.150545654490344,8.31932157405324,-1.9314917272045,0.491749637505543
8.21781745495345,-0.964560434085577,0.380777269525312,7.93375455744777,-0.908893060815355,0.466708238860004,7.50621712333315,-0.470283437974271,0.180188757425126,7.47352420352621,-0.48155038722954,0.117641063136928,8.20385493176559,-1.81788129611733,0.468224828230912
8.07912892086443,-0.852900873744716,0.250559455358845,7.71385329576299,-0.802198277173897,0.428929138572236,7.69663032869897,-0.574976475616954,0.240159174734763,7.69775396547644,-0.588441305563243,0.206440697877696,8.35069671365349,-1.89108229994564,0.484944919533564
8.13606907326967,-0.920290608139834,0.332689610929801,8.0671704311864,-0.998749217913533,0.486696609422728,7.44380883518574,-0.479281611905453,0.191797697452319,7.45110070585229,-0.496035288750531,0.13855433741056,8.17251469977329,-1.85971227259382,0.50043932528532
8.17126657109068,-0.96953382893031,0.343877977003809,7.9522938557854,-0.977726192312393,0.555017712002823,7.47405523821665,-0.454832052784797,0.169224100694328,7.43910930612487,-0.469846724211284,0.138586296634616,8.1187333515353,-1.80679642300959,0.484078134227973
8.20927363403866,-0.961180918080572,0.32164320214913,7.85890826781654,-0.875039044515043,0.461924045928204,7.44390265426655,-0.455516909630437,0.17340237579532,7.64298984841394,-0.537797150303294,0.179505460194444,8.11372915489917,-1.80276521457309,0.513937670861087
8.21815472763916,-0.944492316608814,0.327051253511471,7.86815985166721,-0.91277738135587,0.487879828938285,7.44980625372301,-0.439718829437157,0.145038435717952,7.52199342213376,-0.516537920187806,0.151092109697316,8.18009893353246,-1.78383958573237,0.480718961012871
8.01694086251467,-0.858768279583196,0.232044268637143,7.70857116065224,-0.888198251304669,0.464613442680042,7.51940119062751,-0.479919240124406,0.204278691894603,7.24991906398969,-0.414621423923482,0.112441765334076,8.11027809347948,-1.78135618794462,0.483339679703486
7.97902136965276,-0.818542973992897,0.298702044510383,7.81389842630483,-0.921400192660994,0.511364040647809,7.49818182218993,-0.496359927600741,0.203124632163148,7.46980793838928,-0.507374342840613,0.170894715571756,8.12398730117302,-1.74835639849318,0.468466639015874
8.15233773665252,-0.940862270749757,0.32758505760442,7.9602568178083,-0.986165638444712,0.53651425538525,7.54410248270964,-0.519873207872359,0.214601293163682,7.7434083861993,-0.626141962824585,0.215592801571453,8.16783747705485,-1.83246821186369,0.511171142466872
8.10878208723781,-0.92076568657961,0.324885947224384,7.91762885572823,-0.935419447886918,0.51702443637358,7.33792551499642,-0.418377454357405,0.139447105178578,7.43205246886284,-0.485554308552326,0.138456254732001,8.27988092171557,-1.92264320605609,0.498665969626823
8.01212360068695,-0.880685500192728,0.326505211529718,8.04028951722592,-1.00850253552035,0.531334167976661,7.57137639021969,-0.556043324001148,0.238390118446729,7.42241448803351,-0.512985540023612,0.148309118242116,8.16814968422165,-1.80035834327277,0.486494915109912
8.07287746248715,-0.876937296374241,0.26467857098372,7.87116397539151,-0.890681962655055,0.459815624754548,7.5408549480934,-0.524622382895058,0.232632053478854,7.46078165449952,-0.49204972658316,0.145038429822045,8.16411348766729,-1.8234094538008,0.489526537744129
8.00683826549454,-0.843513048988527,0.247771344820155,7.84734615747089,-0.908325858219048,0.47252527299297,7.59691153356173,-0.558330239596139,0.221015334116161,7.56201910913512,-0.515512481845624,0.163216579258179,8.09407813872909,-1.78618210652914,0.465929834462689
8.06449865829442,-0.867371361531157,0.303842323468015,7.76170687134465,-0.864236190450126,0.457270732581905,7.41977382961424,-0.457307937032315,0.15741567804615,7.31469707372165,-0.425729941665581,0.127912962900891,8.04717604330888,-1.77513409932208,0.479720171036484
8.16675359145818,-0.925188370818447,0.329719075936202,7.82315407135033,-0.922361117164642,0.47813128693113,7.32268141741733,-0.365122117814376,0.0994589541049476,7.47797330742541,-0.495724095558827,0.14618638122875,8.3245857684955,-1.96900330572369,0.500020882423932
8.08013746417732,-0.913646978704067,0.246304584031462,7.84426433265095,-0.903097497003687,0.48227204306235,7.59469493972609,-0.546789161963502,0.238718969969604,7.31258637625489,-0.439385106919703,0.109992682559482,8.22751116541943,-1.86901798733008,0.533850907849707
8.17527217762181,-0.936541627904853,0.353016544006392,7.94928330611363,-0.924167346776389,0.482394264283959,7.62088396591245,-0.521346014410399,0.21308546552573,7.38876054897698,-0.477486349102034,0.133613933299402,8.10355200819805,-1.75201394808517,0.470970663590607
8.00895770467057,-0.830458373478992,0.275100195410781,7.86483900875181,-0.940035935173982,0.520734729322654,7.46065831263058,-0.48266240293449,0.174139521082629,7.36447453416461,-0.457527268930695,0.132190270742767,8.05521186783103,-1.78346717105554,0.484951812717485
8.30939021656134,-1.00376371102747,0.422046301439852,7.85841831610452,-0.897854634021341,0.48258949840234,7.51748345073251,-0.506943221494007,0.210776818382813,7.47896508346848,-0.511014370561805,0.177961628308912,8.19301339733757,-1.86183343626603,0.484729471997915
8.1452942523469,-0.915651300159621,0.3418173391139,7.85591402298614,-0.888747856981136,0.465105534542811,7.5699573157929,-0.584930876423393,0.241087164797878,7.53328155753226,-0.515338661537887,0.163570511389029,8.21909108389575,-1.85629875336569,0.451115821559734
8.23869254130171,-0.945099555152732,0.350011135621568,7.77470190813752,-0.879226430600775,0.4748927296619,7.62250809475799,-0.567604714226739,0.255423523343384,7.39681926192555,-0.479180061193337,0.136786083056851,8.08801061505411,-1.77581203958573,0.475595123142264
8.10038787349037,-0.846847115907657,0.334453334267674,7.86013610375959,-0.922044754684126,0.476389067423946,7.54595421355227,-0.477764309332772,0.201156046671124,7.55360004702855,-0.512560703344367,0.160150694902749,8.17218589606908,-1.81105451185448,0.485171781334651
8.17279898596727,-0.986110874422252,0.346288621556163,7.88991380426506,-0.910346939636281,0.505403830600274,7.64171227212285,-0.557622885970309,0.249388033898853,7.44180868993663,-0.483328679229436,0.161360468461991,8.55352839195616,-2.11103571190305,0.564390074556641
8.06045447029656,-0.928617600419512,0.348667058886195,7.81012857291071,-0.8987862857053,0.478894375383435,7.49407964574841,-0.487992887548222,0.187128820014153,7.51284877231981,-0.523748423801576,0.180889319092873,8.25253304450839,-1.86746562992343,0.502030788567293
7.93872475344827,-0.776397141664585,0.243534038153469,7.98933065667478,-0.973673803374986,0.511177048063695,7.53235920985611,-0.458940799304866,0.189353241006454,7.44520008839834,-0.503068866707311,0.152853875637578,8.28358207823249,-1.87585745047912,0.507178815994838
8.45296683877206,-1.06784653325247,0.445165098529969,7.96046732101974,-1.00234809472802,0.558583040840587,7.41753171179787,-0.436033820204225,0.150621638571015,7.30611785695864,-0.426183380239131,0.108122137643054,8.25416684399461,-1.87330497496645,0.504203947343319
8.53624427265473,-1.17952690361609,0.456099269465046,7.93670852260351,-0.903793389148035,0.437530070425165,7.55223883087611,-0.490498934086995,0.190999461981846,7.57791402827591,-0.54615330092804,0.184652106403149,8.10051968874467,-1.78319956652943,0.475096765601106
8.14433226735251,-0.910165421134668,0.305551399539231,7.8162982058034,-0.878679197088682,0.483874416763537,7.49738402786222,-0.445239198227287,0.160841568888602,7.5260676281694,-0.481346000399398,0.164285583989544,8.17773600462785,-1.84363524604079,0.491092712897174
8.15667422931214,-0.939634993923803,0.31432013971713,7.6432514520177,-0.813428113372305,0.447131565238402,7.4925989198983,-0.433364154366223,0.161168938350691,7.4676861966521,-0.472559861094613,0.165910667645164,8.16869881028145,-1.78193054754427,0.493001825184423
8.49116908050829,-1.10483718922357,0.477865464226483,7.83063873618827,-0.911190891732347,0.486117279569529,7.57498813242155,-0.534981562376387,0.232606305173531,7.62150278518167,-0.574978078094781,0.160894634606267,8.19513510817697,-1.7985726304852,0.491978341839747
8.4979781466838,-1.10771239056209,0.483175388627871,7.89569938758209,-0.915642942955785,0.477845956199031,7.55009364397281,-0.469466618258561,0.171008754793292,7.39125985100164,-0.471947989961077,0.143197666781885,8.44180801856521,-2.02313172772921,0.501114537078941
8.07644060411128,-0.902155703159034,0.303319040669831,7.83379279038301,-0.882982867783528,0.421850640947479,7.46853796298047,-0.457538453872012,0.172131400653509,7.23633221457612,-0.388608854162428,0.0880502098378474,8.28992215660083,-1.90256929952582,0.494510924846279
8.13638427440165,-0.857054359632733,0.32513664375735,7.90833213569909,-0.939016603153483,0.489489400282275,7.49166468420327,-0.484232630218115,0.196701874568316,7.25742348354432,-0.39391956830053,0.0981859115275603,8.10516708087455,-1.79804871421695,0.486826939117179
8.28263008883269,-0.980470342304809,0.330637089785682,8.03000803818673,-0.974060209837206,0.519641116013468,7.56373602722945,-0.548376700157967,0.220051462947743,7.77491236601307,-0.586275891413406,0.204578666902341,8.18822893282616,-1.81412921651429,0.483802306898221
8.61868591107637,-1.23116861241269,0.471217682318565,7.80319458306531,-0.880601079019548,0.472302218399286,7.57323397963216,-0.507226912689983,0.188310372994462,7.75241701175429,-0.60009657485515,0.219762406529352,8.22352992693591,-1.88882862768766,0.513291660715406
8.24405781860998,-0.987786198156146,0.347451090736723,7.88990667420811,-0.889205958085487,0.46493564349949,7.53309692911352,-0.525619237192902,0.199704687659925,7.40153691362816,-0.48154991698207,0.132273865197161,8.32218078894498,-1.92754874855495,0.481330428606303
8.19166869780161,-0.96487661539661,0.367154751335849,7.85860485831453,-0.931807547015586,0.503792167319523,7.55642400084259,-0.523222091234793,0.215395971239524,7.56925655590642,-0.516767414120581,0.152608328806988,8.25619902793776,-1.86198622159271,0.46437028864659
8.22538593277773,-0.936509917752375,0.328511140678106,7.71127326314606,-0.823273342302066,0.421199113786665,7.46721277922691,-0.471572914281614,0.193915413849246,7.40140497604753,-0.443614765105863,0.132327703809679,8.21153826420404,-1.88705663681574,0.477017108150926
8.12361471495969,-0.929505236311639,0.295876136310225,7.85852411196832,-0.889468450339681,0.468453003818973,7.55785300239163,-0.503542853446927,0.195942886503499,7.39103156277667,-0.461481737082493,0.141831261873848,8.13283341858743,-1.81518675272551,0.465953534662619
8.16490531024062,-0.961036646824567,0.344216654192668,7.98220165504244,-0.990729749100083,0.524620031020972,7.58793474192827,-0.515950474223602,0.217960973830614,7.34049296615613,-0.432559511975592,0.0932005580406321,8.20403202961516,-1.87487810480123,0.477591634277504
8.26461233783986,-1.02005714158572,0.370436021869094,7.84942936730033,-0.948590100623881,0.527166135827202,7.62286073916868,-0.527241159338139,0.230816229150863,7.29932501705933,-0.415607711446054,0.101429271805113,8.24100648031211,-1.86268568413096,0.493730854683642
8.2252987288066,-0.946831547821128,0.360662425148671,7.74165147293497,-0.891311364889486,0.480036731918816,7.61417002792036,-0.536637021711686,0.242466194747669,7.20688811250726,-0.383286213579888,0.0911736164010213,8.03734113140318,-1.72490454882079,0.47311924550667
8.35721583295533,-1.08575079326872,0.425369608013044,7.94208296046923,-0.982848374659981,0.536514719730227,7.61603771027842,-0.564901067465449,0.247306342662213,7.3884563715883,-0.461554705064594,0.127734487307052,8.0966744322555,-1.74440484815105,0.451560707574448
8.19988140352847,-0.906083762464908,0.309773631039341,7.83381325795217,-0.892473333681628,0.468781392282569,7.48971322176996,-0.483009071804883,0.180425476522822,7.52660740175277,-0.493269227663996,0.177514669078584,8.07318204387439,-1.78973136251327,0.500060372739401
8.13823831225376,-0.929402261098506,0.362513649787653,7.86665837793978,-0.881496226818752,0.443446774491778,7.45499003591802,-0.496909242962611,0.17820652489784,7.59246093524186,-0.54867704891106,0.187671786885317,8.2699196604282,-1.88197627297548,0.450565643853967
8.18390509348075,-0.941127133291979,0.374078134448735,7.84887321091957,-0.908950026348953,0.461961685116219,7.6439073796955,-0.552372978876737,0.249634268873164,7.47919147891411,-0.510071436805377,0.172851146020894,8.09141122410708,-1.78236401079723,0.467512673379255
8.05375627985153,-0.852967958363397,0.25745665398756,7.86005571062473,-0.876397138984464,0.451637135068934,7.54280587327699,-0.475433239416177,0.182708037269444,7.56685801266783,-0.51952536291396,0.160860178423313,8.42132421953087,-1.9112211468793,0.490762238137159
8.44510771992577,-1.09068520553175,0.378765214406395,7.97841777447698,-0.953784159249299,0.463069546895897,7.65262885871271,-0.573200307494647,0.239145530725555,7.27740256564017,-0.436440703574315,0.123817163750962,8.03009754857741,-1.77896599819492,0.428672278758412
8.06419216678588,-0.89613664727573,0.308108913485878,7.75147606969821,-0.867630142134141,0.44885856553616,7.54313247547123,-0.49272696642168,0.197419880935685,7.55512927496863,-0.509972210258607,0.152650208761064,8.32153490984407,-1.91326240184688,0.482114817214609
8.13473627186147,-0.915970397371368,0.336594579536448,7.73519317314591,-0.854077861232306,0.416265608641073,7.72583783970502,-0.59423543394318,0.294652569832204,7.44440335027338,-0.476794236980236,0.122844168581311,8.42907020088479,-1.97132590643807,0.524631355045899
8.77555533497315,-1.27131750142466,0.444636577738918,7.92441984189524,-0.914729370602826,0.497122106456563,7.37611020287368,-0.413930231713677,0.141541979366991,7.64509683552527,-0.556119314612512,0.169218951044469,8.08419566699995,-1.75588996928187,0.475340118270129
8.02709902133208,-0.828842520111079,0.276112163808104,7.86175295682366,-0.883204972067279,0.451786979280459,7.52379970770873,-0.471056509077901,0.166797503671061,7.50112063297195,-0.503688076810192,0.148881085467259,8.17137822835234,-1.85308186268607,0.506388577330522
8.29466855543774,-1.0521118816132,0.371326016873337,7.82110045600129,-0.870874718049215,0.452780215855877,7.48111553486946,-0.468858874610074,0.174329878611561,7.49923634783467,-0.483536274610565,0.144513847714435,7.84643460777822,-1.66932209104339,0.433126862811463
7.99476555104062,-0.839908063335481,0.261250367540421,8.04023926524515,-0.95322927658551,0.479354426335549,7.59684972823187,-0.543689335531438,0.24254779197885,7.40095200516383,-0.459714742329995,0.119632109404042,8.17946026192363,-1.79901212878448,0.479166563084158
8.12038126630227,-0.908589333861694,0.32229189212287,7.834096063787,-0.902583712106008,0.505155202301749,7.5997998109168,-0.556675364995288,0.243508583867185,7.58931677328238,-0.519381978054923,0.132512636867749,8.32030694624912,-1.91980923354545,0.492717071698226
8.19672429885066,-0.964003962613419,0.36087273325138,7.92895190038316,-0.949794821109132,0.520329585587502,7.48017728200143,-0.524260956242799,0.208296772032702,7.74960847511629,-0.586284968222733,0.214566801033092,8.10193730715504,-1.80954667767097,0.477708873263874
8.240408844845,-0.982787169657625,0.327986496642283,7.90577034437775,-0.941917650222715,0.523903711119076,7.50470217072404,-0.475381486027699,0.1804872211063,7.45019709342683,-0.496799011291492,0.143353286009488,8.16695265776904,-1.85419311646603,0.494346900201775
8.03499082422689,-0.848566130692263,0.284636780443266,7.82384430705768,-0.888085813454617,0.491736917759236,7.4769318576465,-0.46185312105829,0.17920497832547,7.41552634745309,-0.474005318788619,0.128467519731731,7.92180760815605,-1.71152541635231,0.441112527520587
8.25059350376779,-0.993592468600368,0.353337327070665,7.61133429918705,-0.800433589373786,0.408563004955797,7.50658437909589,-0.477686043432467,0.181728984299985,7.21371858882767,-0.394273480745673,0.103336809174856,8.36632623401258,-1.95472986041898,0.510811708078878
8.07062908616159,-0.843584199002303,0.323712078414074,7.87027870355192,-0.913188206211552,0.476995221115816,7.61087463469198,-0.527353186942722,0.221730646212057,7.48585671950318,-0.501912397485982,0.17432739908536,8.17062996742028,-1.84479049671921,0.476975742630536
8.05863187351521,-0.88095327158675,0.298546086800425,7.67993429048154,-0.78630463833434,0.416208946530226,7.5496704752548,-0.523015604615955,0.215177933337515,7.45767604925791,-0.465831393219207,0.138332805231177,8.25828224362517,-1.88082628458363,0.462512801493017
8.25377496857861,-0.946995006706377,0.394091970223679,7.90707260358815,-0.943329257574533,0.495647339011187,7.45470450969657,-0.476969663288484,0.171581907067972,7.39472233936265,-0.471867077818232,0.153393965766831,8.30788050666696,-1.91532152172129,0.493544518792961
8.13792734387299,-0.93133616152197,0.332075066929873,7.84663210991425,-0.908699313224682,0.496981464700511,7.39221684518476,-0.397682361340174,0.138818749779266,7.5977150792768,-0.534038460536549,0.15953669419694,8.19003835541418,-1.78345151730907,0.472446962855305
8.08736719664156,-0.891870938638775,0.244307454517956,7.86849547338984,-0.878643878619073,0.474262293584481,7.40068172166818,-0.401352386116051,0.130809558759115,7.42028045313678,-0.473654848786613,0.105397785554897,8.23927569898376,-1.90949205355304,0.505809522239929
8.24921551977861,-1.00346295337348,0.393424158046142,7.9476924189944,-0.948658292660224,0.506820918085381,7.473743502791,-0.427618554708704,0.161484316504552,7.63551259105211,-0.557462488371938,0.184387287977034,8.20949470102595,-1.84988256931648,0.491139481278009
8.12112147090986,-0.882099782529388,0.343351322640322,7.98272226387901,-0.950808010034336,0.494902600317662,7.47851466360594,-0.468830806321218,0.16686552668033,7.52492998521687,-0.492593618990419,0.140390441440819,8.32662530747706,-1.91211284362015,0.515734154207656
8.10937928886886,-0.888300735441646,0.312394093951334,7.78206187399599,-0.90627717049766,0.479179741920305,7.56632085050077,-0.538344899299693,0.208043901719125,7.62793293295951,-0.568220035561078,0.175967437362449,8.10795560469526,-1.78880442359953,0.479902181489119
8.11135539187229,-0.850951474685885,0.273816112772809,7.91326633655599,-0.93595095914365,0.482014275004846,7.47631359139183,-0.447099298523841,0.178870831269529,7.56664839985685,-0.529578619322129,0.160202468613892,8.22945868973557,-1.87059300584418,0.510745057555756
8.08153476052003,-0.853661423238781,0.309885196478338,7.84479507803162,-0.901317039302408,0.486131173102437,7.48272695680339,-0.480603863200985,0.187030915985499,7.53531244643003,-0.512585986294501,0.147187803276146,7.8972818680008,-1.66043869306325,0.441121990072596
8.24941312842404,-0.961466197454614,0.417813495870015,7.89257933880627,-0.916242810053538,0.479879787911286,7.52113512766941,-0.478607269556772,0.187360378200031,7.68276308191814,-0.591426413362325,0.202029035414319,8.3837844406238,-2.00054063470269,0.513511793129823
8.32771715837926,-1.07983797926123,0.359862243285528,7.9438821587867,-0.914259123214378,0.470299071135103,7.43298672854654,-0.433261389622284,0.160558175309442,7.54464528397343,-0.516720257031925,0.151422250518897,8.24737315279424,-1.87866516595046,0.467888340965374
8.28984721224351,-1.05777727694336,0.369775421054269,7.67114952826705,-0.827548177439921,0.422348294345746,7.48310258629748,-0.459187256385989,0.168730743761875,7.44320590552726,-0.479000926104499,0.131072248652828,8.04398829666564,-1.74022971923565,0.48695296633111
8.58330852900224,-1.20366319464033,0.459724326643021,7.75192576329122,-0.861210483321421,0.4480924989563,7.5301508920727,-0.523016736812811,0.21728012900875,7.35048486956914,-0.447029216857008,0.125913239232075,8.19276411917675,-1.87512721900863,0.514207120466684
8.14790818385807,-0.929224980785419,0.32353492184821,7.97893806826415,-0.949652568110793,0.47893522630222,7.36410811915332,-0.396239664589668,0.136138238390629,7.52704304482165,-0.511172140280394,0.159306871763808,8.43679156794937,-2.00842993524444,0.522649931704468
8.21061969642786,-0.95657200475959,0.300733260185741,7.9176708609251,-0.926188486821862,0.491783685895749,7.46158648748057,-0.479968251224245,0.188307019904583,7.63311440235861,-0.554085775700113,0.196337077647135,8.20672188088297,-1.80964368062773,0.509302515813742
8.11224396956394,-0.876877311829019,0.290192900778614,7.85233594037736,-0.922647143946589,0.480533708809665,7.48526118336494,-0.455997022351933,0.175106578311687,7.50341593648354,-0.489389977347988,0.128835124928722,8.06338496252004,-1.7772465101704,0.472732717717927
8.04327641269687,-0.825223690634564,0.254804786339702,7.85533096492899,-0.867736997573762,0.472669146471355,7.58734562528158,-0.496899278148018,0.24059552260378,7.27656447894652,-0.409264610615897,0.123391665811378,8.25515305174918,-1.90201040031299,0.526163718309524
7.91090279184469,-0.774435711115147,0.242383284391344,7.92553632788497,-0.933154446254972,0.443642422016901,7.52257187921142,-0.499564013266711,0.188130191071901,7.60943115196964,-0.548174578288141,0.14253823612166,8.22898239182964,-1.86368877685015,0.505972376823505
8.0566899584645,-0.880400427888684,0.317728289378974,7.87093300347865,-0.924885113112578,0.48751715168856,7.45538533918742,-0.446610387566452,0.152234715471991,7.47247384921432,-0.496470748073547,0.13647251164639,8.22858978140111,-1.83792731850415,0.459706723640887
8.01455067919063,-0.814648326970012,0.303929951293857,7.84159910122654,-0.903840484595213,0.459101641482086,7.54789293989883,-0.539265761470965,0.225397021580892,7.50871075310842,-0.491888361035162,0.15406539573605,8.19500376467204,-1.82796205357033,0.481699936614062
8.15562315665816,-0.885297504532637,0.351119233296252,7.89914013897413,-0.910668870218181,0.480089407421014,7.48002877345979,-0.503964417070261,0.197483352984696,7.40472625464506,-0.457912955878604,0.126235929417323,8.28195380316253,-1.8789182904851,0.476010105078211
8.18895746242104,-0.978998223312235,0.350956260785981,7.84607115580845,-0.898988621676893,0.461031970356133,7.45468122531466,-0.435151416642653,0.156283821918468,7.23021220299369,-0.38796334501266,0.105351004139985,8.3434054334822,-1.92134420530059,0.497053651448063
7.99048549336584,-0.826192379308026,0.293235529118868,7.8927337386126,-0.952714297828365,0.549227637664284,7.52902753373264,-0.514561139575204,0.213223060495002,7.34779260716296,-0.450029141559669,0.148809850951962,8.13119820513447,-1.81703584971097,0.488767634263101
8.04027266510363,-0.879264080386933,0.277691585942476,7.90410360388559,-0.915767282446986,0.473088037395651,7.59345627649125,-0.513596027044283,0.221833070155527,7.26927440303545,-0.410753738759978,0.0945145938358939,8.09412064682764,-1.82483841746926,0.517009940944234
8.05156519174421,-0.876351245643874,0.271118140815899,7.8172371108633,-0.878097044589382,0.455670260680343,7.46774351477914,-0.495972116096031,0.189671919839048,7.63326826518817,-0.5260993243258,0.169469287357437,8.23016396911497,-1.86055487712775,0.510174160040756
8.34653032836645,-1.0230875710513,0.428641268164878,7.95637769610986,-0.971982078936654,0.523508015040673,7.39573227550815,-0.421189507712705,0.149307119645383,7.23387070816875,-0.403912815512694,0.0840737451405297,8.28841744678617,-1.90242716925668,0.501959181318819
8.07047252900136,-0.886446746837123,0.291723782110823,8.05505548242214,-0.987505334260519,0.513071783419316,7.48132146116433,-0.497798302930008,0.197937358484466,7.57873937385755,-0.52881292330755,0.16381978798274,8.22669842963634,-1.89790598687207,0.529682040832199
8.12206571145266,-0.888946822996873,0.311498091953375,7.85380940601681,-0.932681477262923,0.500027613286767,7.36368114988989,-0.378712052652257,0.129097507247839,7.48159264507934,-0.484188802311085,0.147840491073341,8.10193924423552,-1.79968449248167,0.504664109651853
8.09611025061123,-0.89962298874802,0.315805217245948,7.94429407324906,-0.962123032903405,0.530773858605843,7.60125277962929,-0.524382403863805,0.218054992581223,7.51398867146856,-0.513111144150849,0.148942339519664,8.13518055149195,-1.77974539014296,0.493382625357766
8.17193152498435,-0.947541115032161,0.327123662836206,7.72383933988693,-0.898300330778602,0.522191438348015,7.40058692577911,-0.451281114088311,0.171794683999226,7.26925036273489,-0.438274975478252,0.126867861982886,7.98708924607524,-1.70881490156345,0.437676197940491
8.25504432894209,-0.987502967609972,0.394417005639951,7.692591135622,-0.869956339406782,0.455470693653915,7.39848101896704,-0.426799145873528,0.14238824267091,7.28320613566451,-0.411556509225483,0.111885694605745,8.14571070284801,-1.83169332422989,0.508380988798158
7.95397834493292,-0.801446323578783,0.274820156118852,7.72955316575221,-0.841498841016658,0.440851808707882,7.59069958351658,-0.538201476129942,0.227458008222757,7.49575500595054,-0.511803310248798,0.143576023319468,8.24935654162122,-1.85434956078463,0.501438493452577
8.16786621807053,-0.936071818623214,0.253839015137384,7.73764194161795,-0.885049243559618,0.532770021474093,7.55208744177516,-0.527214137664734,0.220344277798851,7.61120334876362,-0.530360142174665,0.187022219059908,8.32425002025264,-1.92208819596978,0.531860927189885
8.43216480387481,-1.06877477119205,0.415750162507139,7.71667596762937,-0.838206038765683,0.460199028973666,7.42911812005066,-0.437475095627258,0.146936382751087,7.37710091812094,-0.453440059136806,0.128797407251926,8.12589406417813,-1.80884450110659,0.50089877701973
7.99308330574441,-0.795195387792504,0.219921684959903,7.709875791181,-0.82351104649617,0.443914208813553,7.46757093099931,-0.484058088248949,0.188539347096461,7.54557474408107,-0.500434782218353,0.118339569506225,7.86051396151799,-1.60493160167476,0.438106058294729
8.33844972687129,-1.04431696863903,0.384362660061106,7.91474772940292,-0.925791782516919,0.465346764816595,7.58582329028782,-0.51078116394703,0.223130555818306,7.55374944641592,-0.522880535010653,0.156947253986266,8.25358603755173,-1.8904780241829,0.46162571900764
8.05591130806774,-0.833634312643222,0.292537458358682,7.79923809367593,-0.876561738508002,0.451625905926541,7.561332433782,-0.49959779799911,0.215156942830119,7.48690189877047,-0.511156125157103,0.145382898619655,8.27059684202033,-1.90498058472965,0.490244125692954
8.12822837063388,-0.918184131552809,0.320888718595214,7.96908406552985,-0.950289942954064,0.507039848461788,7.58241152656748,-0.547050897100232,0.233124040141187,7.77503976708792,-0.620188217727487,0.22201160589636,8.11489438593161,-1.84140007832497,0.487696629100024
8.28784766182678,-1.00564158503668,0.326568560111596,7.89062102182541,-0.933246043736092,0.521567841260274,7.48100532503457,-0.480999815841404,0.172884173513943,7.56150446182891,-0.512815568624099,0.175403054251741,7.95700406431864,-1.75608665375694,0.489315331305397
8.14568272783649,-0.959912772722755,0.3322889931642,7.87570405305599,-0.87322132199141,0.461801030554072,7.56954029243937,-0.500501845901091,0.208462375891317,7.59027710665584,-0.530654824154707,0.202786079402105,8.36233223710479,-1.95997960215925,0.533685169373826
8.11691148134876,-0.892651018825102,0.323460412511566,7.78535137879764,-0.834319741311033,0.443984033008721,7.51155054139697,-0.498330207961401,0.194270490937976,7.41028521092137,-0.450914214446204,0.128971369485862,8.11575330295973,-1.79106701619293,0.480636943196673
8.42274114065203,-1.0986119494442,0.416118553172203,7.92703185447192,-0.924842809292152,0.512091358480692,7.49500046495139,-0.482751348198933,0.183344719471894,7.59340500555551,-0.547829886973085,0.200047830151067,8.18307114619125,-1.84037444554997,0.46790151720117
8.03738652116,-0.863442964678854,0.323757562398926,7.81045160033359,-0.90499663686834,0.456696390435429,7.45969485438687,-0.429445348700311,0.147511869917383,7.60760311222625,-0.541531088714034,0.173200679118549,8.23477609869803,-1.91358292512426,0.526387381164803
8.09177484920372,-0.881631779452306,0.282843681797559,7.91126473122697,-0.945512485321274,0.489260349282046,7.37392505308556,-0.414653555876775,0.142816886935671,7.21670732929985,-0.374112735359402,0.0962770514784995,8.09117182938703,-1.78046845357788,0.493079814339537
8.24705198602602,-1.00419583806658,0.299687775913502,7.86699415531802,-0.907058576457574,0.475318968126282,7.49276922041538,-0.475617785092732,0.187069106319013,7.71514428808574,-0.600507604926322,0.20320126928839,8.21948612961964,-1.82214859238428,0.476767259517773
8.45451363897817,-1.08525268738828,0.407217088940574,7.98148903676097,-0.964906488595897,0.519293158580323,7.56127212422049,-0.506024957920422,0.210251238403213,7.41920868524568,-0.478953821708953,0.14096929695984,8.17584239198665,-1.83467021458173,0.519443442656662
8.05459242823686,-0.873779738427404,0.284328979816069,7.89397745034018,-0.926199393547761,0.517959615048319,7.55509482140577,-0.511091729771017,0.216840257313474,7.53378122784588,-0.519988637328661,0.161893079614915,7.99327234540501,-1.75120773507225,0.514678500111728
8.05848655296235,-0.869655365208646,0.30374846800663,7.98423537391161,-0.95709881218208,0.474532775590627,7.48567726099354,-0.463356380042001,0.178954295441181,7.52221667050274,-0.502593519814989,0.166197626468834,7.98846030809773,-1.68698546682228,0.44156919802643
8.41762812537837,-1.08240457282011,0.437406560569068,7.75629698525163,-0.839929729347097,0.435185119122932,7.59077859366903,-0.500947049755505,0.21767554324963,7.59476026232491,-0.560212633411174,0.188571276333303,7.94324607045644,-1.72222440967939,0.467082269656043
8.03527890525429,-0.892849831581217,0.353500323981307,7.92767903753694,-0.957052923359193,0.505853773329479,7.48800997424838,-0.503550423683364,0.185983201075737,7.60527777418774,-0.544027873581989,0.187408871343155,8.09060754481692,-1.80024750791491,0.485081131697906
8.1572932981177,-0.912113716899441,0.278461613714468,8.05353898523411,-0.983283650264128,0.486553536752295,7.59767374785255,-0.52958096958438,0.223985041741301,7.22170950714136,-0.367255432596283,0.0736905565716123,8.1891775560101,-1.81088264730333,0.494385673538764
8.40911450962295,-1.09575105856637,0.434078756879912,7.89088326578433,-0.916836457399267,0.506248346348514,7.65534737096281,-0.607696903491335,0.285288885861894,7.52323655388714,-0.497161965945065,0.149656054542585,8.20399065955055,-1.8315096432536,0.494362170836633
8.11802562298505,-0.910031526940824,0.344628250602039,7.77656133845561,-0.900499180160513,0.483067345676573,7.51318268077064,-0.489722447571802,0.194229389475174,7.56049411315868,-0.516337315985615,0.170625786451467,8.26453019216317,-1.88269416642838,0.488090179906072
8.16561623281095,-0.916307305647412,0.339204611357997,7.93173194242473,-0.925215287475819,0.505720185005425,7.44125417865557,-0.427734769184769,0.155247051215382,7.44221649864429,-0.485640414832002,0.154328359009799,8.26708509707147,-1.88574498324311,0.491409184955026
8.11668326409881,-0.902864580380917,0.331485831533996,7.78260327950667,-0.861840045277326,0.456775439992783,7.49574950392126,-0.47832094023428,0.190797132562928,7.53570857208943,-0.519165762867864,0.170767505074879,8.06430228692908,-1.80955145490138,0.477335424523745
8.15457807954269,-0.947981231743496,0.338652869635764,7.79194894253197,-0.889842349578051,0.486556032662056,7.54231818860273,-0.513532471038484,0.214620221876365,7.51734516236895,-0.517272542928031,0.173145714474721,8.13936256419727,-1.81259936181492,0.464679703842244
8.12547369964955,-0.908337253188552,0.274506353742029,7.84124212847403,-0.921331249524891,0.457184536326816,7.49902394448912,-0.484407959338927,0.196891523272633,7.62311945626053,-0.548019020775982,0.184148895017776,8.22240019826669,-1.86200315285326,0.496228347773825
8.03161784809402,-0.830112178902472,0.301644652276784,7.84583803588525,-0.898643906520334,0.442737039062693,7.54766615807951,-0.517740230269259,0.202792102877152,7.40362497839532,-0.469441416047165,0.15514316854268,8.14383506947319,-1.83122456593824,0.466637043281013
8.17010740506395,-0.92173989930211,0.309512369107117,7.84474370641863,-0.907272776894044,0.523081355361489,7.49972243312474,-0.459500167175993,0.1697388144476,7.41695400911485,-0.468352472556792,0.15124384302988,8.09385093392616,-1.84473739247113,0.481338674247966
8.13892555812916,-0.904862941088189,0.319066127567266,7.84526038247428,-0.900916541396819,0.451696664433462,7.66442524314399,-0.575112732947465,0.231935053895508,7.65466610059182,-0.556916964817487,0.191230677790447,8.20212135249782,-1.83564592338044,0.492159082602222
8.1719027329775,-0.966251891488211,0.372259426350988,7.95402769558626,-0.966654323666715,0.505126275080892,7.33408547637567,-0.355874666962316,0.108663959051851,7.51020136495887,-0.507934044709715,0.171155407153781,8.25307766235357,-1.92152377968759,0.464776385331861
8.12660524980174,-0.88848420344035,0.310108149631409,7.93381815790964,-0.93153992140503,0.468853721046449,7.59272453489409,-0.541564977376353,0.215120407766558,7.57735537383357,-0.530980498733999,0.159806118030906,8.03196272978579,-1.74388869305597,0.455269489034296
8.22445359545759,-1.00009465130818,0.430014941822532,7.81154079879926,-0.892442242254122,0.462664699875472,7.38687768929978,-0.409971123314109,0.135371140594888,7.32632594995164,-0.426415184889051,0.105259019887145,8.08551645357301,-1.7696756540229,0.513681191843813
8.17646383027854,-0.926102437481112,0.335546650865835,8.00120678570195,-0.988246470511817,0.546788566927585,7.60642512725604,-0.564819765482203,0.225862246833123,7.64452803273627,-0.546384192896905,0.162736113774795,8.13969143446294,-1.83381329090019,0.506873223205902
8.20709855208842,-0.927304939502761,0.329845957235348,7.8786993497064,-0.869588452634033,0.462548343121729,7.38472356992746,-0.421748651166434,0.148718224425434,7.27350054321665,-0.414827499553488,0.122342412694361,8.20657990441087,-1.86722211177195,0.493496470691563
8.1693371170856,-0.951265891658051,0.356145196410831,7.77980717522361,-0.882856277722938,0.478184585673276,7.55247816404204,-0.529948955024339,0.220281480027296,7.4668361238707,-0.462967574353702,0.134417538267282,8.20750797178072,-1.86762730952551,0.495234726749948
8.61140947351226,-1.18424998485936,0.41092618482062,7.95766762150102,-0.945528281072341,0.519988584638647,7.50666454735296,-0.498092247205504,0.184610080315131,7.32708267441843,-0.452581708822725,0.122141692541698,8.06312949765916,-1.71243381002479,0.460894704491918
8.04874675868196,-0.870758679505584,0.283301547836282,7.82354822349015,-0.89150678544897,0.520944526509974,7.56600499902484,-0.486581308020209,0.206914321433542,7.42431493858994,-0.470266009282068,0.154076884485344,8.20696200416667,-1.81569037698453,0.491365229265866
8.12271945535578,-0.938727922424433,0.317559737073814,7.80775057675806,-0.872895733363354,0.475253119138494,7.52611587727122,-0.528449176383763,0.224310367742019,7.30485713828261,-0.417381021946059,0.118449400176152,8.29620030082003,-1.93868865352775,0.489556044115883
8.53547047677315,-1.1579132049529,0.443660744919534,7.88431445294465,-0.943686631168454,0.498303439454176,7.47959542350755,-0.472188210184855,0.178220856515879,7.29763236092893,-0.433752703432575,0.1081319518003,8.30724509293301,-1.91456371044552,0.519576072352796
8.35335910838464,-1.08095882198613,0.396295612876079,7.69495808916863,-0.828284492214932,0.4181020208804,7.48048316439814,-0.461215608320748,0.174597736186161,7.56766348551857,-0.534446219688263,0.194287830667053,8.1439701387203,-1.82002388091407,0.527250477663461
8.03993322488606,-0.850227759399806,0.286353301521435,8.00585246689173,-0.96030355056926,0.470360847939689,7.64046863239006,-0.615304939966636,0.256179187889676,7.45750196764082,-0.509518683745876,0.140506867409112,8.04940982480393,-1.79050265812312,0.457798978636983
8.5048034860302,-1.13561424059643,0.507564133065264,7.89934308245028,-0.924171205798994,0.503041506670074,7.51060276251497,-0.479677343204016,0.184329228647323,7.36207314724037,-0.454477347898789,0.147066521348437,8.15731910583212,-1.83776347119348,0.509279419505278
8.05488074126137,-0.897200426838572,0.293424741767716,7.7380052636969,-0.878814648013171,0.495802745986942,7.41534253184126,-0.418332883586508,0.142252834821662,7.36271040210223,-0.446362965307463,0.145683055938967,7.9683202694028,-1.74616779176123,0.486843796521844
8.44803957762858,-1.06936035723868,0.475654502279637,7.8568822008507,-0.91756329356603,0.495250189400944,7.57151827251329,-0.54128161716229,0.237646811217679,7.37685463103587,-0.463122203932292,0.137166764019788,8.21385076475167,-1.88359949932514,0.490578128327543
8.15219476656444,-0.93522405580251,0.311558911651284,7.84482514486559,-0.913743136067185,0.499155366211666,7.62977005048409,-0.571416299724715,0.245662245737683,7.36996000054766,-0.464654621190133,0.142700622216745,7.89871535709918,-1.68363078497554,0.458302076705538
8.21500341811554,-0.984661280695154,0.30861860874184,7.80183307665287,-0.88217517259275,0.472698120319464,7.58299008076529,-0.534535924040653,0.218638052622784,7.40014758739529,-0.45312322654788,0.131684002952004,8.05610869641268,-1.74280876712458,0.475707557230002
8.10916246146547,-0.884283346787348,0.251528711088336,7.99868990416786,-0.958313441095259,0.480986660709944,7.48446123312032,-0.478477505295217,0.193531812727307,7.52878244096047,-0.517785389143419,0.16049845257169,8.08493561463247,-1.78597403385393,0.476789716314039
8.21520899183454,-0.96308919150411,0.320998293800758,7.89078280136848,-0.941688318600127,0.46518771746911,7.49459765861055,-0.510080708509182,0.189986898124415,7.47393061253732,-0.493858940471911,0.157667577313285,8.08520858729602,-1.80350181508655,0.485039561731217
8.23760808293156,-0.980300258025071,0.34190088439175,8.07465737420684,-0.984029469809381,0.47780683927513,7.63523101044333,-0.54728400905187,0.230966630975018,7.66671151100751,-0.562816372973545,0.167695887760439,8.16587795414543,-1.81508436633854,0.453519081124356
8.09041370022886,-0.900962779353732,0.28802002888899,7.9041418521932,-0.914715550457458,0.494656180991579,7.51759536599461,-0.50231193712167,0.193434907185133,7.37277366371613,-0.466999050593759,0.123602793433955,7.98490314548758,-1.73101247844932,0.476008136374986
7.94112988428758,-0.805185412729234,0.273310460391204,7.83642682969857,-0.882731517432198,0.4435158459851,7.46695157200304,-0.503147821634216,0.191126502973953,7.48352307893423,-0.513691244822715,0.156304824061032,8.19759897712103,-1.86801150460323,0.491230112368802
8.04598385474451,-0.906769788833888,0.252039049015643,7.88857050732019,-0.937251804009776,0.484556108019808,7.68882354704088,-0.617424558301283,0.253085631708376,7.37317435045363,-0.456732829305441,0.120502131547153,8.22716242001306,-1.89175684155197,0.550684130047931
8.24382385218739,-0.96133523478404,0.304209038819248,7.89002316728346,-0.907475845599446,0.47132213659782,7.60128494802891,-0.543791775767085,0.231862029184641,7.51452646865738,-0.524022466708053,0.163416333789915,8.20102962417912,-1.83695601762429,0.470846093497441
8.31885899733249,-1.00349958090359,0.365446304449776,7.80675639052321,-0.913478821743827,0.49134646002406,7.53088044789908,-0.470279525806934,0.183972832488903,7.40761775268151,-0.468051941457466,0.141525360903711,8.26810804544467,-1.91848570337122,0.498934882306295
8.23157058254971,-0.97170175290467,0.332971059292979,8.13858117824702,-1.01543189303657,0.492708234600672,7.4751745222647,-0.48299431930343,0.180465769332732,7.54403612358035,-0.514687735607331,0.173250689824561,8.15780646386023,-1.80967430629715,0.508294810727486
8.1741858919294,-0.910014480271265,0.325461213055267,7.85493653317584,-0.920345861249446,0.477074355415016,7.4948191842818,-0.493411463879827,0.211758427321836,7.51904363297185,-0.517338340812018,0.170766785343801,8.04629489087906,-1.73997245125646,0.474952529951876
8.07749265838924,-0.890422258389125,0.331246597384436,7.89795331995345,-0.909069105919745,0.470985699931558,7.44418215792615,-0.438828853102784,0.16147349698907,7.59102642816229,-0.545056232311086,0.157205892583614,8.32555741316692,-1.9461252537213,0.508697626238267
8.10684312921187,-0.890575904196722,0.29631169343316,7.81597026429619,-0.879160677628551,0.474088529987688,7.59379693011225,-0.524540941454623,0.217833930485687,7.88965641002441,-0.638079509425384,0.234543196045679,8.23800019353376,-1.88028827118524,0.534942324536596
8.12580401027686,-0.924128836377344,0.309873267412559,7.92198335160849,-0.949766287110807,0.497712468700205,7.48104353391675,-0.472770901721835,0.185557446877735,7.65200233583137,-0.574721938529294,0.231705457332488,8.06995576715657,-1.80267017998412,0.505833618802345
8.09149066879738,-0.880988788258815,0.261540301341513,7.80900143321701,-0.865115627013682,0.478931243174614,7.58433593037925,-0.540705958790757,0.2246508377079,7.46913266666469,-0.476004934943165,0.158507253899812,8.3425070152477,-1.93134697468811,0.502891386124894
8.01820547337204,-0.828903224799685,0.298194594706408,7.93029647427204,-0.924377897362648,0.496014843963743,7.46091113298939,-0.460819618842267,0.197658574963051,7.32511939050231,-0.419252090242578,0.116993744070816,8.08668051962294,-1.7608459413344,0.457345164425339
7.93449377928801,-0.818806727452638,0.284536159895313,7.86627611888599,-0.905832086728884,0.5124713162094,7.54196104233549,-0.488044348629178,0.208908201749273,7.26649459038619,-0.445301630987767,0.129915454473827,8.27978798103013,-1.871968896527,0.478762794812984
8.21443267775507,-0.960124628267184,0.338743732883545,7.81913754033139,-0.893746212765394,0.490026062609638,7.5734552891349,-0.511421803831936,0.198714770311492,7.53619709082538,-0.532933081615018,0.181225260258955,8.23517270860016,-1.90527969429074,0.512520383244989
8.1259121880194,-0.924005805192975,0.298608555339665,7.70361581190989,-0.813457864218298,0.439854982916667,7.51948566688598,-0.496177493864345,0.200018832942162,7.23759317340767,-0.400189251950689,0.0785698950747151,8.23095367551392,-1.88344859026637,0.514504384380495
8.10164816525555,-0.883595852619718,0.311788258013775,7.85011506290313,-0.908648562175879,0.477815122150025,7.41038335015976,-0.44737468122815,0.156683439073158,7.39959109060521,-0.424605454255378,0.111297363602537,8.20104820099787,-1.86896641454167,0.495287173839998
8.24934872806848,-0.968918584681783,0.361178372788183,7.90865367445203,-0.932128576037604,0.510637464659573,7.49786466844822,-0.465102127982887,0.175870125847557,7.65321607919058,-0.555193237515109,0.158048440639478,8.0391144407146,-1.68238318267678,0.444183667302371
8.18111205258075,-0.934109108459895,0.317774823179484,7.9271563475899,-0.902891536517209,0.488574841724212,7.61589679309082,-0.502551302934736,0.225338719237159,7.29076421012539,-0.426386747585649,0.087127821977976,7.93188945418282,-1.65831042968891,0.43781127029063
8.10710859337419,-0.909089879022868,0.285160568065007,7.68322441529327,-0.80277147158616,0.433878400266363,7.38632351357646,-0.454253428985406,0.169330070735388,7.53822955011252,-0.539498275728046,0.153094120800148,8.25666960438859,-1.90836216542344,0.464242769325553
8.25011392727023,-0.987321776061445,0.314244955382204,7.68117297231526,-0.835417339962291,0.428316132927367,7.55356718628804,-0.522267740696938,0.194382126074177,7.34914135357374,-0.449180302105871,0.124745651948396,8.04894177830865,-1.73883740845731,0.481042374184447
7.98033293645337,-0.856368910439967,0.308945249645105,7.93101901854323,-0.920091692117796,0.487345100488969,7.6575993134596,-0.539923391199538,0.256118098711786,7.42517746454174,-0.454678131314034,0.137546335356525,8.22623337337276,-1.89180551865684,0.510750647477481
8.25010139402772,-0.966540767778558,0.337582172946643,7.99956452293299,-0.955781946662732,0.483925072953738,7.58104450767907,-0.522382017123238,0.210425322428357,7.34119146495907,-0.435095898135806,0.116812822455608,8.29180483891367,-1.8773065723089,0.539430583991116
8.0217160565832,-0.866149534684665,0.289228978815914,7.98040454006936,-0.973975170993471,0.530253114843855,7.55252378895768,-0.499178941189064,0.205522168876595,7.22437440782448,-0.373692346921942,0.0867843572130835,8.23366628074925,-1.86269985589906,0.470334752603522
8.11991407641289,-0.87349610330384,0.307370649635722,7.75395588474958,-0.854343344589628,0.476732055150097,7.43111150154681,-0.444567559181951,0.149098027288286,7.50226458688213,-0.502745603526599,0.166570078870706,8.1690895104021,-1.8092961460489,0.467617531561211
8.4456099229513,-1.13461533564485,0.473084819265517,7.7543133248306,-0.885922820323388,0.511609368683604,7.44396292480709,-0.464456475600333,0.1730100400722,7.65414220347735,-0.559138412764624,0.165269175370359,8.07970936325538,-1.77870852716238,0.45391953345715
8.37111804196945,-1.03253018007343,0.425847514021923,7.87492454715424,-0.918269041452015,0.487317574218988,7.58541919081869,-0.53583022415088,0.223805798401942,7.79713932632418,-0.597937434775553,0.207139718216938,8.0823334663372,-1.74911345407966,0.493140064291937
8.33687575877047,-1.01640989883202,0.389644898464877,7.84685888904381,-0.899954649289018,0.481557871605133,7.56495766892316,-0.540501056154147,0.222756168040359,7.43011287955898,-0.480033450036162,0.117922581135582,8.14315652639908,-1.78340163730525,0.463202190424658
8.28529330771097,-0.988180228719168,0.39289031912831,7.70459206453658,-0.883212431404814,0.45675043657302,7.47354946399789,-0.428203904919476,0.158887707304904,7.53260266834268,-0.516021294935615,0.132430488335462,8.24015124348306,-1.87543370096405,0.499558319119669
8.23218635203559,-0.953380489170649,0.288035772803655,7.94691148294452,-0.942675304699881,0.524999084951684,7.48361136562158,-0.479325542549984,0.173307121914118,7.41414348383464,-0.459421401421983,0.139227962805002,8.06244969642618,-1.79063677798567,0.499098176935802
8.05747922887327,-0.858210399498843,0.298058412668079,7.70209655878847,-0.822699610409431,0.416240649321288,7.50296827261031,-0.497175495135594,0.186564807948648,7.38796775656073,-0.467429693912542,0.157659532772049,8.19456223655627,-1.88008492863999,0.505017837437294
8.15060683582174,-0.936267331291398,0.350644378759489,7.93890001552036,-0.949308396381925,0.517947605610508,7.54242354975006,-0.485284340022109,0.199317913742608,7.51779744600858,-0.501616415280645,0.146744027793214,8.30504716107787,-1.88717850166945,0.507029782750886
8.27335681480354,-0.976587696776974,0.372742103013479,7.76565232045742,-0.86739146529934,0.457919308532481,7.55679902324543,-0.550659278963245,0.208171753400149,7.50742627706626,-0.505172019935061,0.145127106712341,8.13731094843838,-1.80167598032902,0.47927249678496
8.10720686533417,-0.880320274499661,0.2734084193692,7.78399259111247,-0.848856234298515,0.456355879155396,7.59905292117805,-0.56445881542111,0.253519833511713,7.6701670012386,-0.57872160798715,0.177765706762927,8.01182640246699,-1.7575594165699,0.485531947193891
8.46073443258607,-1.10517195658319,0.414791719289962,7.86463003794555,-0.883593339489094,0.467417452047343,7.5090407637213,-0.519315606297906,0.193690744273163,7.38530099627703,-0.455008755876227,0.11326581030357,8.42635039123082,-2.0217680735773,0.536873319828849
8.22225730364732,-0.969719421367941,0.365426554451027,7.79052623847229,-0.889427732801979,0.487138156275898,7.46343931854023,-0.491043357572456,0.178538500489518,7.45822408528117,-0.490761059823117,0.14358063918836,8.08322648058101,-1.76735678412839,0.45955164035008
8.09105802053057,-0.899805369138217,0.32007209788426,7.76107092181729,-0.863663453865394,0.440384725062626,7.46359815174508,-0.458239910483785,0.178425376012484,7.54941496519642,-0.507772944956703,0.182519445678129,8.22917678245823,-1.91056523388962,0.50726794324905
8.30216874031026,-1.0102866912201,0.385560561149304,8.01283687142301,-0.980422977773859,0.496360088396863,7.55913872217893,-0.492356731937254,0.188489400308896,7.67036654601002,-0.60174761807095,0.189975895883556,8.35086157764716,-1.95936156472523,0.481448219750097
8.04875733752153,-0.860342485991105,0.274330420120107,7.94812035876959,-0.937364860914286,0.492586212302663,7.52013670683074,-0.460442252826068,0.186470368098388,7.36919421620309,-0.462153809471064,0.135104019968846,8.08351508694203,-1.79747516290591,0.502342367153332
8.50550335254014,-1.18158027012617,0.474074140315234,7.90569845796099,-0.921657763916971,0.476831852214871,7.57872413212104,-0.53620929419848,0.237635579738077,7.50431702672735,-0.49198511691061,0.140255560084574,8.14467469175222,-1.84287298253442,0.492471229701093
8.08181185618136,-0.870568637858425,0.278063495325566,7.80472411152677,-0.877976095504445,0.497025121545768,7.6147066284651,-0.562005567116885,0.23738143860618,7.42866619305662,-0.494795123578418,0.146366729447766,8.2325878179495,-1.92846807133455,0.516491860875565
8.21827237105678,-0.990074474087445,0.36936764339405,7.81069824253494,-0.887158398432466,0.480016733345671,7.56134269701286,-0.529209569755777,0.214482067315588,7.56891660145356,-0.510600074853312,0.181433423242046,8.12667546198559,-1.79086136735669,0.51352020035396
8.15280451333009,-0.938982018208515,0.344154596207768,7.95695673803026,-0.947675953646788,0.494381844130517,7.50709662037812,-0.535288862579713,0.219054897508939,7.5532450508329,-0.517873595378248,0.170821358027074,8.18866785876367,-1.82853392678847,0.505845750431174
8.13459238551098,-0.942908440612687,0.319184238002874,7.95460269209398,-0.949443230111844,0.503799410951394,7.57781958844655,-0.55031808451202,0.253409487083967,7.48666927379984,-0.479921345163852,0.140241088371071,8.36951896909932,-1.98152896704605,0.481797338706317
8.2970618378354,-1.01594300772122,0.359789474072714,7.84488296840994,-0.913401410031885,0.479345437319657,7.52692731963363,-0.495171491605029,0.204924069026906,7.61306820683057,-0.5443778004936,0.18521343691853,8.27769036585001,-1.92934568287603,0.50506708355274
7.95958947751052,-0.789597367533563,0.25422791374278,7.9676983160846,-0.965316407818047,0.502228499315538,7.50439697919919,-0.468727204316312,0.17606810713416,7.44087018911002,-0.461034297447428,0.135591572255399,7.97107221722591,-1.71553612305877,0.468812875636918
7.90776385577506,-0.794099292168401,0.248674776904955,7.93739494604355,-0.94238130726129,0.505293749924822,7.330649042902,-0.416417640776434,0.141330514718969,7.52450224395283,-0.495909628513052,0.158986337608496,8.06934555285175,-1.79151488136537,0.464856964855213
8.13143563112173,-0.926375677699989,0.343763436097143,7.80824490159438,-0.863980070080239,0.473998450111087,7.4928040153133,-0.497273775409323,0.190051223907367,7.30301795988874,-0.445427740629469,0.110120419104579,8.10921225023137,-1.78045000472543,0.491133032265686
7.97756240623949,-0.79579864799783,0.277622880195598,7.78035353465541,-0.861535771774351,0.44867405331497,7.5436233564614,-0.478807792125244,0.188383171144653,7.27766360376365,-0.40100137580505,0.110602429351507,8.18140220665382,-1.85682795279734,0.478936697493556
8.04988907234518,-0.86734627062768,0.269166062360708,7.87640745821183,-0.888232020584592,0.457108976617032,7.47495565159242,-0.446626019976705,0.167389216603896,7.49265530849575,-0.498093682351858,0.150363299234263,8.29153322623364,-1.93668069948004,0.544190305035072
8.21115898488509,-0.971176113449142,0.368226441228878,7.83892181176453,-0.906071272258254,0.452542260948307,7.37037758697558,-0.407699154195997,0.134321785228191,7.63254865555234,-0.544331905969639,0.166276628184638,8.1488581812996,-1.83172565237026,0.519308996636059
8.48757721219814,-1.10005037365516,0.458822028718843,7.81468191078582,-0.891107320368369,0.475665016986164,7.57250835757625,-0.578682317208861,0.225305438999959,7.51752643777419,-0.485866395121413,0.157683165829866,8.09222260402678,-1.77487616871795,0.485311978201448
8.37602044216195,-1.04859396262693,0.446744335908742,7.85248547712527,-0.9166684663331,0.501422281594466,7.49712298311691,-0.460320608235539,0.176804367557269,7.40633712767287,-0.476284239344805,0.155908332940804,8.10461288144135,-1.76883597632716,0.475215460895519
8.48177106295435,-1.12391607071331,0.440028865851082,7.84328002113349,-0.912045084351696,0.493189435670753,7.50128049093982,-0.481483549023145,0.207035964704073,7.26287733505474,-0.420289391325812,0.100279975245366,8.13232490251265,-1.81222132148913,0.49677054834539
8.16617487772462,-0.890200044703861,0.393814935238523,7.9344267831156,-0.922074422461344,0.450536113954782,7.49092847650694,-0.467460988524489,0.161485361404317,7.37744885104602,-0.447089785057207,0.147463981675142,8.34859997509971,-1.94973062097909,0.525707015088979
8.30793799779586,-1.04827319053459,0.436829074122282,7.8594418526069,-0.902817336791938,0.467591062085438,7.59700883187788,-0.580400312908163,0.247514569117854,7.36901226811139,-0.41352321913099,0.109981092565718,8.37520289402689,-1.97582080933926,0.500375086942743
8.15213953831741,-0.935362995790789,0.303487533244951,7.9426731675668,-0.906456315080846,0.484862807943539,7.53285554324986,-0.502136309440307,0.204055130291875,7.32168782567562,-0.425347861830562,0.116765938568055,8.44869352720963,-2.02341642064622,0.504160843678236
8.01832436760855,-0.832421674431816,0.261595690462758,7.8856601638827,-0.953242159789315,0.535920308063401,7.55975231326157,-0.542290528351006,0.22318651972285,7.35073765011932,-0.440316452788358,0.119390757940608,8.02574418996203,-1.75175909769679,0.456414349164803
8.14825525725953,-0.923291070528954,0.343618891674851,7.93183654498701,-0.942192854149359,0.528187821434309,7.51321452666273,-0.509616761533641,0.19137655882581,7.63068023557832,-0.540611880528002,0.152298569652963,8.22498557041776,-1.85422775929343,0.473605170573892
8.07015807984341,-0.831481656790645,0.288922930659388,7.92592058509208,-0.93432235447531,0.48114688855112,7.46738609728792,-0.410494567953833,0.143544647603245,7.31595649189203,-0.436320262495401,0.113450919599261,8.16481040907918,-1.85629077883363,0.499193474360921
8.26143017763424,-1.0364323914817,0.416848200939095,7.88040381607692,-0.906626916604196,0.491341035079633,7.51809678613078,-0.488211399184641,0.209879955096505,7.31660374270066,-0.440154063799664,0.113938387983973,8.13818721005693,-1.81093571709545,0.497537012060432
8.08257191334212,-0.889506099604654,0.319944529446086,7.93551949351815,-0.938932634929886,0.50431386410277,7.37026716923682,-0.396723932741548,0.128476827289875,7.17440334234543,-0.38128217161368,0.0956329724652253,8.14789854564012,-1.86646694916806,0.511414783264696
8.01231332680543,-0.899767139716988,0.311631428949362,7.84770348640355,-0.905315319953891,0.489359257108438,7.53691317006569,-0.52192927469436,0.206982850299264,7.54417496550425,-0.502363461977551,0.157815159510256,8.19042315958981,-1.84966407425232,0.5087468968252
8.02112543544028,-0.821327033640615,0.285835021537572,7.88119416382903,-0.912913920715121,0.49007442636559,7.58153711593516,-0.576087476268083,0.232691024409102,7.42480566766888,-0.449038156180713,0.130945928729879,8.06521288123953,-1.77969039541797,0.467271949603021
8.0960247376256,-0.928039700922726,0.337059884242783,7.78642489530655,-0.837643976188957,0.444053108694164,7.50527474940427,-0.436425088032091,0.158086921349997,7.52375537210322,-0.500552516714097,0.167103499253766,8.2086964025746,-1.800933754011,0.490085289591158
8.0273615614627,-0.843425753391226,0.271072812614189,7.85146014144742,-0.891625280528197,0.436401980592509,7.54470764427496,-0.524899981740173,0.227085567786617,7.35456793140912,-0.43991685650248,0.129397677832673,8.13438947704881,-1.80089402002106,0.490308126653226
8.44545234182808,-1.1100734634183,0.449268983220489,7.86724047672262,-0.855418965848803,0.419812096770866,7.52788382130311,-0.519123186260407,0.202484908479032,7.44291653293578,-0.470686006469929,0.118358545029343,7.87957286771464,-1.66266668737715,0.469097711101218
8.22851873046978,-0.999980560591496,0.328107950882588,7.77841670477868,-0.89564515979967,0.483777634402301,7.61050607062428,-0.553185193473459,0.250590015793443,7.34349005196322,-0.433281439443778,0.119618914740524,8.19459510379624,-1.86174115850126,0.489332969387121
8.03533837689968,-0.842315380936198,0.29349489725365,7.73981768572901,-0.841221677397786,0.42483344705314,7.47497422056477,-0.508457466050986,0.18812584796163,7.47236901772624,-0.482098056060418,0.149174098146505,8.10365612521054,-1.78666968532876,0.483939318396862
8.16472407431316,-0.955001024363197,0.342237086773803,7.87224773943712,-0.931408302765596,0.536115412970783,7.47424932236508,-0.44108167180147,0.164532146822672,7.49279900308031,-0.500905539615569,0.151839600954976,8.14513728325833,-1.80492107034198,0.481500978350629
8.21604375194696,-0.968026340337585,0.333665190238711,7.71257509848141,-0.827271193738144,0.460309245562123,7.50275484164095,-0.472168056455674,0.186189053998047,7.37293309673153,-0.446201084508339,0.12877104077364,8.24947472672029,-1.88349548203761,0.505929768123715
8.23865842843886,-0.945505546152403,0.34196051099966,7.93176964583323,-0.954244785754791,0.51515457723817,7.5717811808722,-0.519257595893025,0.223162094197718,7.43159240646967,-0.484664527819776,0.14488196567134,7.9830274386929,-1.73741504845183,0.488707409040663
8.75757638135327,-1.27496977611606,0.478497704927295,7.91118308866518,-0.940744168276244,0.536506421449785,7.63396552072662,-0.573066217987568,0.252370013017516,7.51017475990268,-0.485481361327757,0.141344076954027,8.23765045029947,-1.87717466512651,0.488533532644276
8.18601137452647,-0.96096196929164,0.355925565590848,8.00937442259908,-0.950895605226661,0.520173156445925,7.46356201702905,-0.50640047951827,0.207412252692866,7.37988923818372,-0.457533054324617,0.144308198003156,8.2079768557892,-1.85030688845253,0.479538056167881
8.58199490364006,-1.17400843093155,0.45102404349664,7.84857943009335,-0.904177086613264,0.508488098209591,7.46394313805542,-0.430711762482063,0.150738126377982,7.51106549728568,-0.502954774833108,0.150738967715928,8.08149695067344,-1.78825239881348,0.479145047230839
8.23924927987866,-0.997209531204307,0.336744809518389,7.88468975560541,-0.934524355809637,0.522491296488912,7.57079838359569,-0.500846582590537,0.212716756511311,7.36309934275956,-0.428695472177209,0.114931334536801,8.35024908780188,-1.9517807434957,0.525860531329089
8.12466538692579,-0.895889573460708,0.28416562075843,7.90056426993482,-0.917283997751461,0.46286949749403,7.50995634528769,-0.472313681892556,0.175575273801001,7.45488691931846,-0.484433200891695,0.156275649391887,8.18347514184852,-1.8574118058904,0.498839093085953
8.30975536505649,-1.03304512347735,0.321371049259214,7.85340928471839,-0.895129753551457,0.47561295477478,7.53253089496645,-0.497568360339809,0.198304202208192,7.59544975217245,-0.552003145409463,0.193073128148061,8.17339728501118,-1.78855636434183,0.466380244396724
8.15244855868931,-0.932814370706608,0.286425585453808,7.79824128791585,-0.880316521849589,0.46846171703938,7.40428153532143,-0.451486390467852,0.168749155020453,7.3909249269414,-0.460228884511464,0.141518177774683,8.06058388897378,-1.77163312252809,0.486714351704402
8.04958375990284,-0.872175413469277,0.330369066134268,7.95289554538012,-0.994489104025506,0.538121752841453,7.44620307739346,-0.401528795522654,0.150115231818381,7.70004544007479,-0.594564698764979,0.212578387637664,8.29001325708635,-1.90822001625457,0.512087176977181
8.35373994893373,-1.02630477284391,0.347967373564374,7.90292442742526,-0.921076407337123,0.471349426275005,7.48525097443281,-0.457379854590162,0.169561918731436,7.19489495346882,-0.378051884708078,0.113848563559213,8.12488954501935,-1.79048481388956,0.494968327163824
8.18934817858238,-0.920077097814501,0.350035093541123,7.89128691515573,-0.938435602867247,0.515973039118808,7.55960261138544,-0.514000925951778,0.206955587461736,7.44289160820904,-0.449106434772041,0.142301760215507,8.1491671588588,-1.81192002670645,0.485194364712502
8.02799136642699,-0.841217844205048,0.299416364207843,7.65250346019482,-0.831989577608319,0.454143584245921,7.58639580151336,-0.561734253240787,0.231098906647961,7.52547690139752,-0.514358491119464,0.166867682977243,8.40108049337785,-1.9449226484651,0.508645082082303
8.13259259110838,-0.885444464758252,0.267397022566676,7.79120546555044,-0.877103984273001,0.481951038057489,7.4642025298369,-0.45925458545141,0.176063982133296,7.50492292942925,-0.530568829652631,0.158213113620387,8.05777363949322,-1.755228793382,0.443853185519867
8.29346603028745,-0.982142003051336,0.416883633774156,7.69906619189961,-0.847242359180316,0.449646772559156,7.48492031310272,-0.494236390574933,0.19385131538784,7.34765133046742,-0.432444452353284,0.134442944287324,8.1991795617157,-1.86518757344803,0.53281783248124
8.19180038770881,-0.941551034742536,0.296113166236819,7.97363247655381,-0.934392891161626,0.499321080215561,7.56803149130342,-0.518342425443329,0.211164761555763,7.30823656763946,-0.413629958907796,0.118862453661973,8.20981066636798,-1.88856472685926,0.47504477391869
8.23490192230144,-0.975572808429856,0.357625053601662,7.74370591641658,-0.851435192739552,0.47732610894189,7.57975669832531,-0.517009809248845,0.227347117034097,7.40138759458127,-0.452830685850732,0.119651719177753,8.29273513125157,-1.88552533963969,0.515648832143331
8.39207977155223,-1.03234562111015,0.467565030138761,7.85938884392244,-0.844995448394735,0.454226108454266,7.44100461903027,-0.447561050346866,0.171770509288364,7.23702036371377,-0.409166099398126,0.0906644133362751,8.44766432372426,-1.96944736325162,0.490181416623511
8.1802865449606,-0.93159123354449,0.266262488426819,7.73556679575172,-0.846045154005222,0.464396172139376,7.52969983111938,-0.496103167881189,0.195622846965957,7.53329645399324,-0.51665406016294,0.155126380325316,8.22516956675151,-1.84934363115866,0.508435687274447
8.23662842179997,-0.985676812721283,0.294701003521166,7.86037649839367,-0.867065779924989,0.461464679968544,7.60057874750052,-0.536908447200871,0.234385008692014,7.62070723553589,-0.558830147092656,0.18475200623456,8.06371609010102,-1.81381605149228,0.494435989017344
8.00768434750902,-0.865551574740428,0.260136116818548,7.97042634914192,-0.979302041512234,0.525498929564901,7.46534383777582,-0.470958723022255,0.178735312649327,7.75520937466135,-0.609269766312569,0.201146493975257,8.21961539832657,-1.88171740688436,0.477767737017499
8.00019524196491,-0.838873372621933,0.297553115335263,7.82761258873535,-0.908219991473383,0.504244150725457,7.55984547641305,-0.53843973429995,0.206823718961929,7.32754422329425,-0.425934617997614,0.117769991404359,8.16673763679212,-1.80364100344214,0.494012788637756
8.0329075228045,-0.867403835021047,0.307474949848657,7.88591618178323,-0.959273102433961,0.547548343174313,7.54133148290413,-0.490342595910581,0.201547376505064,7.59340442093437,-0.569724939907035,0.181402488052785,7.99688573099229,-1.73441133943758,0.446416342747993
8.57685686145589,-1.17186283549703,0.492650101112264,7.82057016625915,-0.884927383456813,0.497977421021421,7.47799124381473,-0.498342795051226,0.206032017892497,7.26512488112885,-0.414685517865933,0.110481555334992,8.29075792065004,-1.92010400848825,0.499407677803043
8.06164387920772,-0.848769923701676,0.258388546056737,8.09440473663285,-0.989613419657631,0.486855586567454,7.39955083769212,-0.424257655276992,0.152540163518124,7.75607734443689,-0.58240434778966,0.162375258560254,8.17953584511132,-1.87052916504837,0.499107267973665
8.06419822663528,-0.875647801368455,0.29185817833317,7.91513021712445,-0.910033762089366,0.466937219670184,7.389366352328,-0.429754960994268,0.168191858660588,7.50214404456181,-0.499298526895021,0.161151975363986,8.2811727168933,-1.8930165399053,0.482126297042218
8.47508455493143,-1.05627833585696,0.442319044135405,7.77818629191597,-0.8442440514242,0.419815836968884,7.64369207145293,-0.579781527265049,0.265199380678997,7.58118382770661,-0.556044717603312,0.178081601323281,8.11401837290911,-1.84688746674939,0.50947389563748
8.29645643622134,-0.988305995257388,0.351847522303326,7.8655493796284,-0.933475522602454,0.511957010351556,7.55267674398888,-0.510938322430089,0.207229451460686,7.31495431363496,-0.433029646856683,0.126688766725065,8.07997601701315,-1.78710811389738,0.484525446036218
8.08551901215681,-0.861029695226623,0.296041385329028,7.81716075106605,-0.885053051216462,0.446444990343815,7.43896042035704,-0.433660797961007,0.157465765663155,7.59126416730579,-0.545711038876191,0.161368271455322,8.01395101875892,-1.71509785496049,0.444763221873416
8.4399027085638,-1.0876610038759,0.4648343107314,7.80873625612806,-0.885180921265335,0.456674576059113,7.4676312360591,-0.46753199647964,0.172170068246285,7.36927269864755,-0.443916893548865,0.124849817975711,8.14066198103846,-1.83427375799719,0.484310208496911
8.13917801379705,-0.927847725845851,0.312569039140716,7.91125873541556,-0.901779079577614,0.453437245599416,7.48791691117796,-0.447364331941446,0.167267134312361,7.39300365524396,-0.436089393971111,0.128180164049211,8.19518522396233,-1.85805430579442,0.460109012218853
8.12752271911739,-0.918786004247086,0.341070667036376,7.90428438010766,-0.977529332530898,0.53956159176769,7.59612608961649,-0.505338200246557,0.220574322219221,7.50358857743078,-0.495352765475294,0.136732901834127,8.07507353781371,-1.76449368291683,0.498625542253198
8.24345132904612,-0.987575261973241,0.301867672282779,7.89903991092924,-0.936464651745363,0.516242494656898,7.5633633760974,-0.537032791425992,0.216720877486339,7.38554068239218,-0.467223650845331,0.118540096925606,8.27747325123715,-1.8601083453879,0.489458494237432
8.10085626988737,-0.909020023420298,0.301570219452676,7.92093053546502,-0.949467495314297,0.535567602760261,7.62217619850285,-0.560458322779954,0.23627367000127,7.37132103511862,-0.453174997866543,0.130848232413338,8.25090644896641,-1.87071848816566,0.497771075654826
8.1856797180711,-0.921931795957494,0.332080820266723,7.93928867421988,-0.920129111076886,0.478037820038905,7.61825799440588,-0.548510865062105,0.247929009997841,7.24111334765212,-0.42023080067844,0.0868501704037584,8.17810103129759,-1.79869447259217,0.477685785866199
8.12637059002969,-0.928185078055741,0.292901785889271,7.70865769595567,-0.799249758141563,0.425580032841256,7.54420700731563,-0.514318207065872,0.208364743512013,7.49670535909085,-0.48814763599309,0.167823944377197,8.23206607677282,-1.8732036845661,0.478607091051317
8.10113520090578,-0.869042228990481,0.317717997943745,7.86594741692182,-0.903414415672034,0.460517397542194,7.57791244365478,-0.542996404615019,0.221924547319166,7.52288366793698,-0.512438140818758,0.165816147312652,7.996392100999,-1.73512552914429,0.489425925578949
8.20111471864326,-0.960558836197291,0.329269754609865,7.77775651260643,-0.858202191990345,0.470275913783179,7.45707433245106,-0.449894061648555,0.179793323385886,7.50660635323702,-0.518628042703955,0.190357811311685,8.14673817602834,-1.82301040062851,0.495832941130828
7.97806374321196,-0.823231085981871,0.242709441558758,7.75874420022767,-0.871200914544416,0.479266156262475,7.5696062116148,-0.479620097369614,0.190753435944299,7.39901572034673,-0.450349605408022,0.143852124251976,8.34729857712415,-1.94810642643803,0.511501878546744
8.51571249646446,-1.14321411801452,0.491832058015083,8.0446888348978,-0.954006572269557,0.493954686615017,7.50167271837622,-0.519639971245049,0.218241843755086,7.70187770618031,-0.596888813336658,0.210915682020228,8.10291972026209,-1.80919816080165,0.508629512906125
8.15252570182011,-0.917215440498209,0.319523343870991,7.84662157656747,-0.906627384933359,0.464623582088778,7.44089424602169,-0.458747662537681,0.171383310782423,7.2989880016564,-0.447250341072747,0.138188565826268,8.25013831201971,-1.84785729205784,0.490385244474505
8.24753607743007,-0.966406995739505,0.457753881763407,7.81969623547863,-0.865077496429116,0.457627170100658,7.39766839560571,-0.419806800945088,0.147349159990337,7.58376360490833,-0.540648336537672,0.143771849635951,8.01559538056095,-1.71059894418509,0.464487601176793
8.33399097913084,-1.04483021614408,0.408658484184124,7.77246870157621,-0.892949042923243,0.473795282045414,7.54791797933306,-0.508662598704918,0.209703351164829,7.14795173911879,-0.351223204683004,0.0871702794902464,8.18430928697586,-1.84503844353081,0.510736881012519
7.99508915158105,-0.826582919612704,0.274981514663943,7.77510924553241,-0.877981934504527,0.455381701669182,7.43147220374633,-0.465457688275372,0.169069132614499,7.44815086129114,-0.485559932735222,0.115389714673163,8.21446411193652,-1.83956816043198,0.513077125785653
8.16544505445173,-0.940876989742989,0.331126098973099,8.0857634262394,-0.983131576607204,0.495067687802682,7.49128679686771,-0.473285952234041,0.189257800680854,7.59498961702526,-0.511711900367226,0.166527614421689,8.28684535961103,-1.91993791277873,0.504682337374822
8.10538899696609,-0.895436611657545,0.301534723734698,7.84442484039848,-0.886147548564598,0.459127965865392,7.49247801417443,-0.515623472068014,0.195573636158062,7.38146613023429,-0.449809022466552,0.13891728014012,8.2311096422663,-1.8892747343979,0.515276198665221
8.35710548956706,-1.05362856478948,0.426929445811886,7.81125313302044,-0.876065043458217,0.476266090780113,7.57235779291719,-0.519140421564647,0.208798825062495,7.27429159806237,-0.396587764407545,0.107709277842212,8.34120472893292,-1.953392895754,0.480928477147756
8.34809003856432,-1.05211697407576,0.384602993391221,7.75300918734085,-0.870741908673229,0.453423566775861,7.61126635676961,-0.493736978805734,0.203383168264014,7.61555129477828,-0.548509805266093,0.161134005376917,8.09127719109491,-1.78287052874884,0.491986048781753
8.10395175658353,-0.886920499459991,0.289697285301428,7.74754617688218,-0.874858116722844,0.473431135347449,7.58638284030672,-0.516660892996468,0.213170446385852,7.61170644996284,-0.548592142657416,0.169042594537841,8.19935372054216,-1.81482888074458,0.46326546904008
8.4457195687235,-1.1438937216455,0.464505111749779,7.90416620682237,-0.924508661206833,0.500267827373066,7.47041570374775,-0.429766762354937,0.158140814402337,7.42432608767379,-0.462089860966428,0.13788140027833,8.33440237073729,-1.93403976388495,0.510139540318146
8.08519403301847,-0.929407958637659,0.334478475845428,7.86383190036255,-0.934186417317563,0.524901949441039,7.46732697068196,-0.466115105514704,0.180385141663742,7.60879895078541,-0.531668500247701,0.184704972528942,8.11282361695305,-1.79925616307127,0.430725733867438
8.32239789811909,-0.986568592327689,0.420389545065879,7.9141206985235,-0.942570886054632,0.514687515152927,7.54717480710855,-0.492202916107998,0.205128400698481,7.4262519828314,-0.46043005006555,0.145699696372712,8.17056472257378,-1.82929028640171,0.473771979573255
8.08511638895116,-0.896587471453867,0.287292282450868,7.95814106608029,-0.92957958541235,0.476063675754784,7.57756472294496,-0.467807085790643,0.197761527859051,7.40076340687508,-0.463747764910282,0.132167516179829,8.08043042483429,-1.82590850564133,0.511937418628781
8.31171588150586,-1.0350520425757,0.334050899483756,7.98402037171795,-0.988004144622157,0.572818608605152,7.53070956937816,-0.514742345752509,0.211486148728009,7.60094438853669,-0.531981814077311,0.152436229921986,8.09135463915346,-1.82371253414201,0.500187751827008
8.20308701488676,-0.985586348515493,0.383025211572098,7.85253414951793,-0.886916406519293,0.446356106668953,7.44470634081545,-0.453662693615799,0.157802276326522,7.53186063362968,-0.537284855010346,0.178813818230611,8.24847165841712,-1.87692275335208,0.506623125561647
8.1252609769533,-0.916086426804288,0.322227668794752,7.80748039803106,-0.910245590017098,0.46752138892588,7.50492587406516,-0.526184833459339,0.21482481105261,7.33091500696614,-0.417591263335766,0.0956277548572675,8.41997236020676,-1.98018480257189,0.542660747034872
8.59813891288436,-1.20955652678908,0.478086035476781,7.93552564282046,-0.919820601829415,0.515382825960813,7.50283517848828,-0.510742423827626,0.197627559592787,7.5224755805709,-0.511444187960258,0.152725855771596,8.12660690664586,-1.77619993554639,0.475413751293729
8.45372789944448,-1.08414195125552,0.4212281812724,7.99002944555836,-0.971505113557455,0.512138228441884,7.52352826848081,-0.473925002416695,0.189521880913641,7.37883530482556,-0.456338219717991,0.130548918823907,8.40216818752277,-1.9737317172116,0.482910787403035
8.24299848897403,-0.969719576754,0.362894756154461,7.861824819421,-0.866002551124212,0.452867183055658,7.51452438463022,-0.514710733325701,0.207673380851086,7.47523599248153,-0.469835565179133,0.137624644003524,8.17269237336027,-1.84814733101157,0.512594528069097
8.41918204732055,-1.0819155537547,0.431856038306206,7.91175750172621,-0.935702350559727,0.47452030499324,7.57190174628167,-0.537009693845507,0.223454283882171,7.13680952036394,-0.359082495705219,0.0833113597993672,8.21838725155601,-1.89926608105455,0.534921109530978
8.25946252894655,-1.00770705693319,0.360691662754552,7.75314351600942,-0.87242157152198,0.481459423375852,7.52840012773652,-0.495607670294093,0.19295277937238,7.43684763978903,-0.460807398589429,0.133315365232594,8.07880632693576,-1.80819003127005,0.501182424979575
7.98190508981132,-0.813368724002017,0.249205259178223,7.94230798759184,-0.923058216644124,0.468898579386303,7.60189537336547,-0.520240148090486,0.217996292172745,7.59036654919249,-0.535428368889117,0.177196292195749,8.19433914986905,-1.8225655724733,0.493946990394198
8.44808428735944,-1.08563913361221,0.412136044041095,7.6567110621349,-0.781179464436712,0.40948175173441,7.69396535380904,-0.557099611536461,0.259872879384099,7.38155106855152,-0.46514684111761,0.131271578963739,8.30031224771825,-1.87684467019676,0.469946237838974
8.04995950172031,-0.85595858165544,0.272022750479929,7.94258036985183,-0.942017776196992,0.505209335319645,7.43794391535606,-0.430353397465618,0.15112466111118,7.22631628904778,-0.393440918219518,0.0858609764976401,8.14650251377835,-1.83661402318017,0.506147134360863
8.08108002440722,-0.870959155578286,0.329562987074723,7.71904487167504,-0.895681087151081,0.488149541289433,7.38477727263776,-0.440715811241347,0.155465060877795,7.48764114629347,-0.485012479393488,0.140107497429511,8.10223772789623,-1.79313975219387,0.451825864254182
8.09836100021614,-0.9214193093227,0.309615671377592,7.79736771660034,-0.882132618754303,0.512230015374075,7.50417545224577,-0.532409308075589,0.220333063814211,7.30816486529456,-0.430892214242055,0.115951793176523,8.10986041299781,-1.76536337373126,0.457388191380597
8.16554519491083,-0.928232825983072,0.287269170346064,7.91887929433916,-0.9566713911743,0.520226436281381,7.50790244224934,-0.433656117549023,0.169325623912553,7.56539035300732,-0.53576586195778,0.181342939755708,8.06146768087169,-1.7943976291997,0.476221644498929
8.13781727168204,-0.93400179586917,0.324900359230467,7.95225572266053,-0.932075528826732,0.488504358556974,7.43457827491726,-0.43508399306975,0.154161936721834,7.4606334591372,-0.503057814702535,0.167768410276573,8.23338410496814,-1.87780657792001,0.506116096897739
7.89580208636726,-0.792687956532696,0.247109941950918,7.74759684541029,-0.871151132810986,0.485738739209697,7.55351523232707,-0.51182567435021,0.222932155197251,7.63275216998039,-0.567427025464742,0.174037222683396,8.15171684568346,-1.8122995827286,0.488226686276533
8.34949390109856,-1.04786670044893,0.399505630613995,7.82208847771004,-0.893134740246444,0.510017071306311,7.56660322635819,-0.535873706893385,0.22411774286613,7.57256896169348,-0.523742536167369,0.160318859602541,8.2006985631075,-1.82335374995567,0.472866997989625
