iter,Upper Crust,Middle Crust,Lower Crust,Mantle,Total
iter_0001,3.676439535672693e+29,1.879089581227886e+28,7.056428616927411e+26,6.116492590789117e+20,3.871404928528902e+29
iter_0002,4.248972292666305e+29,9.540478320542165e+27,3.876468368225874e+26,1.1341993288063162e+19,4.348253544353372e+29
iter_0003,3.425324958833035e+29,1.8508993280964895e+28,6.313499447893198e+26,7.174406920735202e+21,3.616728462834646e+29
iter_0004,3.216647637607723e+29,8.124908716512938e+27,2.9444531887664252e+26,2.3004712638101942e+18,3.300841177984624e+29
iter_0005,2.9185877976550043e+29,6.74533661809747e+27,1.466027215566401e+26,5.410814046680108e+18,2.9875071911056535e+29
iter_0006,3.681767718516996e+29,6.925404685724602e+27,1.5925487320671894e+26,2.567576596653252e+20,3.752614316673887e+29
iter_0007,3.810565990311314e+29,1.4679110926705805e+28,1.7044467352616093e+27,6.25320527160262e+22,3.974402192251515e+29
iter_0008,3.366767557514158e+29,1.6833331126183653e+28,2.4805378888759862e+26,1.1103894619873758e+20,3.53758140777526e+29
iter_0009,3.476285085004475e+29,7.84873662429156e+27,5.33432360538262e+26,7.655819011278804e+19,3.560106775618354e+29
iter_0010,2.6050708204444588e+29,7.472361132983088e+27,5.525243244043891e+26,3.4789359601954744e+20,2.6853196784972698e+29
iter_0011,2.5712591915618438e+29,9.76448950843509e+27,4.122251781636224e+26,1.3124476231043834e+21,2.6730263515523073e+29
iter_0012,4.093925619924306e+29,2.8196884223366064e+28,9.235351276538849e+26,3.3579629818421556e+20,4.3851298167924685e+29
iter_0013,3.372943182380707e+29,1.0615440413360935e+28,1.4744307151206793e+27,3.24999170285141e+18,3.4938418936980224e+29
iter_0014,3.129142505209699e+29,1.2823239675996973e+28,3.743345406538091e+26,6.531742531591345e+19,3.2611182480293805e+29
iter_0015,3.083658187773441e+29,9.392112020685823e+27,3.248019186690118e+26,4.504210364387246e+20,3.1808273316712e+29
iter_0016,3.940644290496104e+29,9.577350751774299e+27,8.709834234738562e+26,2.9141066049242714e+19,4.045127632539995e+29
iter_0017,3.702155535940645e+29,8.402130888866534e+27,8.011270095792949e+26,3.908983986886076e+20,3.794188118834087e+29
iter_0018,3.5118994019690295e+29,1.7754332319054507e+28,3.2040163300852627e+27,1.3722131059054695e+21,3.721482902182558e+29
iter_0019,3.536531081586229e+29,1.610562851081884e+28,2.023330701953015e+26,8.042724172651758e+20,3.699610705439094e+29
iter_0020,3.827899176432992e+29,1.46880044127883e+28,7.112017278201173e+26,3.6774295440381586e+21,3.981891274613371e+29
iter_0021,3.709153920762817e+29,1.0223765742358605e+28,5.723324037021339e+26,7.932006714312451e+22,3.817115695424096e+29
iter_0022,3.225656379742215e+29,1.2337038133942257e+28,4.02371605440643e+26,1.1937022882897841e+21,3.353050489073067e+29
iter_0023,4.0711031701720935e+29,2.0983861433090633e+28,1.0335170691204864e+27,4.2627262804585644e+20,4.291276959456931e+29
iter_0024,3.653153033229431e+29,8.620447247590856e+27,9.87971560844124e+26,1.3321802661028325e+22,3.749237354531807e+29
iter_0025,3.170277868643912e+29,1.0240958244646807e+28,1.6254244263959297e+26,6.7163438988105925e+19,3.2743128761884106e+29
iter_0026,3.1509055414940667e+29,2.0986208189476045e+28,1.8710932558418578e+27,3.1213821509662845e+22,3.3794788680854614e+29
iter_0027,2.747234868282034e+29,6.92962240808096e+27,1.0165239712325829e+27,2.2940008718372526e+20,2.8266963343691708e+29
iter_0028,3.411621810172761e+29,1.3743370875296656e+28,7.217723747012458e+26,9.645594898267336e+19,3.5562732436372994e+29
iter_0029,3.7653029160279396e+29,3.1178195634647406e+28,5.153818090140476e+27,1.4866371758261558e+20,4.1286230547624554e+29
iter_0030,2.6427739738855194e+29,7.746539230950491e+27,4.2049148885411236e+26,5.674747414862061e+19,2.72444428165104e+29
iter_0031,3.112560615006742e+29,1.1394659175655364e+28,5.768475402066438e+26,2.0681952372648992e+17,3.23227568216743e+29
iter_0032,3.613071911555548e+29,1.3166078519146066e+28,2.787156802536433e+26,1.6871781797937983e+19,3.747519853718263e+29
iter_0033,4.534379629773122e+29,7.74295152529494e+27,8.869101548352468e+26,3.4723387446839286e+20,4.6206782500467626e+29
iter_0034,3.971326658627846e+29,2.4016036218653636e+28,2.5649950439669586e+27,6.247986663117028e+20,4.2371369775020385e+29
iter_0035,3.2819712325460214e+29,1.3212446693918401e+28,4.886543242496025e+26,4.0334445087417246e+23,3.41898627617221e+29
iter_0036,4.011724713161757e+29,1.1069295813467976e+28,1.6336687188888675e+27,5.3651266527388774e+17,4.13875435849069e+29
iter_0037,4.04362319972731e+29,1.3213688434155208e+28,4.541748864727795e+26,1.1070169781724662e+18,4.180301832944661e+29
iter_0038,3.619670360933353e+29,2.9239083373890855e+28,8.070636626072481e+27,1.0354789221488851e+22,3.992767664480878e+29
iter_0039,3.1742099853280336e+29,1.7288737745706591e+28,9.466906504117229e+26,5.897393618001772e+20,3.35656427518661e+29
iter_0040,3.434578014386682e+29,9.22326926684395e+27,4.566983809334074e+26,2.5952491815216994e+21,3.531377716816948e+29
iter_0041,3.5898530168163116e+29,1.18482486838535e+28,4.6632638694936516e+27,5.3846990831371275e+20,3.754968147734482e+29
iter_0042,3.71501372227552e+29,8.036391254230035e+27,1.8314100435968636e+26,4.653561707785791e+20,3.797209049514979e+29
iter_0043,4.029529017644437e+29,1.9896654666704067e+28,5.5340080855008303e+26,5.786403805847021e+20,4.2340295781833824e+29
iter_0044,2.8392408857223985e+29,1.3529896379102148e+28,1.1995858393441854e+27,1.5324943918076738e+22,2.9865358611563012e+29
iter_0045,4.3271704162149796e+29,1.8107184039904147e+28,5.824519456360992e+26,3.57058072901585e+19,4.51406677642744e+29
iter_0046,3.595389509983179e+29,1.281043719849688e+28,4.5833419693245366e+26,6.565359849965511e+19,3.728077224594009e+29
iter_0047,3.655577127102513e+29,1.1894610345087734e+28,9.409375727184627e+26,1.251331112630107e+19,3.7839326064057085e+29
iter_0048,4.1330143412656686e+29,1.727732311599266e+28,6.579367232584871e+26,7.318118521617012e+23,4.3123742577767015e+29
iter_0049,3.193547164711463e+29,1.4311307805308867e+28,7.149570488608726e+26,3.2320654377190687e+21,3.343809845573814e+29
iter_0050,3.086053369888335e+29,9.598872395294022e+27,6.848652215863846e+26,8.063071764943756e+22,3.1888915523643155e+29
iter_0051,3.369755475549892e+29,1.2301416138535734e+28,1.4783806775857494e+27,8.355417173603316e+17,3.5075534437194625e+29
iter_0052,3.187529032484123e+29,2.1181018576855507e+28,1.388441946538217e+27,3.939824327907768e+20,3.413223641657884e+29
iter_0053,3.7544989972401204e+29,2.0240362729352746e+28,3.127008589115422e+26,1.4623841833824285e+20,3.9600296345851474e+29
iter_0054,3.816916159954032e+29,7.149132599496962e+27,4.806978222899222e+26,4.950742334639148e+18,3.893214464221408e+29
iter_0055,3.942948787616372e+29,9.518699587765116e+27,7.920449636886486e+26,1.4743767505074038e+17,4.0460562331323835e+29
iter_0056,3.9605172227242055e+29,1.439503280172934e+28,9.744580479096821e+26,4.185935125098136e+19,4.114212131639189e+29
iter_0057,3.109444561524436e+29,9.90592152828655e+27,8.092120621962048e+26,3.2229039864769323e+22,3.216596219719662e+29
iter_0058,4.183038110446366e+29,1.571255324619497e+28,2.5509901717317642e+26,3.7294392435763816e+16,4.34271463308042e+29
iter_0059,2.658794787884493e+29,3.0703430409226487e+28,1.416836681249302e+28,9.337744370623639e+19,3.107512761035463e+29
iter_0060,3.508152039488948e+29,1.31333245340701e+28,1.0902849054104624e+27,4.828245160635557e+21,3.650388182166205e+29
iter_0061,3.970655267075999e+29,1.9153622086063836e+28,1.1802514651174784e+27,1.7937991159787584e+22,4.173994181967723e+29
iter_0062,3.6771975262059466e+29,6.009136828332423e+27,2.783860939096577e+26,2.979481327859295e+20,3.740072758407849e+29
iter_0063,3.060834112183527e+29,7.807079949276817e+27,3.486941212212302e+26,3.0401697549591427e+21,3.142391883290205e+29
iter_0064,4.086928396280596e+29,6.551707166838388e+27,4.2721855131708345e+26,3.5476380894140424e+19,4.1567176538169145e+29
iter_0065,2.9834449385249245e+29,1.0017734018927854e+28,2.3060719623817687e+26,2.3031073226904512e+18,3.085928350699616e+29
iter_0066,3.5555041239157475e+29,9.000676358687901e+27,1.3853750516789897e+27,7.875999365553966e+18,3.659364638098177e+29
iter_0067,2.8845762280183163e+29,9.465644993063976e+27,5.841957234525653e+26,9.084795929331248e+21,2.9850747260314408e+29
iter_0068,3.225513870396417e+29,1.2664767834908865e+28,6.0227469986615156e+26,3.5282479755226585e+20,3.358184299272415e+29
iter_0069,3.0458129892690406e+29,1.0243206546841693e+28,1.2256690221947e+27,6.859776525827347e+17,3.1605017449662645e+29
iter_0070,3.507670125375617e+29,3.659065991784111e+28,1.0934142858247897e+28,1.3542148548272467e+20,3.982918154490721e+29
iter_0071,2.989788179692632e+29,2.1954843209639553e+28,3.689796423736287e+26,2.2084844914770963e+21,3.2130264302976084e+29
iter_0072,2.7004587840300433e+29,1.5053265820081832e+28,7.142531208024733e+26,6.376080371265102e+21,2.85813403719969e+29
iter_0073,4.379599914389881e+29,1.1300152500625414e+28,3.356071687890729e+26,2.010086072157711e+21,4.495957531184886e+29
iter_0074,3.1240418485001714e+29,8.805713336885896e+27,4.131956143951482e+26,2.8542861502531787e+20,3.2162309408672685e+29
iter_0075,3.5744330688617705e+29,9.626842377757091e+27,2.6246747965813798e+26,2.371764135350919e+21,3.6733261911535646e+29
iter_0076,3.602435425225599e+29,1.6693944981265577e+28,1.9866162984863025e+27,3.227352352609226e+20,3.7892410412504706e+29
iter_0077,3.605202868210606e+29,1.1703609446506418e+28,1.2852308848284524e+27,1.497371279772047e+20,3.735091273021326e+29
iter_0078,3.703162398454526e+29,9.309519075299329e+27,4.988972882388177e+26,1.2568625519248741e+21,3.8012465746585324e+29
iter_0079,4.439197467307542e+29,1.7835026316736195e+28,8.21373214409212e+26,9.103132308967838e+16,4.625761462619907e+29
iter_0080,3.567898287474028e+29,1.301166823256009e+28,2.432505475407345e+26,3.408661377368101e+22,3.700447816141174e+29
iter_0081,3.0905254427462182e+29,1.3386195220190764e+28,5.595628041019655e+26,1.3796262498438994e+21,3.229983036785408e+29
iter_0082,3.852477162417408e+29,1.0266546267386497e+28,4.348667944467494e+26,1.7586216131508072e+19,3.9594912932116024e+29
iter_0083,3.218106125612255e+29,8.436418828748168e+27,3.740934737609975e+26,4.869790656562739e+23,3.3062161184280035e+29
iter_0084,3.470006851717018e+29,7.747335177628486e+27,5.858776417075131e+26,1.1949138439289883e+17,3.553338979911573e+29
iter_0085,3.8039886347686034e+29,1.8624300799808328e+28,1.886748916699937e+26,1.0979499845248682e+23,3.992119489633371e+29
iter_0086,3.3350634177585936e+29,8.865256668851544e+27,4.473248930767232e+26,3.129769833979651e+18,3.4281892334091745e+29
iter_0087,2.824381178676509e+29,5.698055678657973e+27,3.6346259002300705e+26,4.100101044646008e+21,2.8849964023643292e+29
iter_0088,3.5980988881711884e+29,1.2189853343626716e+28,2.61246263738248e+26,2.431072716757108e+21,3.722609908555566e+29
iter_0089,3.673501792702103e+29,1.4161480914006954e+28,1.476408353951872e+27,2.4825010737392927e+20,3.829880687864192e+29
iter_0090,3.398660504353596e+29,8.662111817878432e+27,1.78892186169649e+26,5.108087848253472e+21,3.4870705954749555e+29
iter_0091,4.113777263293584e+29,2.9527180949346272e+28,3.9595312875450447e+27,6.251121133687618e+18,4.448644385725008e+29
iter_0092,4.555830678217697e+29,6.170212391041793e+27,2.1005651336325465e+26,1.1824128946700235e+23,4.619634549674642e+29
iter_0093,3.493314364793e+29,1.6031191496581456e+28,1.7313536687139295e+27,2.369146169558846e+19,3.670939816682869e+29
iter_0094,4.538431886827225e+29,4.825012530856501e+27,2.1575431843126915e+26,1.4393541253684456e+24,4.588853948861356e+29
iter_0095,3.903392625126442e+29,1.1674924874657011e+28,8.08617771215587e+26,4.500956695098679e+17,4.028228051589669e+29
iter_0096,3.734420777563811e+29,9.95905623744019e+27,8.936953727608514e+26,1.5557190903963754e+19,3.842948293821394e+29
iter_0097,4.176437992396626e+29,9.938112286645446e+27,2.199764785656875e+27,7.445750835949019e+19,4.297816763864224e+29
iter_0098,3.159129133373188e+29,6.123932375652326e+27,4.57093636969228e+26,3.124659882244827e+20,3.224939396624064e+29
iter_0099,2.794588896603274e+29,3.698373731100037e+28,5.619319132364151e+26,2.9308150047519585e+18,3.1700455888749496e+29
iter_0100,4.1990868121508375e+29,3.015130640627018e+28,6.395449940235756e+27,1.1168910511111014e+18,4.564554375627066e+29
iter_0101,3.2349854372746545e+29,8.378232102289748e+27,3.430948900580731e+26,6.028563273375478e+17,3.322198707204161e+29
iter_0102,2.755542960083801e+29,1.394006614501482e+28,2.4481746889099293e+26,6.374770378318684e+21,2.8973918599705627e+29
iter_0103,3.1617717036357127e+29,1.2573413218765425e+28,3.94422444065946e+26,8.730786194323665e+18,3.2914500603513344e+29
iter_0104,3.0459302413676598e+29,1.3178969613140735e+28,4.040651953519091e+26,3.757994748795306e+20,3.181760593210581e+29
iter_0105,3.811287416652355e+29,1.2501168518831386e+28,3.065701480081312e+27,8.52040581155169e+20,3.9669561251618876e+29
iter_0106,3.534590242345654e+29,1.1667215696522557e+28,1.0979691905242042e+27,9.89033619520189e+21,3.662242190119483e+29
iter_0107,3.524624562565412e+29,9.842123934673157e+27,3.237879800647491e+26,6.729014296350924e+20,3.626283688441805e+29
iter_0108,3.548403736954734e+29,1.3540751093542285e+28,5.4738989720628e+26,1.8490373432772953e+21,3.689285165352593e+29
iter_0109,3.1562816260421764e+29,4.015578349304804e+28,7.263712217868974e+26,1.003081882694015e+19,3.5651031732908344e+29
iter_0110,3.930491274055951e+29,3.3468270330976115e+28,7.297807664071121e+27,1.1611579048397433e+19,4.338152054122538e+29
iter_0111,3.374398854100043e+29,7.651335276692317e+27,4.430611292195666e+26,8.14809923748416e+20,3.4553428263072604e+29
iter_0112,3.584348769763118e+29,9.935733980992229e+27,1.109451291066443e+27,5.642707571028886e+19,3.694800623047976e+29
iter_0113,3.503815872943135e+29,1.5400213563558623e+28,1.01505927845431e+27,6.579351999696267e+21,3.667968667156784e+29
iter_0114,3.6124751997343354e+29,1.5461596678257416e+28,1.0877859517756398e+27,4.153771680462177e+19,3.7779690264500425e+29
iter_0115,3.3560330824949e+29,1.1903929949106248e+28,5.639582455044855e+26,1.7706761917661866e+20,3.480711966211683e+29
iter_0116,3.64401579328495e+29,1.4474452287895917e+28,4.598441660183529e+26,5.159675080556086e+21,3.793358809420843e+29
iter_0117,3.772619317564797e+29,1.5598602541201145e+28,3.251633490392356e+26,7.166986545746033e+17,3.9318569764743676e+29
iter_0118,4.256237676543009e+29,7.037204465640063e+27,4.362156853219609e+26,4.71812786769977e+18,4.330971878099811e+29
iter_0119,3.711697544374752e+29,9.155384638981569e+27,2.381267369766496e+26,1.3798524230585108e+19,3.805632658272319e+29
iter_0120,3.679008777852863e+29,1.8545649339798515e+28,4.577820535342841e+26,6.4105551740089434e+19,3.8690430924272474e+29
iter_0121,2.530396172125053e+29,9.106257393353966e+27,1.126666799800516e+27,2.0652362190031497e+22,2.6327256205802196e+29
iter_0122,3.188053683070941e+29,7.684176608212986e+27,4.352516478618192e+26,8.762568915846647e+19,3.269247966507946e+29
iter_0123,3.870046362234293e+29,1.8402639334733994e+28,5.5451856867777514e+26,2.1160438155794572e+21,4.059617962428848e+29
iter_0124,3.014629708145226e+29,5.555892333894033e+27,1.70486896030727e+26,2.7562811688444035e+19,3.0718935007201016e+29
iter_0125,4.0416192878023634e+29,1.2909006773348559e+28,1.8819470500706688e+27,3.550727666784007e+19,4.1895288263916285e+29
iter_0126,4.076385338758173e+29,1.6280041440458908e+28,4.435473435800618e+26,5.501536632573982e+20,4.2436212321001e+29
iter_0127,3.9266137111194694e+29,7.17393955636476e+27,3.3352918476713684e+26,7.942329170678007e+22,4.001689192763705e+29
iter_0128,2.9571626296448997e+29,5.839421806775234e+27,1.1452492517555867e+26,1.1757376003833582e+20,3.016702098140145e+29
iter_0129,3.0185938411637518e+29,1.369903101764076e+28,1.6664439430407005e+27,2.4282976231322914e+20,3.172248593198863e+29
iter_0130,4.099465967299311e+29,2.122688951197469e+28,1.9926476981203446e+27,3.166299546628293e+20,4.331661342566561e+29
iter_0131,3.654000667876628e+29,6.998091461670303e+27,3.761573002466281e+26,1.0579072865645025e+21,3.72774316607487e+29
iter_0132,3.201646553419704e+29,1.2644499113281578e+28,9.562418706511426e+26,8.030399766462501e+22,3.337654766299007e+29
iter_0133,4.2665432664246066e+29,2.264449681675722e+28,1.8458100204001393e+27,5.349688473787102e+18,4.511446334849677e+29
iter_0134,4.405355700918158e+29,2.331132352965845e+28,4.6275068552598464e+26,5.44736671049279e+22,4.643096987806673e+29
iter_0135,3.890801755473145e+29,2.696482217730224e+28,1.1305052418849701e+27,7.94106739880074e+18,4.171755029744428e+29
iter_0136,3.440234471998037e+29,3.3736482298266074e+28,3.491089959462461e+26,1.1766004522159736e+20,3.7810903861167604e+29
iter_0137,4.119123937195694e+29,2.0009592941001974e+28,8.754279583314234e+26,1.158724357250472e+21,4.3279741577762716e+29
iter_0138,3.194498764379712e+29,1.426868719248209e+28,1.4289668836296314e+27,3.7698488235772166e+23,3.351479074989653e+29
iter_0139,4.014603140829596e+29,1.537881377674904e+28,1.281498475486345e+27,3.292168799801184e+22,4.18120659256883e+29
iter_0140,3.9319002491725426e+29,9.955613808297738e+27,6.658904364431489e+26,3.2108585659560454e+20,4.0381152948308096e+29
iter_0141,3.387961077736272e+29,1.4581425123064664e+28,4.8953912644982044e+26,1.4121521402004287e+21,3.5386707343529376e+29
iter_0142,4.669269272173827e+29,1.9970265710387344e+28,2.9803158134341137e+26,2.8945497419510557e+22,4.8719525345461086e+29
iter_0143,3.5927434033315034e+29,1.8280982516745001e+28,1.3982904841573368e+27,3.62763855654069e+21,3.789536169616912e+29
iter_0144,3.897640686701595e+29,9.639109707180728e+27,8.319877880289449e+26,6.657314838195548e+18,4.0023516617202655e+29
iter_0145,3.068373032412938e+29,1.6343152840054882e+28,7.089123332061967e+26,4.165669478616223e+21,3.238893725802244e+29
iter_0146,2.9602299265434723e+29,1.7982700458410505e+28,4.7245806570959987e+26,3.6472736184735752e+19,3.1447815121494008e+29
iter_0147,3.579274805304565e+29,2.280392605789668e+28,6.741519085542846e+26,5.2146422421076476e+20,3.8140555901837166e+29
iter_0148,4.107803853503707e+29,1.623081825587974e+28,2.7602431751318026e+26,8.921426907729134e+21,4.272872368451906e+29
iter_0149,4.479104191548751e+29,2.521175986884112e+28,2.5776151926162565e+28,7.157079899100528e+20,4.988983316655867e+29
iter_0150,2.8303142616721848e+29,1.0172166437600631e+28,6.121093995871494e+26,4.505887566182659e+20,2.9381570245499503e+29
iter_0151,3.511976414293483e+29,9.152649897579969e+27,8.532724727116262e+26,4.800348998493506e+19,3.612035638476434e+29
iter_0152,3.1625424628640878e+29,5.590144346674012e+27,2.7508903626354207e+26,1.568578536191297e+19,3.221194796850321e+29
iter_0153,3.741821257746135e+29,1.1835275738345837e+28,5.7614178908062846e+26,1.9111092766548033e+25,3.8661265439480646e+29
iter_0154,3.1272565981874288e+29,2.699323069450466e+28,2.234761247893578e+27,1.445039679028439e+22,3.419536662115379e+29
iter_0155,3.4239810719676085e+29,6.904809920298515e+27,7.409389424665805e+26,1.0955973821379318e+26,3.501534157977398e+29
iter_0156,3.661677340302457e+29,1.4295165861965224e+28,6.343553325373706e+26,3.7567630243402246e+22,3.8109729279237846e+29
iter_0157,4.321430812524169e+29,1.176048742342187e+28,3.289411076188004e+26,4.198274993424535e+19,4.442325098254403e+29
iter_0158,3.4059891473400245e+29,9.759194016724564e+27,1.8663968832075253e+27,6.873405439094851e+22,3.522245743679889e+29
iter_0159,2.55370564135515e+29,8.62668784122893e+27,5.493260424654899e+26,2.8704203858728495e+23,2.64546865061248e+29
iter_0160,3.26780126078447e+29,1.7334771697282788e+28,1.1254211948977512e+27,2.3068237730962445e+23,3.452405496530048e+29
iter_0161,3.6803257012699676e+29,1.9194909616741136e+28,9.622703857999177e+26,2.1133222359820555e+21,3.8818975224286e+29
iter_0162,4.254276297037783e+29,1.5440015906134562e+28,1.9314177027446829e+27,8.114187453790568e+23,4.4279987473140294e+29
iter_0163,3.8278905997038484e+29,9.321596452056869e+27,2.31904479440812e+27,1.587273149885354e+19,3.9442970123272256e+29
iter_0164,3.54023317343085e+29,1.1982228091712422e+28,8.309908391683853e+26,2.2210768287596072e+22,3.668365584847341e+29
iter_0165,3.599713656330892e+29,9.921969453931404e+27,9.531525849303263e+26,5.202013497432521e+17,3.708464876724711e+29
iter_0166,3.0657586284230963e+29,1.0690920392200666e+28,3.79067494430762e+26,3.6704947834754617e+20,3.1764585109599056e+29
iter_0167,3.845091069344624e+29,2.9783483436629655e+28,1.4102771311887832e+28,5.876523162927657e+21,4.28395367559503e+29
iter_0168,2.939835414074573e+29,7.861552375959105e+27,8.859562705266339e+26,1.925862064038908e+21,3.027310519798051e+29
iter_0169,3.800396737925149e+29,8.472027739333053e+27,3.515696531269076e+26,1.4751020382622642e+19,3.888632711997259e+29
iter_0170,4.470837509046303e+29,1.2350424122515665e+28,2.5890775208718256e+26,8.733875950170477e+18,4.59693082787967e+29
iter_0171,3.912656788587799e+29,1.0863120143460174e+28,4.091750620180291e+26,8.698640499613483e+19,4.025379741512445e+29
iter_0172,3.9839039963172684e+29,1.4814468895233883e+28,5.2603995007619366e+26,4.340161642181362e+22,4.137309518786533e+29
iter_0173,3.6802589793742096e+29,9.655386766281009e+27,5.118017765176218e+26,1.3122855413497024e+22,3.7819309960307504e+29
iter_0174,3.638089762735847e+29,9.617136605450203e+27,2.7666523385116533e+26,1.772412727253838e+20,3.737027782901273e+29
iter_0175,2.421842679900631e+29,1.654920102428572e+28,3.4951117159957765e+26,1.44452880440687e+21,2.590829816304772e+29
iter_0176,3.806776619497393e+29,9.708208050719321e+27,3.5704677904728306e+26,1.863208632710655e+20,3.907429169658268e+29
iter_0177,3.9063519741423324e+29,3.7194708977496227e+28,1.0903590389230174e+28,3.5310269621967716e+19,4.3873349681626994e+29
iter_0178,3.236797480978343e+29,5.943580246482251e+27,3.6632285994231616e+26,1.21996904323381e+19,3.299896512164586e+29
iter_0179,2.859736511359278e+29,1.2457470426032265e+28,7.50532337993352e+26,1.2466692352317784e+20,2.9918165402462034e+29
iter_0180,3.4939159696848464e+29,9.39037687210426e+27,8.359775732824163e+26,3.712452603385059e+23,3.596183226591317e+29
iter_0181,3.8703176555764015e+29,7.590312356885159e+27,3.0851018140780764e+26,9.52365369136907e+21,3.949305976195868e+29
iter_0182,4.043658695783235e+29,1.9337923892052126e+28,1.9389783116222196e+27,4.2871349588003075e+20,4.256427722107113e+29
iter_0183,3.0168300091079665e+29,7.89268550037206e+27,2.685817815301773e+26,3.7202198375333514e+20,3.098442685647209e+29
iter_0184,4.2187884593289686e+29,3.684756590797205e+28,3.7454531379217e+27,1.0181298589657289e+21,4.624718659969205e+29
iter_0185,3.370239862046202e+29,1.3769207237976507e+28,8.510767309086342e+26,4.028673963980941e+21,3.516442742021793e+29
iter_0186,3.8041288624439196e+29,5.36862713447035e+27,7.367203906022531e+26,6.200085187838649e+18,3.865182337756646e+29
iter_0187,3.548365036056974e+29,1.4485434836082147e+28,6.220518177315617e+26,1.429750406159224e+19,3.6994399027380866e+29
iter_0188,3.677529106237497e+29,8.179128629319825e+27,2.528058313622421e+26,4.031393927374692e+19,3.761848451247457e+29
iter_0189,4.232630160049326e+29,1.621976872961743e+28,1.883122439046456e+27,1.332163518648559e+22,4.413659204952317e+29
iter_0190,3.627790807502684e+29,2.599831184325612e+28,1.3946801695776223e+26,2.1379356909297513e+18,3.889168606126202e+29
iter_0191,2.8314080131849434e+29,6.032928348364386e+27,2.814230594307354e+26,3.2343892439541876e+22,2.8945518507018193e+29
iter_0192,3.0151177170853407e+29,6.82390968771912e+27,1.2246798547820258e+27,7.952331692036877e+21,3.0956036920336692e+29
iter_0193,3.8586081491606465e+29,1.3880397771025378e+28,6.95296051464441e+26,2.963261354935338e+21,4.0043651170181584e+29
iter_0194,3.9295187810966796e+29,1.2886900362092485e+28,2.155130250716369e+27,3.328954513953319e+20,4.079939090553722e+29
iter_0195,3.0752831235556743e+29,6.719845897374163e+27,3.3624836021485664e+26,1.7862299455684088e+22,3.145844244754559e+29
iter_0196,2.763130376827757e+29,9.408189361837713e+27,6.404796401626611e+26,2.896538330072551e+21,2.8636170958131443e+29
iter_0197,4.0166427464504744e+29,1.1973849899623691e+28,3.9397038403918973e+26,8.463404286732046e+18,4.1403209493717366e+29
iter_0198,3.780918985797214e+29,1.7071841956145817e+28,1.159228242035676e+27,3.86466581055158e+22,3.9632300742456104e+29
iter_0199,2.454991676705779e+29,1.683835413358375e+28,3.530607463181212e+26,3.963038851866709e+17,2.626905825508761e+29
iter_0200,3.974407653445253e+29,7.99675370634042e+27,2.0149824818470988e+26,2.0301834088212915e+17,4.0563901729925345e+29
iter_0201,3.936476900066936e+29,8.436169061366529e+27,5.6754586923505206e+26,3.206605308124774e+18,4.026514049405018e+29
iter_0202,4.685338623590389e+29,1.4673190797177784e+28,2.182873173201931e+26,2.634110573591441e+19,4.8342534049987804e+29
iter_0203,3.609229753275308e+29,2.601727036437255e+28,4.723728451277426e+26,2.7104111892712186e+21,3.8741262124744234e+29
iter_0204,3.0400876142928512e+29,1.4400186247238988e+28,3.0687442770320085e+26,1.196252655417783e+24,3.1871701835688276e+29
iter_0205,3.7872720506835846e+29,1.9855450000477522e+28,5.28190894510629e+26,3.6911154182564525e+20,3.991108463324581e+29
iter_0206,4.6134643494804164e+29,1.046819944297477e+28,7.591227991019758e+26,1.8717592173460666e+22,4.725737759077106e+29
iter_0207,4.4596797040914135e+29,1.8582880841538527e+28,5.423870703223724e+26,1.1206388977297498e+23,4.65093350384892e+29
iter_0208,4.0077635815493246e+29,2.0777707920242595e+28,2.565930141621696e+27,5.398199997111021e+20,4.241199967566168e+29
iter_0209,4.351893611358053e+29,2.4510659651920478e+28,1.215291832828465e+28,3.0839653202995445e+23,4.7185324751254245e+29
iter_0210,4.253445745521458e+29,1.8147537759303171e+28,4.923203428807813e+26,2.848392803775897e+21,4.439844355027225e+29
iter_0211,3.7011836867647596e+29,1.1481623558381263e+28,3.6302385173053346e+26,3.754105897302638e+23,3.819633914971775e+29
iter_0212,3.451317753152977e+29,8.784521417075075e+27,4.5902502796780956e+26,2.914092317675026e+19,3.5437532178948146e+29
iter_0213,3.415530351428539e+29,5.395613156175955e+27,2.4616759840024567e+26,3.3601134911643664e+19,3.4719481593103124e+29
iter_0214,3.0246465572497854e+29,9.392867476937879e+27,4.231051301923692e+26,7.230413256025146e+21,3.1228063556252205e+29
iter_0215,3.83331278392003e+29,1.0513080878162008e+28,2.9283527250247756e+26,3.997821438077027e+24,3.941411923641056e+29
iter_0216,3.0311987207234605e+29,7.947656549614603e+27,8.406873616382258e+26,1.5265916494536528e+17,3.1190821598375157e+29
iter_0217,3.287446201972886e+29,6.149075414072793e+27,4.296176560923497e+26,1.5310831198219616e+21,3.353233147985369e+29
iter_0218,3.052909783547213e+29,2.06686386047158e+28,4.493588507509601e+26,1.9776180465935398e+18,3.264089758121657e+29
iter_0219,3.576689172223113e+29,1.0704669743534018e+28,1.0254539533913824e+27,2.1893358347539e+19,3.6939904094113005e+29
iter_0220,4.331211118465906e+29,2.168962408959782e+28,3.164774977676482e+27,4.396232047701754e+18,4.579755109182611e+29
iter_0221,4.2831865618304986e+29,1.7340860720817054e+28,1.0723414706021429e+27,3.6172535991600345e+19,4.467318584106416e+29
iter_0222,3.494514881117244e+29,1.0727421554511923e+28,2.2598520334471268e+26,2.3865992047152113e+18,3.6040489487196766e+29
iter_0223,3.18659857441092e+29,1.3269438411916175e+28,6.478340567189957e+26,8.699076107864845e+18,3.325771299184263e+29
iter_0224,3.188422099711998e+29,2.209375952746778e+28,1.3305108741514804e+26,3.1084044034926146e+21,3.410690236944871e+29
iter_0225,2.985982912732034e+29,2.1797758802010314e+28,4.0733953552395686e+26,6.989321075657677e+21,3.208033966000587e+29
iter_0226,3.610776328365148e+29,1.0995848437071554e+28,3.381858852868162e+26,4.043402767308329e+19,3.724116671993072e+29
iter_0227,3.730243429692649e+29,9.297042520906957e+27,3.509364164547335e+26,2.0479086668995926e+20,3.826723221114175e+29
iter_0228,3.271027072498782e+29,1.0434848913544474e+28,2.0773759456558466e+27,8.829389467629379e+18,3.396149321179079e+29
iter_0229,4.132384663306418e+29,1.016067403546688e+28,6.768407800616514e+26,2.7387308678481736e+22,4.24076008533479e+29
iter_0230,3.0535294247362866e+29,9.830712644121946e+27,5.83330226546378e+26,3.099625375346098e+18,3.1576698534739664e+29
iter_0231,3.059502132395754e+29,9.809310967430738e+27,1.8897281382409737e+27,5.761079269288881e+21,3.1764925810632634e+29
iter_0232,3.381158876706875e+29,1.009849071988602e+28,2.242843051803178e+26,4.0216271257477484e+18,3.484386626997755e+29
iter_0233,3.938986219247256e+29,1.4554276130618495e+28,2.1335508524231477e+26,3.538973584875684e+17,4.086662531409403e+29
iter_0234,5.192531407099353e+29,1.4492408390724755e+28,4.7170401381538405e+26,6.680550610728397e+20,5.342172537825305e+29
iter_0235,4.0352539594994335e+29,9.217084048183686e+27,2.6292840299852534e+26,1.5663544213341897e+19,4.1300540841678905e+29
iter_0236,3.6427938227620366e+29,1.5516409530709913e+28,1.803636645153781e+27,2.738213092078113e+20,3.815994287258887e+29
iter_0237,2.8249268410068127e+29,6.680017196482493e+27,1.2046691682185365e+26,3.0322039160128274e+19,2.8929316824430762e+29
iter_0238,3.118856640130048e+29,1.4213960402536798e+28,1.0037523439622752e+27,1.0225591731838731e+21,3.2710337778206305e+29
iter_0239,2.4512460157304602e+29,1.0649968619287158e+28,4.694406185645464e+26,8.697029892361146e+20,2.5624401168060075e+29
iter_0240,4.291444317701721e+29,1.6337244319445563e+28,5.465542563434507e+26,1.9725738775035825e+21,4.46028232318535e+29
iter_0241,2.8646647956324566e+29,1.371761463482293e+28,1.0146073326948291e+27,3.990915285787341e+20,3.0119870192985494e+29
iter_0242,3.389567198627622e+29,1.5835699914383372e+28,1.7317043703750758e+27,8.948172388513036e+17,3.565241241484155e+29
iter_0243,3.897050528623479e+29,6.564360674959491e+27,3.5607123987025006e+26,1.6644007229359433e+20,3.966254849436178e+29
iter_0244,4.109543309767328e+29,2.3906967570216163e+28,5.180782276303491e+26,1.0189748106000461e+21,4.353793777935541e+29
iter_0245,3.1997843561896236e+29,1.6314157035601186e+28,2.828875316417774e+26,6.341968704213021e+19,3.36575480249625e+29
iter_0246,3.0635366564617753e+29,1.1939726174952079e+28,1.0977686952677048e+27,9.573362935990253e+20,3.193911614737336e+29
iter_0247,3.5116046367978756e+29,2.0725384751884755e+28,6.802330862741438e+26,1.0664384439544971e+22,3.725660921823309e+29
iter_0248,3.408871214568626e+29,7.201884520346832e+27,4.206499690510156e+26,2.184547772292302e+19,3.485096559681059e+29
iter_0249,3.0334593987224223e+29,8.358899243171497e+27,1.3739627491859348e+26,3.9285342594833646e+20,3.1184223578318573e+29
iter_0250,3.946676618398397e+29,8.088967470951315e+27,1.7515519674164377e+26,3.0505192457065468e+19,4.0293178453803785e+29
iter_0251,3.6152310946907e+29,7.164725630480596e+27,3.7071464125930934e+26,2.000452961866909e+22,3.6905856974533954e+29
iter_0252,3.763043299390877e+29,3.267779569878226e+28,9.508109565745718e+27,1.5593542426691506e+16,4.1849023520363134e+29
iter_0253,3.924593562190696e+29,1.270246534305906e+28,1.4154934142338496e+27,7.695421381504433e+17,4.06577314977132e+29
iter_0254,3.948052354538099e+29,2.3326483793358636e+28,3.956377049486078e+26,2.622797538251867e+21,4.185273595749148e+29
iter_0255,3.9010971079516384e+29,1.4111590908349414e+28,3.5829694846027165e+26,9.709174183619258e+18,4.045795986616827e+29
iter_0256,4.6200311487993744e+29,1.2437045632278572e+28,1.5921101157747352e+27,7.176425920144314e+22,4.760323423922499e+29
iter_0257,3.823413841503428e+29,1.1565525769033047e+28,1.569400281177582e+26,1.723073088973088e+19,3.9406384996472435e+29
iter_0258,3.800984166874895e+29,1.3962211171981217e+28,6.526238751643204e+26,3.282459837342169e+20,3.94713252062881e+29
iter_0259,3.1125052566313537e+29,2.1514132330624765e+28,7.070205412987571e+26,4.831192354473225e+20,3.334716790181781e+29
iter_0260,3.913884702441739e+29,1.5010219066000898e+28,1.2109035353703905e+27,1.4581740304642207e+21,4.076095943037192e+29
iter_0261,2.6233741133035817e+29,8.769822352547774e+27,1.0925833084889436e+27,1.565132254367528e+20,2.721998171479081e+29
iter_0262,3.340256563382565e+29,9.372327660979077e+27,2.205021190101932e+26,5.353350667170874e+20,3.4361848665358084e+29
iter_0263,4.220524329036144e+29,8.872897909367538e+27,8.73838831240358e+26,1.4458832913035657e+20,4.317991697888107e+29
iter_0264,3.2811735958341166e+29,7.397598622493111e+27,2.7895046415985822e+26,4.819598260141311e+18,3.3579390867488426e+29
iter_0265,3.672516786789265e+29,2.2611815559542504e+28,4.4233935082983e+26,4.2923734553174666e+18,3.903058335935912e+29
iter_0266,3.418798022798343e+29,2.9864810799745434e+28,8.06313517127554e+26,3.3545435148510915e+18,3.725509266000618e+29
iter_0267,3.365888891314944e+29,1.06253159334891e+28,9.253445127694892e+26,1.0055870431671632e+22,3.481395596336235e+29
iter_0268,3.4627090223281795e+29,9.613083303475639e+27,3.6170346760098426e+26,3.99694098126978e+19,3.562456890438639e+29
iter_0269,3.425709453191421e+29,9.792158423116826e+27,4.233741972303401e+26,7.325952164328644e+20,3.527864786720845e+29
iter_0270,3.732701196504375e+29,3.3704316136274987e+28,1.5330524182200759e+26,2.4200904401082956e+23,4.0712798303757844e+29
iter_0271,3.512687291790031e+29,7.871773047968832e+27,1.5108689833072655e+26,1.2678306813622891e+21,3.5929159039313335e+29
iter_0272,3.223828065816659e+29,9.327168546654261e+27,4.256171096977938e+26,2.2890484129274335e+22,3.321356151285021e+29
iter_0273,3.0726466960743282e+29,1.028251061419016e+28,2.781229258496213e+26,1.0242845580510208e+21,3.1782530417175714e+29
iter_0274,2.9919694066625806e+29,5.883982949676045e+27,5.035879563514087e+26,4.030347806795549e+21,3.0558451560263332e+29
iter_0275,4.1336722760239754e+29,2.39938956828147e+28,2.0273782364496246e+27,1.002277549919759e+21,4.393885025239394e+29
iter_0276,3.9293742942958616e+29,3.5579454806159763e+28,1.975432267078698e+27,4.498849346657559e+20,4.304923169527095e+29
iter_0277,3.634541028495403e+29,7.683599218335863e+27,8.150159721369993e+26,1.2187234200259574e+22,3.719527302272474e+29
iter_0278,3.337930024185825e+29,1.260747823289828e+28,3.588747738835808e+26,4.042568984398818e+19,3.467593554657901e+29
iter_0279,3.6013137213914386e+29,1.1315596086494314e+28,4.500083350448998e+26,2.900139166472034e+18,3.718969765635832e+29
iter_0280,3.199524602124757e+29,7.719311043714481e+27,2.1913051506773788e+27,2.729449229079191e+21,3.298630791363168e+29
iter_0281,3.905103540079399e+29,2.8052494885760306e+28,4.547642615502491e+26,3.5206445252011226e+17,4.190176131556025e+29
iter_0282,3.19345667202043e+29,1.6820401569198425e+28,1.2279879917049024e+27,1.9265547114873516e+21,3.373940586895011e+29
iter_0283,3.3495761112427426e+29,1.1350948904873473e+28,1.5761223415066918e+27,2.6376406321705288e+19,3.478846823970308e+29
iter_0284,2.478768052435309e+29,9.524309455056509e+27,7.938131026068559e+26,2.6742425814797283e+19,2.581949278279367e+29
iter_0285,4.2891004170639455e+29,1.9946857419011947e+28,2.4766133678242717e+26,9.856891918901867e+19,4.491045605607579e+29
iter_0286,4.294977083871488e+29,4.329454049743784e+28,3.456944924779376e+26,4.63182417352839e+21,4.7313794800888874e+29
iter_0287,3.380636586338084e+29,1.1655960918925295e+28,1.655322663992615e+26,1.210006252644128e+19,3.4988515183123304e+29
iter_0288,3.254000984213682e+29,1.6773676496330355e+28,4.284676366862607e+26,1.0348739838433211e+20,3.426022426578721e+29
iter_0289,3.359817913496444e+29,9.533470534724357e+27,1.405154713762051e+27,1.6328501007476593e+22,3.469204329266319e+29
iter_0290,3.352089714334485e+29,1.5575588366758148e+28,6.192000998142792e+26,1.173484599198914e+21,3.514037610735055e+29
iter_0291,4.1788290346359424e+29,9.651746915798993e+27,1.9869794042521255e+26,2.2301236629737696e+21,4.2773335054994215e+29
iter_0292,3.2815493920755304e+29,1.1816130799484166e+28,2.1306028482033832e+27,1.698002972798869e+18,3.421016728569386e+29
iter_0293,3.464209771646586e+29,2.348543828791416e+28,3.4898529246471323e+27,9.304056207052116e+18,3.73396268386524e+29
iter_0294,3.185580335218147e+29,4.295366837331263e+28,5.19312787920888e+26,5.0611989304043346e+20,3.6203101518916805e+29
iter_0295,3.217559766852843e+29,5.529751426020262e+27,1.7359870901660165e+26,7.346590121661993e+18,3.274593268276677e+29
iter_0296,3.977489528341215e+29,3.094772741255885e+28,3.1108099560531314e+26,3.725002586682918e+24,4.290114862448723e+29
iter_0297,3.8038277514362114e+29,1.2006630616462906e+28,3.653255857811992e+26,5.4051881645107405e+19,3.9275473139991714e+29
iter_0298,4.049075124957376e+29,1.072156689166859e+28,7.141036103825135e+26,2.2936763690648462e+22,4.1634320593455234e+29
iter_0299,3.633666972261515e+29,1.325045686007885e+28,5.463938538401235e+26,8.489617779810546e+18,3.771635479485601e+29
iter_0300,3.4394898794710555e+29,1.7903888332569229e+28,4.17037050810115e+26,7.46180491905093e+18,3.6226991333794676e+29
iter_0301,3.22784782418766e+29,9.987021389026465e+27,2.879716259583561e+26,7.036720100044936e+18,3.330597754407876e+29
iter_0302,3.395103661524358e+29,8.34940734711161e+27,7.259570066500627e+26,2.708858713598337e+21,3.485857332150562e+29
iter_0303,3.903503657665255e+29,1.4630671584271617e+28,4.551861454225115e+26,2.0540977183307068e+20,4.0543622370162936e+29
iter_0304,3.5705058929662574e+29,1.4715715220668757e+28,9.251094594707697e+25,1.1005611127456595e+21,3.7185881656380266e+29
iter_0305,4.143613139239798e+29,7.990043006835751e+27,2.0360653954392893e+26,3.144623115144228e+20,4.225549637848218e+29
iter_0306,3.344808055432204e+29,1.2273066233386233e+28,1.1702486855656411e+27,2.6833064956608066e+23,3.479243887928218e+29
iter_0307,3.7906428598688926e+29,2.459063642389808e+28,6.229909242942751e+26,4.940402522927717e+21,4.0427791827548406e+29
iter_0308,2.8379392689747297e+29,1.819194792520713e+28,1.1399554325942543e+27,3.452411177101167e+21,3.031258337076855e+29
iter_0309,2.6180741877331552e+29,8.551975347678697e+27,3.184895162385551e+26,4.471924253224611e+18,2.706778836417047e+29
iter_0310,3.134677960464486e+29,1.3905497199615106e+28,2.489272423363012e+26,1.0795946615935735e+24,3.276233000830616e+29
iter_0311,2.913175776306799e+29,1.0340495645997178e+28,3.850287053145127e+26,2.9367831135161686e+20,3.0204310227566992e+29
iter_0312,4.1250976738598305e+29,2.2858113322553243e+28,3.566876017205521e+27,4.8233898626043757e+17,4.389347567262241e+29
iter_0313,2.9123466786530254e+29,2.235714060979155e+28,2.539459666510735e+27,1.2392317428987768e+20,3.16131268265528e+29
iter_0314,3.0245240906408137e+29,6.25010005463258e+27,3.103639641009447e+26,7.098038216031156e+20,3.090128737926187e+29
iter_0315,3.4370521904877896e+29,1.879950274024722e+28,2.0297530608909098e+27,3.4390950133295396e+20,3.6453447519382656e+29
iter_0316,3.442748788199646e+29,1.2401739293850462e+28,1.082801066317113e+27,5.31018773133636e+22,3.577594722820095e+29
iter_0317,3.5076817430517286e+29,9.336957300024153e+27,1.424110620327411e+27,3.2612835234917774e+22,3.615292748383596e+29
iter_0318,3.233262718630452e+29,8.545359302402127e+27,1.6440251178808644e+26,6.435863175850045e+21,3.320360401130987e+29
iter_0319,3.210720735296492e+29,1.236756301672387e+28,1.1846827465795724e+27,8.103475608586032e+20,3.346243201033002e+29
iter_0320,3.176795496859987e+29,9.478956007169831e+27,2.6656318489794365e+26,1.2084448827908065e+21,3.274250700865114e+29
iter_0321,3.4725459160739174e+29,6.92649713370687e+27,5.3277170986760656e+26,1.3786849315034468e+21,3.547138618296511e+29
iter_0322,3.426335197041571e+29,1.2627005420774819e+28,6.570916453345332e+26,5.99299334210797e+21,3.559176227632598e+29
iter_0323,3.2239102369720566e+29,6.690291218763707e+27,3.0610649067635087e+26,5.104212291823105e+18,3.293874214117499e+29
iter_0324,2.9556918835940347e+29,9.861279337599956e+27,5.077678985797547e+26,1.1492433588750791e+20,3.0593823571050753e+29
iter_0325,3.329229087548943e+29,1.4490527714805918e+28,5.422235255732115e+26,4.380385572356779e+20,3.47955660433312e+29
iter_0326,3.174798529986185e+29,1.4959434226875847e+28,5.123476557378988e+26,9.298731787313692e+25,3.330446221991054e+29
iter_0327,4.0680109621916226e+29,1.4335213354092328e+28,3.5261814315010245e+27,1.2011320995681389e+17,4.2466249100487575e+29
iter_0328,4.4294195547157264e+29,2.6908156785759685e+28,3.495299746999088e+27,3.682532226908974e+19,4.733454120411567e+29
iter_0329,3.657979140129178e+29,1.4636816445306475e+28,3.4505321403263954e+26,6.308889214836674e+22,3.80779846761149e+29
iter_0330,3.629241273534707e+29,1.7591200257846567e+28,4.626134185071294e+26,4.277507881160107e+22,3.8097798380490325e+29
iter_0331,3.609262083937071e+29,8.223437587590079e+27,6.561246065724658e+26,1.7744643275254116e+22,3.69805788332513e+29
iter_0332,3.756068821813665e+29,1.9389284985037357e+28,2.693364184654589e+27,3.4512461307102974e+23,3.976898764756716e+29
iter_0333,4.148208095949855e+29,8.252212104987887e+27,2.4610267195622395e+26,4.900324931386306e+19,4.233191244209328e+29
iter_0334,3.7004504141285576e+29,1.837855770623368e+28,2.613650707395251e+26,2.169262424186405e+22,3.886849858824532e+29
iter_0335,3.296140230760049e+29,1.4104112271073379e+28,2.583951552791403e+27,2.968892310482204e+20,3.463020871967589e+29
iter_0336,2.7736333062391164e+29,9.482290171498363e+27,4.1833875696353855e+26,6.7286299949167714e+19,2.8726395961965984e+29
iter_0337,3.805398567015706e+29,3.092430852442364e+28,7.369978892349879e+26,1.3707391151693753e+22,4.122011768226203e+29
iter_0338,3.0852858858032647e+29,1.0025741865382992e+28,7.306645378802234e+26,1.5453948345027568e+17,3.1928499498374424e+29
iter_0339,3.9936560838831985e+29,3.218262382224328e+28,3.2731302344696896e+26,9.123237027269513e+18,4.318755452431333e+29
iter_0340,3.679658213194437e+29,9.740033023919034e+27,1.250982092320082e+27,3.356208526212469e+21,3.789568397918913e+29
iter_0341,3.5745556313409884e+29,1.3649327324166096e+28,1.0045317052644233e+27,2.3141288602902113e+18,3.721094221658435e+29
iter_0342,3.6010489193514934e+29,1.1053082862539541e+28,8.113468556213633e+26,9.130427449883862e+18,3.719693216624407e+29
iter_0343,2.5669408078983322e+29,6.439016213525349e+27,5.14912292812204e+26,7.33405050590902e+20,2.6364801002957584e+29
iter_0344,3.9143553653885966e+29,1.2358675020276158e+28,8.807456005471611e+26,6.209522420001965e+21,4.046749633692054e+29
iter_0345,4.0037044647364335e+29,8.457662830256727e+27,2.8429357522649395e+26,1.7668092909113014e+19,4.091124028967947e+29
iter_0346,4.1035123616771e+29,2.5917434077226774e+28,1.6876734296107527e+27,6.060618017331523e+18,4.379563436806082e+29
iter_0347,3.3194901551237216e+29,1.6975150990420047e+28,3.9998241123830456e+27,3.663506701671202e+21,3.529239942786819e+29
iter_0348,3.269698678930579e+29,3.9146370552282095e+28,4.21159083550953e+26,1.8627549966230696e+19,3.6653739754751846e+29
iter_0349,3.783243525158827e+29,1.9736495150226928e+28,1.1401236101176859e+27,1.517276380644084e+17,3.9920097127637906e+29
iter_0350,3.597216558193199e+29,1.2038609416726032e+28,1.930585426688876e+27,3.379714280146186e+19,3.7369085069653195e+29
iter_0351,3.17949483441985e+29,1.714904014397592e+28,5.614546588193203e+26,1.864675468630172e+20,3.356599784312478e+29
iter_0352,3.395865914873469e+29,1.1895648932006632e+28,4.601117551076757e+26,6.482842340641153e+20,3.519423528227454e+29
iter_0353,3.763948825587376e+29,3.1106301080495313e+28,2.51289088497361e+27,3.2988129121698554e+19,4.100140745571947e+29
iter_0354,3.97850702705316e+29,1.244084897727816e+28,9.97902103114364e+26,4.474752417126936e+21,4.112894582604609e+29
iter_0355,3.882585320695626e+29,2.4349768394926625e+28,2.6143480177219166e+26,1.694256327443893e+18,4.128697352679557e+29
iter_0356,2.9755367528094675e+29,1.2009237529298486e+28,7.569432163452066e+26,7.751855583260459e+19,3.10319856104109e+29
iter_0357,3.221452135045231e+29,2.9405242641483535e+28,7.035606240594339e+27,4.8993915665492717e+17,3.5858606238709086e+29
iter_0358,4.452164403903495e+29,1.0058702916407084e+28,3.073005529404348e+26,5.612223478555213e+19,4.555824439158193e+29
iter_0359,3.2010564422111084e+29,1.090051456331636e+28,3.0041660808478317e+26,2.928783431785857e+18,3.313065753954408e+29
iter_0360,3.185361064068475e+29,7.501324155257385e+27,2.8442844878508328e+26,1.4168342327292791e+22,3.2632187317923226e+29
iter_0361,3.0569471506078602e+29,5.854830802552199e+27,4.853678049754322e+26,1.7244371405430816e+16,3.120349136683309e+29
iter_0362,3.417634787973723e+29,4.8409299095194746e+27,3.747227094858699e+26,1.5612402228888362e+21,3.469791329776179e+29
iter_0363,3.785390137303853e+29,9.299301877005598e+27,3.8558445649606155e+26,2.6425621687247127e+19,3.8822390009031264e+29
iter_0364,3.5702394119483515e+29,1.1543430939494096e+28,1.2889220494706038e+27,1.1104451312236009e+21,3.698562952942449e+29
iter_0365,3.640620232437621e+29,6.537326345428904e+27,4.012139700098436e+26,1.7810549737136888e+20,3.710005637373063e+29
iter_0366,2.962791512890386e+29,8.112342380621124e+27,3.004264826872161e+26,1.1407709715032118e+23,3.046920342294441e+29
iter_0367,3.627014183544034e+29,2.1200723525460485e+28,2.688526068897837e+26,1.2628531865035778e+20,3.8417099461303894e+29
iter_0368,2.950272739785819e+29,1.5441958143648481e+28,1.1326031322713969e+27,2.3447758379990374e+21,3.1160183759927763e+29
iter_0369,4.010160976268023e+29,1.691154629990086e+28,7.350102123352261e+26,7.445141278181325e+22,4.186627285904512e+29
iter_0370,3.318537745938691e+29,2.46179688362621e+28,4.180255313156738e+26,1.1493962910623662e+19,3.568897689729408e+29
iter_0371,3.4402167777700015e+29,1.01714709363204e+28,1.2536249697781726e+27,1.7723515926192082e+20,3.554467738603339e+29
iter_0372,4.536268724472137e+29,1.1823725928482431e+28,5.571190485867224e+26,7.635368673888164e+19,4.660077175006365e+29
iter_0373,3.365203412285863e+29,2.2202298685859994e+28,3.217228740119669e+26,1.2203141462241511e+20,3.590443629104897e+29
iter_0374,3.531026549849526e+29,1.6409251680249904e+28,5.71554081986655e+27,8.801996676643264e+20,3.7522744836526876e+29
iter_0375,3.673657953505248e+29,6.971803733883516e+27,7.076487446467369e+26,8.147838341198457e+18,3.75045247837203e+29
iter_0376,3.366716399597166e+29,6.61941601500676e+27,7.086008899259917e+26,4.8975971211897523e+20,3.43999657354409e+29
iter_0377,3.426090637190777e+29,8.193846755355376e+27,8.31370539491901e+26,1.3387677247198611e+19,3.516342810273127e+29
iter_0378,3.215409744787727e+29,2.0410756403606923e+28,8.439857695603081e+26,3.1960512207700602e+22,3.427957486124521e+29
iter_0379,3.296257582837289e+29,1.4441314556239657e+28,2.8738998532562957e+26,1.6161370962059856e+21,3.443544644414313e+29
iter_0380,3.452066654299899e+29,1.022384280004391e+28,8.435166854204363e+26,3.796817285275623e+20,3.5627402529513604e+29
iter_0381,2.8814175153920675e+29,6.431395626283506e+27,2.9650074615505856e+26,1.6362590622388696e+22,2.9486966427423593e+29
iter_0382,3.206293018788348e+29,1.5378658445918269e+28,6.763871652424327e+26,1.559517886071275e+20,3.366843476459473e+29
iter_0383,3.220440033591585e+29,9.680447315896622e+27,6.210090839612012e+26,4.495197333145081e+20,3.32345460208536e+29
iter_0384,3.762812646315956e+29,1.4330608406091514e+28,2.0931651585568375e+26,3.0386616029735965e+19,3.908211895839294e+29
iter_0385,3.5166525899892126e+29,1.4588717020537648e+28,2.576271085145286e+27,2.7138844013120325e+22,3.688302742434481e+29
iter_0386,3.837797065859032e+29,1.6823940301147806e+28,2.1749242246629294e+26,1.4112092943516325e+22,4.008211534216103e+29
iter_0387,4.502438700481411e+29,1.5338572654346383e+28,5.673046351222212e+26,1.7407566354027984e+20,4.661497475116854e+29
iter_0388,3.071013055173604e+29,6.444441365305101e+27,2.7076583912338216e+26,2.0589512574404627e+17,3.1381651272199477e+29
iter_0389,3.818420186278248e+29,1.4234812108716481e+28,6.991625693160677e+26,1.4729768726470314e+17,3.967759933060046e+29
iter_0390,3.220975076759669e+29,1.7466138912708893e+28,4.965658572918682e+26,4.0984838292301095e+19,3.400602124869525e+29
iter_0391,4.095847920672392e+29,2.827365026183008e+28,1.2244106271370868e+27,6.8222594738710725e+19,4.390828530244289e+29
iter_0392,3.1264626168317363e+29,2.1493396350927097e+28,1.1594783490315229e+27,5.54616367505809e+20,3.352991369377486e+29
iter_0393,3.845067134021324e+29,8.909692106286383e+27,7.462911788552749e+26,4.2348089776723895e+21,3.9416270092208304e+29
iter_0394,3.314092350671028e+29,3.3607350371445357e+28,1.1486738690190145e+28,7.72162413593832e+20,3.765033249009007e+29
iter_0395,3.88894219303872e+29,1.9182876486904014e+28,3.576065819848755e+26,1.1806150309702203e+21,4.08434703553376e+29
iter_0396,4.081653405473548e+29,2.2591812280533714e+28,4.266968089475424e+26,8.606158657917249e+20,4.3118385049745196e+29
iter_0397,3.309172318318711e+29,2.2147295002496014e+28,2.5720609362836254e+27,2.3237955488982054e+20,3.556365880030303e+29
iter_0398,3.8188870777067634e+29,9.788012737737711e+27,3.9663476383049404e+26,8.40005343123283e+19,3.920733553562451e+29
iter_0399,3.3597890770334225e+29,1.4445606288687255e+28,3.128128452490374e+26,1.1337180458996417e+18,3.5073732683841225e+29
iter_0400,2.8741322498440682e+29,1.234586327670007e+28,9.821088138541091e+26,6.314467414048202e+21,3.007412033894284e+29
iter_0401,3.3206512258356204e+29,1.0717442993543297e+28,3.6619912444329816e+27,1.5746090511686201e+19,3.4644455683728436e+29
iter_0402,3.5172393509709514e+29,1.136791751975759e+28,4.684808292609478e+26,7.157724390682757e+21,3.635603406038381e+29
iter_0403,3.3382546579081996e+29,1.3436652106052475e+28,1.7322338649842546e+27,1.2855519531704842e+19,3.489943517747122e+29
iter_0404,3.448093963716856e+29,9.790178820506123e+27,4.670408935830364e+26,1.9025110684209645e+22,3.5506663511088546e+29
iter_0405,3.604851967090387e+29,7.242470120167026e+27,8.959448887862333e+26,1.8256259787935368e+21,3.686236135436179e+29
iter_0406,4.48551096176395e+29,1.6879772704414188e+28,1.050684509916943e+27,6.797787115750787e+18,4.6648155339752384e+29
iter_0407,3.466317620678992e+29,1.3747500436713483e+28,4.9197746685174135e+26,2.705939764093032e+22,3.60871267030862e+29
iter_0408,3.1675119436757025e+29,1.5406146152558026e+28,4.950483337023223e+27,1.063716614963829e+18,3.371078238582151e+29
iter_0409,3.571513846821987e+29,1.0408468503694603e+28,1.0638200169030475e+27,4.901995018561263e+18,3.686236732076984e+29
iter_0410,4.1083303385537935e+29,2.4063915058787247e+28,3.107144365176276e+26,7.19710178154741e+23,4.352083830608624e+29
iter_0411,2.761323762206897e+29,1.8437803279944886e+28,2.1196984963715327e+27,3.6705803484640586e+21,2.966898816675865e+29
iter_0412,4.677628170378891e+29,1.708561843193795e+28,5.7232174472197975e+26,4.558753592207496e+21,4.854207617733026e+29
iter_0413,3.6766879590602736e+29,1.371453281772262e+28,2.0681756391513987e+26,5.1060444471465626e+17,3.815901462881757e+29
iter_0414,4.248635296565817e+29,3.1759849174233352e+28,2.315009256935228e+27,1.8067424131240245e+19,4.5893838810581765e+29
iter_0415,2.8720004084666796e+29,8.824872893071942e+27,4.8607262058035715e+26,2.3086149782249967e+21,2.9651098866893522e+29
iter_0416,3.436679125546069e+29,3.1404136234576984e+28,2.9464112202201787e+27,1.0734866324895326e+20,3.7801846011675265e+29
iter_0417,3.081692304776985e+29,1.1742683570642563e+28,3.986682781863898e+26,3.6512322670941414e+17,3.2031058232689265e+29
iter_0418,3.6546271696095636e+29,1.0218510361732855e+28,7.042697112277145e+26,6.93518823502101e+20,3.763854977274357e+29
iter_0419,4.543808691577418e+29,2.2984811243879916e+28,3.011051136506529e+26,8.893848405034178e+20,4.7766678640465726e+29
iter_0420,3.809348251120788e+29,2.8687173840603856e+28,6.912418354425169e+27,9.864722623922742e+21,4.165344271718305e+29
iter_0421,3.273973988098842e+29,7.217931376142325e+27,2.9688157038142945e+26,3.5037616125194858e+22,3.349122467940241e+29
iter_0422,3.143110454952841e+29,1.9797353072128814e+28,3.0708069335333974e+26,2.2041949873151515e+22,3.344155013027161e+29
iter_0423,3.1132812230377443e+29,7.606805288534782e+27,4.186282875755614e+26,4.676837900809896e+20,3.193535563475685e+29
iter_0424,5.219870927440803e+29,1.3226798719130562e+28,1.0249472450356115e+27,7.902754661987246e+18,5.362388387161492e+29
iter_0425,2.8442222511529646e+29,1.0809830210294121e+28,6.96093003054201e+26,1.533812169148088e+22,2.959281636667665e+29
iter_0426,3.335106989190555e+29,2.3274981127046525e+28,1.6865100223461289e+28,3.2287494224963043e+19,3.7365078030185084e+29
iter_0427,4.082983754669418e+29,9.218339304391988e+27,2.765280812827013e+27,4.6093567722856966e+20,4.202819960450965e+29
iter_0428,3.24357482881768e+29,4.36763567817285e+28,1.273681099651462e+28,1.7762883084546143e+20,3.8077065083764006e+29
iter_0429,4.071513259211053e+29,1.149350224149781e+28,2.0812138568726204e+26,4.993120057408807e+19,4.1885294959822156e+29
iter_0430,2.9450368016546844e+29,1.847900496741463e+28,6.455921099468759e+26,8.484748675907942e+21,3.1362828572757863e+29
iter_0431,3.57198347258358e+29,1.45397142552669e+28,1.5482509223038658e+27,2.2536500094358808e+24,3.732885660859382e+29
iter_0432,3.378203791240577e+29,3.859248912715817e+28,1.196948313638778e+28,2.8376060128750054e+18,3.883823513904413e+29
iter_0433,3.959692457338167e+29,7.810875117249271e+27,2.4721842344162355e+26,6.645080606710119e+18,4.0402733928115266e+29
iter_0434,3.268819386806745e+29,1.6568307514410386e+28,7.516246957673096e+26,1.690762151355051e+19,3.442018709077598e+29
iter_0435,4.1381642056685086e+29,5.930308532183782e+27,1.8208433214077242e+27,8.064512099565781e+22,4.215676530655634e+29
iter_0436,3.5857251830598875e+29,3.3650151165950026e+28,2.0019047462918044e+27,4.87346483966933e+24,3.942294476830702e+29
iter_0437,3.791434154674877e+29,7.673831896998108e+27,5.8268968064756996e+26,7.377991097138838e+21,3.873999444231245e+29
iter_0438,3.0389031259386132e+29,9.186474102544356e+27,6.287870116914277e+26,1.7100386014956857e+20,3.1370557387910097e+29
iter_0439,4.036047584499027e+29,9.426653803912365e+27,1.432212311807129e+27,8.631324137186758e+19,4.144636246519355e+29
iter_0440,2.987035925012973e+29,1.9669465361943459e+28,5.4267402258029846e+26,9.44195226697261e+21,3.189157413277733e+29
iter_0441,3.682590095236827e+29,4.9624591967906e+27,8.195868354353785e+26,8.174873294604969e+22,3.740411373046416e+29
iter_0442,2.8390631544279832e+29,9.215163881330402e+27,1.0835802790959554e+26,8.158731339958632e+23,2.9323065322517234e+29
iter_0443,3.9945840360907665e+29,1.8904257355872544e+28,3.992776255600922e+26,5.0878829313382515e+20,4.187619390992976e+29
iter_0444,3.9898003015285366e+29,7.731298383806138e+27,3.5547982759546286e+26,3.259314108638723e+20,4.0706680869018665e+29
iter_0445,4.153840184261525e+29,3.3152046990302166e+28,4.5541589905918126e+27,1.896799768870145e+19,4.530902244260144e+29
iter_0446,3.377981453373831e+29,7.537988778165398e+27,3.8296896906893946e+26,3.5557920646663634e+22,3.4571913864253804e+29
iter_0447,3.290384108074765e+29,7.680938243992562e+27,6.431533439596704e+26,3.6261343297196207e+22,3.3736253865677196e+29
iter_0448,3.0801691022001814e+29,9.360417284593443e+27,1.7911223625094185e+26,4.4944287945544715e+20,3.1755644019030536e+29
iter_0449,3.1272081953626315e+29,7.760959443560566e+27,4.8192245032860666e+26,1.170275787654975e+20,3.209637015471799e+29
iter_0450,3.4488554942299266e+29,7.182481916634481e+27,2.3308445333494486e+26,1.8508592780356284e+19,3.5230111581147066e+29
iter_0451,3.248842018458088e+29,6.61842557038366e+27,1.8933010353244833e+26,1.458235601891796e+22,3.31691972102081e+29
iter_0452,3.434472829098746e+29,1.032333840399224e+28,2.38260315164114e+26,3.22035709366501e+18,3.540088816322513e+29
iter_0453,2.297409122896333e+29,8.039013640413505e+27,7.82089625032401e+26,2.7572183737964744e+20,2.3856201583080107e+29
iter_0454,3.0127831911409564e+29,1.2814928654461066e+28,1.8510786716113017e+27,2.2994049435013255e+19,3.1594432646316208e+29
iter_0455,2.9522161612709585e+29,1.063493465566126e+28,4.362018053452039e+26,1.8364749940708346e+21,3.0629275442457732e+29
iter_0456,3.562763476129605e+29,9.280908549130656e+27,5.5234936572976335e+26,4.250461991057043e+20,3.661096059528672e+29
iter_0457,3.89593566636046e+29,3.951297210861828e+28,6.588571993678498e+26,3.234426663187221e+16,4.297653959440644e+29
iter_0458,3.39979124528825e+29,8.299997623787504e+27,3.324668432798889e+26,2.4684101955811195e+18,3.4861158899836076e+29
iter_0459,3.919742502179736e+29,1.0536647702639597e+28,3.0187306758968836e+26,1.8140880600531324e+21,4.028127728022909e+29
iter_0460,4.10175927701074e+29,1.5641585493725117e+28,3.443602810181172e+26,3.066213502526038e+17,4.261618734761239e+29
iter_0461,3.536376337576589e+29,1.5729938461308219e+28,1.964481651481039e+26,3.2083381344237126e+20,3.6956402070494904e+29
iter_0462,3.0916091091942557e+29,2.580039952701526e+28,7.389845839816432e+26,2.0709969606606332e+21,3.3570029710141944e+29
iter_0463,3.8685791129305105e+29,1.0426803626432754e+28,2.0757015611118862e+26,4.1628378959006003e+18,3.974922850797578e+29
iter_0464,3.9847103800854285e+29,2.9855442935409614e+28,1.631049388536956e+27,6.477736877261424e+16,4.2995753033255424e+29
iter_0465,3.185376781903745e+29,6.270062310800339e+27,1.2324347266735202e+26,1.0978748397404438e+22,3.2493099495259056e+29
iter_0466,3.59049875103476e+29,7.020953373851415e+27,1.4154386016902705e+26,9.937095271191009e+20,3.66212373331206e+29
iter_0467,3.256953963094796e+29,2.087413985390979e+28,4.7768755514046854e+27,1.98688292827233e+23,3.5134661040308684e+29
iter_0468,3.5045292651165164e+29,1.2465934771348909e+28,2.3223677879179396e+26,1.9042137099282697e+20,3.631510982522137e+29
iter_0469,4.187053620729467e+29,2.699618618595057e+28,5.59724894514656e+27,4.6556143798606344e+21,4.512988018596582e+29
iter_0470,3.592609512069066e+29,2.8354263853259135e+28,1.8454220625448887e+26,1.2001696372323584e+18,3.8779975726762034e+29
iter_0471,4.105086083989623e+29,1.819470089186933e+28,4.9046810510533404e+26,4.9972205796591215e+19,4.291937774459091e+29
iter_0472,3.590844853333441e+29,1.5645191881180624e+28,2.2551672144338456e+27,3.0484377550211247e+21,3.7698484747739634e+29
iter_0473,3.229654733280534e+29,5.962066580986025e+27,3.584389433639065e+26,1.5071256189613642e+19,3.292859788674746e+29
iter_0474,3.281297118611605e+29,1.6500235134881003e+28,5.058325695751374e+27,2.2397830669579864e+21,3.49688274931576e+29
iter_0475,3.5022473061973e+29,7.619464632032299e+27,4.520609994997999e+26,1.3779499839602678e+17,3.582962562513999e+29
iter_0476,3.403258478911599e+29,2.274346810412812e+28,4.980148919216213e+26,3.351294297405142e+20,3.6356733122233915e+29
iter_0477,3.641373292358736e+29,8.474695507752593e+27,2.9877856516691705e+26,4.0119114687268874e+20,3.729108037099843e+29
iter_0478,3.3095066912649784e+29,1.2334299619670773e+28,1.461376371410279e+26,1.3074563884199071e+20,3.434311065140553e+29
iter_0479,4.208384963974907e+29,1.3783601172810254e+28,4.57000368303121e+26,3.1241939294753812e+19,4.3507909796984596e+29
iter_0480,3.292700583903757e+29,8.071989048425557e+27,9.594103128374085e+26,3888405366364507.0,3.3830145775164255e+29
iter_0481,4.180070671107752e+29,1.878586155879895e+28,2.0197289984578587e+27,4.369717211910892e+22,4.388127013652041e+29
iter_0482,3.198454738698199e+29,2.0095552463587585e+28,2.9199150851451754e+26,2.0532011819313995e+21,3.4023301989512315e+29
iter_0483,3.393116313565396e+29,7.296287765810964e+27,1.298164022427112e+27,5.191940606798822e+20,3.479060836639717e+29
iter_0484,3.949349756463306e+29,3.2826875427968508e+28,9.743189199254116e+26,2.0136207850725186e+20,4.287361701955866e+29
iter_0485,3.237243545320295e+29,1.7750370075528497e+28,1.1079320741898787e+27,1.1365471053556515e+20,3.425826567954027e+29
iter_0486,2.9141789848148676e+29,7.466192367338259e+27,3.6480195244096606e+26,7.403149482611758e+19,2.9924889287529748e+29
iter_0487,3.6281481796675106e+29,2.0001013035762877e+28,8.4974522970122e+26,1.2693570516799594e+22,3.836655889257857e+29
iter_0488,3.1273078702138432e+29,1.563691850463955e+28,6.337886511824157e+26,4.5192836725293617e+21,3.2900149869648994e+29
iter_0489,3.1125845214342012e+29,7.306556762265158e+27,1.8336110981680302e+26,1.5835138629962115e+22,3.187483858506407e+29
iter_0490,4.166074598323826e+29,1.6676118278640783e+28,9.684889076387214e+25,8.835217170566073e+18,4.333804270106225e+29
iter_0491,3.555532870516739e+29,5.057135002761497e+27,2.651119513963529e+26,1.1371277637376344e+21,3.608755351429595e+29
iter_0492,3.422828366259895e+29,6.046140805505202e+27,6.705166266757735e+26,1.676863293066525e+21,3.489994957350338e+29
iter_0493,2.77256815445721e+29,5.441051029306705e+27,2.8825687483703512e+26,1.4066217364170572e+23,2.829862640120384e+29
iter_0494,3.853250293007781e+29,1.4268564098508202e+28,2.531109939950656e+27,2.1901573290901077e+22,4.021247252408102e+29
iter_0495,4.1359362357595734e+29,1.0911686854667408e+28,8.242917452591575e+26,2.8676483594538676e+21,4.253296050435322e+29
iter_0496,3.483672492452034e+29,4.5011300819498495e+28,7.653755702890682e+27,3.066149874443243e+21,4.010323088337424e+29
iter_0497,3.0079116863312008e+29,1.0776637178157645e+28,7.364222910330365e+26,3.0798152411398307e+22,3.1230425890046318e+29
iter_0498,4.413768743694296e+29,1.2500677417036847e+28,2.9589138678383615e+26,1.7142406786192272e+24,4.541751574139289e+29
iter_0499,3.7909412187654376e+29,2.514475755496546e+28,2.46912952420335e+27,8.353011127312785e+21,4.0670801730872375e+29
iter_0500,3.383464809901023e+29,1.781059037006314e+28,3.606490905804251e+26,3.679419511939347e+20,3.565177208186878e+29
iter_0501,3.2911574850923465e+29,7.020545391430794e+27,6.075269475633533e+26,5.991602456825523e+20,3.36743821447389e+29
iter_0502,2.9629678269955495e+29,8.54151829462207e+27,7.333321421614544e+26,2.8400964681963717e+19,3.0557163316473944e+29
iter_0503,3.344002879761596e+29,2.191922894016209e+28,1.026162986968722e+27,9.804273715483898e+20,3.573456808837178e+29
iter_0504,3.808933613446045e+29,1.1104904373504355e+28,4.707374888947997e+26,9.253848004737802e+21,3.924690124608517e+29
iter_0505,3.629251762064297e+29,1.161048283148159e+28,1.1158518526596521e+27,1.1879204816291674e+21,3.756515120784914e+29
iter_0506,2.9037480561546718e+29,9.677284390238097e+27,1.0356132784644139e+27,1.2653225680634178e+21,3.0108770454949227e+29
iter_0507,3.036792000910616e+29,1.1509377021746962e+28,4.1384550998675527e+26,3.41706866753426e+22,3.15602456793482e+29
iter_0508,2.8570052417090114e+29,7.760794655993166e+27,4.806038502401882e+26,5.262097654480941e+18,2.939419226823966e+29
iter_0509,3.532401180408775e+29,1.1141049619379652e+28,2.431231257788962e+26,7.166357263305066e+21,3.646242979523933e+29
iter_0510,3.921262519029817e+29,1.1415562598903785e+28,7.655861319633272e+26,7.35080472990352e+22,4.0430747414189614e+29
iter_0511,4.666522231594658e+29,1.9625270079538058e+28,7.246201641740377e+26,5.860699637502566e+21,4.870021192638775e+29
iter_0512,3.2751832427758826e+29,1.7639460011530573e+28,3.226707948729739e+26,3.355038254287911e+21,3.4548045843903005e+29
iter_0513,3.735362793500636e+29,1.6548326901798038e+28,5.9942338946764825e+26,4.044499243617466e+22,3.906840700863217e+29
iter_0514,4.2286287007108046e+29,9.944650621920656e+27,3.576149143479274e+26,4.86786131763954e+19,4.331651356560277e+29
iter_0515,3.385500229276883e+29,9.686469040425298e+27,5.0787185483302626e+26,3.077120228961885e+22,3.487443945941489e+29
iter_0516,3.7503656493263356e+29,3.4817126293955487e+28,2.6769970131531084e+27,2.0450460869039335e+20,4.125306884442468e+29
iter_0517,3.612908464421095e+29,1.0435938323719875e+28,3.9689247753995796e+26,6.583148807333767e+20,3.721236779016842e+29
iter_0518,3.231627839825395e+29,6.942020249730333e+27,6.656637772072482e+26,7.641356514783357e+24,3.307781093659919e+29
iter_0519,3.3365190758937726e+29,5.586525980610588e+27,3.31357561156273e+26,1.6822198224509334e+19,3.3956979114796626e+29
iter_0520,4.221372498290837e+29,1.4955855686278543e+28,3.5283441990374444e+26,3.0517966356576616e+19,4.374459399657839e+29
iter_0521,3.3519302123097356e+29,1.1250940768156073e+28,6.463082850648356e+26,5.337005331774967e+19,3.470902703375645e+29
iter_0522,3.3569883529382445e+29,1.4159324359261425e+28,1.474024537521198e+27,1.3760432923908882e+20,3.5133218432821144e+29
iter_0523,3.866226780937846e+29,1.1836185596325208e+28,1.4803083853286833e+27,2.0304745966064433e+21,3.99939174105913e+29
iter_0524,3.362328028268423e+29,4.347382357867126e+28,4.7183050265763616e+26,1.493435841215848e+20,3.8017845705751475e+29
iter_0525,4.313495703694704e+29,2.5981860649651123e+28,1.3243539494570141e+27,7.316207374694056e+20,4.586557857001993e+29
iter_0526,3.645974749681391e+29,6.160680276337275e+27,3.323610992538169e+26,1.6313888939975113e+22,3.710905326576192e+29
iter_0527,4.494439511505879e+29,7.752671583476409e+27,4.929290827251683e+26,9.750516299704556e+19,4.576895519142946e+29
iter_0528,3.6165996393107635e+29,1.469813311174864e+28,8.512637242602671e+26,2.8845011127965686e+20,3.772093610555354e+29
iter_0529,3.4920943423113114e+29,2.9413017608392377e+28,1.1393810188509401e+26,1.1978878522153551e+20,3.787363900611974e+29
iter_0530,3.618291819035007e+29,8.545512461306137e+27,3.450360610944571e+26,8.179539520168547e+22,3.707198122212965e+29
iter_0531,4.4147392445074354e+29,1.0872214007220843e+28,1.0866838235579364e+27,5.1490851993278664e+20,4.5343282279643085e+29
iter_0532,3.3372214155854136e+29,7.566482115757399e+27,2.1437316565323413e+26,5.0240691099523603e+17,3.4150299684045444e+29
iter_0533,3.289599531538357e+29,1.2436357043760443e+28,7.050107157007516e+26,2.2596557653831084e+20,3.421013211392625e+29
iter_0534,3.836147035605056e+29,3.7656928788303294e+28,9.561351736935728e+27,8.069642025878543e+19,4.3083298416644105e+29
iter_0535,3.264274977440051e+29,5.424766254859848e+27,3.324660098762847e+26,3.648457389824416e+22,3.3218476649331514e+29
iter_0536,3.5169193321698166e+29,1.33378918055122e+28,3.224781837915005e+26,5.528291104364021e+22,3.653523584891964e+29
iter_0537,3.39663834273799e+29,7.33419871272585e+27,4.7373725546981214e+26,1.0311510951811634e+23,3.4747187335710415e+29
iter_0538,4.278857127907862e+29,1.6747225156844216e+28,4.1366342062367915e+26,2.1593383421358223e+19,4.450466013898474e+29
iter_0539,3.498130095255158e+29,7.378466201563159e+27,5.004539139496809e+26,6.271595641577856e+19,3.5769192970374456e+29
iter_0540,2.675479071476942e+29,1.4524047244421038e+28,9.696054410705164e+26,2.3233808431928528e+23,2.8304179217127008e+29
iter_0541,3.341757975925965e+29,3.537266472422676e+28,3.993445411199276e+26,2.248293902371571e+20,3.699478070827725e+29
iter_0542,3.468407886445797e+29,1.2014780616750372e+28,1.146507694044797e+27,3.10202942998472e+24,3.600051789848049e+29
iter_0543,3.159438459665039e+29,8.907142557681956e+27,5.4047588790094424e+26,1.3811634846068478e+19,3.2539146442589845e+29
iter_0544,3.2515883090713694e+29,8.889792570061079e+27,5.212309769965137e+26,8.363175396241842e+21,3.345698628173699e+29
iter_0545,3.6805930806280674e+29,5.010398981789368e+28,4.33455074376027e+26,1.3081836739889503e+24,4.185980611387505e+29
iter_0546,3.814455178116199e+29,5.151136516010461e+28,2.251981795040738e+27,2.4650013140088006e+20,4.352088650132655e+29
iter_0547,4.176147523603024e+29,2.3324598123639996e+28,4.613229540637382e+26,6.315190417374299e+18,4.414006734443213e+29
iter_0548,3.8562813439679315e+29,1.479173771242597e+28,1.9757045271570953e+26,3.5169765204767316e+23,4.006177942595869e+29
iter_0549,3.72083966098142e+29,1.3157163483120385e+28,1.8489760057042623e+26,7.937369194489309e+20,3.854260279755698e+29
iter_0550,3.2184156380473346e+29,6.92490053801532e+27,5.1289034803141964e+26,2.670761393996814e+18,3.29279354693451e+29
iter_0551,3.858032665931273e+29,1.773545934711327e+28,1.2499815199509716e+27,9.51407192329604e+20,4.0478870841159874e+29
iter_0552,4.033935712537049e+29,7.907803969981632e+27,5.1486206488318734e+26,1.0032845667543333e+20,4.118162373888982e+29
iter_0553,3.3721682747814194e+29,1.2256789698955393e+28,6.297635963867435e+26,1.171087718402228e+21,3.501033819445718e+29
iter_0554,4.757342515717797e+29,1.0326430285277566e+28,1.7354924657847018e+26,1.3870676450214124e+19,4.8623423111750635e+29
iter_0555,3.75685287799317e+29,1.0302777100890756e+28,5.0760358250938766e+26,2.771934249507132e+16,3.864956684827449e+29
iter_0556,3.9028789860637094e+29,1.3104360146177714e+28,1.8249624666086317e+26,3.741025043262755e+21,4.035747587402345e+29
iter_0557,3.28678573069347e+29,1.4915082898096717e+28,7.049268408278832e+26,3.6011424615745553e+22,3.442986188196961e+29
iter_0558,3.978547094885518e+29,2.4319864233588477e+28,1.1544493004661675e+27,1.3049631634909718e+21,4.233290243275696e+29
iter_0559,3.379812281695116e+29,5.557856697351724e+27,2.9894468328966372e+26,2.0769898517905388e+19,3.4383802957092285e+29
iter_0560,3.839342838006288e+29,1.83966189957032e+28,1.923475047426016e+26,3.0951003113320905e+21,4.02523253396175e+29
iter_0561,3.974373717618039e+29,6.388443242933578e+27,3.0358396475310694e+26,2.9483416692741824e+16,4.041293989695201e+29
iter_0562,2.9035370322123538e+29,1.3708500893653502e+28,2.844901030577809e+27,1.5162586932439688e+18,3.0690710514698296e+29
iter_0563,3.0057756820528544e+29,7.011359431119949e+27,5.001678209880556e+26,5.404653655392966e+20,3.0808909599785884e+29
iter_0564,3.1322349840523165e+29,6.755761589735221e+27,4.92875509950502e+26,1.0649975669931856e+19,3.2047213551556736e+29
iter_0565,4.160057915551666e+29,2.1998397569818304e+28,2.542692913339018e+26,2.2457763599237288e+19,4.3825845843877654e+29
iter_0566,3.795210145089602e+29,3.324486758845974e+28,2.2837238159885295e+27,2.756616300334153e+24,4.150523625297088e+29
iter_0567,4.1817347535897565e+29,1.8013676535385167e+28,1.973033457023469e+27,2.0303531575297497e+20,4.3816018555441955e+29
iter_0568,3.1733830563074956e+29,2.0177463821009808e+28,1.131151953471909e+27,2.057215626551481e+23,3.3864712712679394e+29
iter_0569,3.189939430482858e+29,2.6201144303700412e+28,7.997869487424236e+26,7.429157913736577e+20,3.459948750436444e+29
iter_0570,3.349827747689241e+29,1.5031721752090465e+28,9.500681956974334e+25,9.020044672246983e+21,3.5010951236062894e+29
iter_0571,3.589474218213374e+29,1.1917759070934617e+28,1.0921246493742945e+27,1.991532525885575e+18,3.719573055436378e+29
iter_0572,3.546342837900318e+29,5.651220016794678e+27,1.7214074883335067e+26,2.0578036058976834e+24,3.604597023592658e+29
iter_0573,3.5516615017813016e+29,9.840482567605855e+27,1.4899613410028161e+27,2.7117850832740024e+20,3.6649659435791736e+29
iter_0574,3.5996665438995134e+29,7.447200579479557e+27,4.479792582542409e+26,1.5848655291713543e+20,3.6786183438617165e+29
iter_0575,4.530843124572124e+29,9.393543164203045e+27,2.3749953231848685e+26,5.6496279801842425e+22,4.627154116500137e+29
iter_0576,3.4284265306275404e+29,1.8581386774694255e+28,2.773508537096916e+27,7.48471700113952e+18,3.6419754838202994e+29
iter_0577,3.58512745675353e+29,1.1142187363972812e+28,3.444661363436219e+26,1.1691356203359576e+20,3.69999399292583e+29
iter_0578,4.2154029158300246e+29,4.973749749963002e+28,1.682681230308123e+28,2.1056203490516028e+22,4.881046224419172e+29
iter_0579,3.87062305559209e+29,1.190647374977631e+28,5.307958116021807e+26,9.595380397158916e+19,3.9949957521654134e+29
iter_0580,3.02778628594716e+29,6.500070679494694e+27,3.9380363152880816e+26,2.1974144512812806e+17,3.0967250290595924e+29
iter_0581,4.543574048125451e+29,1.9755116083404203e+28,7.790391194191714e+26,3.00709204390982e+18,4.748915600183756e+29
iter_0582,2.5891003621422184e+29,9.363903114429658e+27,2.4701343477546376e+27,1.2887147690995019e+21,2.7074407496512093e+29
iter_0583,4.219758324073915e+29,2.05319737155963e+28,3.6481006917288603e+27,6.426560030132202e+20,4.4615590745737265e+29
iter_0584,3.3579641945852374e+29,1.3393369856679348e+28,1.3572520242736605e+27,1.0785640248878467e+18,3.505470413405553e+29
iter_0585,2.9721575708496104e+29,2.2823419305731457e+28,7.804138300163833e+26,1.770509107003644e+18,3.208195902224793e+29
iter_0586,3.437416676749854e+29,1.0611323536597927e+28,1.9240973460160944e+27,4.370988519535891e+20,3.562770889946982e+29
iter_0587,3.246706294416333e+29,2.6228919010103484e+28,4.601837252255343e+26,1.968397885979339e+22,3.5135975186094125e+29
iter_0588,3.0875274118737852e+29,7.005651073733675e+27,2.4338048254325643e+26,3.6635333491834755e+23,3.1600213909699037e+29
iter_0589,3.394744619463353e+29,1.2495352185897733e+28,7.545421111879747e+26,1.9822669671075044e+20,3.527243564416477e+29
iter_0590,3.9542081517067804e+29,3.4483791323638535e+28,1.01212348012992e+28,2.9838299766896447e+20,4.4002584159399874e+29
iter_0591,3.3973736494721104e+29,8.778567234222992e+27,4.09369169806108e+26,5.864762473471247e+17,3.489253013518266e+29
iter_0592,3.2996803772619424e+29,2.886996456341318e+28,1.7368343840035524e+26,2.9836478535269723e+23,3.590119840927931e+29
iter_0593,3.6007547640384046e+29,3.26907855747827e+28,8.806267386485908e+27,8.003700776498146e+22,4.015726094021168e+29
iter_0594,3.5841954648497424e+29,1.4105586180859477e+28,5.899277280837628e+26,8.335301842236443e+18,3.731150604022528e+29
iter_0595,3.2737787463269625e+29,1.3432503068114862e+28,3.6881478899025274e+26,5.104165155888316e+22,3.411792435314529e+29
iter_0596,3.333949202973029e+29,9.626577302616182e+27,8.174331697088116e+26,5.675628895782907e+21,3.438389364452568e+29
iter_0597,4.0049070486897574e+29,1.105407033965268e+28,1.8492904445449883e+26,1.132445774814325e+21,4.117297053855287e+29
iter_0598,4.085824028338026e+29,1.9584070423033586e+28,1.7807517864489646e+27,6.315750261700416e+21,4.299472313590354e+29
iter_0599,4.2515779676598196e+29,9.83713851180267e+27,6.720560040299334e+26,3.890654995952251e+23,4.3566738034731415e+29
iter_0600,4.133475551895813e+29,1.0550267891252103e+28,9.271783984674087e+26,2.823095002878041e+17,4.248250014795831e+29
iter_0601,4.225006825203445e+29,1.785724192794489e+28,1.3539044877123072e+27,5.742923709407728e+19,4.41711828993431e+29
iter_0602,3.7784723010107626e+29,1.1842625416045194e+28,3.1029962857595785e+26,2.1893518338890842e+19,3.9000015516759095e+29
iter_0603,4.200441329554894e+29,1.3150564010499023e+28,1.5066800039952715e+26,2.5648379732011946e+21,4.33345367531226e+29
iter_0604,3.4145558096674305e+29,7.166990401486188e+27,4.8559467272754166e+26,3.973237612656704e+22,3.4910820577333295e+29
iter_0605,3.7735276672686364e+29,1.1630342950936306e+28,9.768301174166354e+26,2.3988664465522363e+21,3.899599421940831e+29
iter_0606,2.94392281906763e+29,1.4496677003928568e+28,3.0923156708866923e+26,4.245819950684331e+22,3.0919823293597973e+29
iter_0607,3.416514112071585e+29,1.540860635551641e+28,8.424425103624892e+26,1.1965417309567093e+19,3.579024600850028e+29
iter_0608,3.400912166065809e+29,5.296791786341091e+27,2.3061594813841456e+26,1.7655519895130777e+20,3.4561862451761564e+29
iter_0609,3.4521557905563826e+29,1.126956635696953e+28,4.429414657188462e+26,6.09435024978551e+19,3.569280869392701e+29
iter_0610,2.9482655981608035e+29,7.830806010782453e+27,1.0789369998529466e+27,1.7369001898319484e+21,3.0373630456361594e+29
iter_0611,4.029277716544275e+29,1.2049973262573717e+28,7.606007039374358e+26,2.847621115091927e+21,4.1573834846855975e+29
iter_0612,2.874225999217421e+29,5.815071915852804e+27,1.2372213031435867e+26,6.367111350230881e+20,2.933613946046204e+29
iter_0613,4.14956587518982e+29,3.124530160415658e+28,1.2267423605491655e+27,5.6497728913528626e+20,4.47428632048665e+29
iter_0614,3.642451669394715e+29,1.114978983572643e+28,2.802857215605266e+26,2.258539066946976e+24,3.756775010358254e+29
iter_0615,4.4967532147414456e+29,1.3914307660020716e+28,5.498820800431551e+26,4.542953226752909e+21,4.641395157571616e+29
iter_0616,3.379288179703203e+29,1.0678981322454827e+28,1.4047767318768184e+27,1.6302664499077493e+19,3.500125760409546e+29
iter_0617,3.536638653064042e+29,1.5035714948124998e+28,6.682943265858068e+26,9.413249973732441e+20,3.6936787552244e+29
iter_0618,3.6081507217116715e+29,1.1220427071230599e+28,7.163382354344031e+26,8.433463300302378e+17,3.727518374786755e+29
iter_0619,2.6645770723714028e+29,9.503059751328264e+27,4.7117313709580746e+26,1.8153777703348855e+22,2.7643195827934205e+29
iter_0620,3.1883509386186024e+29,3.8145288762781e+28,2.1965904756165393e+27,4.446131448450634e+23,3.591774177134026e+29
iter_0621,3.823676035884099e+29,1.3159773149420687e+28,1.861471907758179e+26,8.286739249234607e+21,3.957135322153457e+29
iter_0622,2.7811977066643512e+29,1.5414138586356594e+28,3.73846637964903e+26,4.828227546891191e+21,2.9390776071898414e+29
iter_0623,3.1407736462723577e+29,6.521956134293741e+27,4.512415411759536e+27,2.93216009695117e+17,3.2511173617358224e+29
iter_0624,4.823881104125568e+29,1.1029829788311491e+28,7.114370008105924e+26,6.212226256838313e+21,4.941293834139052e+29
iter_0625,3.203047938543102e+29,6.333666691055589e+27,6.612484006752347e+26,4.881462493056693e+18,3.272997089509225e+29
iter_0626,4.143213832851333e+29,1.7346914619630535e+28,2.957694203755549e+26,2.1723333224226685e+21,4.319640694974727e+29
iter_0627,4.603604318269387e+29,2.359743088313794e+28,1.2376039166136917e+27,2.5673182469540516e+19,4.851954666523635e+29
iter_0628,3.7666187362823425e+29,5.329440948517208e+27,3.0032517834337206e+26,1.2747754097413963e+22,3.822916525028489e+29
iter_0629,4.350628148445898e+29,1.7836428762283127e+28,2.823614849440321e+27,2.6591321569029597e+22,4.557228850476348e+29
iter_0630,4.139317058451641e+29,1.2128839252844972e+28,4.525434992543054e+26,1.2969450394587428e+21,4.265130898942084e+29
iter_0631,3.298077447795336e+29,2.752368027218598e+28,3.6557125770992464e+27,4.3660666189930004e+19,3.609871376724794e+29
iter_0632,4.307970971736356e+29,2.663826620713401e+28,8.649834046303556e+26,8.212213879881932e+20,4.583003476066214e+29
iter_0633,3.690881137942444e+29,2.3910023992086115e+28,1.9212111410920652e+26,3.979025482788951e+19,3.9319025894023005e+29
iter_0634,4.1690895728420335e+29,2.4770294689795462e+28,6.39398437315771e+27,5.722360011831053e+18,4.480732363528789e+29
iter_0635,4.397171550807374e+29,7.655280713427386e+27,5.219628366037404e+26,3.530522205735306e+21,4.4789440216129074e+29
iter_0636,3.8485788337854985e+29,1.5722629717375657e+28,4.1653253771625375e+26,5.399707234267584e+19,4.0099704568763886e+29
iter_0637,4.5192622477032594e+29,1.4836590531428977e+28,2.6467543238340347e+26,1.2942600528912297e+21,4.670274920283984e+29
iter_0638,3.367754060302912e+29,6.446407511915658e+27,3.9843586413946756e+26,1.6692898125113964e+23,3.4362041633532754e+29
iter_0639,3.3985934510127916e+29,1.1985140807884217e+28,3.316333857362436e+26,3.5291762155838835e+21,3.5217612282407576e+29
iter_0640,3.68625263444702e+29,7.469543488029445e+27,2.3924070141443358e+26,1.7235809048903858e+21,3.7633404935772684e+29
iter_0641,3.530836975292538e+29,8.72399610199377e+27,5.2760892674805855e+26,5.171997392344059e+20,3.623353030751953e+29
iter_0642,4.056924848832297e+29,2.3778468815484212e+28,2.1268273797350242e+27,9.451623346206536e+20,4.315977820236113e+29
iter_0643,3.0684360962051852e+29,8.112640761500586e+27,2.8265584869115032e+26,4.6128909284501e+18,3.1523890623532313e+29
iter_0644,3.7932032654675056e+29,7.43662191627981e+27,1.2601625027402945e+27,8.596468848259295e+19,3.880171110517354e+29
iter_0645,3.7488747663408586e+29,3.100619898285012e+28,1.4979262635858296e+27,7.939317165343567e+20,4.073916026744535e+29
iter_0646,3.178454700186394e+29,1.4445316840304413e+28,1.5769472454731492e+27,3.558953658763209e+20,3.338677344603123e+29
iter_0647,3.548133555483977e+29,2.5902076982310644e+28,1.4928854876176641e+27,1.2072532115731197e+20,3.8220831813905125e+29
iter_0648,3.40457163479288e+29,3.8545540624075024e+28,1.734537239790211e+27,5.370298658511834e+24,3.807426116418117e+29
iter_0649,3.543667806900734e+29,1.2240972459741276e+28,2.844561798731673e+27,5.757393048112772e+18,3.694523149543037e+29
iter_0650,3.769974046376339e+29,1.3986598464485674e+28,1.2546210851424363e+27,5.83219277048301e+21,3.922386300194547e+29
iter_0651,4.459018893346179e+29,1.3447877778840617e+28,1.942557121957576e+26,2.4674852276962853e+21,4.595440252931395e+29
iter_0652,3.333559271252128e+29,8.788448550667035e+27,6.305849035167362e+26,3.584968273044747e+17,3.427749605797551e+29
iter_0653,2.963695432699639e+29,1.216400353473667e+28,5.612362461586283e+27,2.876748714429392e+20,3.1414590955396175e+29
iter_0654,2.729172044278793e+29,8.050563053962247e+27,2.0003909904269295e+26,2.118593819866198e+21,2.8116780869947804e+29
iter_0655,3.689361791418203e+29,2.070769924003923e+28,2.583762699453353e+26,2.892337618171578e+20,3.899022549410386e+29
iter_0656,3.4717845296607514e+29,8.940495560625253e+27,1.0282236867012241e+27,9.609527174884558e+20,3.571471731743543e+29
iter_0657,4.2711995895108954e+29,1.0446778163510765e+28,8.401564130158143e+26,1.125494327244673e+19,4.38406893538871e+29
iter_0658,3.869834093403956e+29,1.1303152794375458e+28,7.418480880871772e+26,9.79610461887994e+21,3.9902842001896286e+29
iter_0659,3.389691192700222e+29,8.295375453361988e+27,7.414483721399271e+26,9.79879307886492e+21,3.480059528943172e+29
iter_0660,3.634049352725272e+29,2.695073748031791e+28,3.903834117452013e+27,1.2172855854246042e+21,3.942595080875827e+29
iter_0661,3.064674320103023e+29,9.564448706673759e+27,2.943708522012237e+26,3.29719024477988e+19,3.163262516021492e+29
iter_0662,3.37154314405259e+29,1.0761364414441049e+28,2.212086305373537e+26,6.715344879558141e+17,3.48136887450909e+29
iter_0663,4.843164423337648e+29,1.7411481185661776e+28,8.693831939544703e+26,1.3085308770071397e+21,5.025973080219119e+29
iter_0664,3.915998010195468e+29,7.705466263110511e+27,2.9719423122656386e+26,3.427278491834267e+20,3.9960246185661176e+29
iter_0665,3.650877317956285e+29,1.8214210600706684e+28,1.1407956727651428e+26,9.481591520947681e+18,3.834160219730934e+29
iter_0666,5.0121770822314484e+29,1.6890336609513706e+28,1.8147398316934555e+27,2.6257596620200978e+22,5.1992281092194866e+29
iter_0667,3.671856432027045e+29,9.310767405827198e+27,7.55652288488652e+26,9.754887013322018e+19,3.772520629945693e+29
iter_0668,2.8524463346437502e+29,1.364715620204367e+28,4.2338944411928434e+26,6.397535980506561e+19,2.9931517917451334e+29
iter_0669,3.6353337255357155e+29,1.43407027238804e+28,2.3180240258627734e+26,4.786056956370207e+18,3.781058776848243e+29
iter_0670,3.2314152911651924e+29,1.1721279574177125e+28,3.102310915306413e+26,9.295502858414077e+21,3.3517304907772986e+29
iter_0671,3.7860643055900414e+29,2.154840610665366e+28,1.6778320210017648e+27,1.251864626657998e+20,4.018326688118461e+29
iter_0672,4.456997339052798e+29,1.1687938384235193e+28,3.8553934630112286e+26,6.7798863801650365e+22,4.577732794346799e+29
iter_0673,3.059490656504853e+29,7.497909084652026e+27,5.681436770905357e+26,2.365907746158846e+21,3.140151207781356e+29
iter_0674,3.755814533659893e+29,2.2044507935138575e+28,1.705972556859085e+27,2.5249030916208368e+20,3.993319341104773e+29
iter_0675,3.14752626478677e+29,7.392455141323103e+27,5.840593126027973e+26,1.8432562018994467e+17,3.227291409327872e+29
iter_0676,3.5648488548470624e+29,1.4295365737940905e+28,1.1687322912614366e+26,1.791329728450701e+20,3.708971246309063e+29
iter_0677,4.53886342969033e+29,6.387243402821441e+27,3.30292885431405e+26,8.082528186747313e+20,4.6060388006553864e+29
iter_0678,3.5936056479071e+29,3.328407299266187e+28,7.909248868952507e+26,4.0809113017596353e+21,3.9343556675117845e+29
iter_0679,3.926692482333338e+29,7.219941900317067e+27,2.7733695628036502e+26,2.1289950524370225e+23,4.001667399894365e+29
iter_0680,3.7319079141684006e+29,7.879447754977335e+27,5.500856182911706e+26,6.428753558770858e+20,3.816203254329839e+29
iter_0681,3.8083750013528426e+29,9.782786151728445e+27,1.9527070417276135e+26,2.3593722457838243e+21,3.908155593505577e+29
iter_0682,4.3729458985234745e+29,9.949959471180696e+27,2.5603401767454293e+26,4.336285796851081e+20,4.4750058377483125e+29
iter_0683,3.219337363063576e+29,8.86059382268147e+27,4.377856710811511e+26,1.4982321802067929e+21,3.312321172983524e+29
iter_0684,3.600835462156999e+29,3.541993820477109e+28,8.547376882359842e+27,9.68753710655148e+20,4.040508622715846e+29
iter_0685,3.78063940162534e+29,1.4394464603639915e+28,1.2062197425016719e+27,3.9695318537654077e+21,3.936646284782074e+29
iter_0686,3.853887940955998e+29,1.716465912770453e+28,4.0631217101471825e+26,7.308338880210038e+19,4.029597654674024e+29
iter_0687,3.464102510128297e+29,7.777722642984866e+27,4.448007575988985e+26,3.974677175705737e+19,3.546327744531603e+29
iter_0688,3.2836123638290984e+29,1.2547288667757615e+28,8.585981766176178e+26,6.935960383907796e+21,3.417671301632454e+29
iter_0689,3.553311664171625e+29,6.007416392296788e+27,1.3229718017461923e+26,8.491839712864767e+18,3.6147087999812575e+29
iter_0690,3.083044491476834e+29,1.372196895690627e+28,4.223679452576673e+26,1.0696201247048649e+21,3.2244878711946744e+29
iter_0691,3.094513789464856e+29,8.956241611585473e+27,1.8545170611901902e+26,5.761107508792299e+20,3.185930728403009e+29
iter_0692,2.6935850848743278e+29,5.094281825953772e+27,1.73467133351017e+26,6.223911280099517e+17,2.7462625744735995e+29
iter_0693,3.347555102665069e+29,9.231642156526912e+27,3.978827955840565e+26,7.88245859428358e+23,3.443858234644772e+29
iter_0694,2.86842877275719e+29,6.791049491050926e+27,2.6601100130317605e+26,7.68407689565776e+20,2.9389993853648078e+29
iter_0695,3.437818206490475e+29,2.0027076437351095e+28,1.385015969878215e+27,2.711510068510532e+21,3.651939157677869e+29
iter_0696,3.836463532910507e+29,1.9291551682164707e+28,6.142533435664603e+26,7.183143694416435e+19,4.035521583886133e+29
iter_0697,3.461883766895036e+29,1.1579336193448318e+28,9.140623830007704e+26,2.3951260322657065e+23,3.586820147785559e+29
iter_0698,3.5671415958751756e+29,9.399167551111855e+27,3.2133315655978405e+27,9.764032095205081e+26,3.7030306191374784e+29
iter_0699,3.3966618271509344e+29,9.322943358677413e+27,4.922013816164456e+26,3.2220062352914854e+19,3.494813274876074e+29
iter_0700,3.54714490012164e+29,2.2719341722078523e+28,2.429839553765036e+27,9.002086320601388e+19,3.798636713780284e+29
iter_0701,4.8100712917980745e+29,2.0154153537238315e+28,1.3181522387936993e+27,5.971380666990733e+18,5.024794349618108e+29
iter_0702,2.6477050231048794e+29,1.0654096333152943e+28,3.5970520284449375e+26,1.5490137880672148e+20,2.7578430400138677e+29
iter_0703,4.160419277531399e+29,1.3029906095813945e+28,5.45023067256647e+26,2.622713852849416e+20,4.2961685717848195e+29
iter_0704,4.532696728310123e+29,2.8859612523052994e+28,2.575878783508591e+27,2.700725858779382e+20,4.8470516440764645e+29
iter_0705,3.0416495887085512e+29,8.906078506948513e+27,5.5993939607703666e+26,1.8150703572710224e+22,3.1363099492458423e+29
iter_0706,3.742965028514574e+29,2.1979525108067123e+28,2.2518536805456904e+27,8.728314960314597e+18,3.9852788164879855e+29
iter_0707,3.575330014315706e+29,9.967874401453238e+27,6.709223378166263e+26,4.454915681699901e+21,3.681718026257562e+29
iter_0708,2.8793855338768308e+29,8.861018833668273e+27,6.749128102638035e+26,9.555811033497736e+20,2.9747448598719624e+29
iter_0709,3.9828872987420505e+29,1.6861472125381102e+28,3.771336128585734e+26,1.5223226708497355e+19,4.155273356276679e+29
iter_0710,3.392459651262e+29,1.3663552510428507e+28,3.815590258312331e+26,1.624573505965249e+20,3.532910768249171e+29
iter_0711,4.019358409354411e+29,2.5776922717284345e+28,3.788163172351475e+26,3.384798142794351e+20,4.280915803084404e+29
iter_0712,3.2697158465797534e+29,8.734040882450015e+27,3.263718852853719e+26,8.58805273478335e+19,3.360319975115913e+29
iter_0713,3.588026002006912e+29,1.675778150918997e+28,7.350229106129001e+26,3.4695470843391205e+19,3.762954046551895e+29
iter_0714,4.101035629993098e+29,7.142171885108419e+27,2.191302983360991e+26,2.6222105352961725e+17,4.174648651830165e+29
iter_0715,2.8302283419234202e+29,9.856343232288269e+27,3.20430229369108e+26,7.97231503351332e+23,2.9320040488550272e+29
iter_0716,3.708624934547303e+29,1.4502952836606698e+28,1.1954880562160303e+27,9.03986226730161e+16,3.8656093434764344e+29
iter_0717,3.452312830799175e+29,2.496513650491693e+28,2.3703109339289437e+26,3.5045142851966894e+20,3.704334510286787e+29
iter_0718,3.2255212965118596e+29,8.889517364573843e+27,5.972381748814836e+26,2.761513503746549e+19,3.320388852182564e+29
iter_0719,3.39124292407877e+29,1.3031368534007513e+28,7.87832115730318e+26,1.1415839352139001e+21,3.529434941991988e+29
iter_0720,3.5227493520111194e+29,9.886816686612279e+27,1.6678408664346706e+27,9.277985204540443e+18,3.638295927634369e+29
iter_0721,4.316132715741217e+29,2.6213052538343653e+28,8.079757230574952e+26,4.5519541143748716e+18,4.5863429984007476e+29
iter_0722,3.476315090528526e+29,2.549118405338408e+28,3.079101541918089e+27,4.0623825995552267e+20,3.7620179505439296e+29
iter_0723,4.6729925458688906e+29,2.984801222366549e+28,6.908955681555882e+26,5.5337437382955485e+22,4.9783821771614754e+29
iter_0724,3.5469877641827334e+29,8.36985651583196e+27,4.1652610108745643e+26,1.5175948161237726e+21,3.634851605527875e+29
iter_0725,3.3340787178574434e+29,1.0896785408334746e+28,2.0909359080540645e+27,1.4064258984401774e+20,3.463955932427757e+29
iter_0726,4.055827223444378e+29,1.7279515941800204e+28,8.826093846782693e+26,1.7889465110554063e+19,4.237448476888058e+29
iter_0727,3.271653629094267e+29,6.064014019188218e+27,8.109906833901514e+26,5.986670854713895e+19,3.340403676718718e+29
iter_0728,3.924817119611935e+29,1.6798952281433234e+28,2.059574833739413e+27,2.6752306308528865e+21,4.1134024175159676e+29
iter_0729,3.863234709409348e+29,1.2893071759116231e+28,1.1493017650580291e+27,2.87877768380122e+22,4.0036587325288594e+29
iter_0730,3.393754348811353e+29,1.0867748144142842e+28,2.1549158420731617e+26,7.748575611926119e+23,3.504594494670466e+29
iter_0731,4.974022014788233e+29,3.8481063580686467e+28,3.3282300625697505e+27,7.07408015503923e+19,5.3921149519282024e+29
iter_0732,3.591165722614655e+29,8.65868714652877e+27,1.903786302274707e+26,1.1592768203147459e+22,3.6796564963098995e+29
iter_0733,3.2857362091090866e+29,9.714487804653347e+27,6.880195662564725e+26,3.2607669414805593e+21,3.389761315425854e+29
iter_0734,2.9479245754287928e+29,1.3903285638540948e+28,1.651402589433876e+27,1.315788319979289e+21,3.103471470866424e+29
iter_0735,4.274349894934484e+29,2.6559166688615117e+28,1.1538219565056091e+27,3.978045991268299e+19,4.551479781783495e+29
iter_0736,3.643848644546562e+29,1.5193414529516416e+28,7.24081891262137e+26,1.3117364300022863e+20,3.803023610066084e+29
iter_0737,3.203511983493715e+29,9.251171315245292e+27,5.92089708919652e+26,2.369154005617168e+21,3.301944617426904e+29
iter_0738,3.1971315158619386e+29,8.330003395522023e+27,3.571991454095e+26,3.147065662311825e+18,3.2840035413027245e+29
iter_0739,3.859325688868912e+29,2.4007216298498426e+28,3.268332067944073e+26,1.4147896124860284e+23,4.1026675987114534e+29
iter_0740,2.7333007161450762e+29,6.922825479056163e+27,1.877749146885902e+26,6.882196500825131e+21,2.8044067889044888e+29
iter_0741,3.619494466277754e+29,1.1223184606629735e+28,6.872567825384098e+26,1.3050133185120984e+21,3.7385988932195694e+29
iter_0742,4.548341572447097e+29,1.670613342455558e+28,1.632559239854594e+27,2.854235789656936e+19,4.731728499376621e+29
iter_0743,3.093470036125326e+29,8.729824618491258e+27,6.361103639092104e+26,9.531515766206558e+22,3.187130339100907e+29
iter_0744,4.467656586758067e+29,1.3700424966435754e+28,3.052135494760023e+26,3.4179101833748087e+19,4.607712972258976e+29
iter_0745,4.16674118244888e+29,1.5639407511171156e+28,3.469641443561336e+27,4.144551369016206e+22,4.357832086451342e+29
iter_0746,3.902042448997562e+29,1.2167370998639984e+28,1.205544113327571e+27,2.016229072180854e+20,4.035771602133467e+29
iter_0747,3.434777923395995e+29,1.291274683364726e+28,6.907674372280057e+26,1.225370929107547e+23,3.570814291475677e+29
iter_0748,3.0522817183574773e+29,1.7093859026479896e+28,3.357876641360189e+27,7.648874761365144e+18,3.2567990751123666e+29
iter_0749,3.1502490015271916e+29,1.100781128293063e+28,5.8305385320031454e+26,2.3902386836520284e+19,3.2661576531275244e+29
iter_0750,3.599356580757206e+29,9.642236640374235e+27,1.1611032351597636e+27,6.469326345216145e+20,3.707389985981872e+29
iter_0751,3.563289306647912e+29,1.2870793866470063e+28,1.381351704482119e+27,2.330537693762696e+19,3.705810762590487e+29
iter_0752,3.3573797857065416e+29,1.8380333575629443e+28,7.193920019829971e+26,6.82782983009352e+21,3.5483771097609645e+29
iter_0753,4.657075965004688e+29,2.6547379833679313e+28,1.574205541809941e+27,2.3117314345788395e+22,4.938292049932724e+29
iter_0754,4.0558720040663704e+29,7.528837687751294e+27,2.971556701884917e+26,2.497265877759855e+18,4.1341319376707406e+29
iter_0755,3.480707793259442e+29,1.2793071295647641e+28,1.1208980823596269e+27,1.9484927502936115e+23,3.619849435532265e+29
iter_0756,3.600596300371497e+29,2.474280254450376e+28,2.7644653142745097e+27,3.8899340707520085e+21,3.87566901785862e+29
iter_0757,4.23684261758254e+29,1.030688024708485e+28,7.344934017632905e+26,2.8772476491615656e+20,4.3472563569482695e+29
iter_0758,3.6224540841085174e+29,9.909396769187003e+27,1.5453111594358752e+27,8.056010237042248e+20,3.737001171450757e+29
iter_0759,3.4486438959060515e+29,4.651705359488786e+27,3.262279619687541e+26,9.162799897785392e+16,3.498423229121543e+29
iter_0760,3.8377459769862724e+29,6.217198817031877e+27,1.0469775218088329e+26,1.6951537648201386e+21,3.900964959629938e+29
iter_0761,3.365776668085561e+29,9.287268371008811e+27,4.779044823779099e+26,3.4083831709001575e+21,3.4634284307032594e+29
iter_0762,4.898630249257085e+29,1.030193809496802e+28,4.232814917731247e+26,1.016742884798241e+19,5.0058824452261704e+29
iter_0763,3.470431923294008e+29,7.010008970437903e+27,5.802251633685029e+26,1.0100582649776746e+19,3.546334264733078e+29
iter_0764,4.9233820402952025e+29,2.832554989148284e+28,1.7079348567050785e+27,1.69040818552873e+20,5.22371688946749e+29
iter_0765,3.642210645551305e+29,7.615207083709805e+27,2.4792738953519393e+26,9.568114953642119e+21,3.720842085964905e+29
iter_0766,3.877293416990174e+29,1.6350257900739237e+28,9.562595248141143e+26,5.618060502599394e+19,4.050358591807513e+29
iter_0767,4.008025659970738e+29,1.506615909529383e+28,1.6152818941362336e+26,4.7222534326032296e+20,4.160302537540066e+29
iter_0768,3.2681303372018546e+29,1.0652263995104693e+28,1.3252052692673296e+27,3.015078568811993e+21,3.38790505999636e+29
iter_0769,4.212187797854064e+29,2.1267493779623868e+28,2.1332398671224836e+27,9.172399509875462e+21,4.446195226045522e+29
iter_0770,3.522939490114328e+29,1.4494815601383296e+28,8.732019119342729e+26,8.145392809961976e+20,3.676619673392896e+29
iter_0771,3.734069052127936e+29,1.1712443013699736e+28,4.7449665588078026e+26,8.697715357598872e+19,3.8559384496935135e+29
iter_0772,3.70840565962666e+29,2.732395573048554e+28,1.3380809246537842e+27,9.955420232820789e+21,3.995026125732256e+29
iter_0773,3.4791767311591415e+29,1.2202641039960854e+28,7.12443489002767e+26,3.6038788771616857e+22,3.608327936836665e+29
iter_0774,3.209069951128032e+29,7.727073032301477e+27,2.4131750290497303e+26,2.689745124456229e+21,3.288753883377548e+29
iter_0775,4.942971495151229e+29,3.984958890171366e+28,1.192304740058449e+28,1.0871714261672904e+18,5.460697858185082e+29
iter_0776,3.304175654295734e+29,9.177485165878597e+27,8.844306684043657e+26,2.2488108640948326e+20,3.404794814887374e+29
iter_0777,3.591372456361286e+29,1.6241730818399338e+28,9.313628217436012e+26,1.3495245877257915e+22,3.7631035277151744e+29
iter_0778,3.0617283388618022e+29,8.274621479986826e+27,1.1662603421251183e+27,5.744468528944859e+18,3.1561371571403665e+29
iter_0779,3.0020819915721486e+29,1.3547198998453122e+28,3.9092480265530127e+27,4.856856752482097e+20,3.1766464666790674e+29
iter_0780,3.7259986471397104e+29,1.0411256257993624e+28,1.8403175553443745e+26,1.32673912761583e+18,3.831951527288258e+29
iter_0781,3.336420761442579e+29,1.052433961376934e+28,8.116246690408844e+26,2.8610183423183585e+19,3.4497804045567826e+29
iter_0782,3.984586986372197e+29,1.202916229361695e+28,6.213353712289386e+26,7.917294952128093e+19,4.111091963812386e+29
iter_0783,4.13864895636278e+29,9.971962919186367e+27,1.1030330133050768e+27,5.706642332878406e+19,4.2493989162583586e+29
iter_0784,2.6065277276236317e+29,1.4516655445566202e+28,4.0184847987827236e+26,1.2483670044622822e+21,2.7557127793617466e+29
iter_0785,3.254380035845053e+29,1.68700119393765e+28,3.2845548616281546e+26,6.832069864132112e+18,3.426364710168768e+29
iter_0786,3.2695770612026015e+29,1.4476318372552109e+28,6.499955109827178e+26,5.4515161965985346e+20,3.420840205489466e+29
iter_0787,4.713828305407271e+29,6.950254353172184e+27,2.025863543547001e+26,6.805481310328551e+20,4.7853567192880214e+29
iter_0788,3.934231982700319e+29,6.946039427925931e+27,5.0686066339179276e+26,2.1733654050321e+23,4.008763156978901e+29
iter_0789,3.795717370735473e+29,1.4639986832970165e+28,1.7433433446846852e+27,1.492109918833382e+21,3.95955068743312e+29
iter_0790,3.1418386286982726e+29,3.547563867331646e+28,1.029336216527669e+27,7.193728250247055e+20,3.506888384790442e+29
iter_0791,3.178623166064387e+29,8.554513983830257e+27,5.8337171613574225e+26,7.690729443455295e+20,3.270002030754777e+29
iter_0792,3.917106497626244e+29,1.558483349146182e+28,7.936576846357877e+26,4.474417738282244e+22,4.080891856828994e+29
iter_0793,4.541646123328648e+29,5.913877200161831e+27,4.427605550646637e+26,7.271206789538943e+21,4.6052125735929804e+29
iter_0794,2.7983404122566997e+29,3.3883847494459878e+28,9.971180537034972e+27,4.5489041756653335e+20,3.236890697120553e+29
iter_0795,3.563707978674019e+29,7.276299140205611e+27,7.853493467090441e+26,3.104007968041041e+20,3.644324466647173e+29
iter_0796,4.440684212599251e+29,3.0006492753660284e+28,5.831848236168047e+26,5.064934009325688e+16,4.746580988372528e+29
iter_0797,3.382902978316317e+29,8.918736057723092e+27,4.006662531639592e+26,2.669663190206803e+23,3.476099671088377e+29
iter_0798,3.2796493828180586e+29,1.3018455378826094e+28,7.115182258803625e+26,1.2824980771692091e+19,3.416949118993373e+29
iter_0799,3.750334678394091e+29,4.879233923482612e+28,4.4247245067171386e+27,8.738954814718473e+18,4.282505315896913e+29
iter_0800,3.824950801445412e+29,1.7707242562901503e+28,2.4140923369102618e+27,1.7349336428988193e+19,4.026164150617023e+29
iter_0801,4.9593518208232124e+29,3.5922648231013325e+28,4.684750174748157e+26,3.135611378415469e+24,5.323294409421878e+29
iter_0802,3.196605677853336e+29,2.9777235358662803e+28,7.438169375311007e+26,1.436505541094133e+21,3.501816215180331e+29
iter_0803,4.280796790857042e+29,9.243385706837868e+27,3.530916696215873e+26,2.719019037547743e+21,4.376761591811827e+29
iter_0804,3.010861778702761e+29,1.4609616851456333e+28,6.568955949809334e+26,1.937223835158656e+19,3.163526903360856e+29
iter_0805,3.6425246074969106e+29,7.802806097451573e+27,3.5339400671646565e+26,4.50678414354227e+20,3.724086613045375e+29
iter_0806,3.282551618292358e+29,1.2765131573543386e+28,2.472959417079245e+26,3.043292658304028e+24,3.4127063263714536e+29
iter_0807,4.296877092715306e+29,2.077395980912598e+28,3.456985969051343e+26,5.03004852893783e+21,4.5080737270761024e+29
iter_0808,3.954927032325801e+29,2.5672977253567896e+28,4.203502726626972e+26,1.561839463626045e+20,4.215860309149946e+29
iter_0809,3.624021840625868e+29,1.436896857177016e+28,3.121443298466067e+26,5.054131988767669e+19,3.770832970147448e+29
iter_0810,3.778199631994077e+29,1.1540372870897861e+28,3.0212384926779298e+26,4.109956096740299e+19,3.896624599606729e+29
iter_0811,3.333172387143224e+29,1.0721591150626088e+28,1.5076997158710749e+26,4.896948089641526e+21,3.441896047334837e+29
iter_0812,3.6070643092804034e+29,1.412100063025373e+28,1.1596797960711752e+27,2.3396374838970568e+20,3.7598711158832906e+29
iter_0813,3.454884500732463e+29,1.2119737407407954e+28,6.0060616999587895e+26,4.0800774109917384e+18,3.582087936547301e+29
iter_0814,3.535420542051058e+29,7.64290519959344e+27,4.2528584789911636e+26,5.86363098323304e+19,3.6161024531123464e+29
iter_0815,3.6876983357698504e+29,2.276019077218951e+28,9.60780463879152e+26,2.2630868141957632e+18,3.924908048153167e+29
iter_0816,3.161306748404596e+29,1.2842584916383463e+28,3.9462502324818446e+27,4.848457401076977e+17,3.329195099898098e+29
iter_0817,3.0807366599502294e+29,7.704663989014305e+27,3.327235365254531e+26,1.0026484218919396e+23,3.161111537854049e+29
iter_0818,4.339245657786182e+29,1.7085963387247922e+28,2.3994249684035605e+26,5.844689991024133e+20,4.5125047224717544e+29
iter_0819,3.790923623719103e+29,2.4521595356375635e+28,1.9230388522535724e+27,8.516699868487424e+19,4.055369966657065e+29
iter_0820,3.853220404610555e+29,2.449813072504161e+28,2.6781191751752395e+27,7.773526336999485e+19,4.124982904390077e+29
iter_0821,3.805844979884816e+29,1.6348662816576616e+28,1.0101472737130498e+27,7.21185025113633e+23,3.979440292637964e+29
iter_0822,3.4917793269973e+29,1.0163732013059316e+28,1.3218816995049315e+26,6.276949859658638e+18,3.594738528890168e+29
iter_0823,4.008183690108793e+29,3.5220965336632436e+28,4.6118983332452204e+27,9.509889381635262e+19,4.4065123277585586e+29
iter_0824,2.9401495708991828e+29,7.192949630668687e+27,4.3367462370686933e+26,9.124923393587038e+19,3.0164158143554304e+29
iter_0825,3.273714315827181e+29,1.7191045511434813e+28,2.751150879243851e+27,4.036206555651203e+17,3.473136279738005e+29
iter_0826,3.7933911467728886e+29,5.042809489759406e+28,1.987194839315501e+28,7.141076638244334e+18,4.4963915797517906e+29
iter_0827,3.2657859626931475e+29,6.527120588022223e+27,2.508901240516122e+26,3.028425895336731e+21,3.3335661000981444e+29
iter_0828,4.121936068954715e+29,3.201250017613315e+28,5.944955119924332e+27,2.988353966104734e+18,4.501510621945173e+29
iter_0829,2.9225925653928336e+29,5.846739737355134e+27,4.743959168434603e+26,1.4597303166003276e+19,2.9858039220807924e+29
iter_0830,3.4762522111805014e+29,8.212052903934364e+27,3.6322797219101586e+26,2.2652683261992213e+23,3.562007285210081e+29
iter_0831,3.61565983645224e+29,5.034761913789607e+27,4.511649554766938e+26,1.6172522679535174e+19,3.670519105306628e+29
iter_0832,2.90906196502771e+29,1.069267757555195e+28,4.043121377764063e+26,5.362314411755769e+19,3.0200318626972246e+29
iter_0833,2.371541916139816e+29,6.666862958677125e+27,3.129586070330511e+26,5.952159559420955e+18,2.4413401318564395e+29
iter_0834,2.9568939434175238e+29,8.602105857181021e+27,7.617162697123255e+26,3.7086069308435684e+21,3.0505322017725266e+29
iter_0835,3.5930497813845936e+29,6.06586800310935e+27,3.802644050688101e+26,1.262973619877559e+23,3.657512368439995e+29
iter_0836,3.764107036321855e+29,1.8873947113067736e+28,2.336098547363672e+26,5.3085012942856675e+19,3.955182606530746e+29
iter_0837,3.0523971880873327e+29,9.132071038189674e+27,1.730442600589109e+26,3.5796273483181613e+19,3.1454483414277814e+29
iter_0838,4.121422174297904e+29,2.1729091676116753e+28,9.063888897762776e+26,1.653714744665069e+22,4.3477771453283085e+29
iter_0839,2.8552065260600673e+29,1.3109466512171852e+28,1.7787021318939455e+26,2.485283604880782e+21,2.9880799181665156e+29
iter_0840,3.449532358283913e+29,2.4208458762651177e+28,9.790453260361185e+27,9.36118373986376e+20,3.7895214878752205e+29
iter_0841,3.613235677198371e+29,2.7398232321356846e+28,4.067314179142281e+27,6.974543657653761e+21,3.9278912119487995e+29
iter_0842,2.9103209833086886e+29,8.6615805773331e+27,1.7657960803683098e+26,6.723963913093974e+21,2.998702652402027e+29
iter_0843,3.752877277513556e+29,1.6357674608496475e+28,4.2848934209299765e+26,6.814648454705982e+18,3.920738917087597e+29
iter_0844,3.0746309236752223e+29,1.1286141954055974e+28,1.7058888269604163e+27,1.4591550519387895e+21,3.2045512460769365e+29
iter_0845,3.6372334553473306e+29,7.8076247427679e+27,8.231884072579028e+26,2.327158218756911e+18,3.7235415868708606e+29
iter_0846,3.8992141595744056e+29,1.1304146140984973e+28,2.763302378777179e+26,6.875538913233129e+20,4.015018930238571e+29
iter_0847,2.7668362947974856e+29,1.728741989519055e+28,5.533020730879809e+26,5.506576167731407e+21,2.9452435695460327e+29
iter_0848,3.554610868854702e+29,1.891029007960276e+28,2.8637248408008914e+26,1.0348346256317265e+22,3.746577597974993e+29
iter_0849,4.260810635916894e+29,1.4022781582831516e+28,5.166408606075384e+26,5.83559062243021e+19,4.4062048609348435e+29
iter_0850,3.484342538022701e+29,5.769571572394715e+27,4.953940241214957e+26,9.326377413816404e+19,3.546992194920501e+29
iter_0851,3.3803642988450195e+29,9.938532468229226e+27,4.402289545690987e+26,3.783325968514734e+18,3.484151913110836e+29
iter_0852,4.084766361580684e+29,2.52170354006659e+28,3.5574348658452625e+27,3.424145043796762e+20,4.372511067669941e+29
iter_0853,3.5227880928715345e+29,3.280473991431525e+28,7.203708894241544e+27,1.637347302489008e+20,3.922872582594449e+29
iter_0854,3.7895648244207156e+29,1.7242895909400346e+28,6.489958642014184e+26,7.253383367723111e+20,3.9684837494101164e+29
iter_0855,3.278907995706048e+29,1.0252661892814056e+28,1.0985858935644749e+27,4.9989349142341544e+20,3.3924204785687684e+29
iter_0856,3.0233509805806942e+29,8.76349096178345e+27,1.050314058733148e+27,3.752571811039459e+20,3.1214890345384322e+29
iter_0857,3.714348804595194e+29,7.650269370306735e+27,2.5172587707820613e+26,3.10435650011609e+20,3.7933687601734e+29
iter_0858,3.335543049357642e+29,7.329435901899078e+27,4.620057371760555e+26,1.1681006785130477e+23,3.4134586338490724e+29
iter_0859,3.410912679517736e+29,9.019493122426209e+27,4.236913502058175e+26,2.6559418837316043e+19,3.505344524509651e+29
iter_0860,3.058731186608804e+29,8.014110532679668e+27,5.152438118576737e+26,1.954122732807106e+19,3.1440247302495897e+29
iter_0861,3.446706556061376e+29,6.213948005003868e+27,3.901425682503706e+26,2.0424767829104379e+21,3.512747482218686e+29
iter_0862,3.291839813498377e+29,1.394692705790533e+28,5.3979351029484514e+26,1.7017604646300235e+20,3.436707020882139e+29
iter_0863,4.2132031806126284e+29,4.659130009906682e+28,9.531265423763212e+27,1.6398130453590914e+21,4.774428852239059e+29
iter_0864,3.0200133085775222e+29,6.091698427855318e+27,5.423136075443447e+26,3.1192179757639027e+22,3.0863537408533168e+29
iter_0865,3.7691207196875416e+29,1.3713980196059138e+28,2.5854632399543544e+26,3.26936633431001e+18,3.908845984920781e+29
iter_0866,3.333838289731954e+29,6.860730867044745e+27,3.1305085855496476e+26,3.7002630805448596e+20,3.405576110688214e+29
iter_0867,3.585068255769858e+29,1.7998659934861304e+28,2.226924255530759e+26,1.400912521629432e+19,3.7672817795140934e+29
iter_0868,2.9552817354090286e+29,1.4139261769581161e+28,2.4437518875750662e+26,6.342083697627789e+17,3.0991181049987574e+29
iter_0869,3.3378843270541884e+29,1.8796544580540974e+28,2.56311277246985e+27,5.017169998754202e+21,3.5514809507559966e+29
iter_0870,4.150673841195932e+29,6.418533101112093e+27,2.3293671187089524e+26,2.781206329000024e+18,4.2171885393535734e+29
iter_0871,3.2864730790140725e+29,5.81806146575473e+27,5.116908527827223e+26,1.1780734879992562e+19,3.349770602317254e+29
iter_0872,3.3332062666133625e+29,1.5369683005789983e+28,9.88315535523544e+26,3.4921494033799774e+19,3.496786252375713e+29
iter_0873,3.7727146904826476e+29,8.965539587908522e+27,4.0265255460936555e+26,5.6285163770780274e+20,3.866396617536343e+29
iter_0874,3.6809327961826375e+29,1.1256406228273776e+28,2.6005185858587043e+26,1.4757184413026293e+21,3.796097391808418e+29
iter_0875,3.41758373418983e+29,2.8249597445673914e+28,4.957597858637234e+27,4.959474091881802e+21,3.749655736827683e+29
iter_0876,3.550305132005225e+29,1.9543013450945416e+28,5.8174055629496995e+26,2.532395960831963e+21,3.7515526974015885e+29
iter_0877,3.407996655556576e+29,2.0799821673814087e+28,1.1861114091447969e+27,2.1870422728113845e+22,3.6278562050903924e+29
iter_0878,2.8882192586336732e+29,1.2472376807287602e+28,9.423262728923709e+26,1.3150686210230699e+21,3.022366302586159e+29
iter_0879,5.15793688856499e+29,1.082186943519255e+28,6.743556397898377e+26,1.2616962784141275e+23,5.272900401011092e+29
iter_0880,3.289279346735204e+29,1.8297696256325528e+28,4.57658390226582e+26,8.694807746075955e+16,3.476832893201595e+29
iter_0881,3.186355936122617e+29,1.624673170354436e+28,2.0960048937129653e+26,6.763219981403002e+20,3.350919264814994e+29
iter_0882,3.0073736106748474e+29,2.640742288614626e+28,3.0580398153803154e+27,1.5000919828610286e+23,3.3020297377820964e+29
iter_0883,3.32852467043096e+29,1.0261377073057097e+28,1.3755377211222581e+27,6.179969593514554e+22,3.444894436369712e+29
iter_0884,3.598839716808682e+29,8.130567463512929e+27,1.4959833987755023e+27,5.223213877817762e+22,3.6951057477529546e+29
iter_0885,3.5648632504928184e+29,1.7454218410631353e+28,3.185402230611709e+26,6.855765196118414e+22,3.742591522406263e+29
iter_0886,3.8035140663652444e+29,1.3366306615557482e+28,7.093291324539678e+26,6.024363768693487e+20,3.944270429869723e+29
iter_0887,3.283447608396653e+29,1.1690486642679875e+28,1.7101477111001573e+26,1.0101068652000412e+23,3.402063632641417e+29
iter_0888,3.573635015991516e+29,2.614722325421876e+28,1.461035978182904e+28,7.218789724650258e+19,3.981210847073873e+29
iter_0889,3.263740229181214e+29,2.484222468311507e+28,3.4389351333394574e+26,9.134157296555066e+18,3.515601411237045e+29
iter_0890,2.9731388940854614e+29,1.0314499687823628e+28,5.403581834291649e+26,3.122044077379866e+22,3.0816877850023972e+29
iter_0891,4.456241239920995e+29,1.8152731158289182e+28,2.4353959393938544e+27,4.893505186044528e+20,4.662122515791331e+29
iter_0892,3.31406136282641e+29,1.8959354880382483e+28,7.53128276320411e+26,1.1962655512506724e+22,3.511186314019994e+29
iter_0893,2.9705808000914238e+29,9.600263535589524e+27,5.723761455675031e+26,4.473167613772444e+17,3.072307196907467e+29
iter_0894,3.383407028749186e+29,1.7851851703179607e+28,3.421928297089401e+26,7.657673448080515e+17,3.565347474085729e+29
iter_0895,3.734342897195325e+29,3.288932720104296e+28,3.033500437881057e+27,1.2080205853779517e+20,4.093571174792586e+29
iter_0896,3.230268034692924e+29,1.0378109196377044e+28,4.5970104691742414e+26,8.658623183573871e+21,3.338646223712101e+29
iter_0897,3.83223977557958e+29,3.8805509213457777e+28,1.4290922236633298e+28,3.712010588453675e+22,4.363204461281549e+29
iter_0898,3.4945748405278e+29,2.088258975975031e+28,9.469118627252623e+26,1.313615025111868e+21,3.712869869888706e+29
iter_0899,4.89071078622226e+29,1.666650905252149e+28,3.4085433538204054e+26,2.603231051876979e+20,5.0607844227045264e+29
iter_0900,3.9208549565763816e+29,8.30997145961168e+27,5.024531546105386e+26,1.7725439935989938e+23,4.0089809752625974e+29
iter_0901,3.493845587763739e+29,1.468911504217747e+28,5.66612021005597e+26,2.5561224479268618e+20,3.646402860951692e+29
iter_0902,3.292528099927288e+29,1.1588313146699943e+28,2.85296246951229e+26,8.607373626364325e+19,3.411264194724536e+29
iter_0903,3.0997767956860984e+29,9.348428761370472e+27,5.1150596878498536e+26,1.3354798355915517e+21,3.1983761563424516e+29
iter_0904,4.139259343981885e+29,2.446551725202311e+28,4.1949587008539085e+27,3.410444667173053e+20,4.4258641069210994e+29
iter_0905,4.1490446454519395e+29,9.20470901339599e+27,4.623564730829979e+26,2.4179424205238724e+21,4.2457153244961536e+29
iter_0906,3.63154759021069e+29,1.4508133923956199e+28,1.4364103870949217e+27,5.843047640938279e+19,3.790993033905506e+29
iter_0907,4.136531189163565e+29,6.853602215367917e+27,5.365019838922502e+26,2.1019713023601736e+22,4.210432441353297e+29
iter_0908,3.239073597881733e+29,2.492727084207085e+28,1.0547151722765852e+26,2.5850979667000214e+19,3.489401021733228e+29
iter_0909,2.706463396966879e+29,1.1708467859279922e+28,4.6891552355750265e+26,1.5129081671084976e+23,2.8282387437034202e+29
iter_0910,3.821585462598708e+29,1.0561564057642402e+28,3.28680159875568e+26,8.40177839116658e+20,3.930487913175666e+29
iter_0911,3.517588899761126e+29,1.0602371163577616e+28,1.1799688058792375e+27,3.685297042896635e+20,3.635412303140992e+29
iter_0912,3.0767130362128804e+29,1.1626141564841589e+28,4.2826222470933695e+26,2.793960888591292e+21,3.197257102047999e+29
iter_0913,2.7443416642165462e+29,1.1964529260616582e+28,7.705437471207737e+26,1.0092801372669467e+20,2.8716923953032e+29
iter_0914,3.912157468814344e+29,1.1200169685044096e+28,2.4113258878267316e+26,3.2927468862128624e+19,4.026570491881886e+29
iter_0915,3.5202279339064906e+29,1.867334949579018e+28,1.125337830744143e+27,2.7473811785731123e+20,3.718214809919215e+29
iter_0916,3.4473914668361244e+29,1.279065282018844e+28,3.135465909175468e+26,1.9327745755505735e+22,3.578433654224642e+29
iter_0917,4.184401696155637e+29,1.1126742942424323e+28,2.3960210687697036e+26,1.5188012311818406e+19,4.2980651468005304e+29
iter_0918,3.702612902459493e+29,3.7704055942825367e+28,1.3828507654146176e+28,1.1696778982024678e+22,4.217938655396998e+29
iter_0919,4.389838122700268e+29,1.8516473571813557e+28,2.2026339870035972e+27,1.5067925380110402e+21,4.597029213356365e+29
iter_0920,3.820216444896266e+29,1.5956687310378108e+28,4.2073394824812286e+26,4.044270070326563e+19,3.983990657886955e+29
iter_0921,3.658146899068978e+29,1.95924641147357e+28,5.628766457952512e+26,1.235678778942738e+19,3.859700306797856e+29
iter_0922,3.523468315111088e+29,1.1617556773182234e+28,7.555415792521177e+26,1.2378138759681045e+21,3.64719931101357e+29
iter_0923,3.641779063460777e+29,9.880951182409941e+27,7.452982134260836e+26,1.9078539701853725e+19,3.7480415576099225e+29
iter_0924,3.5990602372406125e+29,5.233656049758372e+27,2.988285940726862e+26,9.170361469117229e+19,3.654385084595959e+29
iter_0925,3.453211182583294e+29,1.259803095126804e+28,1.1427509843131657e+27,4.891130135597067e+20,3.590619006830236e+29
iter_0926,3.732097477936299e+29,1.3569441105251965e+28,6.394297600150455e+26,1.903183930371806e+21,3.874186205620808e+29
iter_0927,3.499720542937069e+29,1.612483816931184e+28,1.4946556509622654e+26,2.4527901585984287e+22,3.662463825560165e+29
iter_0928,3.928411696854046e+29,9.128671297598036e+27,4.241136842351867e+26,4.527697138084688e+20,4.023939551200075e+29
iter_0929,3.665403148098301e+29,1.2791576659219587e+28,1.1926087833595962e+27,9.26799581608544e+19,3.8052450034508925e+29
iter_0930,3.5522384942948194e+29,9.553959050951776e+27,8.883148940443579e+26,1.7603723244761692e+22,3.6566614097820126e+29
iter_0931,4.347519206260273e+29,2.2636684080341134e+28,5.042153447456918e+26,4.149523603244873e+19,4.578928200926094e+29
iter_0932,2.7878490549236386e+29,1.8406703992409483e+28,4.873718581295496e+26,1.250388307778573e+20,2.9767898146794172e+29
iter_0933,4.334150789141392e+29,1.72648997974561e+28,5.696030843043134e+26,2.5010466156218066e+21,4.512495842969463e+29
iter_0934,3.3398909805679995e+29,1.4157206177284322e+28,2.0832020642850577e+27,1.1268563870692396e+23,3.5022961898400805e+29
iter_0935,2.7587874181343704e+29,1.7328475589521806e+28,4.873956165107329e+26,5.079240926170565e+21,2.9369461809871055e+29
iter_0936,3.4643581272789894e+29,1.5813541052095554e+28,2.059506156896399e+27,2.3477284983668257e+19,3.643088599603682e+29
iter_0937,4.239452008084958e+29,2.470751275306207e+28,8.653404917872657e+26,4.706963461988358e+20,4.4951805452404146e+29
iter_0938,3.654759169034138e+29,7.444940255722271e+27,4.422543915895829e+26,8.285456672407036e+17,3.733631115515542e+29
iter_0939,3.860907144883936e+29,7.39352339081965e+27,7.266960891278999e+26,4.4456862241096435e+17,3.942109339687858e+29
iter_0940,3.406912864398097e+29,1.5335327467996841e+28,6.355239397031076e+26,1.3252739209647492e+20,3.566621379800371e+29
iter_0941,3.462913360809743e+29,1.7406737945210512e+28,2.028696815053632e+26,1.7438317850559961e+22,3.639009611460079e+29
iter_0942,3.769258055775485e+29,1.5789735874094852e+28,1.2440061472360805e+27,1.1025955645743516e+22,3.939595586248351e+29
iter_0943,3.395514561130961e+29,1.1107250902642794e+28,5.6253961261257234e+26,5.584085207372606e+21,3.512212522124367e+29
iter_0944,2.973298363357329e+29,1.881567478939644e+28,5.6768349564939716e+26,1.8196170622068366e+22,3.1671321281694936e+29
iter_0945,3.884829928727913e+29,1.4842007113792024e+28,9.824381278815636e+26,9.54682214610452e+18,4.043074381240118e+29
iter_0946,2.9381320661969723e+29,9.159208097204847e+27,7.368230043528136e+26,9.870707489820474e+20,3.0370923870832565e+29
iter_0947,3.568135138945575e+29,1.3187929196177974e+28,5.4900827421116085e+26,2.477754377293964e+19,3.705504513897242e+29
iter_0948,3.883459608890948e+29,2.453243398899206e+28,1.799259211866415e+26,4.494514976548249e+22,4.1305836574442325e+29
iter_0949,3.238566125432934e+29,1.008212259802279e+28,1.4804454182117406e+27,1.0548793878884936e+19,3.354191805700767e+29
iter_0950,3.0648609129158993e+29,1.2760752071289324e+28,1.114941817130586e+27,2.1148510367698525e+20,3.203617853914949e+29
iter_0951,3.17113941690939e+29,1.1054321083318623e+28,5.4128858578504305e+26,1.7179865425736453e+20,3.287095515318413e+29
iter_0952,3.570513716034691e+29,1.6923643833314314e+28,2.8931427204444353e+27,3.0184806951077152e+23,3.768684600052974e+29
iter_0953,4.969941842638582e+29,4.081919627825335e+28,1.5456484150050808e+28,2.9613795765201843e+18,5.532698646951238e+29
iter_0954,2.8449996172016096e+29,1.1931643466963285e+28,6.660094353277289e+26,1.7136240677387564e+20,2.970976147938144e+29
iter_0955,3.609870458378859e+29,1.4140969772237964e+28,9.033404568844843e+26,5.928129487210124e+17,3.760313560676012e+29
iter_0956,3.1734295486308154e+29,7.536625833856953e+27,3.756690058014917e+26,1.9025890586284288e+18,3.252552497046425e+29
iter_0957,3.138907287874342e+29,1.203028296943632e+28,2.557266724259034e+26,4.530346577457591e+18,3.261767384338268e+29
iter_0958,3.2738286508154696e+29,1.0758948198842576e+28,1.186171265228447e+27,4.078804932447477e+20,3.3932798495349845e+29
iter_0959,4.1855760208207975e+29,9.893492665405227e+27,1.338785893955111e+27,8.617236341309116e+20,4.297898815031637e+29
iter_0960,2.975072537198928e+29,1.0200842023106196e+28,1.0070368895795913e+27,1.865459067629322e+23,3.0871531917848534e+29
iter_0961,2.810885709958084e+29,1.0934647299001367e+28,4.763654905635595e+26,2.749907625836967e+20,2.924995840603641e+29
iter_0962,3.839324208054456e+29,2.1320250279087777e+28,5.882824176825469e+27,5.756294567581988e+20,4.111354958369883e+29
iter_0963,3.439675644294349e+29,1.7949477315962088e+28,6.294054310513839e+26,3.4822374917806044e+21,3.625464506586858e+29
iter_0964,3.037282268882544e+29,1.1217980883840085e+28,4.8471877304222536e+26,2.4619837232238717e+21,3.1543092900712044e+29
iter_0965,3.428753339658021e+29,7.189751455570765e+27,8.329464121675072e+26,2.785719889827706e+21,3.508980346192603e+29
iter_0966,3.6322727756749364e+29,7.265531263335091e+27,2.4695486726889103e+26,1.4492181836770215e+21,3.707397651473158e+29
iter_0967,3.532120834945811e+29,1.0232056251944061e+28,9.972067199681273e+26,1.8613038061369236e+20,3.644413466526237e+29
iter_0968,3.719794216830329e+29,9.328919529319355e+27,7.781654323753817e+26,5.754988090383356e+21,3.820865123997158e+29
iter_0969,3.6374268992113706e+29,7.152985376794735e+27,9.624043669964812e+25,9.819306781354689e+22,3.709920139276992e+29
iter_0970,3.911589662250867e+29,1.5194390675758963e+28,2.094245500662464e+26,4.17397314013539e+19,4.065627814926517e+29
iter_0971,3.465060028783922e+29,7.710939812146786e+27,4.0540415703303634e+26,4.610368665735748e+17,3.5462234684803306e+29
iter_0972,3.251183970786481e+29,1.3051600045399682e+28,5.157271488774282e+26,3.3874193064892175e+21,3.3868572766034455e+29
iter_0973,3.017197704829335e+29,1.778778587675611e+28,1.5097821594001634e+27,2.924292266725968e+19,3.210173385483327e+29
iter_0974,4.20279267713099e+29,1.9356570685772246e+28,3.9795024583888445e+26,4.284373048841813e+19,4.400337886875538e+29
iter_0975,3.590222174536559e+29,1.406825677673187e+28,2.1530667587076636e+27,5.703482273179172e+18,3.752435409947989e+29
iter_0976,3.009320384984471e+29,4.887656887278304e+27,4.6585757938456095e+26,3.4379879584428835e+21,3.0628555640309793e+29
iter_0977,3.4525075006672096e+29,1.2941644797432293e+28,6.166899141737835e+26,1.3321193600590186e+26,3.5894229671433294e+29
iter_0978,2.91986940367516e+29,1.2931863822010615e+28,1.2329788909333195e+27,1.5577210309432353e+18,3.0615178308201768e+29
iter_0979,3.579476737164804e+29,2.522319771142632e+28,3.1208105312672695e+27,1.0334550479987847e+21,3.862916829926291e+29
iter_0980,4.192121252864441e+29,3.75642632349063e+28,1.7101927502792405e+27,4.205934667262773e+20,4.584865816922231e+29
iter_0981,3.0809547233336194e+29,7.948605435193732e+27,5.6261760173954016e+26,1.9971459944413404e+24,3.1660869251628964e+29
iter_0982,3.400550356521579e+29,1.877642773884381e+28,1.1588930690916959e+27,1.0805608997896788e+21,3.5999035754065435e+29
iter_0983,4.8156508148184626e+29,1.271726248616884e+28,2.7984799839798295e+26,2.8016315031162884e+19,4.945621919944294e+29
iter_0984,3.56859725195542e+29,1.3387973424712183e+28,1.701031275239257e+27,1.531862888834347e+22,3.719487452141223e+29
iter_0985,3.6021168437366815e+29,8.722394822458772e+27,2.596629450261797e+26,5.223784105949811e+19,3.69193742193391e+29
iter_0986,3.0917843248042578e+29,1.0599558633907308e+28,5.6114456263200045e+26,1.981226905003936e+21,3.20339137658192e+29
iter_0987,4.077458673906113e+29,3.386615633376513e+28,2.927373721810364e+26,2.274089156285884e+19,4.419047611192984e+29
iter_0988,3.294740078828272e+29,2.112901380587775e+28,1.6540651457611246e+26,4.09049891427679e+19,3.5076842824418605e+29
iter_0989,3.254587966082547e+29,1.1903818922421762e+28,4.358414135455755e+26,5.415720908392205e+19,3.377984569983792e+29
iter_0990,3.958243541036436e+29,3.225809006661926e+28,4.442025806923702e+26,1.73733375571407e+22,4.2852666412429275e+29
iter_0991,3.77684642358281e+29,1.0676176293453477e+28,3.193084257691548e+26,1.9119551426649723e+18,3.886801270794156e+29
iter_0992,3.225940683402945e+29,8.328785926855717e+27,3.580622187115712e+26,3.4981135995291474e+18,3.3128091648935995e+29
iter_0993,3.885078637317236e+29,1.1081226593659187e+28,1.0834297042896044e+27,2.1848535885408813e+19,4.0067252005152096e+29
iter_0994,4.2473270245955114e+29,1.8345551253709976e+28,2.0836481192042663e+27,7.272130483393893e+20,4.451619025596784e+29
iter_0995,2.850300906507756e+29,9.058326212720975e+27,8.713700513794501e+26,5.288737134542701e+23,2.949603157885895e+29
iter_0996,3.7681393020875284e+29,1.9312733450391622e+28,3.674116290843163e+27,1.413049947340218e+20,3.998007800912926e+29
iter_0997,3.9730024531198086e+29,9.15292884018325e+27,1.801060878698179e+26,8.032429043351901e+19,4.0663328032035824e+29
iter_0998,3.934558232328587e+29,1.0583095197019558e+28,3.0933746890526962e+26,1.0481756280525746e+23,4.0434836071634634e+29
iter_0999,3.725261451436002e+29,1.1634290905676874e+28,1.2275913318489582e+27,3.3867792466152316e+23,3.8538836605905074e+29
iter_1000,3.8066124129573954e+29,1.8304323292403261e+28,2.3582278829207454e+27,8.189755377462758e+17,4.013237924718825e+29
