iter,Upper Crust,Middle Crust,Lower Crust,Mantle,Total
iter_0001,7.442752394677601e+27,5.523958361799404e+26,6.6161045626854785e+25,1.262501977751242e+22,8.061321901504172e+27
iter_0002,7.652680585753331e+27,5.908229195989435e+26,7.910058839939564e+25,1.193491494179529e+21,8.322605287243165e+27
iter_0003,7.546306694151136e+27,5.669623475678125e+26,5.849628918149184e+25,4.9891695540089385e+22,8.17181522259598e+27
iter_0004,7.517384225847825e+27,5.793307366930617e+26,7.590831055982042e+25,5.145826365559537e+20,8.172623787683345e+27
iter_0005,7.433739260965372e+27,5.492137800131578e+26,7.603860343136677e+25,7.800973940156245e+20,8.058992424507292e+27
iter_0006,7.530835666079102e+27,5.2313840429728826e+26,6.164806118226296e+25,7.5822503935575e+21,8.115629713809046e+27
iter_0007,7.59489323266902e+27,5.677204684287225e+26,6.64257864302883e+25,1.0576085702356387e+23,8.229145248385054e+27
iter_0008,7.569691262692583e+27,5.7765320876639874e+26,6.46987829597352e+25,4.429045662834056e+21,8.21204768346438e+27
iter_0009,7.491870035657063e+27,5.706515471401576e+26,6.404001679149166e+25,3.8477136714776985e+21,8.126565447302384e+27
iter_0010,7.41010217837392e+27,5.775461145282556e+26,7.222495364406112e+25,8.002260711629872e+21,8.059881248806947e+27
iter_0011,7.566046502676559e+27,5.60645250726653e+26,6.646621846705438e+25,1.8093834860492604e+22,8.193176065705127e+27
iter_0012,7.518763252764395e+27,5.8755204062273e+26,6.967045624391605e+25,7.946835455464695e+21,8.175993696466496e+27
iter_0013,7.546075113141812e+27,5.7416124360137744e+26,6.367029576078256e+25,5.737097433030715e+20,8.183907226213715e+27
iter_0014,7.608514931106467e+27,5.568657014793212e+26,6.553580218527382e+25,3.4789775709146086e+21,8.230919913748633e+27
iter_0015,7.54271599630703e+27,5.642135657981295e+26,6.746661738726759e+25,9.002987658941314e+21,8.174405182480086e+27
iter_0016,7.610247385458756e+27,5.610698583185599e+26,6.641123034648107e+25,2.0946131370352543e+21,8.237730568736934e+27
iter_0017,7.662470815085468e+27,5.759392022274312e+26,7.463959633357417e+25,9.757295404048565e+21,8.313059370941878e+27
iter_0018,7.595941455547951e+27,5.7764998570898355e+26,6.8879071157058795e+25,1.8289932407611803e+22,8.2424888023464e+27
iter_0019,7.529308720444752e+27,5.5119162329606215e+26,6.303830649446579e+25,1.3988795771352905e+22,8.143552639031052e+27
iter_0020,7.568987034434439e+27,5.47138277334361e+26,6.803564818787041e+25,2.867989634802987e+22,8.184189639853018e+27
iter_0021,7.483489984855623e+27,5.728276952733895e+26,7.192775932955976e+25,1.0576085702356387e+23,8.128351200315596e+27
iter_0022,7.459227353585504e+27,5.615784586580072e+26,7.220700076613966e+25,1.7230158504923547e+22,8.093030043168156e+27
iter_0023,7.607906747237277e+27,5.748309670248786e+26,6.589416713749158e+25,1.1286867952989249e+22,8.2486431682676e+27
iter_0024,7.628929507630107e+27,5.82290638841248e+26,6.216002749556203e+25,7.80364333609543e+22,8.273458210400278e+27
iter_0025,7.561212966909055e+27,5.614196420625707e+26,6.811525538760368e+25,3.809761239891966e+21,8.190751674120469e+27
iter_0026,7.561153214804415e+27,5.801886717606481e+26,6.907590001490001e+25,1.0576085702356387e+23,8.210523547436987e+27
iter_0027,7.554121023494143e+27,5.738716498905189e+26,6.452011103771e+25,7.454069372525188e+21,8.192520238491744e+27
iter_0028,7.482852435313395e+27,5.505424621434707e+26,6.641687112170704e+25,4.484429918539464e+21,8.099816253008491e+27
iter_0029,7.470504264825629e+27,5.798441480656527e+26,7.216390875318335e+25,4.4801403184556225e+21,8.122516801784783e+27
iter_0030,7.432619625722933e+27,5.380631956003315e+26,6.266177335788818e+25,3.282154700950867e+21,8.033347876835853e+27
iter_0031,7.47429740185405e+27,5.5754663611795416e+26,6.1269226259668345e+25,1.4145483858193013e+20,8.093113405686511e+27
iter_0032,7.480427991866196e+27,5.5171562631967355e+26,6.9889904697111325e+25,1.566425303215669e+21,8.102035089308284e+27
iter_0033,7.425491008630994e+27,5.5706114496154403e+26,6.325755928092771e+25,9.041885330533877e+21,8.045818754758796e+27
iter_0034,7.551648566826057e+27,5.779131090454062e+26,6.487178369142622e+25,1.4545561151829424e+22,8.194448005124042e+27
iter_0035,7.521281493078439e+27,5.658324290890702e+26,6.279403154895499e+25,1.0576085702356387e+23,8.150013714573487e+27
iter_0036,7.461536675604149e+27,5.35550828971747e+26,6.1939087572449516e+25,2.0868113162684042e+20,8.059026800829478e+27
iter_0037,7.541447181009616e+27,5.5560626923064005e+26,7.2764188848628154e+25,3.090346404712043e+20,8.169817948123524e+27
iter_0038,7.550802821989487e+27,5.728364206425863e+26,7.270232670761729e+25,6.044573968974377e+22,8.19640201507938e+27
iter_0039,7.525889530721424e+27,5.5133612657978764e+26,6.3863547467472166e+25,1.2580205347664095e+22,8.141101784974031e+27
iter_0040,7.433793835044919e+27,5.757728382895672e+26,7.587894395671607e+25,2.6844978551204895e+22,8.085472462269753e+27
iter_0041,7.52187420141774e+27,5.577926741828601e+26,7.014588874276106e+25,1.3308441798877932e+22,8.149826072785159e+27
iter_0042,7.469650535458122e+27,5.7070567859204695e+26,6.456525591681181e+25,1.207692915225376e+22,8.104933546896133e+27
iter_0043,7.609474156661825e+27,5.96207236404251e+26,6.8553637717799046e+25,1.100564700007432e+22,8.274246036430875e+27
iter_0044,7.534985531719535e+27,5.613657295875873e+26,7.128543768035399e+25,8.367568027705932e+22,8.167720374667753e+27
iter_0045,7.550777916629276e+27,5.616340149167133e+26,6.410514145951009e+25,2.2780157147838598e+21,8.176519351021214e+27
iter_0046,7.598931679333812e+27,5.8659652313653266e+26,7.200975372623381e+25,3.587346485001951e+21,8.257541543543063e+27
iter_0047,7.522879294726067e+27,5.487927046197412e+26,6.017626277600452e+25,1.2450281833941198e+21,8.131849507149996e+27
iter_0048,7.65273555288478e+27,5.751915098926382e+26,6.9485245047801765e+25,1.0576085702356387e+23,8.297518068682243e+27
iter_0049,7.536662187948101e+27,5.5756478468622896e+26,6.653053068257734e+25,3.126117737430995e+22,8.160788764494281e+27
iter_0050,7.484491193929368e+27,5.4766911292259135e+26,6.261634665189966e+25,1.0576085702356387e+23,8.094882414360882e+27
iter_0051,7.484227944947432e+27,5.5932337009372346e+26,6.049468037355641e+25,2.573873312769153e+20,8.104046252802042e+27
iter_0052,7.55217791343887e+27,5.863916467934194e+26,7.436101882342803e+25,9.250802721730865e+21,8.21293982985844e+27
iter_0053,7.601483123468717e+27,5.5561357756834145e+26,6.714518006234969e+25,5.474234534809234e+21,8.224247355333943e+27
iter_0054,7.560468811554675e+27,5.340857928050331e+26,5.992795395610785e+25,9.326392231871506e+20,8.154483490955039e+27
iter_0055,7.491109952964336e+27,5.381176926248352e+26,5.7536929482949395e+25,1.041185554880785e+20,8.086764679190676e+27
iter_0056,7.515299687195601e+27,5.400795280356923e+26,6.610251518924942e+25,2.2922978967539517e+21,8.12148402271844e+27
iter_0057,7.528748394266222e+27,5.6846153641721894e+26,6.999754978322326e+25,1.0576085702356387e+23,8.167313241323687e+27
iter_0058,7.412277854858797e+27,5.5107276345187406e+26,6.375695945344907e+25,4.2703007363156345e+19,8.027107620467128e+27
iter_0059,7.587230650516849e+27,5.29929273123344e+26,7.037752387351983e+25,4.575619359297933e+21,8.187542023133072e+27
iter_0060,7.610649855150932e+27,5.685051729626458e+26,6.878618829244379e+25,3.965312182668893e+22,8.247980869527848e+27
iter_0061,7.549033863846234e+27,5.599370704329895e+26,7.111709160775292e+25,7.903342965438781e+22,8.180167059316631e+27
iter_0062,7.529304463973195e+27,5.510663106831338e+26,6.9989228413603905e+25,8.281920239400843e+21,8.150368284990172e+27
iter_0063,7.492992610412694e+27,5.468443375080607e+26,6.757312444943978e+25,3.2072397646872638e+22,8.107442144767841e+27
iter_0064,7.627009191124837e+27,5.6781266088304915e+26,6.7696044721740945e+25,2.4175052639041057e+21,8.262520314234892e+27
iter_0065,7.620182821357564e+27,5.632278806994249e+26,6.628811001530083e+25,4.585538445198817e+20,8.249699270626135e+27
iter_0066,7.45690511401378e+27,5.532383255919755e+26,7.09510899244115e+25,9.221061505404918e+20,8.081095451636317e+27
iter_0067,7.50683236598861e+27,5.803247617416947e+26,6.161680801544652e+25,5.784570785741259e+22,8.148831781453608e+27
iter_0068,7.48388795991639e+27,5.490115816293788e+26,6.025095527716175e+25,9.580770918135723e+21,8.093160077593847e+27
iter_0069,7.496757930327405e+27,5.649755909919887e+26,6.627992728700677e+25,2.503936642367616e+20,8.128013699000066e+27
iter_0070,7.496460481904727e+27,5.3072361592321936e+26,5.883368970446979e+25,4.948148555507806e+21,8.086022735680972e+27
iter_0071,7.530597081465543e+27,5.668888539780612e+26,5.7825343686795384e+25,2.481143624111457e+22,8.155336090566641e+27
iter_0072,7.575612335901541e+27,5.538306482895959e+26,7.021743742025275e+25,5.151073260012829e+22,8.19971193234399e+27
iter_0073,7.394741809198212e+27,5.571842464106363e+26,7.020698205925192e+25,2.7133761085758725e+22,8.022160171429187e+27
iter_0074,7.42406365428347e+27,5.4027022154950976e+26,6.565912508140694e+25,7.562497338543804e+21,8.030000563411725e+27
iter_0075,7.40349949434889e+27,5.482755982813697e+26,5.963633743970106e+25,2.575972721547413e+22,8.011437189797177e+27
iter_0076,7.423983749515546e+27,5.6745747055570706e+26,6.22418699471492e+25,8.082045950339415e+21,8.053691172064352e+27
iter_0077,7.590715818821923e+27,5.6382551175309655e+26,6.97088911537988e+25,5.888780120473171e+21,8.224256110508939e+27
iter_0078,7.598378873851107e+27,5.6549710046869944e+26,7.0460162680292935e+25,1.8227523969217796e+22,8.234354364524068e+27
iter_0079,7.617178999518273e+27,5.774732672006182e+26,6.900275878522565e+25,7.048737263069123e+19,8.26365509599149e+27
iter_0080,7.633748192339881e+27,5.74844917401206e+26,7.2294982629195945e+25,1.0576085702356387e+23,8.280993853227307e+27
iter_0081,7.540346677714496e+27,5.7722050790242115e+26,7.310067515466688e+25,1.820160197840746e+22,8.190686062373562e+27
iter_0082,7.531505862865208e+27,5.429909246003491e+26,6.313142034398071e+25,1.4500976510744747e+21,8.137629657907189e+27
iter_0083,7.414098198002236e+27,5.779162207843087e+26,6.646200295281766e+25,1.0576085702356387e+23,8.058582182596386e+27
iter_0084,7.559530378861347e+27,5.58888816349007e+26,6.522854556082093e+25,8.490940608210141e+19,8.183647825680581e+27
iter_0085,7.444730963775345e+27,5.53577196607893e+26,5.755208009056479e+25,1.0576085702356387e+23,8.055966001330826e+27
iter_0086,7.628558403691287e+27,5.9173551630761416e+26,7.253126403581949e+25,4.685481880809934e+20,8.292825652582909e+27
iter_0087,7.489787283001126e+27,5.564393655194184e+26,6.047211649998965e+25,3.6651346001381657e+22,8.106735416366536e+27
iter_0088,7.527709659107349e+27,5.693997667546776e+26,5.920357499111998e+25,2.8658008685279166e+22,8.156341658861832e+27
iter_0089,7.39297215753761e+27,5.608194513892635e+26,6.907310176911176e+25,7.152436278612658e+21,8.022871863132262e+27
iter_0090,7.498417888504322e+27,5.422485634236036e+26,6.069002564879765e+25,4.65337819665436e+22,8.10140301135869e+27
iter_0091,7.558684134099758e+27,5.66417389498413e+26,7.110164582589711e+25,7.875480714159572e+20,8.19620395697214e+27
iter_0092,7.602801597849157e+27,5.7617666002061544e+26,6.863749140958284e+25,1.0576085702356387e+23,8.247721510136378e+27
iter_0093,7.579237576164402e+27,5.529364106221637e+26,6.574996244409255e+25,1.776485649860402e+21,8.197925725716307e+27
iter_0094,7.432550672174354e+27,5.3899321880233904e+26,5.9716304293226e+25,1.0576085702356387e+23,8.031365956126942e+27
iter_0095,7.52496638188863e+27,5.6186746866006516e+26,8.373654878471887e+25,2.0668557358421148e+20,8.170570606018987e+27
iter_0096,7.549144306422746e+27,5.3749871449097034e+26,5.866817857904368e+25,1.3773737476770638e+21,8.145312576866508e+27
iter_0097,7.643522839266615e+27,5.3278122503202155e+26,6.264356958096455e+25,3.833539945893569e+21,8.238951467419548e+27
iter_0098,7.555083152898146e+27,5.4590172779922725e+26,6.313781492395766e+25,8.236235842081658e+21,8.164130931857173e+27
iter_0099,7.397605752940359e+27,5.5453735821985596e+26,6.731847898256816e+25,5.526001985999879e+20,8.019462142742981e+27
iter_0100,7.592179985263481e+27,5.596173575273194e+26,6.483408692008639e+25,3.243959045430213e+20,8.216631754106791e+27
iter_0101,7.536209853552239e+27,5.6106407674218446e+26,5.889729617062126e+25,2.363243625013294e+20,8.156171462789407e+27
iter_0102,7.482702827181051e+27,5.572764462493215e+26,5.82737262048967e+25,4.43888921679526e+22,8.098297388527437e+27
iter_0103,7.545195702010054e+27,5.6923706423279127e+26,6.730547570114214e+25,1.1016346078583963e+21,8.181739343578595e+27
iter_0104,7.644207465038448e+27,5.614766545667416e+26,7.220848271379684e+25,9.726919888366622e+21,8.277902329238874e+27
iter_0105,7.464839873895491e+27,5.4661909075976084e+26,6.4118851935661175e+25,1.5821289572975166e+22,8.075593637880487e+27
iter_0106,7.479650285312041e+27,5.168931672502133e+26,5.103082726225633e+25,6.475041500325711e+22,8.047639030239514e+27
iter_0107,7.432783745814364e+27,5.558431442227247e+26,6.9518172845111595e+25,1.2406901586504033e+22,8.058157469783787e+27
iter_0108,7.46445487828137e+27,5.412050097416774e+26,6.139552473782789e+25,2.442959083930209e+22,8.067079842351715e+27
iter_0109,7.521916930421014e+27,5.4683590182627624e+26,6.690545016397569e+25,1.1549299134151077e+21,8.135659437341179e+27
iter_0110,7.545948854225117e+27,5.716040993890489e+26,6.855977707528243e+25,1.100804674065929e+21,8.186113831494122e+27
iter_0111,7.568509460961403e+27,5.5654507658280906e+26,6.389057316220557e+25,1.5156296807604927e+22,8.188960267003225e+27
iter_0112,7.499741439355164e+27,5.5560836239885166e+26,7.539603057113886e+25,3.3255012973639253e+21,8.130749157826453e+27
iter_0113,7.544309014671165e+27,5.48114132374606e+26,6.04522689978988e+25,5.3273485119450325e+22,8.15292868952879e+27
iter_0114,7.491081213148203e+27,5.788074419569127e+26,6.364094769511524e+25,2.5451906580758077e+21,8.133532147990889e+27
iter_0115,7.411451251855875e+27,5.5614906821742596e+26,7.042512480370833e+25,5.912046848095658e+21,8.038031356923858e+27
iter_0116,7.531476673577154e+27,5.547809168707562e+26,6.526267352092403e+25,4.091471585073788e+22,8.151561178684685e+27
iter_0117,7.510953278657734e+27,5.482804092189385e+26,6.131731700611329e+25,2.334505502415228e+20,8.120551238333335e+27
iter_0118,7.46418748943608e+27,5.7179546479395096e+26,7.502265341024473e+25,7.618772079129626e+20,8.111006369517483e+27
iter_0119,7.453234142988731e+27,5.8638330943492136e+26,7.2837746326252e+25,1.4857012505607143e+21,8.112456684451155e+27
iter_0120,7.614373212214455e+27,6.03800251133935e+26,6.635557075334235e+25,3.411337071743451e+21,8.284532445438804e+27
iter_0121,7.430659337534688e+27,5.52789907045619e+26,6.609447817905088e+25,8.460287833066464e+22,8.049628325637688e+27
iter_0122,7.49505273537366e+27,5.7350688478432895e+26,7.331992311426728e+25,4.0138100262328646e+21,8.141883557082283e+27
iter_0123,7.615190662086208e+27,5.518332359188297e+26,6.335456914801793e+25,2.258065775903814e+22,8.230401047810815e+27
iter_0124,7.491208756116292e+27,5.663332613756731e+26,6.817739496341168e+25,1.953847583924699e+21,8.125721366302962e+27
iter_0125,7.477467203673342e+27,5.96011806953908e+26,7.320079979467908e+25,2.1131732871687365e+21,8.146681923595217e+27
iter_0126,7.577866375476295e+27,5.889036910852951e+26,6.233507057077984e+25,1.1975652238774711e+22,8.229117112784609e+27
iter_0127,7.540315850325285e+27,5.6851821688874754e+26,6.413411191409766e+25,1.0576085702356387e+23,8.173073939985154e+27
iter_0128,7.477502864395722e+27,5.5080800336373105e+26,6.280798823063625e+25,4.502100886170828e+21,8.091123358090976e+27
iter_0129,7.38618614187512e+27,5.652215592631088e+26,6.837294062292424e+25,7.390885882708468e+21,8.019788032647037e+27
iter_0130,7.431133029136546e+27,5.473294962017131e+26,6.2750705463576e+25,8.99245539719656e+21,8.041222223257233e+27
iter_0131,7.478943104710084e+27,5.5556252850289796e+26,6.820481088845341e+25,1.7439591385260553e+22,8.102727883692821e+27
iter_0132,7.479457262999369e+27,5.439133297184489e+26,5.7586056341866464e+25,1.0576085702356387e+23,8.081062409916708e+27
iter_0133,7.411665101793596e+27,5.530751491358384e+26,7.490537006746935e+25,8.627307209099453e+20,8.039646483727624e+27
iter_0134,7.507768338745336e+27,5.6438029109444755e+26,6.5573219038604474e+25,1.0576085702356387e+23,8.137827609735411e+27
iter_0135,7.616967715047231e+27,5.345815571928597e+26,5.663381979658418e+25,9.952775654905094e+20,8.208184087314241e+27
iter_0136,7.596315927379195e+27,5.6764686325073675e+26,6.588289680261169e+25,4.526926409671065e+21,8.229850214358954e+27
iter_0137,7.518424964877113e+27,5.69628522779085e+26,5.787172101485115e+25,1.622654072471871e+22,8.145941435211774e+27
iter_0138,7.528556581437095e+27,5.7046539453558035e+26,6.749334464161864e+25,1.0576085702356387e+23,8.166621081471317e+27
iter_0139,7.61011992788591e+27,5.4636040088003553e+26,6.389393343994198e+25,1.0576085702356387e+23,8.22048002306291e+27
iter_0140,7.489672622272805e+27,5.871814065918548e+26,6.773471548664583e+25,7.790897832007792e+21,8.144596535249138e+27
iter_0141,7.455472487528365e+27,5.327542255973409e+26,6.467437561397148e+25,1.6768519106860755e+22,8.052917857258784e+27
iter_0142,7.583535262781229e+27,5.531214585053671e+26,5.987292961946168e+25,1.0576085702356387e+23,8.196635411763082e+27
iter_0143,7.623112863697519e+27,5.4302871157939534e+26,6.0083370915464665e+25,3.838705498503636e+22,8.226263333247365e+27
iter_0144,7.574684468325265e+27,5.788941274370721e+26,7.395564570816899e+25,9.462359549173912e+20,8.22753518770646e+27
iter_0145,7.687669970428581e+27,5.6650341188526825e+26,6.729186189133969e+25,3.799590912474256e+22,8.321503240114313e+27
iter_0146,7.572753728490558e+27,5.603956825466866e+26,7.1423511865366874e+25,2.408932433242564e+21,8.204575331835044e+27
iter_0147,7.499959123735277e+27,5.629893501938372e+26,6.409725991613705e+25,1.1003923985901715e+22,8.127056737769238e+27
iter_0148,7.366072060210544e+27,5.670542129059725e+26,6.406668551884391e+25,6.258163571504658e+22,7.997255540271076e+27
iter_0149,7.504844457679845e+27,5.7479194375178616e+26,7.005986574236765e+25,1.3992878187808341e+22,8.149710260052186e+27
iter_0150,7.569212300757128e+27,5.634789463305264e+26,6.3183169342416516e+25,1.0184000916198567e+22,8.195884600430987e+27
iter_0151,7.513927781545141e+27,5.622633862721919e+26,6.849637250880708e+25,2.7077942850580565e+21,8.144690248120425e+27
iter_0152,7.587511246875118e+27,5.51260723340633e+26,6.315093228499642e+25,1.502016666861789e+21,8.201924404517413e+27
iter_0153,7.464287250373079e+27,5.514837217209464e+26,6.038772997858516e+25,1.0576085702356387e+23,8.076264462929634e+27
iter_0154,7.505674506381666e+27,5.5714676090985525e+26,6.729441159769208e+25,7.147530265210171e+22,8.130187154191867e+27
iter_0155,7.678211954888792e+27,5.8080832418628555e+26,6.301765039150346e+25,1.0576085702356387e+23,8.322143690323604e+27
iter_0156,7.531285923766681e+27,5.547475670690848e+26,6.752396673025509e+25,1.0576085702356387e+23,8.153663218423044e+27
iter_0157,7.53253688117564e+27,5.5915751181769694e+26,6.370200051425472e+25,2.907354103154224e+21,8.155399300861695e+27
iter_0158,7.612195448417694e+27,5.616989292522056e+26,7.1094106874666805e+25,1.0576085702356387e+23,8.24509424540159e+27
iter_0159,7.504321227005502e+27,5.913688269504733e+26,7.486769591887586e+25,1.0576085702356387e+23,8.170663510731874e+27
iter_0160,7.483393154292003e+27,5.5224291328488164e+26,6.806426557054859e+25,1.0576085702356387e+23,8.103806094004456e+27
iter_0161,7.505288756675119e+27,5.737028181757491e+26,6.429714791626112e+25,2.1860466110549436e+22,8.14331058323324e+27
iter_0162,7.600064401210721e+27,5.7260693944723976e+26,6.750047516447839e+25,1.0576085702356387e+23,8.240277576679463e+27
iter_0163,7.534524013851867e+27,5.333971690983555e+26,5.679180908066887e+25,1.4881624874074222e+21,8.124714480193379e+27
iter_0164,7.584610742899145e+27,5.262392839854413e+26,5.974547928597602e+25,9.051543073764117e+22,8.1706860216013e+27
iter_0165,7.569518288627567e+27,5.4586962319791455e+26,6.290732406160186e+25,1.9417061613289682e+20,8.1782954300577e+27
iter_0166,7.531353094793967e+27,5.604040674350769e+26,7.016682390685041e+25,8.733051010382379e+21,8.161932719186903e+27
iter_0167,7.644679332338569e+27,5.4637055503148516e+26,6.252122816202843e+25,4.510752571860607e+22,8.253616223057801e+27
iter_0168,7.498023963629607e+27,5.69301638270968e+26,6.1373137951732045e+25,2.084635758852188e+22,8.128719586209895e+27
iter_0169,7.540621046562862e+27,5.4973324831418935e+26,5.944199980910775e+25,1.3769052737097758e+21,8.149797671591433e+27
iter_0170,7.454899639485044e+27,5.279801302757717e+26,5.9676863327019775e+25,1.1165643861007908e+21,8.042557749652221e+27
iter_0171,7.492408331742928e+27,5.7081258704900424e+26,6.8195634013338975e+25,3.61237431061977e+21,8.131420165179581e+27
iter_0172,7.482878393424232e+27,5.806092129897911e+26,7.08297490198164e+25,1.0576085702356387e+23,8.134423116290863e+27
iter_0173,7.624611408822971e+27,5.57704722574865e+26,6.3734085806726785e+25,6.593950449859825e+22,8.24611615670906e+27
iter_0174,7.539800104289298e+27,5.519905200630884e+26,6.893180011562911e+25,5.867582765280925e+21,8.16072829205078e+27
iter_0175,7.539919962159077e+27,5.6177172565243314e+26,7.157290969211817e+25,1.928405128635642e+22,8.173283881554915e+27
iter_0176,7.486510594448057e+27,5.835758720328065e+26,7.175325007277447e+25,6.51285886827304e+21,8.141846229412506e+27
iter_0177,7.527794143528671e+27,5.840824525020352e+26,7.281685790851449e+25,2.5223636446509945e+21,8.184695976302865e+27
iter_0178,7.51901064662642e+27,5.668174331323436e+26,6.512421941346266e+25,1.270591592915188e+21,8.15095356976382e+27
iter_0179,7.454223021321973e+27,5.9905586624139144e+26,7.170380542287673e+25,4.741792552378269e+21,8.124987434778793e+27
iter_0180,7.546041724227234e+27,5.727829486462769e+26,6.328134973270527e+25,1.0576085702356387e+23,8.182211783463239e+27
iter_0181,7.514298780912126e+27,5.472281855271124e+26,6.532201494572115e+25,6.532137752352137e+22,8.126914302762482e+27
iter_0182,7.480198344615575e+27,5.4903622494801075e+26,5.617033489294763e+25,9.88531498066954e+21,8.085414789771514e+27
iter_0183,7.444686213329687e+27,5.3861060126854195e+26,6.273690341262416e+25,8.999151678995505e+21,8.046042717162532e+27
iter_0184,7.611359083931157e+27,5.598612860768093e+26,6.976612070416642e+25,1.394006665794531e+22,8.241000430778791e+27
iter_0185,7.596478207150474e+27,5.501519102213225e+26,5.789835315367772e+25,3.409502442076467e+22,8.204562565549896e+27
iter_0186,7.595293379017685e+27,5.417663292431958e+26,6.8690032575156655e+25,8.802601062590933e+20,8.205750621096144e+27
iter_0187,7.548945947702694e+27,5.718102256935494e+26,7.673969278745933e+25,1.3401583173400702e+21,8.197497206342019e+27
iter_0188,7.570286887504317e+27,5.616754260089391e+26,5.974482185048505e+25,2.7009843291099323e+21,8.19170983634807e+27
iter_0189,7.605917165132805e+27,5.56287556600111e+26,6.556814128390825e+25,6.434154195618928e+22,8.22783720455878e+27
iter_0190,7.508102520410895e+27,5.686064077642837e+26,6.280165038345305e+25,4.8423134569865373e+20,8.139511062789977e+27
iter_0191,7.431724346696963e+27,5.6780407997073944e+26,7.081393342289905e+25,1.0576085702356387e+23,8.070448120947626e+27
iter_0192,7.503741158561357e+27,5.632943632953854e+26,7.08962507479303e+25,5.148849503469038e+22,8.137983261099707e+27
iter_0193,7.642575683943164e+27,5.449746422325344e+26,5.872751429403179e+25,3.1784299128941135e+22,8.246309624768859e+27
iter_0194,7.50701490601223e+27,5.631729468374565e+26,6.278684267686899e+25,8.161181686471394e+21,8.132982856708243e+27
iter_0195,7.539832705994042e+27,5.739579469995144e+26,7.166577664143525e+25,9.338932667790781e+22,8.18554981896167e+27
iter_0196,7.568682667572475e+27,5.436358351689872e+26,6.367607966953669e+25,3.185999856920812e+22,8.176026442409567e+27
iter_0197,7.546191108964746e+27,5.6932908057363057e+26,7.518308620845226e+25,9.474119767412811e+20,8.190704223158806e+27
iter_0198,7.464992145673264e+27,5.610173942472427e+26,6.890346595689228e+25,1.0576085702356387e+23,8.095018766734423e+27
iter_0199,7.524403315082237e+27,5.634456357795827e+26,7.051470612454108e+25,1.774569472804708e+20,8.158363834443308e+27
iter_0200,7.540916708462425e+27,5.682337833402826e+26,6.729962779464089e+25,1.3328465516762212e+20,8.176450252882004e+27
iter_0201,7.667706919874552e+27,5.814042430264103e+26,7.522315010200156e+25,6.18501861337337e+20,8.324334931504825e+27
iter_0202,7.501665322041205e+27,5.4373224714428056e+26,6.895978702269444e+25,1.9242310982450736e+21,8.114359280439278e+27
iter_0203,7.527118234540049e+27,5.535502000342327e+26,6.51765889663514e+25,3.033385107690405e+22,8.145875357391709e+27
iter_0204,7.431983518108217e+27,5.926158987354938e+26,7.098537842666975e+25,1.0576085702356387e+23,8.095690556127404e+27
iter_0205,7.51181151001988e+27,5.882248460001517e+26,6.449224332426151e+25,9.630278655192685e+21,8.164538229622947e+27
iter_0206,7.535330041777115e+27,5.6692431560963425e+26,6.80612003557375e+25,8.874847731134352e+22,8.170404306219798e+27
iter_0207,7.539053669363198e+27,5.626535123159235e+26,6.657637099067076e+25,1.0576085702356387e+23,8.168389313526815e+27
iter_0208,7.436541579599544e+27,5.324443324331915e+26,5.995823861086093e+25,1.2907654141950739e+22,8.028957058297738e+27
iter_0209,7.467353718910313e+27,5.65149492936005e+26,6.402509412960709e+25,1.0576085702356387e+23,8.09663406683295e+27
iter_0210,7.503006501087747e+27,5.4627415995594366e+26,6.451202621484263e+25,3.094278315374179e+22,8.113823630041687e+27
iter_0211,7.539797450548308e+27,5.6759543660914464e+26,6.628467136291145e+25,1.0576085702356387e+23,8.173783319377388e+27
iter_0212,7.559309082476133e+27,5.500815010010267e+26,6.198829563865308e+25,1.985989887910453e+21,8.171380865105701e+27
iter_0213,7.406581075612297e+27,5.473284648806179e+26,6.460425822682504e+25,2.458083915016616e+21,8.018516256803654e+27
iter_0214,7.561817048236533e+27,5.662850058158917e+26,7.174364794927559e+25,5.226885820142346e+22,8.199897970859901e+27
iter_0215,7.512576561184648e+27,5.698835989459197e+26,6.038622166907186e+25,1.0576085702356387e+23,8.142952142656662e+27
iter_0216,7.510513495131327e+27,5.729014386508386e+26,6.512576754454757e+25,9.609885884143529e+19,8.148540797425571e+27
iter_0217,7.556780697262114e+27,5.660001205900458e+26,6.86353022725699e+25,2.030910584531966e+22,8.191436429230575e+27
iter_0218,7.544884809501268e+27,5.458091650444729e+26,6.0763273444383044e+25,4.6952318045842545e+20,8.151457717513304e+27
iter_0219,7.527965666989445e+27,5.5615803198159205e+26,5.737981284425567e+25,1.825278827913051e+21,8.141505337094121e+27
iter_0220,7.573034596874945e+27,5.861735050786067e+26,6.974432484537978e+25,6.791803495671814e+20,8.22895310597928e+27
iter_0221,7.609887839215946e+27,5.5842977821593e+26,6.8626814949350546e+25,2.372615070008836e+21,8.236946804996298e+27
iter_0222,7.637548238175089e+27,5.320654634881831e+26,6.616081068195388e+25,5.0663166799424094e+20,8.235775018976894e+27
iter_0223,7.560972008992873e+27,5.673608900261132e+26,7.89376928788644e+25,1.0055059102322705e+21,8.207271597403761e+27
iter_0224,7.50839610318763e+27,5.592289972446813e+26,6.244866674898189e+25,3.029562550527907e+22,8.130104062806798e+27
iter_0225,7.524502491950934e+27,5.789601179368486e+26,7.643512135375236e+25,5.17887530511889e+22,8.179949519994587e+27
iter_0226,7.561720953299426e+27,5.532750994571542e+26,6.070979976224689e+25,2.4399336035677325e+21,8.175708292452431e+27
iter_0227,7.50849273831441e+27,5.490899043685182e+26,6.6974967664684235e+25,6.69475444942059e+21,8.124564305102061e+27
iter_0228,7.450380878486093e+27,5.475899663731434e+26,5.9740026054707495e+25,1.0385899651945714e+21,8.057711909503909e+27
iter_0229,7.51006819487261e+27,5.7753357495089194e+26,7.0308365758030875e+25,1.0576085702356387e+23,8.158015896438557e+27
iter_0230,7.521981294651235e+27,5.7439416757242894e+26,6.4322501999854416e+25,5.3963738654541696e+20,8.160698503860906e+27
iter_0231,7.440562804159118e+27,5.542732729658771e+26,6.204726876906987e+25,4.0623964223339326e+22,8.056923969858288e+27
iter_0232,7.488263492798652e+27,5.5508585721349556e+26,6.715326087719568e+25,6.221980179260278e+20,8.110503233087361e+27
iter_0233,7.439944505004663e+27,5.5837359194332476e+26,6.703580783806344e+25,1.8704577029781815e+20,8.065354091831822e+27
iter_0234,7.50866505640013e+27,5.465774657798212e+26,6.677136749934843e+25,1.0632590704719962e+22,8.122024522270004e+27
iter_0235,7.507753626235603e+27,5.6574186216850415e+26,6.553566722975777e+25,1.4963293599950535e+21,8.139032651963224e+27
iter_0236,7.502391963326631e+27,5.70163470864135e+26,6.489321087035031e+25,7.820811565505588e+21,8.137456465872681e+27
iter_0237,7.512752135023891e+27,5.282132833857736e+26,5.315771274612527e+25,2.0241323271384922e+21,8.094125155288117e+27
iter_0238,7.48551547022837e+27,5.666962793667965e+26,8.175966292046225e+25,1.551382949692206e+22,8.133986926345126e+27
iter_0239,7.549910216138589e+27,5.666645797265806e+26,7.400709289819389e+25,1.582781643043733e+22,8.190597716579793e+27
iter_0240,7.553390418804885e+27,5.476252357498018e+26,6.848812103210077e+25,2.1523990784389943e+22,8.169525299577572e+27
iter_0241,7.496235067283663e+27,5.5636929233121814e+26,6.637615747183311e+25,1.0190294651201158e+22,8.118990707381366e+27
iter_0242,7.619751901229062e+27,5.700940794347364e+26,7.31250848360312e+25,2.7882917619706934e+20,8.262971344329006e+27
iter_0243,7.593699548473989e+27,5.61331741144961e+26,6.123918220217908e+25,5.931024290361696e+21,8.216276402845419e+27
iter_0244,7.556015674745708e+27,5.6094468360595266e+26,7.875613029780927e+25,1.6765571202029881e+22,8.195733254220671e+27
iter_0245,7.488776013068003e+27,5.632616199538768e+26,6.922482881293598e+25,3.407731010935968e+21,8.121265869565827e+27
iter_0246,7.542793426428784e+27,5.6658043721703125e+26,6.1914573988939035e+25,1.288828528014409e+22,8.171301325920034e+27
iter_0247,7.497598410312242e+27,5.2035986457299846e+26,6.388298183153857e+25,6.3371917544346725e+22,8.081904628634324e+27
iter_0248,7.461579480963645e+27,5.6752807769325595e+26,7.312488815666712e+25,2.0193657347408428e+21,8.102234466179303e+27
iter_0249,7.537847549876439e+27,5.657727186620961e+26,7.122605223082335e+25,9.425841939758415e+21,8.174855746611299e+27
iter_0250,7.409578914345223e+27,5.5213287245505345e+26,6.395464105359494e+25,2.2312147874483405e+21,8.025668659068659e+27
iter_0251,7.486671468207824e+27,5.58362906577463e+26,6.9577601669553244e+25,1.0464163513960464e+23,8.11471661808998e+27
iter_0252,7.524296044576215e+27,5.679525266204159e+26,7.260466931369373e+25,2.8928253178989584e+19,8.164853269438577e+27
iter_0253,7.596317301468802e+27,5.5528341144978406e+26,7.283638432647311e+25,2.7493738398804735e+20,8.224437372182443e+27
iter_0254,7.471321071708688e+27,5.4226896197847694e+26,6.552335343746478e+25,2.6024613108882002e+22,8.079139411737738e+27
iter_0255,7.576016505029892e+27,5.5769064984217184e+26,6.080532327889212e+25,1.2255449452078954e+21,8.194513703695901e+27
iter_0256,7.453549266680668e+27,5.6045487374415415e+26,7.2218076021731785e+25,1.0576085702356387e+23,8.086327977303578e+27
iter_0257,7.587945311395102e+27,5.559699257801542e+26,5.646924292099626e+25,1.4626688634979533e+21,8.200385942765116e+27
iter_0258,7.518663297929037e+27,5.701335937132754e+26,6.068273926291783e+25,6.951370291631057e+21,8.149486582275522e+27
iter_0259,7.555068362726378e+27,5.833454274148221e+26,6.867434855945769e+25,1.085797912790912e+22,8.207098996679785e+27
iter_0260,7.433680734548462e+27,5.554793228592755e+26,6.646545415674528e+25,2.13044240054806e+22,8.055646815988488e+27
iter_0261,7.554358086869627e+27,5.459918640140235e+26,6.924639037313946e+25,5.810019942187729e+21,8.169602151276733e+27
iter_0262,7.556195323874611e+27,5.443863897449146e+26,6.917281426125272e+25,1.1043575082286865e+22,8.16976557145586e+27
iter_0263,7.503613099913161e+27,5.644985997709583e+26,7.500440043460532e+25,5.854265968942891e+21,8.143121954384694e+27
iter_0264,7.522148865919737e+27,5.5457140728495525e+26,6.274779170239095e+25,7.463265243874639e+20,8.139468811233609e+27
iter_0265,7.508034938102113e+27,5.811956055095005e+26,7.029436142322069e+25,6.309551653504236e+20,8.159525535990001e+27
iter_0266,7.584545061512446e+27,5.659118286974629e+26,7.769356903234664e+25,5.624290478684381e+20,8.228151021671305e+27
iter_0267,7.624843013902841e+27,5.8300158218865834e+26,6.552132296549578e+25,6.12697881073581e+22,8.273427188845102e+27
iter_0268,7.452087862755725e+27,5.187124153574485e+26,6.155328975817913e+25,2.377646089214287e+21,8.032355945517442e+27
iter_0269,7.554908918971144e+27,5.5861998589619266e+26,6.2924594355178604e+25,1.2835232070278392e+22,8.176466334454586e+27
iter_0270,7.591448404442742e+27,5.8348651329899466e+26,7.2247877633726335e+25,1.0576085702356387e+23,8.247288556232487e+27
iter_0271,7.46480219486557e+27,5.51095039774836e+26,6.179473075293457e+25,1.811673233343272e+22,8.077710082125675e+27
iter_0272,7.592849799121452e+27,5.583941191939386e+26,6.6363022693247826e+25,9.000504566303636e+22,8.2176969460543e+27
iter_0273,7.549558163222146e+27,5.6182329076496116e+26,7.041341992199614e+25,1.7651305400446027e+22,8.181812525214505e+27
iter_0274,7.544549203170394e+27,5.538434061458825e+26,5.919848810970548e+25,3.715562172772168e+22,8.157628253047709e+27
iter_0275,7.589839773495919e+27,5.4279904767488405e+26,6.0890432435446375e+25,1.804686002423166e+22,8.193547300466274e+27
iter_0276,7.523011931940408e+27,5.6008304217149914e+26,6.250871304537356e+25,9.912308547845546e+21,8.145613599465829e+27
iter_0277,7.561727913617829e+27,5.6510980031409886e+26,6.266172743338554e+25,7.258408481933616e+22,8.189572025450132e+27
iter_0278,7.433039739084373e+27,5.6481998103490785e+26,7.002241615295078e+25,2.694586697792322e+21,8.067884830858929e+27
iter_0279,7.609042554551746e+27,5.772936525296338e+26,7.383697566129944e+25,5.831518544330721e+20,8.260173765894533e+27
iter_0280,7.556581888826847e+27,5.572792178184024e+26,6.546400319287825e+25,2.811685580115875e+22,8.17935322669393e+27
iter_0281,7.439157178371516e+27,5.49711357979877e+26,6.8202618055569376e+25,1.555265919770093e+20,8.057071309933554e+27
iter_0282,7.55565844357398e+27,5.64325312148623e+26,6.1758800251396455e+25,2.423529424703625e+22,8.181766791268247e+27
iter_0283,7.476389960633922e+27,5.7443614297048825e+26,6.724581098410409e+25,1.9764418288889042e+21,8.118073891030343e+27
iter_0284,7.426967780762605e+27,5.6097319531416006e+26,6.61789993692504e+25,2.0678405522273812e+21,8.054122043286567e+27
iter_0285,7.544610146515115e+27,5.503992215648279e+26,6.975378482945603e+25,4.279885122747302e+21,8.164767432794521e+27
iter_0286,7.577708690407966e+27,5.809610213599145e+26,7.202612678829565e+25,3.939525955679004e+22,8.230735233815733e+27
iter_0287,7.493954269910297e+27,5.731189681437672e+26,6.557229270978682e+25,1.3494727588197255e+21,8.13264688023661e+27
iter_0288,7.46576586750551e+27,5.427638539796545e+26,6.282062828977708e+25,3.6322269582428057e+21,8.0713539820019e+27
iter_0289,7.576030986059834e+27,5.789646717101088e+26,7.176890139777101e+25,8.26379287026613e+22,8.226847197096417e+27
iter_0290,7.637892743048766e+27,5.688893814461119e+26,6.428787933614876e+25,1.93741288634047e+22,8.27108937795989e+27
iter_0291,7.5232972316503e+27,5.7443136175696864e+26,6.850024721247224e+25,2.723718758375138e+22,8.166256077807324e+27
iter_0292,7.490223015059515e+27,5.547190077121569e+26,6.55889492341637e+25,4.4312922465796935e+20,8.11053141513506e+27
iter_0293,7.516952102360407e+27,5.56978876482808e+26,6.955646165630076e+25,1.1147286374862045e+21,8.143488555228153e+27
iter_0294,7.518011182131983e+27,5.417021535314238e+26,6.179504165009075e+25,1.1374317321568276e+22,8.121519751630819e+27
iter_0295,7.529059241087505e+27,5.437564413315569e+26,6.6201573216250586e+25,9.163719169193205e+20,8.13901817200723e+27
iter_0296,7.543916113430658e+27,5.693250413415729e+26,6.298972184472474e+25,1.0576085702356387e+23,8.17633663747398e+27
iter_0297,7.446705373777738e+27,5.696412528906557e+26,6.552964652058442e+25,2.846221570098787e+21,8.081879119410548e+27
iter_0298,7.566790587568265e+27,5.7254197099655176e+26,7.297769643367044e+25,1.0576085702356387e+23,8.21241601585551e+27
iter_0299,7.530493452521363e+27,5.607020416744846e+26,6.973053147615428e+25,1.0819754812532939e+21,8.160927107647484e+27
iter_0300,7.512399889660406e+27,5.317077559040471e+26,5.824748509031529e+25,9.663798412200228e+20,8.102356097034608e+27
iter_0301,7.437744727828187e+27,5.741492827078653e+26,7.1213441753573464e+25,9.87327611512328e+20,8.083108439617238e+27
iter_0302,7.547121812570605e+27,5.6092166298665225e+26,7.113222895026373e+25,3.092868482361591e+22,8.179206633192345e+27
iter_0303,7.551773407607125e+27,5.42546599714463e+26,7.208412726330959e+25,7.078022606694651e+21,8.166411212607505e+27
iter_0304,7.528086196612015e+27,5.5442214249386405e+26,5.690758425151833e+25,1.6850723176709636e+22,8.139432774080573e+27
iter_0305,7.49913436218862e+27,5.524740323233848e+26,6.826914899332445e+25,7.855993441406006e+21,8.11988539949877e+27
iter_0306,7.598139704119071e+27,5.841525118103249e+26,7.361268327051523e+25,1.0576085702356387e+23,8.256010660056934e+27
iter_0307,7.549361284514644e+27,5.5620158415462386e+26,6.987867477837195e+25,3.7971350533911825e+22,8.175479514798175e+27
iter_0308,7.555313272172266e+27,5.637880481441059e+26,6.535175160795526e+25,3.1533177202054714e+22,8.18448460510153e+27
iter_0309,7.430586277435486e+27,5.57627090448745e+26,6.615304882873948e+25,6.708491878481089e+20,8.054367087562157e+27
iter_0310,7.536114070458568e+27,5.3791012262619695e+26,6.227341872931315e+25,1.0576085702356387e+23,8.136403372671102e+27
iter_0311,7.481211508684826e+27,5.741920467555888e+26,7.590045390662464e+25,9.218829249093521e+21,8.131313228176289e+27
iter_0312,7.444095583200453e+27,5.287004965298736e+26,6.463265597104248e+25,1.7102385760910102e+20,8.037428906725226e+27
iter_0313,7.468596954611267e+27,5.610373724487118e+26,6.6067057658629666e+25,4.777081597757323e+21,8.095706161800205e+27
iter_0314,7.465906973265171e+27,5.492314314682627e+26,6.176757536733833e+25,1.3625652014902493e+22,8.076919605752787e+27
iter_0315,7.552968024554999e+27,5.599449744651516e+26,6.794204132145141e+25,7.931716848219796e+21,8.18086297205845e+27
iter_0316,7.626136145839133e+27,5.629787019362955e+26,7.055153879954854e+25,1.0576085702356387e+23,8.259772147432001e+27
iter_0317,7.549793357577926e+27,5.617051265121581e+26,6.518738230583842e+25,1.0576085702356387e+23,8.176791627252945e+27
iter_0318,7.559285241684206e+27,5.3164979761477864e+26,6.072286911763727e+25,4.585210483937623e+22,8.151703760521462e+27
iter_0319,7.519711826979268e+27,5.837573810692953e+26,6.7495812384755585e+25,1.4545798459877025e+22,8.170979566231779e+27
iter_0320,7.550605515456145e+27,5.3776844940273196e+26,7.276282456204483e+25,1.8249474455633314e+22,8.161155038895379e+27
iter_0321,7.522009078817701e+27,5.474871674119332e+26,6.802741103897062e+25,2.186018652574535e+22,8.137545517455131e+27
iter_0322,7.504803495804396e+27,5.623290273190309e+26,7.336514230852181e+25,4.675431522996415e+22,8.140544419747178e+27
iter_0323,7.576323854115334e+27,5.63093116440755e+26,6.3516897348335304e+25,8.058314289251436e+20,8.202934673735853e+27
iter_0324,7.554013301594488e+27,5.598147036704334e+26,7.32288805452271e+25,4.7128041818832214e+21,8.187061598614331e+27
iter_0325,7.573114318389178e+27,6.0518747833217146e+26,7.380831686453758e+25,9.321183776348732e+21,8.252119434769663e+27
iter_0326,7.561729340991582e+27,5.7333490479631257e+26,6.8795144268438165e+25,1.0576085702356387e+23,8.203965150913356e+27
iter_0327,7.561586671483457e+27,5.609282677569617e+26,6.806024414304921e+25,8.890664408442474e+19,8.190575272290112e+27
iter_0328,7.54938108920179e+27,5.519342294816136e+26,6.383579783917591e+25,2.1445339589275214e+21,8.165153261056537e+27
iter_0329,7.418666860979089e+27,5.303173334370972e+26,5.702727186228202e+25,1.0576085702356387e+23,8.006117227135491e+27
iter_0330,7.534028628440007e+27,5.893088653986474e+26,7.710295334263863e+25,1.0576085702356387e+23,8.200546208038317e+27
iter_0331,7.462082799091679e+27,5.554161025675712e+26,6.553217950560952e+25,7.765310227397443e+22,8.083108734267132e+27
iter_0332,7.518961218000446e+27,5.8355607949976874e+26,7.257768840998624e+25,1.0576085702356387e+23,8.175200746767224e+27
iter_0333,7.44246893778373e+27,5.591726807780968e+26,5.8671787605987825e+25,2.6064958413289003e+21,8.060316012663656e+27
iter_0334,7.470275082239721e+27,5.574704818730634e+26,5.759029285412745e+25,9.560754120556638e+22,8.085431464508117e+27
iter_0335,7.53109412861511e+27,5.572552701342009e+26,6.774361097676702e+25,8.476573478617946e+21,8.156101486299557e+27
iter_0336,7.593505192817607e+27,5.5905784130971716e+26,5.837586946448727e+25,3.4138858614365655e+21,8.210942317477671e+27
iter_0337,7.436320123250187e+27,5.568025367334838e+26,6.412619407688169e+25,7.905724774445193e+22,8.057327911308297e+27
iter_0338,7.70110843604182e+27,5.832383800980968e+26,7.564577831402427e+25,1.1062927171154883e+20,8.359992705083213e+27
iter_0339,7.518344565648843e+27,5.700255149990667e+26,5.755380889126777e+25,9.842742684748117e+20,8.145924873813446e+27
iter_0340,7.46244531092363e+27,5.5122973234393586e+26,7.332212837385727e+25,3.7547169402435175e+22,8.087034718810826e+27
iter_0341,7.403780117624689e+27,5.6259161965198374e+26,7.03384361918261e+25,4.891337113141256e+20,8.036710662602211e+27
iter_0342,7.480786965083134e+27,5.418574993753399e+26,6.336597743638488e+25,1.082062216250258e+21,8.086011523957075e+27
iter_0343,7.662498594320928e+27,5.5495387017982876e+26,5.794442783361961e+25,1.4387793267881857e+22,8.275411280127644e+27
iter_0344,7.538066351753954e+27,5.6843041566135766e+26,7.060862291081973e+25,4.5049314268039845e+22,8.177150439640399e+27
iter_0345,7.477865562138929e+27,5.6123850447113625e+26,6.599457702893411e+25,1.4514904787602676e+21,8.105100095129478e+27
iter_0346,7.555891691685522e+27,5.448667045538992e+26,6.470793303000702e+25,9.32637585791044e+20,8.165467261907014e+27
iter_0347,7.412675025701971e+27,5.4308170288782014e+26,6.155318591354001e+25,3.4293328758965365e+22,8.01734420783209e+27
iter_0348,7.487219136346259e+27,5.774969219266527e+26,6.439912560804788e+25,1.691217350895581e+21,8.12911687509831e+27
iter_0349,7.504415670479115e+27,5.426347351670592e+26,6.951810538405031e+25,1.031617312289231e+20,8.116568614191955e+27
iter_0350,7.388607655689603e+27,5.502438400886705e+26,6.178081158338843e+25,2.2378858045758107e+21,8.000634545247466e+27
iter_0351,7.59976514002016e+27,5.6772350689654015e+26,6.661973256786353e+25,5.543593220312708e+21,8.234113923077785e+27
iter_0352,7.50341456097171e+27,5.364562117357791e+26,5.749805935060028e+25,1.3312230291337227e+22,8.097382144288381e+27
iter_0353,7.465833172454815e+27,5.466707719956688e+26,6.462602786463585e+25,2.3593409473234705e+21,8.077132331656067e+27
iter_0354,7.512592339721961e+27,5.836019693014471e+26,7.231140436494434e+25,3.70675988032143e+22,8.168542780987156e+27
iter_0355,7.531069989503362e+27,5.474257986354229e+26,6.444152185868553e+25,3.9678581269630425e+20,8.142937706783283e+27
iter_0356,7.461665181150514e+27,5.530777269719154e+26,7.36166400358249e+25,4.0230250853193073e+21,8.088363571183339e+27
iter_0357,7.541458033522012e+27,5.5562609908787476e+26,6.5010669766402825e+25,2.2172141215390106e+20,8.162095024097702e+27
iter_0358,7.620180159730583e+27,5.7107747821187584e+26,6.256956231804811e+25,3.0813727754164225e+21,8.253830281633282e+27
iter_0359,7.405888356019777e+27,5.50941529767133e+26,6.9701660854584724e+25,6.16034786042773e+20,8.02653216267628e+27
iter_0360,7.513780459366342e+27,5.45031985338334e+26,6.026308538241115e+25,6.793341046465441e+22,8.119143463497552e+27
iter_0361,7.556302091457943e+27,5.5734616534983106e+26,7.524077296409393e+25,2.8826729814624063e+19,8.188889058598598e+27
iter_0362,7.413294389572521e+27,5.499733297270715e+26,7.72717402629998e+25,1.979428183124249e+22,8.040559253844423e+27
iter_0363,7.634541831993635e+27,5.518094495666276e+26,5.928331813749255e+25,2.0997568475885593e+21,8.245636699454602e+27
iter_0364,7.544973889937772e+27,5.612322857247215e+26,6.895836097608071e+25,1.7899227602585108e+22,8.175182435866175e+27
iter_0365,7.654828978886053e+27,5.60844543981469e+26,6.408395444817158e+25,5.671477542284166e+21,8.279763148793237e+27
iter_0366,7.550803900947118e+27,5.745203557119511e+26,6.386178636967282e+25,1.0576085702356387e+23,8.189291803885766e+27
iter_0367,7.534934470630829e+27,5.493400141622195e+26,6.866683088054205e+25,4.3998236543695664e+21,8.152945715497245e+27
iter_0368,7.543177978372831e+27,5.761991231513598e+26,6.819697905004161e+25,2.648686449525341e+22,8.187600567438728e+27
iter_0369,7.51565526205926e+27,5.635328120708441e+26,6.232184602552823e+25,1.0576085702356387e+23,8.141615681012655e+27
iter_0370,7.634129270694428e+27,5.8735931571195256e+26,7.062633273254341e+25,1.3574735785087384e+21,8.292116276612501e+27
iter_0371,7.510822061597725e+27,5.603396741324432e+26,6.4833249752957076e+25,6.3479295843568e+21,8.136001333412709e+27
iter_0372,7.606082583918058e+27,5.675835671731717e+26,6.509950376531404e+25,3.8942285572449674e+21,8.238769549085102e+27
iter_0373,7.58197638672361e+27,5.648318036450355e+26,6.150992593837399e+25,5.261698926845902e+21,8.208323378005946e+27
iter_0374,7.610755846323228e+27,5.7320956611148745e+26,7.382536078420145e+25,1.6009035995880146e+22,8.257806782254913e+27
iter_0375,7.593112284620618e+27,5.747241143746835e+26,6.077938068654628e+25,8.774542917889996e+20,8.22861665713614e+27
iter_0376,7.500950160963297e+27,5.6618161073150524e+26,6.4108538940481316e+25,9.741766691625661e+21,8.131250052401975e+27
iter_0377,7.518513466715543e+27,5.5015930085090234e+26,7.366530773816646e+25,1.4728069293442518e+21,8.142339548111542e+27
iter_0378,7.609330812925862e+27,5.653550719758017e+26,6.210947736535399e+25,1.0576085702356387e+23,8.236901123124041e+27
iter_0379,7.542762533855691e+27,5.529083239188653e+26,6.679045744996514e+25,2.196867980965241e+22,8.162483283904332e+27
iter_0380,7.520759542659148e+27,5.764952033471264e+26,6.22924984270289e+25,8.482384803378207e+21,8.159555726818106e+27
iter_0381,7.381342710836404e+27,5.512119839743718e+26,6.7152183562719735e+25,8.696781004408944e+22,7.99979384618354e+27
iter_0382,7.544571940324722e+27,5.6101072478942015e+26,5.341128650690823e+25,6.447456344998689e+21,8.159000399077396e+27
iter_0383,7.515254045581919e+27,5.707501592226731e+26,6.801108401389457e+25,1.1094226237728064e+22,8.154026383044724e+27
iter_0384,7.536990889909485e+27,5.5915144479406586e+26,6.165248727697503e+25,2.2518213593583159e+21,8.157797073801886e+27
iter_0385,7.512905423996709e+27,5.849492714216878e+26,6.683762917994118e+25,1.0467375025485522e+23,8.164796998348593e+27
iter_0386,7.556590486416815e+27,5.68061156712251e+26,6.414138317366914e+25,7.72254556269668e+22,8.188870251758362e+27
iter_0387,7.677368338610418e+27,5.7042948911169474e+26,7.283585649109849e+25,5.717323767146624e+21,8.320639401536979e+27
iter_0388,7.47808906944951e+27,5.4341438649248785e+26,6.747456840913093e+25,1.357613782241158e+20,8.088978160112508e+27
iter_0389,7.515085861261059e+27,5.47166180723216e+26,6.1398004476318925e+25,9.105209297832193e+19,8.123650137512687e+27
iter_0390,7.645348456234612e+27,5.631059816875736e+26,6.083665802882919e+25,2.2846026731990003e+21,8.269293380553689e+27
iter_0391,7.443029239731972e+27,5.601595870025344e+26,6.450809416368087e+25,3.230293900218604e+21,8.067700151192088e+27
iter_0392,7.611756057144067e+27,5.689487059983557e+26,6.267835910955836e+25,9.629725369369125e+21,8.24339275197735e+27
iter_0393,7.600042316350176e+27,5.391920143667826e+26,6.535025445501172e+25,3.899974247077756e+22,8.204623584914441e+27
iter_0394,7.464272121655318e+27,5.680487484784423e+26,7.5709763394909566e+25,1.4652848387723037e+22,8.108045286377058e+27
iter_0395,7.640486199017897e+27,5.560131989182916e+26,6.982730860577413e+25,1.732406849427339e+22,8.266344030610457e+27
iter_0396,7.526920123315163e+27,5.667973343022011e+26,6.82195484850756e+25,1.6513712481174334e+22,8.16195351981492e+27
iter_0397,7.493767470033762e+27,5.549164807398594e+26,7.874630291495219e+25,7.727218382748101e+21,8.127437980906956e+27
iter_0398,7.448604080579411e+27,5.393826583752165e+26,6.414786603885142e+25,3.709419069754456e+21,8.05213831441255e+27
iter_0399,7.581772293740289e+27,5.400074296209011e+26,6.586042580360997e+25,3.255199669260136e+20,8.187640474684766e+27
iter_0400,7.52423691151106e+27,5.663726427498516e+26,6.471446361049518e+25,4.884234965359185e+22,8.15537286022106e+27
iter_0401,7.589849542867532e+27,5.447623502049269e+26,6.784181869671426e+25,1.5129531514663202e+21,8.202455224722325e+27
iter_0402,7.565047705538471e+27,5.7045291421525434e+26,7.071898180575937e+25,4.482213678967807e+22,8.206264423696275e+27
iter_0403,7.567943221391156e+27,5.652178599892308e+26,6.9065967234389614e+25,1.4029231656664433e+21,8.202228451537941e+27
iter_0404,7.635400384023304e+27,5.6475274158179156e+26,6.801758585603566e+25,8.767486890324651e+22,8.268258386330035e+27
iter_0405,7.496524728326062e+27,5.629613679914903e+26,6.91383369570874e+25,2.339570856893812e+22,8.128647828983209e+27
iter_0406,7.54458098892587e+27,5.6375129472056995e+26,6.8637797872205905e+25,8.841316083667576e+20,8.176970965650253e+27
iter_0407,7.532975317011219e+27,5.3584517388007466e+26,6.718059471059066e+25,1.0464958742127392e+23,8.136105735189305e+27
iter_0408,7.455779921268208e+27,5.577257641298127e+26,6.076978849647707e+25,2.8130809932592352e+20,8.074275755202597e+27
iter_0409,7.615917080508794e+27,5.427488949827586e+26,5.561582456726284e+25,7.992202515518748e+20,8.214282599279066e+27
iter_0410,7.513793664323106e+27,5.432095751642659e+26,6.395019618796999e+25,1.0576085702356387e+23,8.121059196532366e+27
iter_0411,7.446825311536607e+27,5.417760404492208e+26,5.542151121715363e+25,3.1873180776625995e+22,8.044054736383758e+27
iter_0412,7.627647836777414e+27,5.834559653908373e+26,7.059460970062754e+25,3.949186293431944e+22,8.281737903731813e+27
iter_0413,7.540554144449821e+27,5.579352048788942e+26,6.140318712677962e+25,2.2941558747640617e+20,8.159892765871083e+27
iter_0414,7.552825938007168e+27,5.736559198685538e+26,6.852973269724393e+25,1.4423488663583022e+21,8.195013032921831e+27
iter_0415,7.495215648314646e+27,5.579355966418881e+26,6.987169900003791e+25,2.7663558612599653e+22,8.123050607515184e+27
iter_0416,7.405235605678932e+27,5.620066545008187e+26,6.441818237075986e+25,5.251989201419212e+21,8.031665694539711e+27
iter_0417,7.606031378493467e+27,5.824420082403137e+26,7.5542471262716765e+25,1.750092555521539e+20,8.264016033005754e+27
iter_0418,7.564850288865232e+27,5.570344624367755e+26,6.8786338283848276e+25,1.2339641054710458e+22,8.190683429226909e+27
iter_0419,7.535243312434442e+27,5.673291671813991e+26,7.295577470192948e+25,1.6494353056481667e+22,8.175544748670827e+27
iter_0420,7.424576356290827e+27,5.814740896424361e+26,7.220195451826917e+25,6.111570144887072e+22,8.078313516152981e+27
iter_0421,7.581408806739551e+27,5.8055135990248016e+26,7.139365719048626e+25,1.0576085702356387e+23,8.233459584689541e+27
iter_0422,7.504564125530345e+27,5.845636312832304e+26,6.397906566811843e+25,9.462374089451037e+22,8.153201446222588e+27
iter_0423,7.458379988995741e+27,5.461494721979381e+26,5.749570198115813e+25,9.243182407106548e+21,8.062034406357245e+27
iter_0424,7.606717070622607e+27,5.5703557223255125e+26,6.5829516627842455e+25,1.0472893617517307e+21,8.229583206772363e+27
iter_0425,7.597977014462574e+27,5.958640763104163e+26,6.727524041470636e+25,7.610265957163469e+22,8.261192433847267e+27
iter_0426,7.449664889400918e+27,5.841555117548102e+26,7.451727653177503e+25,1.9645409662516058e+21,8.108339642228469e+27
iter_0427,7.597778851745257e+27,5.69389772612008e+26,6.7471027834061765e+25,1.0307507585553766e+22,8.234649959698914e+27
iter_0428,7.647806762877056e+27,5.6388808579606966e+26,6.861807714860438e+25,5.708985072938813e+21,8.280318634806803e+27
iter_0429,7.568105920976264e+27,5.565955898153865e+26,6.154415756095558e+25,2.9256385942412203e+21,8.1862485939912e+27
iter_0430,7.450014259489516e+27,5.7581318575596295e+26,6.3573996417064126e+25,5.3311813367046445e+22,8.08945475347591e+27
iter_0431,7.403743326847576e+27,5.5697332360064456e+26,6.859802974445882e+25,1.0576085702356387e+23,8.029420441049703e+27
iter_0432,7.57313417600112e+27,5.3832076827322396e+26,5.594468180732545e+25,5.92274206996499e+20,8.167400218355876e+27
iter_0433,7.569139508227156e+27,5.4706884018793136e+26,6.463274672242654e+25,9.078958944191718e+20,8.180842003033409e+27
iter_0434,7.728843807195851e+27,5.636802212405463e+26,6.3395233049136245e+25,1.5010478021202936e+21,8.355920762533335e+27
iter_0435,7.52466249991135e+27,5.4344215810334284e+26,6.595273577703305e+25,1.0576085702356387e+23,8.134163154648749e+27
iter_0436,7.544296961587346e+27,5.922493219271926e+26,7.51258196338858e+25,1.0576085702356387e+23,8.211777864005448e+27
iter_0437,7.572148254087977e+27,5.489599565179568e+26,6.4831483243804365e+25,4.689833980609578e+22,8.185986592189545e+27
iter_0438,7.597349651813661e+27,5.639389741373774e+26,6.8011023056714316e+25,6.346726376395543e+21,8.229305995734129e+27
iter_0439,7.478174080468126e+27,5.425574294390228e+26,7.408587283987942e+25,3.6464894700117594e+21,8.094821029236498e+27
iter_0440,7.484966661533993e+27,5.7542800944957904e+26,7.697478480902171e+25,5.989431545956462e+22,8.137429350108054e+27
iter_0441,7.522605389044486e+27,5.524570724882594e+26,6.768011863032144e+25,1.0576085702356387e+23,8.142848341020091e+27
iter_0442,7.558382112068577e+27,5.435994605187366e+26,5.574551156062687e+25,1.0576085702356387e+23,8.157832845004965e+27
iter_0443,7.514207532457517e+27,5.857596451164859e+26,6.9363138235640695e+25,1.1957078304795744e+22,8.169342272887948e+27
iter_0444,7.425059250020523e+27,5.4500277044910055e+26,6.489881675964352e+25,9.774686164325786e+21,8.034970611915431e+27
iter_0445,7.625282638027373e+27,5.6439992179140015e+26,7.581818507770836e+25,1.5725283228782407e+21,8.265502317424804e+27
iter_0446,7.631015700962542e+27,5.561064885029487e+26,5.910906257344315e+25,1.0576085702356387e+23,8.246337012895958e+27
iter_0447,7.477461182857562e+27,5.9010309875326506e+26,8.121564860049942e+25,1.0576085702356387e+23,8.148885691068351e+27
iter_0448,7.49463572215615e+27,5.600999034921991e+26,7.27999735665971e+25,1.0184273444816946e+22,8.12754578348839e+27
iter_0449,7.419673920101466e+27,5.592222709529792e+26,6.908201798064121e+25,4.758880035294933e+21,8.047982967915121e+27
iter_0450,7.517198436540846e+27,5.821140672460523e+26,7.143999987500332e+25,1.6959237901099278e+21,8.170754199585692e+27
iter_0451,7.481816144844841e+27,5.562243816648784e+26,6.037999855145834e+25,6.67864113597215e+22,8.098487311472537e+27
iter_0452,7.441135230612448e+27,5.5650335434267606e+26,7.37107365119908e+25,6.328329255513627e+20,8.07134995430004e+27
iter_0453,7.489543844437337e+27,5.8265543178573826e+26,6.973792631213598e+25,7.639962369128579e+21,8.14194484249758e+27
iter_0454,7.484951371346989e+27,5.8687677620437284e+26,7.76351109582522e+25,1.671520714172314e+21,8.149464930030328e+27
iter_0455,7.499201019985827e+27,5.421252053307444e+26,6.830725228543223e+25,2.074780994647403e+22,8.10965422541195e+27
iter_0456,7.613924872408767e+27,5.7477374862837706e+26,6.1958979283549345e+25,9.540590617596183e+21,8.250667140911311e+27
iter_0457,7.501400018186616e+27,5.803433096067909e+26,7.049132597995458e+25,4.2863274955624145e+19,8.152234696636636e+27
iter_0458,7.550554592687115e+27,5.5214120606753276e+26,6.646899055618226e+25,5.242483438245772e+20,8.169165313559174e+27
iter_0459,7.625590841847494e+27,5.6884971057942824e+26,6.353296874498567e+25,2.1750650407412455e+22,8.257995271822316e+27
iter_0460,7.547669438311174e+27,5.475118996194608e+26,6.4884761193398204e+25,1.5367541036203206e+20,8.160066252799444e+27
iter_0461,7.421084946054784e+27,5.5680272027099345e+26,6.339422968140957e+25,9.329966650413934e+21,8.041291225973837e+27
iter_0462,7.520373709174218e+27,5.662770428436138e+26,6.215605298737002e+25,2.459841676906752e+22,8.14883140342197e+27
iter_0463,7.553765925787265e+27,5.568053744873237e+26,6.453710630217705e+25,7.258685224061209e+20,8.175109132445288e+27
iter_0464,7.527375302707356e+27,5.579926127056777e+26,6.08582524087054e+25,6.350728888725787e+19,8.146226231329028e+27
iter_0465,7.583145089503528e+27,5.691813410793978e+26,6.1700482759397775e+25,6.07218269229719e+22,8.214087635169245e+27
iter_0466,7.564903098979904e+27,5.2615791289145256e+26,5.736489578005126e+25,1.8347367946733587e+22,8.148444255019354e+27
iter_0467,7.554981144676184e+27,5.597991750300148e+26,6.361496474040605e+25,1.0576085702356387e+23,8.178501045303629e+27
iter_0468,7.538153930330961e+27,5.59667474333341e+26,6.564125819604053e+25,6.667682290798454e+21,8.163469330542634e+27
iter_0469,7.497924769246051e+27,5.767832731443105e+26,7.1833785347460186e+25,3.5938937222616865e+22,8.146577766675044e+27
iter_0470,7.376142751133714e+27,5.6704975683618536e+26,6.3882583356085165e+25,3.230339822982844e+20,8.007075414359967e+27
iter_0471,7.437018383928828e+27,5.3381433879573156e+26,6.099906722967712e+25,2.7697294006260335e+21,8.031834559683637e+27
iter_0472,7.442810319174033e+27,5.822032009983506e+26,7.587413950942731e+25,2.9319408835343543e+22,8.100916979090646e+27
iter_0473,7.539301671099916e+27,5.378270270988064e+26,6.653006700222913e+25,1.4880231406897817e+21,8.143660253224093e+27
iter_0474,7.424422374510079e+27,5.7242185792415936e+26,7.011893908351567e+25,2.6043545056447667e+22,8.06698921506281e+27
iter_0475,7.427961146741812e+27,5.438553185069074e+26,6.545368355205989e+25,9.511337573351511e+19,8.037270243914154e+27
iter_0476,7.550174624989035e+27,5.582605647033891e+26,6.400069711816907e+25,1.0133096768043389e+22,8.172446019907361e+27
iter_0477,7.523801191303431e+27,5.5657139160432654e+26,6.65907704760479e+25,8.98998451246532e+21,8.146972343368318e+27
iter_0478,7.441473184069721e+27,5.4059091613737974e+26,6.9098901321336166e+25,4.679793037910646e+21,8.051167681321475e+27
iter_0479,7.408166628742804e+27,5.699472476932157e+26,6.756550563265182e+25,2.378267892007033e+21,8.045681760336563e+27
iter_0480,7.50146184201641e+27,5.520256585476054e+26,6.485872868615078e+25,1.4570999112182067e+19,8.118346243821165e+27
iter_0481,7.634831139395047e+27,5.5898178466053324e+26,6.604831399248317e+25,1.0576085702356387e+23,8.259966998905087e+27
iter_0482,7.552322692403257e+27,5.711912308111487e+26,6.621151335873382e+25,2.5546495037952936e+22,8.189750983068178e+27
iter_0483,7.465908192027597e+27,5.603765103592636e+26,6.423570036333555e+25,1.1557453677936146e+22,8.090531960203874e+27
iter_0484,7.556480124615092e+27,5.455434742107849e+26,5.930080980722973e+25,6.247770652704869e+21,8.161330656403761e+27
iter_0485,7.50818679317684e+27,5.7178599665477774e+26,6.849106078272369e+25,4.420552914381816e+21,8.148468271167257e+27
iter_0486,7.388656698141348e+27,5.5484766394709464e+26,6.38826698376806e+25,3.3235137601948515e+21,8.007390355439884e+27
iter_0487,7.531993097341134e+27,5.730526226085215e+26,6.8553668694248575e+25,6.814386197058945e+22,8.173667532505876e+27
iter_0488,7.594928785040544e+27,5.578631528118912e+26,6.650613674689106e+25,3.983648651855959e+22,8.219337911085844e+27
iter_0489,7.395713267040618e+27,5.4774473649668706e+26,6.339690052708447e+25,7.684148205934402e+22,8.00693174554645e+27
iter_0490,7.411024255122516e+27,5.420828270595694e+26,6.261650659362282e+25,1.262736032267384e+21,8.015724851511741e+27
iter_0491,7.461534354287741e+27,5.544051048930534e+26,7.088524713702309e+25,2.0882694454248552e+22,8.086845589012273e+27
iter_0492,7.512596205724812e+27,5.3323862760122845e+26,7.030490263835464e+25,2.3940493976917166e+22,8.116163676458372e+27
iter_0493,7.587227178640515e+27,5.7782589785803585e+26,6.506612729959784e+25,1.0576085702356387e+23,8.230224964655173e+27
iter_0494,7.565119316659223e+27,5.815628999457789e+26,6.977625979882621e+25,1.0346559845358605e+23,8.216561942002281e+27
iter_0495,7.570227858966868e+27,5.601457876834066e+26,6.984680488170854e+25,3.2268470738383956e+22,8.200252720002722e+27
iter_0496,7.527021251396242e+27,5.688993846295058e+26,6.503443928404869e+25,2.7079562922284873e+22,8.160982154872718e+27
iter_0497,7.443193538040892e+27,5.679998493780371e+26,6.194687496907672e+25,1.0576085702356387e+23,8.07324602324503e+27
iter_0498,7.471680013994233e+27,5.468624238339039e+26,6.226531299195948e+25,1.0576085702356387e+23,8.080913511677119e+27
iter_0499,7.48965749124034e+27,5.6220825195335854e+26,6.379382719135319e+25,5.001292726573321e+22,8.115709583312317e+27
iter_0500,7.408656407578656e+27,5.6061331148769835e+26,6.223008310238411e+25,8.602150553285831e+21,8.031508404319292e+27
iter_0501,7.501482772950583e+27,5.4788225527473066e+26,6.18243625148646e+25,1.0529528241620112e+22,8.11119992026842e+27
iter_0502,7.490440317503309e+27,5.494764865524303e+26,6.394609488509035e+25,1.9801133518506308e+21,8.103864879054182e+27
iter_0503,7.560546275140302e+27,5.5536420249415444e+26,6.131220428768563e+25,1.52751559849487e+22,8.177237957078126e+27
iter_0504,7.479972183561397e+27,5.362490345215503e+26,5.617554480423986e+25,7.269129218421084e+22,8.072469454179372e+27
iter_0505,7.407628231467474e+27,5.6855329014404805e+26,7.33255973987185e+25,1.9481014837917273e+22,8.049526600025078e+27
iter_0506,7.542869393585585e+27,5.523939441935418e+26,6.2453473734459645e+25,1.7144787741576715e+22,8.157733956301329e+27
iter_0507,7.520017606114886e+27,5.643790307272645e+26,7.05408982319146e+25,1.0576085702356387e+23,8.15504329593109e+27
iter_0508,7.636497314323052e+27,5.489525752228958e+26,6.423427841118366e+25,8.48078063924231e+20,8.249685016035197e+27
iter_0509,7.49569083115867e+27,5.5046002026811695e+26,5.828937660404607e+25,5.191787017742905e+22,8.104492145901011e+27
iter_0510,7.564130543221175e+27,5.814311756385695e+26,7.0021740609223686e+25,1.0576085702356387e+23,8.215689220325992e+27
iter_0511,7.544366213710442e+27,5.511113688797853e+26,6.7800675558866104e+25,4.699943308287712e+22,8.163325257582176e+27
iter_0512,7.647283596950587e+27,5.6760113136694027e+26,7.1796938167338294e+25,3.3215464843913487e+22,8.286714881949709e+27
iter_0513,7.603726749236795e+27,5.261921487451066e+26,5.847021865013183e+25,1.0576085702356387e+23,8.188494877489058e+27
iter_0514,7.54364264957223e+27,5.8268582575148174e+26,6.63569346117855e+25,3.176842053786836e+21,8.192688586777551e+27
iter_0515,7.512886142884983e+27,5.570511522940098e+26,5.891453483621815e+25,1.0576085702356387e+23,8.128957590872235e+27
iter_0516,7.594770100598653e+27,5.874039743623461e+26,8.532851965924425e+25,5.939765402165422e+21,8.267508534385646e+27
iter_0517,7.485788630666767e+27,5.6902809118848435e+26,6.829420103198543e+25,1.3492643954102458e+22,8.12312441553119e+27
iter_0518,7.678985016273386e+27,5.8376920060102966e+26,6.967546521406178e+25,1.0576085702356387e+23,8.332535442945501e+27
iter_0519,7.578662424757572e+27,5.596705270945398e+26,6.870022475077529e+25,1.6636063635454414e+21,8.20703484020925e+27
iter_0520,7.599835817761824e+27,5.814905782440503e+26,6.539081239466864e+25,2.3489676749415346e+21,8.246719557368218e+27
iter_0521,7.579977315213606e+27,5.757479364010284e+26,6.3976236822300455e+25,2.9989646809803805e+21,8.219704487401615e+27
iter_0522,7.419906582478293e+27,5.610392788714545e+26,7.3140563067553025e+25,5.069835335688109e+21,8.054091494252636e+27
iter_0523,7.4842181799262e+27,5.672582068273242e+26,6.985452257023252e+25,2.2365792075326975e+22,8.121353275115831e+27
iter_0524,7.437209882455551e+27,5.696946391751951e+26,7.208305383706874e+25,5.713315125614801e+21,8.07899328878294e+27
iter_0525,7.567413542807695e+27,5.63267126075981e+26,6.7182426136967255e+25,1.3192349027180174e+22,8.197876287369671e+27
iter_0526,7.556657199378716e+27,5.698721811929905e+26,6.593013123924128e+25,7.16834457546278e+22,8.192531195256703e+27
iter_0527,7.482183336523769e+27,5.5512055014659016e+26,6.7066260460429e+25,4.133297995104242e+21,8.104374280428782e+27
iter_0528,7.518911938741429e+27,5.535585448529783e+26,6.364686298972205e+25,7.046518415595466e+21,8.136124393102546e+27
iter_0529,7.423320367133468e+27,5.477033112967701e+26,6.2452369044274385e+25,4.935585261586352e+21,8.033480983059775e+27
iter_0530,7.494257808401334e+27,5.627348147293628e+26,6.454099329048559e+25,1.0576085702356387e+23,8.121639377278206e+27
iter_0531,7.548639964054561e+27,5.615863294565526e+26,6.456873462586593e+25,1.1195653451525608e+22,8.174806223790431e+27
iter_0532,7.375903232531462e+27,5.604804917902514e+26,6.683528147139317e+25,2.0617299055209857e+20,8.003219211966097e+27
iter_0533,7.419105362476446e+27,5.3796493418916016e+26,5.8346391243267995e+25,6.50405785293819e+21,8.015423191966727e+27
iter_0534,7.555501613217772e+27,5.543479250920726e+26,6.887115002498421e+25,3.9929227775062783e+21,8.178724681257607e+27
iter_0535,7.520264968951821e+27,5.4398072785931864e+26,6.568548938699605e+25,1.0576085702356387e+23,8.130036947055159e+27
iter_0536,7.630786021745789e+27,5.613515168630698e+26,6.41848285029107e+25,1.0576085702356387e+23,8.256428127968793e+27
iter_0537,7.67176188697981e+27,5.908003128874665e+26,7.327413250212227e+25,1.0576085702356387e+23,8.335942093226422e+27
iter_0538,7.578599404924258e+27,5.309651271838575e+26,5.470601098285652e+25,1.991745030699801e+21,8.164272534836003e+27
iter_0539,7.56801057968572e+27,5.5784858922239416e+26,6.2646070441525866e+25,3.3855082913190615e+21,8.188508624857931e+27
iter_0540,7.438548535349962e+27,5.625015298344371e+26,6.350701043563671e+25,1.0576085702356387e+23,8.06466283647706e+27
iter_0541,7.511890760760993e+27,5.728041778045292e+26,6.9447310070553235e+25,7.335505355014922e+21,8.15414958414143e+27
iter_0542,7.507564573447925e+27,5.7148524538923995e+26,7.222974484137194e+25,1.0576085702356387e+23,8.151385324535561e+27
iter_0543,7.590772269908047e+27,5.692061206571036e+26,6.459150698792037e+25,1.216021195239284e+21,8.224571113574267e+27
iter_0544,7.59884261398695e+27,5.873266712920923e+26,8.249227501529358e+25,5.616561304184868e+22,8.268717725907378e+27
iter_0545,7.593544565623765e+27,5.714646683115776e+26,6.480086479020507e+25,1.0576085702356387e+23,8.229915859582571e+27
iter_0546,7.573173225878671e+27,5.6008308932707586e+26,7.436538961824572e+25,6.679968453513437e+21,8.207628384792446e+27
iter_0547,7.479743378262505e+27,5.7019355329711734e+26,7.114323982109183e+25,9.499998605579399e+20,8.121081121380575e+27
iter_0548,7.508360947716851e+27,5.7735739121979136e+26,6.914377880011067e+25,1.0576085702356387e+23,8.154967878593776e+27
iter_0549,7.492824597028975e+27,5.3750584233363987e+26,5.9265749745030796e+25,1.226690931207817e+22,8.089608456016957e+27
iter_0550,7.450568736012009e+27,5.4120091173840416e+26,6.318858769300942e+25,5.550843960010526e+20,8.054958790527818e+27
iter_0551,7.518109672290958e+27,5.751301727413759e+26,7.502791992712178e+25,1.8700164910461737e+22,8.168286465124366e+27
iter_0552,7.551315164376419e+27,5.658802481017349e+26,7.299256816546531e+25,4.1556679123925955e+21,8.190192136311532e+27
iter_0553,7.517499192760731e+27,5.381430542877276e+26,6.870153468943996e+25,1.7488950483029716e+22,8.124361270688383e+27
iter_0554,7.467936288876798e+27,5.5435872865368354e+26,6.713140328607187e+25,1.394781341538277e+21,8.089427815597895e+27
iter_0555,7.505771069414072e+27,5.555144280718916e+26,6.574211787487889e+25,4.123010301570451e+19,8.127027656590946e+27
iter_0556,7.42442894763779e+27,5.641999845955977e+26,7.200766357090211e+25,3.7698630709456925e+22,8.060674294434999e+27
iter_0557,7.595530382847933e+27,5.6122913482990894e+26,6.450955249625211e+25,1.0576085702356387e+23,8.221374831031118e+27
iter_0558,7.611174006779523e+27,5.71446920184307e+26,7.663754416634576e+25,1.7830027414007586e+22,8.259276301157591e+27
iter_0559,7.553855834458516e+27,5.669439685898822e+26,6.69800704015995e+25,1.7220145333633467e+21,8.18778159546453e+27
iter_0560,7.476551136226179e+27,5.857905323229405e+26,6.475975544433133e+25,3.400067517555639e+22,8.127135424668627e+27
iter_0561,7.490118244661983e+27,5.6068444174799256e+26,6.306175868222141e+25,4.480462967670625e+19,8.113864489896826e+27
iter_0562,7.476785533454323e+27,5.536760643694997e+26,7.155052908915731e+25,4.130247438417405e+20,8.102012539937724e+27
iter_0563,7.527342709991543e+27,5.722432375366802e+26,7.820010678502091e+25,1.1569392728265837e+22,8.177797623705973e+27
iter_0564,7.56974869432897e+27,5.618593016226073e+26,7.0032718503636295e+25,1.116338317247875e+21,8.20164183079353e+27
iter_0565,7.491357905187053e+27,5.578799113419423e+26,6.286615924719208e+25,1.7550902823860267e+21,8.112105730866469e+27
iter_0566,7.611682210748955e+27,5.738837617854318e+26,6.1903867509290824e+25,1.0576085702356387e+23,8.247575600900702e+27
iter_0567,7.586940011117286e+27,5.5350848266799224e+26,6.5598315357267565e+25,6.52278779461311e+21,8.206053331930341e+27
iter_0568,7.495250924079142e+27,5.605673329503362e+26,6.7557229616099095e+25,1.0576085702356387e+23,8.123481247502601e+27
iter_0569,7.554377624615039e+27,5.9555578298981466e+26,7.549669476577092e+25,1.521603892126634e+22,8.225445318409546e+27
iter_0570,7.397428851141003e+27,5.6218222624345736e+26,6.198678973242086e+25,5.834278255223443e+22,8.021656209899433e+27
iter_0571,7.3935156558615e+27,5.359220978009022e+26,6.106928568982531e+25,4.0021164670808975e+20,7.990507439563874e+27
iter_0572,7.505839789382112e+27,5.4791972279164336e+26,6.347403000736155e+25,1.0576085702356387e+23,8.11733930303814e+27
iter_0573,7.586388543369772e+27,5.787989153281399e+26,6.967682057943083e+25,7.474135996708796e+21,8.234871753413339e+27
iter_0574,7.534486637333871e+27,5.7172242710160754e+26,6.606784385977049e+25,6.147159529600792e+21,8.172283055454778e+27
iter_0575,7.456910387283943e+27,5.612751792118818e+26,6.641034382829022e+25,1.0576085702356387e+23,8.084701671181138e+27
iter_0576,7.477277528782294e+27,5.903545025401031e+26,7.696137984674999e+25,1.0119184268570139e+21,8.144594423087573e+27
iter_0577,7.478984849613343e+27,5.832322629466141e+26,7.081974890615231e+25,4.484036802765677e+21,8.133041345502913e+27
iter_0578,7.498585018254099e+27,5.553837048616188e+26,7.465746758520473e+25,9.505032584763146e+22,8.12872124102677e+27
iter_0579,7.450089866154849e+27,5.521279256701791e+26,6.791173890676033e+25,4.154336438069788e+21,8.070133685068226e+27
iter_0580,7.580304218789757e+27,5.6269533482343924e+26,7.125935770210809e+25,1.2305596430655146e+20,8.214259034371269e+27
iter_0581,7.504860004323743e+27,5.792466308799674e+26,7.884457036575533e+25,6.342184487518789e+20,8.162951839787914e+27
iter_0582,7.478645831357638e+27,5.576167492115398e+26,6.463083774081313e+25,2.0004350810004186e+22,8.1009134226608e+27
iter_0583,7.612222267624235e+27,5.537407991078783e+26,7.263894504310863e+25,1.2697541722629273e+22,8.238614709316944e+27
iter_0584,7.497323378273267e+27,5.6761172691717667e+26,7.009472047222454e+25,2.9119918295444416e+20,8.135030116861851e+27
iter_0585,7.425581996211661e+27,5.585694345148869e+26,6.893946716204047e+25,4.585753647945768e+20,8.053091356463954e+27
iter_0586,7.448336031858128e+27,5.557022936551814e+26,6.830071741927134e+25,1.1335767206434859e+22,8.072350378699787e+27
iter_0587,7.466746900748195e+27,5.554184950085422e+26,6.576293230591846e+25,9.090293506384701e+22,8.08801923099772e+27
iter_0588,7.619040134846495e+27,5.588201438619469e+26,6.284900900470224e+25,1.0576085702356387e+23,8.240815048570168e+27
iter_0589,7.515496561049118e+27,5.623726149857045e+26,6.599722533336917e+25,6.540902236409427e+21,8.143872942270427e+27
iter_0590,7.512474413550669e+27,5.7201298365896645e+26,6.903579788984423e+25,8.07356531041518e+21,8.153531268664791e+27
iter_0591,7.591813928934597e+27,5.715821043593101e+26,6.33914718214341e+25,2.395311919343579e+20,8.226787744646534e+27
iter_0592,7.644904524241983e+27,5.688338486170354e+26,6.542858995379647e+25,1.0576085702356387e+23,8.279272723669838e+27
iter_0593,7.332323168735653e+27,5.6323242162653376e+26,7.308777519582945e+25,1.0576085702356387e+23,7.968749126415041e+27
iter_0594,7.546902002643771e+27,5.503913556262418e+26,7.020097318695539e+25,1.1005593284234316e+21,8.167495432016296e+27
iter_0595,7.415139172168096e+27,5.7215013608777433e+26,6.132310138427166e+25,1.0576085702356387e+23,8.048718170497165e+27
iter_0596,7.642853305842341e+27,5.5976066596924604e+26,6.672880721540311e+25,4.148405592193541e+22,8.269384263082912e+27
iter_0597,7.647834468540653e+27,5.547018021391564e+26,6.613279988178599e+25,1.6784171481296068e+22,8.268685854733077e+27
iter_0598,7.624545276829412e+27,5.543890569806751e+26,6.7784462104848325e+25,4.867548286446249e+22,8.246767471397799e+27
iter_0599,7.611687330239168e+27,5.824079695234643e+26,6.876172371243297e+25,1.0576085702356387e+23,8.262962784332089e+27
iter_0600,7.508566243476045e+27,5.5520730664699136e+26,6.942019217049006e+25,1.4145925176240022e+20,8.133193883752778e+27
iter_0601,7.4721454042494e+27,5.5930642201771294e+26,6.692979873904213e+25,3.113085173876748e+21,8.098384738091328e+27
iter_0602,7.379199149549234e+27,5.555504800166956e+26,6.592203073599161e+25,1.898199219480102e+21,8.00067355850114e+27
iter_0603,7.474522147506359e+27,5.412853601390439e+26,6.628087087606362e+25,3.0915571862027805e+22,8.082119294093328e+27
iter_0604,7.497360543614929e+27,5.782779714405467e+26,6.998946637738904e+25,1.0576085702356387e+23,8.145733742289889e+27
iter_0605,7.495630032089374e+27,5.7894141054088006e+26,7.948358561115003e+25,3.119110045918219e+22,8.154086219341863e+27
iter_0606,7.628602859345815e+27,5.699078593849361e+26,7.044662122789193e+25,1.0576085702356387e+23,8.269063100815667e+27
iter_0607,7.47807491493948e+27,5.596665460098827e+26,7.089776616695767e+25,1.2010789164208722e+21,8.108640428195237e+27
iter_0608,7.649899189700826e+27,5.532562931168343e+26,6.263147580314457e+25,6.097409649096643e+21,8.265793056030453e+27
iter_0609,7.557818812198891e+27,5.61520820202658e+26,6.756917499420049e+25,3.1535341170684314e+21,8.186911960929866e+27
iter_0610,7.453566319083548e+27,5.49829993651717e+26,7.2545431940074715e+25,2.320978653146634e+22,8.075964954461872e+27
iter_0611,7.518802710348089e+27,5.532316477711436e+26,6.832317194620657e+25,2.9233572616144194e+22,8.140386763638056e+27
iter_0612,7.501257636741286e+27,5.759483058569118e+26,6.221326022550763e+25,1.393695352187248e+22,8.139433139777227e+27
iter_0613,7.438072046044057e+27,5.3062649356403375e+26,6.3540608483318005e+25,1.1192469031311855e+22,8.032250340560441e+27
iter_0614,7.454338091790617e+27,5.6383686642082866e+26,7.3112398196732066e+25,1.0576085702356387e+23,8.091393117265201e+27
iter_0615,7.555975347531182e+27,5.535346575779547e+26,7.018147922498813e+25,3.7679136337201497e+22,8.179729163470462e+27
iter_0616,7.451346099076861e+27,5.568044822731747e+26,6.568141123895073e+25,1.6350955816328943e+21,8.073833627684569e+27
iter_0617,7.504844249124827e+27,5.5129559118964284e+26,6.766793297496225e+25,1.5823463004418379e+22,8.123823596752436e+27
iter_0618,7.568169416625307e+27,5.5669032286660584e+26,6.615517444489072e+25,2.3891346370439453e+20,8.191015152850267e+27
iter_0619,7.512465140698089e+27,5.3751626593855754e+26,5.789594611203133e+25,7.951777174348665e+22,8.10795687052042e+27
iter_0620,7.516912170743842e+27,5.725339919056754e+26,7.206691126384708e+25,1.0576085702356387e+23,8.161618834770388e+27
iter_0621,7.54375049254825e+27,5.3785035582792914e+26,5.892930668306165e+25,5.419062060710108e+22,8.140584345679849e+27
iter_0622,7.480563926049792e+27,5.491123976851451e+26,6.7621462679145465e+25,3.9905482980490205e+22,8.097337691897064e+27
iter_0623,7.549945272439761e+27,5.3009893429344304e+26,5.824625571075194e+25,1.6224412041307816e+20,8.138290624688077e+27
iter_0624,7.411269365176452e+27,5.5733548774520256e+26,7.434591955643283e+25,3.789921271874344e+22,8.042988671690805e+27
iter_0625,7.537680205434002e+27,5.950499146796009e+26,7.349763763860367e+25,8.185544138064108e+20,8.20622857630662e+27
iter_0626,7.47052382497587e+27,5.6557222547058386e+26,5.643771525643025e+25,2.661603657325853e+22,8.092560381739457e+27
iter_0627,7.48526582326107e+27,5.364770046149203e+26,6.045400089226396e+25,1.8578503712796935e+21,8.082198686618625e+27
iter_0628,7.493301267089921e+27,5.735061362311295e+26,6.377881938894505e+25,6.65470091053751e+22,8.1306527697191e+27
iter_0629,7.530404865957304e+27,5.522926406638156e+26,6.526363179489632e+25,1.0576085702356387e+23,8.148066899273039e+27
iter_0630,7.535829032428776e+27,5.533005446756129e+26,6.8159718716023964e+25,1.9556163037122913e+22,8.15730885198345e+27
iter_0631,7.499853605695529e+27,5.693707143157792e+26,6.8014877229571485e+25,2.5702065239802254e+21,8.137241767447404e+27
iter_0632,7.498026310618998e+27,5.5359941117659575e+26,6.9372554958362595e+25,1.6035484536167029e+22,8.121014312238493e+27
iter_0633,7.599224517251564e+27,5.574444139697238e+26,6.669718016050487e+25,2.902036352807309e+21,8.223369013418146e+27
iter_0634,7.557779516778734e+27,5.2663759551442386e+26,6.9275021087322736e+25,8.232640172052865e+20,8.153692956644498e+27
iter_0635,7.487579264757959e+27,5.6171875996796485e+26,6.813594302826846e+25,3.235748334278131e+22,8.117466325237534e+27
iter_0636,7.498257762789471e+27,5.657994420994641e+26,7.413240633089547e+25,2.794539361012808e+21,8.138192405759191e+27
iter_0637,7.458642961067911e+27,5.623275013517233e+26,6.843926181135433e+25,1.8750228440461722e+22,8.08942847445943e+27
iter_0638,7.471110784687482e+27,5.464109000643206e+26,6.301811425510134e+25,1.0576085702356387e+23,8.080645559863928e+27
iter_0639,7.609096932317926e+27,5.639633834047941e+26,6.236864185834184e+25,3.349347404559579e+22,8.235462451055107e+27
iter_0640,7.4709750207201e+27,5.4554525780016245e+26,6.222840404496061e+25,2.230775753093387e+22,8.078770990322755e+27
iter_0641,7.483757197392787e+27,5.482687799348618e+26,6.338956712769731e+25,1.1542560735857453e+22,8.095427087016081e+27
iter_0642,7.552391705265911e+27,5.819870711787628e+26,7.546895435153067e+25,1.4364175588178283e+22,8.209862094971793e+27
iter_0643,7.562857792369004e+27,5.735434164489712e+26,6.494452221777731e+25,7.244580166489915e+20,8.20134645549377e+27
iter_0644,7.495472043758788e+27,5.3397430610987274e+26,7.0742973826524475e+25,4.242874560044344e+21,8.100193566569746e+27
iter_0645,7.51358286399052e+27,5.347721520719296e+26,7.050150952932294e+25,1.4990367717453008e+22,8.118871515959491e+27
iter_0646,7.494198582127462e+27,5.594162317608474e+26,6.063726202822169e+25,8.556297537533162e+21,8.114260632214068e+27
iter_0647,7.590380142973866e+27,5.546724269047094e+26,6.735487957868308e+25,4.4168099303821164e+21,8.212411866267189e+27
iter_0648,7.485459521714432e+27,5.612517675523589e+26,6.967983888861196e+25,1.0576085702356387e+23,8.116496889012426e+27
iter_0649,7.373729901197549e+27,5.442615342673438e+26,6.6336001374789964e+25,8.143775884192032e+20,7.98432825121727e+27
iter_0650,7.473088713719836e+27,5.7956313692307074e+26,6.68567002650659e+25,4.6234668484967036e+22,8.119554785576457e+27
iter_0651,7.556980844042532e+27,5.395048513450913e+26,5.899575026200665e+25,2.7433919321372235e+22,8.155508879568952e+27
iter_0652,7.429466207230774e+27,5.554643487634643e+26,6.717527249342434e+25,1.8328322023075204e+20,8.052106011770883e+27
iter_0653,7.500404478207274e+27,5.471253341434336e+26,6.488336562299379e+25,9.203590342223125e+21,8.112422381564045e+27
iter_0654,7.535226812077356e+27,5.4038420802790476e+26,7.0263481591860395e+25,2.285766178852111e+22,8.145897359358911e+27
iter_0655,7.519145582541662e+27,5.459321553915145e+26,6.696587898128323e+25,7.177576341513588e+21,8.132050794490801e+27
iter_0656,7.553627453780742e+27,5.514839343041766e+26,6.226643115382326e+25,1.5020365735342813e+22,8.167392839604477e+27
iter_0657,7.451157137367012e+27,5.682575757354488e+26,7.016762286008519e+25,1.0941877193302239e+21,8.089583430150264e+27
iter_0658,7.473330020312545e+27,5.413338278641677e+26,6.4232128036367285e+25,6.309022854611696e+22,8.078959066441626e+27
iter_0659,7.528861170608445e+27,5.8931178589469996e+26,7.87501699330033e+25,6.0779605689979795e+22,8.196983906041838e+27
iter_0660,7.545111530354403e+27,5.5156211464507e+26,6.619009593748574e+25,1.8857091230946566e+22,8.16288259802819e+27
iter_0661,7.53590041319012e+27,5.421268820640431e+26,6.166540461167302e+25,2.194025288986702e+21,8.139694893891126e+27
iter_0662,7.503895418037042e+27,5.706939280982059e+26,7.519267477667067e+25,2.3338193827811446e+20,8.149782254293857e+27
iter_0663,7.633368571831429e+27,5.7596045490514555e+26,7.042325396847555e+25,2.2184954154933805e+22,8.279774465659205e+27
iter_0664,7.59846272474771e+27,5.390836078516291e+26,6.272969316374495e+25,9.229188133394962e+21,8.200285254951218e+27
iter_0665,7.456324014231307e+27,5.616984898610307e+26,5.913522715569899e+25,1.1940928844712213e+21,8.077158925340922e+27
iter_0666,7.467962298790915e+27,5.571660638191662e+26,6.446500285742351e+25,9.937449640449154e+22,8.089692739963909e+27
iter_0667,7.527925943424714e+27,5.626412691456417e+26,6.818234642595884e+25,4.207796612493226e+21,8.158753766792927e+27
iter_0668,7.469587601538578e+27,5.519258977076308e+26,6.255262782316217e+25,3.1714455010516554e+21,8.084069298514871e+27
iter_0669,7.54417908017281e+27,5.4197458177708116e+26,6.317100128550524e+25,7.105661156667132e+20,8.149325373801512e+27
iter_0670,7.54406849575841e+27,5.533218512009867e+26,6.268710896512772e+25,6.376824116609824e+22,8.16014122416569e+27
iter_0671,7.524548998049577e+27,5.599730494262344e+26,6.42558293720193e+25,5.057740643691614e+21,8.148782934588474e+27
iter_0672,7.600381725265992e+27,5.729242099025137e+26,6.9388048776745165e+25,1.0576085702356387e+23,8.242799744802274e+27
iter_0673,7.547620444267643e+27,5.7493328730891606e+26,6.614112363375244e+25,2.7064760284958276e+22,8.188721919970597e+27
iter_0674,7.49473433228103e+27,5.469796672135429e+26,6.337102032862801e+25,7.355274335255083e+21,8.105092375097537e+27
iter_0675,7.493488495288795e+27,5.440391788722328e+26,6.3179241082644e+25,1.0206410343201612e+20,8.100707017307774e+27
iter_0676,7.506774325991166e+27,5.5763956400602e+26,6.266415091756849e+25,6.888898189547163e+21,8.127084929812944e+27
iter_0677,7.53090144051298e+27,5.605270653149467e+26,6.29645630374797e+25,1.55331465369495e+22,8.154408602011942e+27
iter_0678,7.606719782569554e+27,5.584067071661113e+26,5.863906738830169e+25,3.907740963101972e+22,8.223804634533597e+27
iter_0679,7.583825346213027e+27,5.733202065221961e+26,6.275846464126664e+25,1.0576085702356387e+23,8.220009778233513e+27
iter_0680,7.476565795846102e+27,5.522149785776056e+26,6.329016535864621e+25,1.1684818061643989e+22,8.092082624600414e+27
iter_0681,7.545501767606133e+27,5.599896489293292e+26,6.748580092818733e+25,2.8187568580569755e+22,8.17300540503223e+27
iter_0682,7.368999526941666e+27,5.424060669831188e+26,6.759800905024102e+25,9.605140567395362e+21,7.979013208115594e+27
iter_0683,7.58014812575624e+27,5.619629273566951e+26,6.486685714650537e+25,2.245764883089005e+22,8.207000367908271e+27
iter_0684,7.434284182672753e+27,5.6595263417439695e+26,6.083050491177533e+25,1.5399431298294487e+22,8.061082721190223e+27
iter_0685,7.536109618236334e+27,5.4482287213621134e+26,6.4478794276731825e+25,3.664339754474863e+22,8.145447928046822e+27
iter_0686,7.57163232239589e+27,5.8600547258802014e+26,6.854736276497054e+25,3.348995085268723e+21,8.226188506743966e+27
iter_0687,7.508591253574147e+27,5.601023207503165e+26,6.922415795659787e+25,2.5983666523105295e+21,8.137920330647714e+27
iter_0688,7.495927606673948e+27,5.541556449035278e+26,7.438887959339387e+25,4.372848831188527e+22,8.124515859659182e+27
iter_0689,7.550050470058428e+27,5.6117955731968584e+26,6.633327257350851e+25,1.1434850069477038e+21,8.177564443436629e+27
iter_0690,7.533897155227879e+27,5.52761679772837e+26,6.498332565977442e+25,1.8818563379520837e+22,8.15166097922387e+27
iter_0691,7.573662712666406e+27,5.660252437248467e+26,7.502037651134554e+25,1.1103715872185476e+22,8.214719436618471e+27
iter_0692,7.559880005803958e+27,5.474348280179039e+26,6.593743663063305e+25,2.0965610534266185e+20,8.173252480108601e+27
iter_0693,7.485952419410533e+27,5.4945466225753054e+26,5.988420268981285e+25,1.0576085702356387e+23,8.0953970452149e+27
iter_0694,7.561042471096105e+27,5.433867509915774e+26,6.7796418367847625e+25,1.4627385458575972e+22,8.172240267840987e+27
iter_0695,7.472433997617645e+27,5.466818802531642e+26,6.643244096407336e+25,3.1257831234885493e+22,8.085579576666118e+27
iter_0696,7.576122672282961e+27,5.7470414792461144e+26,6.829240791372915e+25,3.8555150505859004e+21,8.219123083636352e+27
iter_0697,7.447870948439268e+27,5.320506367700869e+26,6.47329447364873e+25,1.0576085702356387e+23,8.044760290802866e+27
iter_0698,7.576012944052128e+27,5.38963433186941e+26,5.626216216326179e+25,1.0576085702356387e+23,8.171344300259354e+27
iter_0699,7.509410691854203e+27,5.518616341322896e+26,6.258117451837269e+25,2.2918634884079147e+21,8.123855792368354e+27
iter_0700,7.542688782940575e+27,5.7154913366569965e+26,6.948999196052473e+25,3.997179615592125e+21,8.183731905746415e+27
iter_0701,7.535777801448205e+27,5.556270908302266e+26,7.072870630973761e+25,8.903384717336225e+20,8.162134488926642e+27
iter_0702,7.51978892929529e+27,5.5365577301359774e+26,6.1054943847801505e+25,6.139894028989747e+21,8.134505786050718e+27
iter_0703,7.592630010958463e+27,5.453879670331988e+26,6.385555210171374e+25,6.769933187596911e+21,8.201880300026563e+27
iter_0704,7.568655109616414e+27,5.6597588680447106e+26,7.365065758422887e+25,8.173783447605541e+21,8.208289827788561e+27
iter_0705,7.602101510943806e+27,5.455440434856068e+26,6.444342633069952e+25,9.45718642138768e+22,8.212183552624325e+27
iter_0706,7.479127863328138e+27,5.570063849967257e+26,6.596274229432408e+25,9.167784398637894e+20,8.102097907397628e+27
iter_0707,7.526466937527996e+27,5.5215916096175306e+26,6.976100029079748e+25,3.779291388460812e+22,8.148424891694431e+27
iter_0708,7.481308534670799e+27,5.703245691441097e+26,6.846207470267239e+25,1.5834824383654573e+22,8.120111013341964e+27
iter_0709,7.428528103121476e+27,5.362383929342809e+26,5.979902876639911e+25,1.4927254133059098e+21,8.02456701754757e+27
iter_0710,7.432649068174578e+27,5.375745696335084e+26,5.915235908964625e+25,5.748980037295725e+21,8.029381745877771e+27
iter_0711,7.595465353877616e+27,5.794897151012541e+26,6.098056192717256e+25,8.602520988385771e+21,8.23594423342703e+27
iter_0712,7.485578035657665e+27,5.557761416526089e+26,6.518549053080193e+25,4.017012837970969e+21,8.106543684853914e+27
iter_0713,7.479255077142126e+27,5.476000141203515e+26,6.6493441150238065e+25,2.280888389425112e+21,8.093350813301105e+27
iter_0714,7.592219483414672e+27,5.564925037696955e+26,6.5823765942178335e+25,1.4045506993087349e+20,8.214535893581616e+27
iter_0715,7.567615094504792e+27,5.747462553249945e+26,7.0057880280957055e+25,1.0576085702356387e+23,8.212524990967768e+27
iter_0716,7.398047923603756e+27,5.251202261942903e+26,5.579106757790098e+25,7.64178872047127e+19,7.978959293793835e+27
iter_0717,7.418467299852087e+27,5.448035703096675e+26,6.6099558533656045e+25,8.020308087866502e+21,8.0293784490035e+27
iter_0718,7.537053099521055e+27,5.3551079200114255e+26,5.971226659458404e+25,2.0663435691476e+21,8.132278224460351e+27
iter_0719,7.555795805599221e+27,5.7312230393240434e+26,6.936872342558605e+25,1.987719269477748e+22,8.198306710149907e+27
iter_0720,7.582552032666962e+27,5.5632455894170196e+26,6.175081371115243e+25,1.1019294580473933e+21,8.200628507249274e+27
iter_0721,7.490993534239498e+27,5.59353902057709e+26,6.184293751150273e+25,7.647528140936658e+20,8.112191138561525e+27
iter_0722,7.511531602611876e+27,5.902845064011012e+26,6.901980062640753e+25,8.638025737440077e+21,8.170844547665122e+27
iter_0723,7.499952718157016e+27,5.482568258968264e+26,6.2218767758144925e+25,1.0576085702356387e+23,8.110534072669011e+27
iter_0724,7.553085669309159e+27,5.675260414220138e+26,7.285566021821769e+25,2.4330884424834335e+22,8.193491701833816e+27
iter_0725,7.51053455478876e+27,5.368428580826756e+26,6.82915987518935e+25,5.608290793021975e+21,8.115674619914123e+27
iter_0726,7.501872808647019e+27,5.659530464907032e+26,6.471390585860691e+25,1.5894017941781938e+21,8.132541350398123e+27
iter_0727,7.481440761884081e+27,5.501332537147109e+26,6.918220787414739e+25,3.3271162575490347e+21,8.100759550589196e+27
iter_0728,7.52328006076223e+27,5.5306690935805955e+26,6.143685137209574e+25,2.9332397177178237e+22,8.137813153889563e+27
iter_0729,7.455818904868299e+27,5.600003787241756e+26,6.507915425673285e+25,1.0576085702356387e+23,8.081004198706232e+27
iter_0730,7.426257937959405e+27,5.228569488440225e+26,5.883518444581003e+25,1.0576085702356387e+23,8.00805583210626e+27
iter_0731,7.492975690094452e+27,5.5817653010457105e+26,6.759285105191258e+25,3.171795824809784e+21,8.118748243046761e+27
iter_0732,7.5005522425551e+27,5.667095136249239e+26,7.349657126466706e+25,7.0373350309378166e+22,8.140828700795e+27
iter_0733,7.582966521749895e+27,5.79289195045528e+26,7.339406684291635e+25,3.1829909115560125e+22,8.235681613547456e+27
iter_0734,7.577187338930154e+27,5.646707586004578e+26,6.786707626770006e+25,1.941228321946173e+22,8.20974458608153e+27
iter_0735,7.51239545134773e+27,5.673861777534322e+26,6.1408724890945595e+25,2.548829060228688e+21,8.141192902821168e+27
iter_0736,7.430766108029352e+27,5.6264048697603335e+26,7.0305929570123096e+25,5.135762291557806e+21,8.063717660337801e+27
iter_0737,7.542869416935711e+27,5.7181421743788136e+26,6.9328978700073205e+25,2.7565385876912216e+22,8.184040178459542e+27
iter_0738,7.6138867173193e+27,5.68364822371552e+26,6.494391222149341e+25,5.646697108551436e+20,8.247196016582055e+27
iter_0739,7.58163334751048e+27,5.546854983003148e+26,6.42595156491986e+25,1.0576085702356387e+23,8.200684122317018e+27
iter_0740,7.406002543024452e+27,5.6149634107452595e+26,6.371883574529672e+25,5.015366665391415e+22,8.031267873510928e+27
iter_0741,7.532141067219552e+27,5.655367517392901e+26,6.995085294676747e+25,1.8098393345268709e+22,8.167646770298954e+27
iter_0742,7.585399772697027e+27,5.81626844255753e+26,7.665882931864727e+25,2.3857071121403284e+21,8.243687831978538e+27
iter_0743,7.559793963386551e+27,5.678299506742028e+26,6.822271397742081e+25,1.0576085702356387e+23,8.195952388895198e+27
iter_0744,7.606184288484822e+27,5.5346607634106e+26,6.067436171659412e+25,2.5023465444134e+21,8.220327228889021e+27
iter_0745,7.467758197119254e+27,5.605243525960432e+26,7.2357029328233656e+25,1.0576085702356387e+23,8.100745339900554e+27
iter_0746,7.550251874622052e+27,5.6125441086744234e+26,5.892543224151529e+25,6.488384134847428e+21,8.170438206115145e+27
iter_0747,7.376925985457134e+27,5.677470363619574e+26,7.399370554097794e+25,1.0576085702356387e+23,8.018772488217093e+27
iter_0748,7.500336047648399e+27,5.781392785835764e+26,6.971684991483314e+25,1.1279736637513238e+21,8.148193304120473e+27
iter_0749,7.538588096933247e+27,5.505851251093021e+26,6.349791384711349e+25,2.0713283228510475e+21,8.152673207217985e+27
iter_0750,7.477031678089798e+27,5.642435518735018e+26,7.6087781185780545e+25,1.2924986549188923e+22,8.117375936135629e+27
iter_0751,7.539014101562225e+27,5.6247889353472034e+26,7.346557559232474e+25,1.8584029590411411e+21,8.174960429092229e+27
iter_0752,7.524514835898999e+27,5.584000337269964e+26,6.410140350647848e+25,5.499578426512297e+22,8.14707126891674e+27
iter_0753,7.482024000417796e+27,5.364736074850687e+26,6.222756499497541e+25,9.239661753901716e+22,8.080817569515379e+27
iter_0754,7.598735183622279e+27,5.958046935080624e+26,7.286785101324922e+25,5.567313096642987e+20,8.2674082848749e+27
iter_0755,7.485303513332049e+27,5.65109350030724e+26,6.678632035815186e+25,1.0576085702356387e+23,8.11730494457795e+27
iter_0756,7.498488864821184e+27,5.65867156121866e+26,7.043196270395045e+25,3.5163073082224844e+22,8.134823146720082e+27
iter_0757,7.604797487585806e+27,5.8718463069891684e+26,7.052235430091544e+25,8.525696891172435e+21,8.262512998282529e+27
iter_0758,7.520586262849734e+27,5.645694863967945e+26,6.197958725889325e+25,1.338880488270952e+22,8.147148725310305e+27
iter_0759,7.610164571306943e+27,5.61815511955473e+26,6.59734237612903e+25,7.973237249487071e+19,8.237953586756078e+27
iter_0760,7.487122632191579e+27,5.4804072256370674e+26,6.932497980881298e+25,2.2062949245678374e+22,8.104510397513345e+27
iter_0761,7.534391510860224e+27,5.5054586496661e+26,5.617227112702906e+25,3.6310867028694327e+22,8.141145957820892e+27
iter_0762,7.485318318143912e+27,5.6080919925520474e+26,6.9065073321724075e+25,1.1756675432333025e+21,8.115193766388384e+27
iter_0763,7.549016219465824e+27,5.778792513053898e+26,6.426020525546187e+25,1.270416577627697e+21,8.191156946443253e+27
iter_0764,7.521173937745384e+27,5.523127127792785e+26,6.566547240641456e+25,6.340147905241503e+21,8.139158463078981e+27
iter_0765,7.557598550529497e+27,5.767419207276377e+26,7.0470151284477595e+25,5.471086542974035e+22,8.204865333407043e+27
iter_0766,7.480652447056159e+27,5.636582425906528e+26,6.610161474237143e+25,3.119594526389103e+21,8.110415423983709e+27
iter_0767,7.513188959265814e+27,5.7116297696892444e+26,6.1565363436520255e+25,9.966576607762756e+21,8.145927266247868e+27
iter_0768,7.45151781573919e+27,5.670628475742633e+26,6.512820031968618e+25,3.4356987136538145e+22,8.083743220620277e+27
iter_0769,7.564969337011553e+27,5.685476651572455e+26,6.255354280908702e+25,5.745974745571028e+22,8.196128004725342e+27
iter_0770,7.569588419040079e+27,5.5996526172879515e+26,6.389214843549475e+25,1.4480182944130237e+22,8.193460309387312e+27
iter_0771,7.629369160411796e+27,5.6932403263007494e+26,7.756158541671752e+25,4.3462050260120476e+21,8.276259124663614e+27
iter_0772,7.504849712863746e+27,5.8822991730732606e+26,7.118844284717561e+25,6.482376879131916e+22,8.16433289678704e+27
iter_0773,7.455713570122288e+27,5.370413474523245e+26,6.142382112815209e+25,1.0576085702356387e+23,8.054284499559787e+27
iter_0774,7.46555250820898e+27,5.7613935442496e+26,7.179575025454083e+25,2.9415824278509345e+22,8.11351702871276e+27
iter_0775,7.474106271331672e+27,5.4214117060496296e+26,6.136762355204556e+25,2.9107513281884376e+20,8.077615356563814e+27
iter_0776,7.497786658711363e+27,5.7636322714357466e+26,6.866340585556954e+25,6.750503159981297e+21,8.142820042213667e+27
iter_0777,7.511666905216905e+27,5.8527937543145865e+26,7.284244311424356e+25,7.331176804375153e+22,8.16986203553065e+27
iter_0778,7.487444083215324e+27,5.579032033399145e+26,6.412472858261954e+25,8.692448441471131e+20,8.109472884382702e+27
iter_0779,7.555700721053267e+27,5.6229962695362764e+26,7.68084080981839e+25,1.096835158675369e+22,8.194819724456664e+27
iter_0780,7.588387630754696e+27,5.5914377402376544e+26,6.809210662555951e+25,3.415196328764057e+20,8.215623852923655e+27
iter_0781,7.556734460680006e+27,5.5724702724184375e+26,6.80449516993409e+25,2.0673483365736448e+21,8.182028506969528e+27
iter_0782,7.467611539554406e+27,5.577854421309508e+26,7.1835167386775175e+25,4.096761120823382e+21,8.097236245833252e+27
iter_0783,7.536720012890371e+27,5.695530122279781e+26,7.050588548039446e+25,2.72251582783888e+21,8.176781633114572e+27
iter_0784,7.553457962119855e+27,5.726509856661298e+26,7.156285948476933e+25,1.8733323667502331e+22,8.197690540594421e+27
iter_0785,7.55875321940848e+27,5.6937952349942456e+26,6.565291826973542e+25,9.904068517803694e+20,8.193786651584491e+27
iter_0786,7.504197966665305e+27,5.573384074266598e+26,6.961987687957625e+25,1.262184611001495e+22,8.131168872817651e+27
iter_0787,7.564258196608195e+27,5.6927801058412174e+26,5.7521464040408795e+25,1.2687128254942714e+22,8.191070358360981e+27
iter_0788,7.571567542028199e+27,5.521216355161918e+26,6.132389905464899e+25,1.0576085702356387e+23,8.185118837456063e+27
iter_0789,7.433690238692447e+27,5.671211625413117e+26,6.438139465525774e+25,2.1388241573387377e+22,8.06521418413059e+27
iter_0790,7.516314676574803e+27,5.7179956761137066e+26,6.677888066667888e+25,1.2788942970283545e+22,8.154905913795823e+27
iter_0791,7.491497200703508e+27,5.633960053411862e+26,6.476512660085871e+25,1.4403353282915806e+22,8.119672735998836e+27
iter_0792,7.55466649230645e+27,5.9279202792993924e+26,7.770318574974452e+25,1.0576085702356387e+23,8.225267466843157e+27
iter_0793,7.431191458567709e+27,5.3856841074699114e+26,6.082518515768737e+25,5.860975964067163e+22,8.030643664232028e+27
iter_0794,7.633346840597651e+27,5.7772009445128664e+26,6.256254296337708e+25,1.0673143750654436e+22,8.273640151156066e+27
iter_0795,7.592254410997685e+27,5.596952525460968e+26,7.182623371798282e+25,8.704678878817578e+21,8.223784601940642e+27
iter_0796,7.4970422210429e+27,5.4466765915268275e+26,6.270285781004215e+25,5.8467976887195484e+19,8.104412796473602e+27
iter_0797,7.514882916291929e+27,5.523784855383269e+26,5.900470863419215e+25,1.0576085702356387e+23,8.126371871321471e+27
iter_0798,7.595320582910079e+27,5.7535558310308745e+26,7.010753603562838e+25,1.3598154680679156e+21,8.240785061864264e+27
iter_0799,7.535469989567023e+27,5.405297528307671e+26,5.995573430208496e+25,9.534117509134326e+20,8.135956430111626e+27
iter_0800,7.496939557695767e+27,5.476865123301255e+26,6.8598193130519435e+25,1.686094044968321e+21,8.113225949250458e+27
iter_0801,7.544974711235596e+27,5.776294139473591e+26,7.078276369248575e+25,1.0576085702356387e+23,8.193492649732465e+27
iter_0802,7.510027814083514e+27,5.5425799291938196e+26,6.211477678021494e+25,1.5975374987190298e+22,8.126416559158099e+27
iter_0803,7.523390702519032e+27,5.5597396614208794e+26,6.318515346709482e+25,3.337798376135784e+22,8.142583200111976e+27
iter_0804,7.479081955567177e+27,5.5143990011159906e+26,6.740914680465554e+25,1.6658529579788993e+21,8.09793266833639e+27
iter_0805,7.618291824925424e+27,5.4546711430121144e+26,7.2935660396469595e+25,9.732004578087972e+21,8.236704331627683e+27
iter_0806,7.549813362733028e+27,5.535058404963389e+26,6.735486100512068e+25,1.0576085702356387e+23,8.170779825091511e+27
iter_0807,7.505795075158127e+27,5.643165940715502e+26,6.366568348263778e+25,3.786976995827622e+22,8.133815222482272e+27
iter_0808,7.453135940948017e+27,5.664165804551018e+26,6.516264921437744e+25,5.205066633719069e+21,8.084720375684131e+27
iter_0809,7.486664468908111e+27,5.5114454257647244e+26,6.623892831026825e+25,2.915786889617612e+21,8.104050855581743e+27
iter_0810,7.429668720729975e+27,5.530735708033752e+26,6.388100484054827e+25,2.5930687983685033e+21,8.046625889442696e+27
iter_0811,7.400015452876735e+27,5.544092847163827e+26,6.839631664801557e+25,4.108457976741795e+22,8.022862138820902e+27
iter_0812,7.628149615507312e+27,5.631311347379985e+26,7.446835131209896e+25,6.776033826558587e+21,8.265755877591236e+27
iter_0813,7.587451153706928e+27,5.710523839733914e+26,6.2960219178099185e+25,7.304897459277764e+20,8.221464487348165e+27
iter_0814,7.47721728572043e+27,5.468977351903383e+26,5.7386287087011205e+25,3.2163715021053483e+21,8.081504524369282e+27
iter_0815,7.500174466479963e+27,5.6089218027952806e+26,5.961797683723552e+25,5.5462059046812726e+20,8.120685178217318e+27
iter_0816,7.462374029035475e+27,5.324672638505654e+26,5.935905829815934e+25,1.949055262056372e+20,8.054200546089725e+27
iter_0817,7.559929126923396e+27,5.491508197273283e+26,7.189414110585155e+25,1.0576085702356387e+23,8.1810798486136e+27
iter_0818,7.550837170439234e+27,5.3934818647178194e+26,6.123723513139443e+25,1.202975587582538e+22,8.151434621798286e+27
iter_0819,7.546302148737765e+27,5.6350133201755884e+26,6.391676359329501e+25,4.1254307434472706e+21,8.173724369779362e+27
iter_0820,7.510385759898063e+27,5.911060968078367e+26,6.981668129628577e+25,3.6757386719579493e+21,8.171312213740857e+27
iter_0821,7.582282312185155e+27,5.565024541516804e+26,6.275809359597047e+25,1.0576085702356387e+23,8.201648620789829e+27
iter_0822,7.471143282728125e+27,5.6518943109431995e+26,7.0874328271568065e+25,8.911988373959141e+20,8.107207933292851e+27
iter_0823,7.685350291446764e+27,5.795361494635197e+26,7.606588722733326e+25,3.8302083317719467e+21,8.340956158345949e+27
iter_0824,7.556301232953644e+27,5.595111985673185e+26,6.440995649173102e+25,3.7635621407455545e+21,8.180226151574834e+27
iter_0825,7.494351264163843e+27,5.935905572447692e+26,7.931747807506328e+25,1.9095079645098708e+20,8.167259490434472e+27
iter_0826,7.521560254853682e+27,5.619233227791578e+26,6.154835680684932e+25,8.909300598945587e+20,8.145032825369749e+27
iter_0827,7.604042864828914e+27,5.7350129101448474e+26,7.202742786439728e+25,2.866007633184537e+22,8.249600243784127e+27
iter_0828,7.511022273764922e+27,5.8668049447453325e+26,6.11061050528602e+25,5.4505569300568415e+20,8.158809418348008e+27
iter_0829,7.520593570633818e+27,5.60433181901188e+26,7.198647314652196e+25,1.4176293198048904e+21,8.153014643310847e+27
iter_0830,7.522274162381084e+27,5.7229175359007525e+26,7.730461626522167e+25,1.0576085702356387e+23,8.171976293093405e+27
iter_0831,7.577476639321928e+27,5.6812079968395936e+26,7.180473970592343e+25,1.6024401627817396e+21,8.217403781151974e+27
iter_0832,7.46245900076597e+27,5.6457127166079324e+26,6.698340984870368e+25,3.187094974988309e+21,8.094016869370443e+27
iter_0833,7.458153286368751e+27,5.586255601320605e+26,7.000771464070491e+25,8.803551777713274e+20,8.086787441496694e+27
iter_0834,7.548101008320605e+27,5.381789763627826e+26,6.039627136241372e+25,3.3502928463295844e+22,8.146709758974265e+27
iter_0835,7.580480373660808e+27,5.294970544184019e+26,6.580658443559079e+25,1.0576085702356387e+23,8.175889773371824e+27
iter_0836,7.644435898903639e+27,5.620199615222901e+26,6.319471451878719e+25,3.494427700821356e+21,8.269654069372418e+27
iter_0837,7.53069830629558e+27,5.526239324789275e+26,6.769316628564506e+25,2.213830981191253e+21,8.151017618891133e+27
iter_0838,7.514103011540527e+27,5.6214972108574596e+26,6.902503106402215e+25,8.336270722767483e+22,8.145361126397523e+27
iter_0839,7.46354132442139e+27,5.507719065975664e+26,5.758062700712829e+25,2.494531474633297e+22,8.071918803340831e+27
iter_0840,7.4920556727434e+27,5.6964264554112936e+26,6.957642994486485e+25,1.4443438379238773e+22,8.131289191667773e+27
iter_0841,7.465998495940657e+27,5.861700936993165e+26,6.286651329706968e+25,4.9792681455266055e+22,8.115084895618499e+27
iter_0842,7.458331722284907e+27,5.262553393712475e+26,5.782440014821198e+25,4.586379335230124e+22,8.04245732559772e+27
iter_0843,7.453719797358665e+27,5.598840176074041e+26,6.1045721769176176e+25,8.280515154574208e+20,8.074650364786761e+27
iter_0844,7.49434626778993e+27,5.5698617020622254e+26,6.83691998441292e+25,2.021990526338809e+22,8.119721857745545e+27
iter_0845,7.62012730767602e+27,5.7171387689643444e+26,6.61193476191012e+25,4.633302461362624e+20,8.257960995521801e+27
iter_0846,7.609654942305301e+27,5.645120974653432e+26,6.863046393143604e+25,1.314908393179598e+22,8.242810652786012e+27
iter_0847,7.538079083208918e+27,5.571589711267546e+26,7.050771333057486e+25,4.601312878496229e+22,8.165791780795032e+27
iter_0848,7.605768968979779e+27,5.424384973824469e+26,6.415601755776035e+25,6.517609223890224e+22,8.212428660012226e+27
iter_0849,7.504614759312384e+27,5.801104080379955e+26,6.785234480480733e+25,3.732901081092825e+21,8.152581245056266e+27
iter_0850,7.528731670973677e+27,5.3936561153706075e+26,5.895069134842587e+25,3.650235211372315e+21,8.127051624094375e+27
iter_0851,7.526292895269529e+27,5.531619661975606e+26,6.39084217463667e+25,6.747951651136939e+20,8.143363958008621e+27
iter_0852,7.413533814008601e+27,5.6116559587653374e+26,6.6943646947590075e+25,9.268543364043772e+21,8.04165232537609e+27
iter_0853,7.520230364180507e+27,5.843197130394924e+26,7.111391989483929e+25,5.624632813031565e+21,8.175669621747652e+27
iter_0854,7.481307513607834e+27,5.5937129705643126e+26,5.949607093408838e+25,1.3461588074571277e+22,8.100188343186428e+27
iter_0855,7.510218155562334e+27,5.647996244811677e+26,7.284627669406447e+25,1.1534233858580345e+22,8.147875590971424e+27
iter_0856,7.584621422987152e+27,5.6555158597295234e+26,6.404125818894442e+25,1.0039138060267166e+22,8.214224306287108e+27
iter_0857,7.506019297733438e+27,5.4955242863567386e+26,5.983519005197969e+25,8.694703005581769e+21,8.115415611124097e+27
iter_0858,7.567623914443053e+27,5.905753355547934e+26,6.928673355855721e+25,1.0576085702356387e+23,8.227591744413427e+27
iter_0859,7.53974475745781e+27,5.681750023360463e+26,7.23265429823811e+25,2.0329507734948565e+21,8.18024833572701e+27
iter_0860,7.500268514739026e+27,5.770018708271658e+26,6.612367352022582e+25,1.6407801346651566e+21,8.143395699866552e+27
iter_0861,7.540070666500926e+27,5.352029930664394e+26,5.761659689228304e+25,2.4294916261481957e+22,8.13291455137591e+27
iter_0862,7.53849850256669e+27,5.759741084259658e+26,6.278598213030529e+25,5.823387124226178e+21,8.177264416510085e+27
iter_0863,7.628249916415628e+27,5.698499254923221e+26,6.2453788964954695e+25,2.1576886404644394e+22,8.26057520775931e+27
iter_0864,7.510191082705771e+27,5.65541484509088e+26,7.298931904492266e+25,1.0576085702356387e+23,8.148827647116805e+27
iter_0865,7.50991121950827e+27,5.7732973503902105e+26,6.799218639608618e+25,6.553558846856985e+20,8.155233796299262e+27
iter_0866,7.465862017649627e+27,5.540996058867457e+26,6.2981275103261606e+25,1.0677129892942565e+22,8.082953575769528e+27
iter_0867,7.52607056122485e+27,5.456799587951353e+26,6.841772832678199e+25,1.4132045026853955e+21,8.140169661551271e+27
iter_0868,7.505883382997369e+27,5.637888975358314e+26,6.271559956415986e+25,2.3119107896330817e+20,8.132388111288439e+27
iter_0869,7.56621574784468e+27,5.567318822146308e+26,7.55962550180369e+25,3.993893695661174e+22,8.198583824014304e+27
iter_0870,7.504590580449064e+27,5.402411795210961e+26,6.276488753467895e+25,5.7349327754892444e+20,8.107597220998116e+27
iter_0871,7.495124945432378e+27,5.9107823301828266e+26,6.888649528996601e+25,1.1707262257490285e+21,8.155090844466853e+27
iter_0872,7.560281544288595e+27,5.6535841216978214e+26,6.427887740113586e+25,2.291966845277515e+21,8.189921125826358e+27
iter_0873,7.5284137755179e+27,5.7742672345641965e+26,6.713395741541861e+25,1.1986023062394116e+22,8.172986442412801e+27
iter_0874,7.523849354423162e+27,5.366341829271828e+26,6.244531488170438e+25,2.1292263670959416e+22,8.122950144495719e+27
iter_0875,7.556096496927581e+27,5.800901126920517e+26,6.86935940506747e+25,4.004834512541256e+22,8.204920252015433e+27
iter_0876,7.53168463818801e+27,5.483413297405313e+26,5.423487497148e+25,3.0374541887686998e+22,8.134291217441909e+27
iter_0877,7.577305240370786e+27,5.815321895819271e+26,6.577323136241116e+25,9.32863068379703e+22,8.224703947621962e+27
iter_0878,7.44704016978606e+27,5.783518882821097e+26,7.4871783043350144e+25,2.0185305091517285e+22,8.100284026416611e+27
iter_0879,7.615788295837159e+27,5.871822781594543e+26,7.405344683161484e+25,1.0576085702356387e+23,8.277129781685252e+27
iter_0880,7.522561123967521e+27,5.829097384939032e+26,7.98892593115741e+25,7.631076160261969e+19,8.185360198083759e+27
iter_0881,7.635763790795887e+27,5.787677977726217e+26,6.431310554504712e+25,1.2430719884270697e+22,8.278857124833439e+27
iter_0882,7.506084518483845e+27,5.684853299015675e+26,6.993790389879578e+25,1.0576085702356387e+23,8.144613513141232e+27
iter_0883,7.400654202989985e+27,5.304861969567345e+26,6.038060157229176e+25,1.0576085702356387e+23,7.991626762376035e+27
iter_0884,7.536629424005042e+27,5.47108679981561e+26,6.842074535333249e+25,1.0576085702356387e+23,8.15226461019696e+27
iter_0885,7.479553898936504e+27,5.5397473913341116e+26,6.417183092496525e+25,1.0576085702356387e+23,8.097806229851904e+27
iter_0886,7.471926198138115e+27,5.4912256615686474e+26,6.076436434078965e+25,1.1191887041712412e+22,8.081824320522811e+27
iter_0887,7.55526133276928e+27,5.741709039799657e+26,6.93216439603295e+25,1.0576085702356387e+23,8.198859641566599e+27
iter_0888,7.557951131970926e+27,5.943869700269745e+26,7.1329634919790185e+25,3.4637617732541203e+21,8.223671200679464e+27
iter_0889,7.45761229088393e+27,5.668303153929975e+26,6.924738778719997e+25,1.2272194388277125e+21,8.093691221283567e+27
iter_0890,7.500090062728355e+27,5.597036671477484e+26,7.1022446516548766e+25,1.0576085702356387e+23,8.130921937249676e+27
iter_0891,7.461308419052012e+27,5.595499057185452e+26,7.618368842079531e+25,1.1053462440750763e+22,8.097053066653792e+27
iter_0892,7.443574635085355e+27,5.571758061530002e+26,6.841167528741715e+25,5.829219939920717e+22,8.069220408725172e+27
iter_0893,7.542163511290206e+27,5.669936754908952e+26,7.130160707857489e+25,2.032265238385275e+20,8.1804589970862e+27
iter_0894,7.542555865377331e+27,5.766985256761803e+26,6.894835065024954e+25,2.5968462822944313e+20,8.188203001388389e+27
iter_0895,7.487283794132609e+27,5.845799812665587e+26,7.188184313022293e+25,4.5361593040515236e+21,8.143750154688695e+27
iter_0896,7.6044101494313e+27,5.64264901851265e+26,6.790776484981516e+25,6.21666330292846e+22,8.23664498276541e+27
iter_0897,7.555574846673727e+27,5.593995924108534e+26,7.178714818903214e+25,1.0576085702356387e+23,8.186867348130636e+27
iter_0898,7.488199815156316e+27,5.408609067279259e+26,6.932569665065953e+25,1.7923673035204643e+22,8.098404342207936e+27
iter_0899,7.52843545710346e+27,5.6932913293065856e+26,6.624135483213064e+25,7.390511415275832e+21,8.164013335377664e+27
iter_0900,7.494264742320841e+27,5.8711911680272044e+26,6.966389634667392e+25,1.0576085702356387e+23,8.151153516327258e+27
iter_0901,7.432537028328943e+27,5.4548168114207256e+26,6.495840405482469e+25,7.857019678963301e+21,8.042984970545519e+27
iter_0902,7.520069923766915e+27,5.503924031083073e+26,5.535072493486497e+25,3.597086961512943e+21,8.125816648897048e+27
iter_0903,7.509582108488489e+27,5.462543039013186e+26,6.33705656052502e+25,1.8041294988233176e+22,8.119225019290046e+27
iter_0904,7.54796187120855e+27,5.592857782893238e+26,7.06882754505797e+25,1.0144769574009062e+22,8.177946069718029e+27
iter_0905,7.528523771991652e+27,5.4718023480490385e+26,6.51171773737319e+25,2.849514310490426e+22,8.140849679313392e+27
iter_0906,7.522571877101838e+27,5.6506613797683006e+26,7.025218964927117e+25,3.2556793734613985e+21,8.157893460407312e+27
iter_0907,7.54686013243655e+27,5.5675584205218963e+26,6.441064473656677e+25,9.175119020202512e+22,8.168118370415509e+27
iter_0908,7.453484180669342e+27,5.390112993949087e+26,5.26416320084077e+25,1.9761763633257825e+21,8.045139088249022e+27
iter_0909,7.520760022427058e+27,5.4015214883211614e+26,6.357984941173696e+25,1.0576085702356387e+23,8.124597781527934e+27
iter_0910,7.498299355390633e+27,5.825552134485557e+26,7.425210813233021e+25,1.5681855576571822e+22,8.155122358827096e+27
iter_0911,7.586370124040679e+27,5.8656224436658645e+26,7.450993012374215e+25,8.584631016104563e+21,8.247450883162024e+27
iter_0912,7.512570745541077e+27,5.468055818379504e+26,6.710999176238592e+25,2.7672949821059226e+22,8.126513992091235e+27
iter_0913,7.478006241885611e+27,5.562779438339684e+26,6.577601190132683e+25,4.1269774701859433e+21,8.100064324598377e+27
iter_0914,7.476648503948481e+27,5.429712374803737e+26,6.537974171982196e+25,2.2834475872930014e+21,8.085001766596264e+27
iter_0915,7.596922453787383e+27,5.79632962234465e+26,7.42166995220567e+25,7.573091916905537e+21,8.250779688635821e+27
iter_0916,7.490302156279213e+27,5.5427089561015856e+26,6.905684797098686e+25,7.947095392372986e+22,8.113709370814281e+27
iter_0917,7.523347896137432e+27,5.609292398382681e+26,7.016764512601756e+25,1.563189714801743e+21,8.154446344291432e+27
iter_0918,7.53571902808591e+27,5.7302088035785026e+26,7.124742475509097e+25,7.22577720713648e+22,8.180059590970923e+27
iter_0919,7.502476335007351e+27,5.7290144444903964e+26,7.1466645825113384e+25,2.0837936664403235e+22,8.146865263218168e+27
iter_0920,7.564335269169054e+27,5.4752317939273266e+26,5.64791882465489e+25,2.434686369439211e+21,8.168340071494705e+27
iter_0921,7.477881545745705e+27,5.576647789727371e+26,6.1712204589084735e+25,1.2964905894696292e+21,8.097259825798118e+27
iter_0922,7.522819916639647e+27,5.582925341324906e+26,6.736777557513302e+25,1.8394715366427787e+22,8.148498621062637e+27
iter_0923,7.478400226306534e+27,5.631623877905986e+26,7.169368577943153e+25,1.5291968964718617e+21,8.11325782907346e+27
iter_0924,7.443174907412343e+27,5.661241638279582e+26,6.246683724421793e+25,3.982247794653707e+21,8.071769890732313e+27
iter_0925,7.495563790918471e+27,5.679953293182924e+26,6.848333999229306e+25,1.1435854352579954e+22,8.132053896083409e+27
iter_0926,7.42213476334398e+27,5.5925510188879354e+26,7.157081755822922e+25,2.446062213147738e+22,8.052985143413134e+27
iter_0927,7.594384482583335e+27,5.8777925165137886e+26,6.262230731845742e+25,1.0186898110333146e+23,8.244887910534274e+27
iter_0928,7.60547176067796e+27,5.583321960106219e+26,6.449834028865952e+25,1.0174874986248042e+22,8.228312471852228e+27
iter_0929,7.50257582588946e+27,5.5700680977933505e+26,7.2686103509678425e+25,4.543716915290083e+21,8.132273282895389e+27
iter_0930,7.582768861404677e+27,5.5540464992625435e+26,6.468827881378524e+25,8.091139699567343e+22,8.202942701541712e+27
iter_0931,7.472447109570687e+27,5.564318774889224e+26,6.824683242171586e+25,2.5339761817639725e+21,8.097128353457507e+27
iter_0932,7.537929545167327e+27,5.763796806000895e+26,7.857608809259133e+25,5.140743599361446e+21,8.192890454603608e+27
iter_0933,7.443423401338458e+27,5.741732247418349e+26,6.984534052428491e+25,3.0187234127945763e+22,8.087472153838707e+27
iter_0934,7.422104189582842e+27,5.799637796549449e+26,7.200767425928796e+25,1.0576085702356387e+23,8.074181404354098e+27
iter_0935,7.587713737531794e+27,5.938767508604864e+26,6.935432994969583e+25,4.041615985244774e+22,8.25098523450183e+27
iter_0936,7.632452973287019e+27,5.71172797112096e+26,6.116634057691993e+25,1.926325837021368e+21,8.264794037301872e+27
iter_0937,7.591053829509866e+27,5.68601201986338e+26,6.291139332874245e+25,1.0913397503550086e+22,8.22257733822245e+27
iter_0938,7.545512297370523e+27,5.62593237939096e+26,6.287771881004574e+25,2.5490297344307773e+20,8.170983509022638e+27
iter_0939,7.508649830212724e+27,5.23163558632099e+26,5.71025235693286e+25,2.052761523349975e+20,8.088916117690305e+27
iter_0940,7.464581328336544e+27,5.441494475313628e+26,5.875468033409583e+25,5.366534813418568e+21,8.067490822736816e+27
iter_0941,7.444042439982167e+27,5.632554288768583e+26,6.833938132158303e+25,8.673945519817631e+22,8.075723989635806e+27
iter_0942,7.517867941350433e+27,5.58281140697216e+26,6.445998891128723e+25,6.697422932329399e+22,8.14067604518826e+27
iter_0943,7.411154420394489e+27,5.386095992129292e+26,7.068334867776849e+25,4.5592755500440785e+22,8.020492961040687e+27
iter_0944,7.649287687938243e+27,5.575590002913629e+26,6.4755969452659066e+25,8.058232966651422e+22,8.271683240011931e+27
iter_0945,7.511093178781458e+27,5.8119404490106056e+26,6.083212278790806e+25,1.1016815886584282e+21,8.153120448152016e+27
iter_0946,7.552152489745486e+27,5.7506226151177434e+26,7.084038251097454e+25,1.6733068844314017e+22,8.198071866837079e+27
iter_0947,7.663856931244956e+27,5.709339207551634e+26,7.2192023356538085e+25,1.9413997220071478e+21,8.306984816756379e+27
iter_0948,7.504814109696636e+27,5.511770566450907e+26,5.656920495423274e+25,1.0576085702356387e+23,8.112666132152984e+27
iter_0949,7.685789513444824e+27,5.796904298338165e+26,6.20692800904138e+25,1.2393882855206056e+21,8.327550462757338e+27
iter_0950,7.579301527134496e+27,5.466271322664758e+26,7.016751610967447e+25,7.728458454071173e+21,8.196103903969101e+27
iter_0951,7.519559197112068e+27,5.896110712281202e+26,7.00026882004945e+25,6.188020076252504e+21,8.179179144560759e+27
iter_0952,7.511643170186471e+27,5.679571069159443e+26,6.94002606302242e+25,1.0576085702356387e+23,8.149106298589663e+27
iter_0953,7.434031930883599e+27,5.470748464317122e+26,6.287466818910021e+25,5.4629846380254115e+20,8.043981991802876e+27
iter_0954,7.448883047248639e+27,5.4478804385417586e+26,6.815457698044197e+25,6.095326081469544e+21,8.061831763409339e+27
iter_0955,7.44806303576656e+27,5.5031706295185705e+26,6.732965627077974e+25,1.973224113901424e+20,8.065709952311609e+27
iter_0956,7.546846973237932e+27,5.493238545173428e+26,6.0738880606401635e+25,4.1271654755612256e+20,8.156910121078224e+27
iter_0957,7.673227565768071e+27,5.845021663221306e+26,7.177957695631603e+25,7.644857888353372e+20,8.329510073532308e+27
iter_0958,7.56896804906366e+27,5.487746510412399e+26,6.429856068934725e+25,8.851721450128022e+21,8.182050112515696e+27
iter_0959,7.522524065921625e+27,5.533525132827276e+26,6.505519692301602e+25,1.3727495339933876e+22,8.140945503622709e+27
iter_0960,7.504550091137669e+27,5.8903187307820136e+26,7.267884008753798e+25,1.0576085702356387e+23,8.166366565160433e+27
iter_0961,7.51667113720914e+27,5.86977701449434e+26,7.961513526289282e+25,7.509094447321229e+21,8.183271483015914e+27
iter_0962,7.536138305750084e+27,5.739655376619745e+26,7.2293936439166474e+25,1.1919208208927891e+22,8.182409699059434e+27
iter_0963,7.49151004718755e+27,5.764976424853632e+26,6.668129457522764e+25,3.3379025292421753e+22,8.134722363273433e+27
iter_0964,7.591969153281728e+27,5.649273855309774e+26,6.968753006572037e+25,2.7994748216066783e+22,8.226612063626641e+27
iter_0965,7.448808841013447e+27,5.6375752176161526e+26,6.937878428073868e+25,2.9466884265617478e+22,8.081974613940066e+27
iter_0966,7.537521086833281e+27,5.542675138652876e+26,5.806774202741582e+25,1.916903759216836e+22,8.149875511763577e+27
iter_0967,7.486233682912838e+27,5.6060238920081826e+26,6.744478163532794e+25,5.926820884510433e+21,8.114286780569869e+27
iter_0968,7.590736179850684e+27,5.778411320192574e+26,6.908119243872967e+25,4.417862529297676e+22,8.237702682933965e+27
iter_0969,7.518704501370659e+27,5.511180777858458e+26,6.999616398056776e+25,1.0576085702356387e+23,8.139924503994096e+27
iter_0970,7.47893510880988e+27,5.7444794437744e+26,6.666887484457155e+25,2.717607604928769e+21,8.120054645639495e+27
iter_0971,7.630658640445144e+27,5.7194587703249e+26,6.980168626575328e+25,1.9048123483750852e+20,8.272406394224622e+27
iter_0972,7.400615193038595e+27,5.425770285160455e+26,6.0461304892458185e+25,3.314280533591756e+22,8.003686669252434e+27
iter_0973,7.583566148735779e+27,5.615718387642753e+26,6.169615674052353e+25,2.1123963885498325e+21,8.206836256636965e+27
iter_0974,7.464670822997586e+27,5.444710424998322e+26,7.113085944868872e+25,2.614462815055242e+21,8.080275339408921e+27
iter_0975,7.417710053906271e+27,5.4510314955356816e+26,6.403370399990736e+25,8.312349586285136e+20,8.026847738694705e+27
iter_0976,7.476893585589823e+27,5.77658661445332e+26,7.075160412317415e+25,3.307066506525654e+22,8.125336921823395e+27
iter_0977,7.410429753427105e+27,5.5288879186147735e+26,5.986886241524352e+25,1.0576085702356387e+23,8.023293168560849e+27
iter_0978,7.648149369749825e+27,5.662721484691799e+26,6.76369126197123e+25,3.606584904663597e+20,8.282058791497207e+27
iter_0979,7.549780435827377e+27,5.650023445122776e+26,6.7335550794244555e+25,1.7378706712837241e+22,8.182135709840611e+27
iter_0980,7.574724193503267e+27,5.34878755310079e+26,6.716113815446039e+25,1.0539201246689476e+22,8.176774626169052e+27
iter_0981,7.561922272189721e+27,5.672527033157027e+26,6.262068342971282e+25,1.0576085702356387e+23,8.19190141979216e+27
iter_0982,7.564058819500271e+27,5.5747968508994166e+26,6.76407149658993e+25,1.7776928509782225e+22,8.189196996484621e+27
iter_0983,7.651160094451913e+27,5.4528670640234055e+26,6.7751643166917785e+25,1.946214991886342e+21,8.264200390236164e+27
iter_0984,7.542675624057694e+27,5.6113527529952166e+26,7.588412144379287e+25,8.36998863398983e+22,8.179778720687348e+27
iter_0985,7.58492903303297e+27,5.738049666384343e+26,6.346285746891814e+25,2.902227519297237e+21,8.222199759367842e+27
iter_0986,7.510424172089134e+27,5.579689126886537e+26,5.9123429443518606e+25,2.196524967318487e+22,8.127538479470979e+27
iter_0987,7.506963264325968e+27,5.5858644032117334e+26,6.402680377652032e+25,1.7417067568217928e+21,8.129578250130418e+27
iter_0988,7.459407897626694e+27,5.67668387603405e+26,7.258343886621389e+25,2.4726019633627115e+21,8.099662196698277e+27
iter_0989,7.502069898838783e+27,5.876586055706913e+26,7.103445127325677e+25,2.661644199782487e+21,8.160765617326931e+27
iter_0990,7.570722237994373e+27,5.534095190907576e+26,6.4040966591832515e+25,8.207873485197676e+22,8.188254802411815e+27
iter_0991,7.538233348130795e+27,5.566306738555336e+26,6.991033744172697e+25,4.362085741977556e+20,8.16477479563663e+27
iter_0992,7.523494776202709e+27,5.6518641030631816e+26,6.8483704760313055e+25,6.757917461868191e+20,8.157165567061087e+27
iter_0993,7.474333885462078e+27,5.545516835866313e+26,7.0641672174133e+25,1.555167693813357e+21,8.099528796390537e+27
iter_0994,7.52725041831333e+27,5.6908602264751716e+26,7.405844837589158e+25,1.2592708902163617e+22,8.170407482045639e+27
iter_0995,7.572894982073123e+27,5.7329037608889824e+26,7.693345861541669e+25,1.0576085702356387e+23,8.223224577634461e+27
iter_0996,7.421687120503916e+27,5.457967593821843e+26,6.5932147937341885e+25,5.638822392946739e+21,8.033421666645835e+27
iter_0997,7.603073840486457e+27,5.6000802268021995e+26,6.5805629202773535e+25,3.715384963096167e+21,8.228891207754413e+27
iter_0998,7.472089456825375e+27,5.475699221032427e+26,5.7794867689011215e+25,1.0576085702356387e+23,8.077560007474652e+27
iter_0999,7.454839606930757e+27,5.597420823028214e+26,7.007260068788649e+25,1.0576085702356387e+23,8.084760050778488e+27
iter_1000,7.528704939433008e+27,5.453334228551263e+26,7.051036350438205e+25,3.045641961529446e+20,8.144549030356712e+27
